CASE_ID,ACCIDENT_YEAR,PROC_DATE,JURIS,COLLISION_DATE,COLLISION_TIME,OFFICER_ID,REPORTING_DISTRICT,DAY_OF_WEEK,CHP_SHIFT,POPULATION,CNTY_CITY_LOC,SPECIAL_COND,BEAT_TYPE,CHP_BEAT_TYPE,CITY_DIVISION_LAPD,CHP_BEAT_CLASS,BEAT_NUMBER,PRIMARY_RD,SECONDARY_RD,DISTANCE,DIRECTION,INTERSECTION,WEATHER_1,WEATHER_2,STATE_HWY_IND,CALTRANS_COUNTY,CALTRANS_DISTRICT,STATE_ROUTE,ROUTE_SUFFIX,POSTMILE_PREFIX,POSTMILE,LOCATION_TYPE,RAMP_INTERSECTION,SIDE_OF_HWY,TOW_AWAY,COLLISION_SEVERITY,NUMBER_KILLED,NUMBER_INJURED,PARTY_COUNT,PRIMARY_COLL_FACTOR,PCF_CODE_OF_VIOL,PCF_VIOL_CATEGORY,PCF_VIOLATION,PCF_VIOL_SUBSECTION,HIT_AND_RUN,TYPE_OF_COLLISION,MVIW,PED_ACTION,ROAD_SURFACE,ROAD_COND_1,ROAD_COND_2,LIGHTING,CONTROL_DEVICE,CHP_ROAD_TYPE,PEDESTRIAN_ACCIDENT,BICYCLE_ACCIDENT,MOTORCYCLE_ACCIDENT,TRUCK_ACCIDENT,NOT_PRIVATE_PROPERTY,ALCOHOL_INVOLVED,STWD_VEHTYPE_AT_FAULT,CHP_VEHTYPE_AT_FAULT,COUNT_SEVERE_INJ,COUNT_VISIBLE_INJ,COUNT_COMPLAINT_PAIN,COUNT_PED_KILLED,COUNT_PED_INJURED,COUNT_BICYCLIST_KILLED,COUNT_BICYCLIST_INJURED,COUNT_MC_KILLED,COUNT_MC_INJURED,PRIMARY_RAMP,SECONDARY_RAMP,LATITUDE,LONGITUDE,COUNTY,CITY,POINT_X,POINT_Y
91940929,2022,2022-12-13,9320,2022-12-01,1145,017530,,4,1,9,0700,0,1,3,,1,406,SR-4,"MARSH CREEK ROAD",2112.00,W,N,B,C,Y,CC,,4,,R,37.644,H,,R,Y,2,0,1,2,A,-,09,21804,A,N,D,C,A,B,H,-,A,A,0,,,Y,,Y,,A,07,1,0,0,0,0,0,0,0,1,"- ","- ",37.899761199951172,-121.71811676025391,"CONTRA COSTA",UNINCORPORATED,-121.71820831298828,37.89971923828125
92306596,2024,2025-08-18,9320,2024-01-30,2320,023496,,2,3,3,0715,0,1,3,,2,241,"SR-24 E/B","ACALANES RD",2700.00,E,N,B,-,Y,CC,,24," ",R,4.871,H,,R,Y,2,0,1,2,A,-,08,22107,,N,B,2,A,B,H,-,C,A,0,,,,,Y,Y,A,01,1,0,0,0,0,0,0,0,0,"- ","- ",37.89093017578125,-122.14588928222656,"CONTRA COSTA",LAFAYETTE,-122.14588165283203,37.890903472900391
92422730,2024,2024-06-25,9320,2024-06-13,2125,023431,,4,2,9,0700,0,2,4,,2,071,"PORT CHICAGO HIGHWAY","KEVIN DR.",0.00,,Y,A,-,N,,,,,,,,,,Y,2,0,2,2,A,-,09,21801,B,N,D,C,A,A,H,-,C,A,0,,,Y,,Y,,C,02,1,1,0,0,0,0,0,0,1,"- ","- ",38.031658172607422,-121.96040344238281,"CONTRA COSTA",UNINCORPORATED,-121.96047973632812,38.03167724609375
90272697,2016,2016-09-21,9320,2016-09-17,1755,020984,,6,2,5,0701,0,1,3,,2,404,"SR-4 E/B","CONTRA LOMA BLVD",1056.00,W,N,A,-,Y,,,4,,,,,,E,Y,2,0,1,1,A,-,08,22107,,N,F,A,A,A,H,-,A,D,0,,,Y,,Y,,C,02,1,0,0,0,0,0,0,0,1,"- ","- ",38.000399999999999,-121.82510000000001,"CONTRA COSTA",ANTIOCH,-121.82509483,38.00041847
90313724,2016,2016-11-08,9320,2016-10-29,1715,019759,,6,2,9,0700,0,2,S,,2,080,"WALNUT BLVD. N/B","CONCORD AVE.",0.00,,Y,A,-,N,,,,,,,,,,Y,2,0,4,2,A,-,12,21453,A,N,D,C,A,A,H,-,A,A,0,,,,,Y,,A,01,1,0,3,0,0,0,0,0,0,"- ","- ",37.903840000000002,-121.69611,"CONTRA COSTA",UNINCORPORATED,-121.69630993,37.903709999999997
90978499,2019,2019-04-30,9320,2019-04-24,0930,021203,,3,1,9,0700,0,1,3,,2,400,"SR-4 WESTBOUND","WILLOW AVENUE",10.00,W,N,A,-,Y,,,4,,,,,,W,Y,2,0,1,2,A,-,03,22350,,N,C,C,A,A,H,-,A,D,0,,,,,Y,,A,01,1,0,0,0,0,0,0,0,0,"- ","- ",38.013820648193359,-122.25684356689453,"CONTRA COSTA",UNINCORPORATED,-122.2568359375,38.013801574707031
91016467,2019,2019-06-24,9370,2019-02-22,2245,022077,,5,3,9,0700,0,3,5,,2,010,"RICHMOND PARKWAY N/B","PARR BLVD",675.00,N,N,A,-,N,,,,,,,,,,Y,1,1,0,1,A,-,01,23152,A,N,E,I,A,A,H,-,C,D,0,,,,,Y,Y,D,22,0,0,0,0,0,0,0,0,0,"- ","- ",37.969619750976562,-122.37284851074219,"CONTRA COSTA",UNINCORPORATED,-122.37326049804688,37.969535827636719
91123844,2019,2019-11-19,9320,2019-11-10,1312,019559,,7,1,9,0700,0,2,4,,2,074,"DEER VALLEY RD.","ALBERS CT.",1584.00,S,N,A,-,N,,,,,,,,,,N,2,0,1,1,A,-,08,22107,,N,F,A,A,A,H,-,A,D,0,,,Y,,Y,,C,02,1,0,0,0,0,0,0,0,1,"- ","- ",37.90753173828125,-121.76374053955078,"CONTRA COSTA",UNINCORPORATED,-121.76459503173828,37.899951934814453
91186307,2020,2020-02-13,9320,2020-02-09,0350,021472,,7,3,9,0700,0,1,1,,2,180,"SR-4 E/B","CUMMINGS SKYWAY",6864.00,W,N,A,-,Y,,,,,,,,,,Y,2,0,2,2,A,-,03,22350,,N,C,C,A,A,H,-,D,D,0,,,,,Y,,A,01,1,0,1,0,0,0,0,0,0,"- ","- ",38.031349182128906,-122.25418090820312,"CONTRA COSTA",UNINCORPORATED,-122.21179962158203,38.007564544677734
8980804,2019,2019-12-21,0708,2019-10-06,2035,343,0708,7,5,5,0708,0,0,0,,0,001,"WILLOW PASS RD","BAYVIEW AV",109.00,E,N,A,-,N,,,,,,,,,,Y,2,0,3,2,A,-,03,22350,,N,D,C,A,A,H,-,C,A,0,,,,,Y,Y,A,01,1,0,2,0,0,0,0,0,0,"- ","- ",,,"CONTRA COSTA",PITTSBURG,-121.93170928955078,38.026798248291016
9152689,2020,2020-11-30,0701,2020-08-09,0002,5897,411,7,5,5,0701,0,0,0,,0,004,"JAMES DONLON BL","NIGHTINGALE DR",90.00,,-,A,-,N,,,,,,,,,,N,2,0,1,2,A,-,01,23152,A,N,F,C,A,A,H,-,C,D,0,,,,,Y,Y,A,01,1,0,0,0,0,0,0,0,0,"- ","- ",,,"CONTRA COSTA",ANTIOCH,-121.81697082519531,37.980270385742188
9160700,2020,2021-01-05,0704,2020-10-07,1104,0537,,3,5,6,0704,0,0,0,,0,,"CLAYTON RD","FARM BUREAU RD",166.00,E,N,A,-,N,,,,,,,,,,Y,2,0,2,2,C,-,18,,,N,C,C,A,A,H,-,A,D,0,,,,,Y,,-,"- ",1,0,1,0,0,0,0,0,0,"- ","- ",37.968891143798828,-122.00556945800781,"CONTRA COSTA",CONCORD,-122.00508117675781,37.968753814697266
9248286,2021,2021-04-15,0700,2021-03-11,1954,OA032,0AK,4,5,3,0734,0,0,0,,0,052,"MAIN ST","DELTA RD",0.00,,Y,A,-,N,,,,,,,,,,Y,2,0,2,2,A,-,09,21802,A,N,D,C,A,A,H,-,D,A,0,,,Y,,Y,,A,01,1,1,0,0,0,0,0,0,1,"- ","- ",,,"CONTRA COSTA",OAKLEY,-121.69602966308594,37.968856811523438
81768245,2022,2022-05-10,0701,2022-03-26,1743,3639,,6,5,3,0702,0,0,0,,0,,"SHADY WILLOW LN","LAS MONTANAS CT",217.00,N,N,A,-,N,,,,,,,,,,Y,2,0,1,2,A,-,21,22106,,N,D,D,A,A,H,-,A,A,0,,,,,Y,,J,48,1,0,0,0,0,0,0,0,0,"- ","- ",37.947380065917969,-121.73526000976562,"CONTRA COSTA",BRENTWOOD,-121.73519134521484,37.947296142578125
90162014,2016,2016-04-20,9320,2016-01-16,2032,019465,,6,2,4,0714,0,1,3,,2,402,"SR-4 W/B","ALHAMBRA AVENUE",528.00,E,N,B,C,Y,,,,,,,,,,Y,1,1,1,3,A,-,03,22350,,N,D,C,E,B,H,-,D,D,0,Y,,,,Y,Y,A,01,0,0,1,1,0,0,0,0,0,"- ","- ",,,"CONTRA COSTA",MARTINEZ,-122.12825425,37.991088650000002
6768127,2014,2015-01-29,0712,2014-11-15,1843,P479,WC,6,5,5,0712,0,0,0,,0,003,"WALNUT AV","HUTCHINSON RD",0.00,,Y,A,-,N,,,,,,,,,,N,2,0,1,2,A,-,11,21954,A,F,G,B,D,A,H,-,-,D,0,Y,,,,Y,Y,N,60,1,0,0,0,1,0,0,0,0,"- ","- ",,,"CONTRA COSTA","WALNUT CREEK",-122.01213985,37.914299999999997
6897136,2015,2015-05-28,0702,2015-04-02,0725,555L,12:31,4,5,3,0702,0,0,0,,0,0B3,"DAINTY AV","GRIFFITH LN",326.00,E,N,A,-,N,,,,,,,,,,Y,2,0,2,2,A,-,03,22350,,N,C,E,A,A,H,-,B,D,0,,,,Y,Y,,A,01,2,0,0,0,0,0,0,0,0,"- ","- ",,,"CONTRA COSTA",BRENTWOOD,-121.70571946,37.932650000000002
6932416,2015,2016-06-15,0710,2015-05-03,2222,1364,CENTR,7,5,5,0710,0,0,0,,0,004,"BARRETT AV","22ND ST",0.00,,Y,A,-,N,,,,,,,,,,Y,2,0,2,3,A,-,12,21453,A,N,D,C,A,A,H,-,C,A,0,,,,,Y,,-,,1,0,1,0,0,0,0,0,0,"- ","- ",,,"CONTRA COSTA",RICHMOND,-122.34855989,37.938459989999998
7182765,2016,2016-04-04,0700,2016-01-18,1915,72229,,1,5,3,0734,0,0,0,,0,052,"EAST CYPRESS RD","POLE #2413A",67.00,W,N,A,-,N,,,,,,,,,,N,2,0,1,2,A,-,05,21202,A,N,G,B,A,A,H,-,D,D,0,,Y,,,Y,,L,04,1,0,0,0,0,0,1,0,0,"- ","- ",,,"CONTRA COSTA",OAKLEY,,
8033896,2016,2016-05-10,0704,2016-04-30,2234,556,,6,5,6,0704,0,0,0,,0,005,"CLAYTON RD","ROSLYN DR",25.00,W,N,A,-,N,,,,,,,,,,N,2,0,2,2,A,-,00,21954,,N,G,B,D,A,H,-,C,D,0,Y,,Y,,Y,Y,N,60,1,0,1,0,1,0,0,0,1,"- ","- ",,,"CONTRA COSTA",CONCORD,-122.01348169000001,37.971123120000001
8170915,2016,2017-01-27,0740,2016-10-20,1840,SR060,SR72,4,5,4,0791,0,0,0,,0,BEAT4,"VILLAGE PKWY","ELMWOOD DR",0.00,,Y,A,-,N,,,,,,,,,,Y,2,0,1,2,A,-,10,21950,A,N,G,B,B,A,H,-,B,A,0,Y,,,,Y,,A,07,1,0,0,0,1,0,0,0,0,"- ","- ",37.727119999999999,-121.93033,"CONTRA COSTA","SAN RAMON",-121.93036995999999,37.727089890000002
84522358,2024,2025-03-18,0701,2024-03-20,1739,6169,,3,5,5,0701,0,0,0,,0,001,"L ST","4TH ST",0.00,,Y,A,-,N,,,,,,,,,,Y,1,1,1,2,A,-,09,21802,A,N,D,C,A,A,H,-,A,A,0,,,Y,,Y,,C,02,1,0,0,0,0,0,0,1,0,"- ","- ",,,"CONTRA COSTA",ANTIOCH,-121.81974029541016,38.015487670898438
91055653,2019,2019-08-20,9320,2019-08-01,2056,017219,,4,2,3,0792,0,1,3,,2,240,"SR-24 W/B","CAMINO PABLO U/C",3160.00,E,N,A,-,Y,,,,,,,,,,Y,1,1,0,1,A,-,08,22107,,N,E,I,A,A,H,-,D,A,0,,,,,Y,,A,01,0,0,0,0,0,0,0,0,0,"- ","- ",,,"CONTRA COSTA",ORINDA,-122.17856597900391,37.886287689208984
92090331,2023,2023-06-09,9320,2023-06-06,"825 ",016503,,2,1,9,0700,0,1,3,,2,403,"SR-4 W/B","WILLOW PASS RD (BAY POINT)",3274.00,W,N,B,-,Y,CC,,4," ",R,18.141,H,,L,Y,2,0,1,2,A,-,03,22350,,N,C,2,A,A,H,-,A,A,0,,,,,Y,,A,01,1,0,0,0,0,0,0,0,0,"- ","- ",38.023288726806641,-121.9771728515625,"CONTRA COSTA",UNINCORPORATED,-121.97718811035156,38.023330688476562
94406308,2024,2024-09-24,9320,2024-09-13,2003,019850,,5,2,6,0704,0,1,3,,2,402,"SR-4 E/B","PORT CHICAGO HIGHWAY",1440.00,E,N,A,-,Y,CC,,4," ",R,15.732,H,,R,Y,2,0,2,3,A,-,01,23152,A,N,C,C,A,A,H,-,C,A,0,,,,,Y,Y,A,01,1,1,0,0,0,0,0,0,0,"- ","- ",38.010150909423828,-122.01750946044922,"CONTRA COSTA",CONCORD,-122.01755523681641,38.010349273681641
8648464,2018,2019-01-25,0704,2018-06-19,1838,0482,,2,5,6,0704,0,0,0,,0,004,"CONCORD BL","3RD ST",103.00,E,N,A,-,N,,,,,,,,,,Y,1,1,4,2,A,-,08,22100,B,N,D,C,A,A,H,-,A,D,0,,,,,Y,,A,01,0,2,2,0,0,0,0,0,0,"- ","- ",,,"CONTRA COSTA",CONCORD,-122.02574920654297,37.977420806884766
8648633,2018,2019-02-26,0708,2018-09-15,2207,363,046,6,5,5,0708,0,0,0,,0,004,"RAILROAD AV","ALTURAS AV",57.00,S,N,A,-,N,,,,,,,,,,Y,1,2,0,2,A,-,03,22350,,N,B,C,A,A,H,-,C,D,0,,,,,Y,,A,07,0,0,0,0,0,0,0,0,0,"- ","- ",,,"CONTRA COSTA",PITTSBURG,-121.89322662353516,38.006629943847656
8911669,2019,2020-10-08,0714,2019-04-19,1438,129,20,5,5,4,0714,0,0,0,,0,003,"ALHAMBRA AV","PHYLISS TER",300.00,N,N,A,-,N,,,,,,,,,,Y,1,1,1,2,A,-,05,21460,,N,A,C,A,A,H,-,A,D,0,,,,,Y,,A,01,1,0,0,0,0,0,0,0,0,"- ","- ",37.983749389648438,-122.12586975097656,"CONTRA COSTA",MARTINEZ,-122.123779296875,37.983390808105469
9234364,2021,2021-04-15,0702,2021-03-05,0721,490M,130B,5,5,3,0702,0,0,0,,0,001,"RUTHERFORD CIR","GARLAND WY",274.00,N,N,A,-,N,,,,,,,,,,N,2,0,1,2,A,-,03,22350,,N,A,B,D,A,H,-,A,D,0,Y,,,,Y,,A,07,1,0,0,0,1,0,0,0,0,"- ","- ",37.934680938720703,-121.72660827636719,"CONTRA COSTA",BRENTWOOD,-121.72724151611328,37.935005187988281
9668667,2024,2024-08-22,0709,2024-02-08,2500,461,1290,4,5,4,0709,0,0,0,,0,001,"HAMILTON DR","PLEASANT HILL RD",433.00,W,N,A,-,N,,,,,,,,,,N,2,0,1,2,A,-,21,22106,,N,D,G,A,A,H,-,A,D,0,,Y,,,Y,,D,22,1,0,0,0,0,0,1,0,0,"- ","- ",37.936981201171875,-122.08341217041016,"CONTRA COSTA","PLEASANT HILL",-122.08328247070312,37.937160491943359
81799671,2022,2022-06-21,0711,2022-05-07,1432,S1132,23,6,5,4,0711,0,0,0,,0,0S2,"20 SAN PABLO TOWNE CTR",,0.00,,Y,A,-,N,,,,,,,,,,N,2,0,1,2,A,-,"- ",,,N,G,B,D,A,H,-,A,D,0,Y,,,,Y,,A,01,1,0,0,0,1,0,0,0,0,"- ","- ",37.960941314697266,-122.32829284667969,"CONTRA COSTA","SAN PABLO",,
7023537,2015,2015-09-01,0701,2015-02-04,1320,5330,105,3,5,5,0701,0,0,0,,0,001,"CLAUDIA CT","L ST",60.00,E,N,A,-,N,,,,,,,,,,N,2,0,1,2,A,-,08,22107,,N,C,C,A,A,H,-,A,D,0,,,Y,,Y,,C,02,1,0,0,0,0,0,0,0,1,"- ","- ",,,"CONTRA COSTA",ANTIOCH,-121.82101052,38.000506389999998
7152162,2015,2016-01-13,0701,2015-12-09,1511,2372,402,3,5,5,0701,0,0,0,,0,004,"JAMES DONLON BL","RIO GRANDE DR",0.00,,Y,A,-,N,,,,,,,,,,Y,2,0,3,2,A,-,09,21802,A,N,D,C,A,A,H,-,A,A,0,,,,,Y,,A,07,1,1,1,0,0,0,0,0,0,"- ","- ",,,"CONTRA COSTA",ANTIOCH,-121.82879989,37.983149969999999
7198462,2016,2016-03-09,0714,2016-02-20,1140,135,09,6,5,4,0714,0,0,0,,0,002,"ALHAMBRA AV","K ST",0.00,,Y,A,-,N,,,,,,,,,,Y,2,0,2,2,A,-,03,22350,,N,D,C,A,A,H,-,A,A,0,,,Y,,Y,,C,02,1,0,1,0,0,0,0,0,1,"- ","- ",37.99765,-122.13231,"CONTRA COSTA",MARTINEZ,-122.13244985999999,37.996809939999999
8019678,2016,2016-04-18,0704,2016-04-06,1845,0280,,3,5,6,0704,0,0,0,,0,004,"CONCORD BL","3RD ST",0.00,,Y,A,-,N,,,,,,,,,,Y,2,0,2,2,A,-,09,21801,A,N,D,C,A,A,H,-,A,D,0,,,Y,,Y,,A,01,2,0,0,0,0,0,0,0,2,"- ","- ",,,"CONTRA COSTA",CONCORD,-122.02610991,37.97740993
8615050,2018,2018-05-02,0708,2018-04-14,2030,348,0708,6,5,5,0708,0,0,0,,0,004,"MADOLINE ST","BELL DR",19.00,E,N,A,-,N,,,,,,,,,,N,2,0,1,2,A,-,11,21955,,N,G,B,D,A,H,-,C,A,0,Y,,,,Y,,N,60,1,0,0,0,1,0,0,0,0,"- ","- ",,,"CONTRA COSTA",PITTSBURG,-121.89459991455078,38.006210327148438
9033908,2019,2020-02-18,0701,2019-10-05,0631,8322,615,6,5,5,0701,0,0,0,,0,006,"LONE TREE WY","EMPIRE AV",0.00,,Y,A,-,N,,,,,,,,,,N,2,0,1,2,A,-,11,21456,B,N,G,B,B,A,H,-,C,A,0,Y,,,,Y,,N,60,1,0,0,0,1,0,0,0,0,"- ","- ",,,"CONTRA COSTA",ANTIOCH,-121.73259735107422,37.961559295654297
92306537,2024,2024-02-15,9320,2024-01-26,1930,022517,,5,2,9,0700,0,1,3,,1,406,"VASCO ROAD","CAMINO DIABLO",0.00,,Y,A,-,N,,,,,,,,,,Y,2,0,2,2,A,-,08,22107,,F,E,I,A,A,H,-,C,D,0,,,,,Y,,-,99,1,1,0,0,0,0,0,0,0,"- ","- ",37.865261077880859,-121.66792297363281,"CONTRA COSTA",UNINCORPORATED,-121.66764068603516,37.865215301513672
90908560,2019,2019-01-22,9320,2019-01-08,1559,018371,,2,2,3,0707,0,1,1,,2,180,"INTERSTATE 80 EASTBOUND","PINOLE VALLEY ROAD U/C",500.00,W,N,B,C,Y,,,,,,,,,,Y,2,0,1,2,A,-,07,21658,A,N,B,C,A,B,H,-,A,D,0,,,Y,,Y,,D,22,1,0,0,0,0,0,0,0,1,"- ","- ",,,"CONTRA COSTA",PINOLE,-122.28739929199219,37.996192932128906
91316234,2020,2020-10-02,9320,2020-09-20,1330,022127,,7,1,9,0700,0,2,4,,2,074,"DEER VALLEY RD.","BRIONES VALLEY RD.",1050.00,N,N,A,-,N,,,,,,,,,,Y,2,0,4,2,A,-,01,23152,A,N,A,C,A,A,H,-,A,D,0,,,,,Y,Y,A,07,1,1,2,0,0,0,0,0,0,"- ","- ",37.898521423339844,-121.76487731933594,"CONTRA COSTA",UNINCORPORATED,-121.76519775390625,37.898231506347656
91336658,2020,2020-11-02,9320,2020-10-24,2150,022462,,6,2,5,0701,0,1,3,,2,404,SR-4,"HILLCREST AVE",2200.00,W,N,B,-,Y,,,4,,,,,,,Y,2,0,1,2,A,-,03,22350,,N,C,C,A,A,H,-,C,A,0,,,Y,,Y,,A,01,1,0,0,0,0,0,0,0,1,"- ","- ",37.9976806640625,-121.79328155517578,"CONTRA COSTA",ANTIOCH,-121.79328155517578,37.997661590576172
91394057,2021,2021-01-26,9320,2021-01-19,0645,020949,,2,1,3,0707,0,1,1,,2,180,"I-80 W/B","PINOLE VALLEY ROAD",1475.00,W,N,A,-,Y,,,80,,,,,,W,Y,2,0,2,5,A,-,07,21658,A,F,B,C,A,A,H,-,C,D,0,,,,,Y,,-,99,1,0,1,0,0,0,0,0,0,"- ","- ",37.995059967041016,-122.29061889648438,"CONTRA COSTA",PINOLE,-122.29062652587891,37.995086669921875
6291386,2014,2016-01-13,9320,2014-09-18,2355,018973,,4,3,5,0708,0,1,3,,2,404,RT4,"SOMERSVILLE RD",109.00,W,N,A,-,Y,CC,4,4,-,-,25.990,H,-,E,Y,1,1,0,3,-,-,"- ",,,N,G,B,E,A,H,-,C,D,1,Y,,,,Y,,-,"- ",0,0,0,1,0,0,0,0,0,"- ","- ",,,"CONTRA COSTA",PITTSBURG,-121.83815255,38.003974049999997
6292263,2015,2015-11-16,9320,2015-05-19,2010,18371,,2,2,6,0704,0,1,3,,2,242,"RT 242","OLIVERA RD",66.00,S,N,A,-,Y,CC,4,242,-,R,2.780,H,-,N,Y,1,1,0,2,C,-,18,,,N,E,I,A,A,H,-,B,D,1,,,,Y,Y,,-,"- ",0,0,0,0,0,0,0,0,0,"- ","- ",,,"CONTRA COSTA",CONCORD,-122.03842962,37.99737013
6381687,2014,2014-06-07,9370,2014-01-25,1727,20356,,6,2,5,0710,0,3,5,,2,010,"VERDE AV","GIARAMITA ST",67.00,W,N,A,-,N,,,,,,,,,,Y,2,0,1,4,A,-,01,23152,A,F,G,B,E,A,H,-,B,D,0,Y,,,,Y,Y,A,01,1,0,0,0,1,0,0,0,0,"- ","- ",37.960000000000001,-122.36364,"CONTRA COSTA",RICHMOND,-122.36354237,37.959964839999998
6435043,2014,2014-07-02,9370,2014-03-17,0840,020149,,1,1,5,0710,0,1,1,,2,082,RT80,"MCBRYDE AV",343.00,W,N,A,-,Y,,,,,,,,,,Y,2,0,1,4,A,-,03,22350,,N,B,C,A,A,H,-,A,D,0,,,Y,,Y,,C,02,1,0,0,0,0,0,0,0,1,"- ","- ",37.564999999999998,-122.19313,"CONTRA COSTA",RICHMOND,,
6445833,2014,2014-06-13,0701,2014-01-05,1257,5237,601,7,5,5,0701,0,0,0,,0,003,"DEER VALLEY RD","WILDFLOWER DR",192.00,,N,A,-,N,,,,,,,,,,Y,2,0,1,1,A,-,03,22350,,N,E,I,A,A,H,-,A,D,0,,,Y,,Y,,C,02,1,0,0,0,0,0,0,0,1,"- ","- ",,,"CONTRA COSTA",ANTIOCH,-121.78579995,37.986959970000001
6466445,2014,2014-06-19,0701,2014-02-24,1318,3343,411,1,5,5,0701,0,0,0,,0,004,"JAMES DONLON BL","G ST",618.00,E,N,A,-,N,,,,,,,,,,Y,2,0,1,2,A,-,07,21658,A,N,H,G,A,A,H,-,A,D,0,,Y,,,Y,,L,04,1,0,0,0,0,0,1,0,0,"- ","- ",,,"CONTRA COSTA",ANTIOCH,-121.81211091999999,37.979726450000001
6500383,2014,2016-04-13,9320,2014-05-23,1355,019423,,5,1,4,0790,0,1,1,,2,681,"RT 680","EL PINTADO RD",2640.00,N,N,A,-,Y,CC,4,680,-,R,9.280,H,-,N,Y,2,0,1,2,A,-,03,22350,,N,C,C,A,A,H,-,A,D,6,,,Y,,Y,,C,02,1,0,0,0,0,0,0,0,1,"- ","- ",,,"CONTRA COSTA",DANVILLE,-122.01635233,37.83937083
6524480,2014,2016-04-19,9370,2014-05-28,0755,14952,,3,1,5,0710,0,1,1,,2,083,"RT 80","HILLTOP DR",400.00,W,N,A,-,Y,CC,4,80,-,-,5.910,H,-,W,Y,2,0,1,2,A,-,07,21658,A,N,B,C,A,A,H,-,A,D,6,,,Y,,Y,,A,07,1,0,0,0,0,0,0,0,1,"- ","- ",,,"CONTRA COSTA",RICHMOND,-122.31882259,37.975117740000002
6526076,2014,2014-06-21,0701,2014-01-18,1702,4265,208,6,5,5,0701,0,0,0,,0,002,"CALAVARAS CIR","CALAVERAS CT",0.00,,Y,A,-,N,,,,,,,,,,Y,2,0,1,1,A,-,03,22350,,N,E,I,A,A,H,-,B,D,0,,,Y,,Y,,C,02,1,0,0,0,0,0,0,0,1,"- ","- ",,,"CONTRA COSTA",ANTIOCH,-121.78020986999999,38.001589879999997
6536923,2014,2016-04-13,9320,2014-06-18,1401,019454,9320,3,2,9,0700,0,1,3,,2,400,"RT 4","FRANKLIN CANYON RD",1721.00,E,N,A,-,Y,CC,4,4,-,R,2.690,H,-,W,Y,2,0,2,1,A,-,08,22107,,N,F,I,A,A,H,-,A,D,1,,,,,Y,,A,07,1,0,1,0,0,0,0,0,0,"- ","- ",,,"CONTRA COSTA",UNINCORPORATED,-122.22284476999999,38.008995280000001
6537820,2014,2014-07-30,0701,2014-05-15,1717,3361,205,4,5,5,0701,0,0,0,,0,002,"ALPHA WY","ALPHA WAY 2008",0.00,,N,A,-,N,,,,,,,,,,N,2,0,1,1,A,-,"- ",,,N,E,I,A,A,H,-,A,D,0,,,Y,,Y,,C,02,1,0,0,0,0,0,0,0,1,"- ","- ",,,"CONTRA COSTA",ANTIOCH,-121.80064201,38.002729010000003
6617429,2014,2014-09-16,0704,2014-08-10,2159,360,,7,5,6,0704,0,0,0,,0,004,"SALVIO ST","ELM ST",0.00,,Y,A,-,N,,,,,,,,,,N,2,0,1,1,A,-,01,21200,5,N,F,A,A,A,H,-,C,D,0,,Y,,,Y,Y,L,04,1,0,0,0,0,0,1,0,0,"- ","- ",,,"CONTRA COSTA",CONCORD,-122.02737994,37.981029919999997
6629932,2014,2014-09-26,0740,2014-08-04,1629,60,SR072,1,5,4,0791,0,0,0,,0,001,"NORRIS CANYON RD","BOLLINGER CANYON RD",500.00,W,N,B,-,N,,,,,,,,,,Y,2,0,1,1,A,-,05,21650,,N,E,I,A,A,H,-,A,D,0,,,,,Y,,A,01,1,0,0,0,0,0,0,0,0,"- ","- ",,,"CONTRA COSTA","SAN RAMON",-121.98411431,37.762699949999998
6640930,2014,2016-05-14,9320,2014-09-06,0940,18847,,6,1,5,0701,0,1,3,,2,404,"RT 4","HILLCREST AV",400.00,W,N,A,-,Y,CC,4,4,-,R,28.780,H,-,W,Y,2,0,8,5,A,-,03,22350,,N,C,C,A,A,D,H,A,D,1,,,,,Y,,A,01,1,1,6,0,0,0,0,0,0,"- ","- ",,,"CONTRA COSTA",ANTIOCH,-121.78834854,37.996831370000002
6665770,2014,2016-06-18,0705,2014-10-04,2003,E183,0705,6,5,3,0705,0,0,0,,0,011,"SAN PABLO AV","PORTOLA DR",3.60,N,N,A,-,Y,CC,4,123,-,-,1.110,I,5,N,Y,2,0,1,2,A,-,01,23153,A,N,G,B,B,A,H,-,C,D,0,Y,,,,Y,Y,D,22,1,0,0,0,1,0,0,0,0,"- ","- ",,,"CONTRA COSTA","EL CERRITO",-122.30951220999999,37.912664960000001
6679751,2014,2016-05-28,9320,2014-09-15,2155,018553,,1,2,9,0700,0,1,3,,2,240,"RT 24","SAINT STEPHENS DR",1648.00,W,N,A,-,Y,CC,4,24,-,R,3.160,H,-,E,N,2,0,2,3,A,-,11,21954,A,F,G,B,E,A,H,-,D,D,1,Y,,,,Y,Y,N,60,1,1,0,0,2,0,0,0,0,"- ","- ",,,"CONTRA COSTA",UNINCORPORATED,-122.17569828000001,37.888891839999999
6683024,2014,2014-12-23,0740,2014-10-17,1059,40,"SR 72",5,5,4,0791,0,0,0,,0,005,"BOLLINGER CANYON RD","GALE RIDGE RD",45.00,W,N,A,-,N,,,,,,,,,,Y,2,0,1,1,C,-,18,,,N,E,I,A,A,H,-,A,A,0,,,,,Y,,-,"- ",1,0,0,0,0,0,0,0,0,"- ","- ",,,"CONTRA COSTA","SAN RAMON",-121.9318402,37.772407350000002
6779558,2014,2015-02-11,0704,2014-12-22,2059,0551,,1,5,6,0704,0,0,0,,0,001,"TREAT BL","BEL AIR DR",0.00,,Y,A,-,N,,,,,,,,,,N,2,0,1,2,A,-,11,21955,,N,A,B,D,A,H,-,C,A,0,Y,,,,Y,Y,N,60,1,0,0,0,1,0,0,0,0,"- ","- ",,,"CONTRA COSTA",CONCORD,-121.99426995,37.962109939999998