CASE_ID,ACCIDENT_YEAR,PROC_DATE,JURIS,COLLISION_DATE,COLLISION_TIME,OFFICER_ID,REPORTING_DISTRICT,DAY_OF_WEEK,CHP_SHIFT,POPULATION,CNTY_CITY_LOC,SPECIAL_COND,BEAT_TYPE,CHP_BEAT_TYPE,CITY_DIVISION_LAPD,CHP_BEAT_CLASS,BEAT_NUMBER,PRIMARY_RD,SECONDARY_RD,DISTANCE,DIRECTION,INTERSECTION,WEATHER_1,WEATHER_2,STATE_HWY_IND,CALTRANS_COUNTY,CALTRANS_DISTRICT,STATE_ROUTE,ROUTE_SUFFIX,POSTMILE_PREFIX,POSTMILE,LOCATION_TYPE,RAMP_INTERSECTION,SIDE_OF_HWY,TOW_AWAY,COLLISION_SEVERITY,NUMBER_KILLED,NUMBER_INJURED,PARTY_COUNT,PRIMARY_COLL_FACTOR,PCF_CODE_OF_VIOL,PCF_VIOL_CATEGORY,PCF_VIOLATION,PCF_VIOL_SUBSECTION,HIT_AND_RUN,TYPE_OF_COLLISION,MVIW,PED_ACTION,ROAD_SURFACE,ROAD_COND_1,ROAD_COND_2,LIGHTING,CONTROL_DEVICE,CHP_ROAD_TYPE,PEDESTRIAN_ACCIDENT,BICYCLE_ACCIDENT,MOTORCYCLE_ACCIDENT,TRUCK_ACCIDENT,NOT_PRIVATE_PROPERTY,ALCOHOL_INVOLVED,STWD_VEHTYPE_AT_FAULT,CHP_VEHTYPE_AT_FAULT,COUNT_SEVERE_INJ,COUNT_VISIBLE_INJ,COUNT_COMPLAINT_PAIN,COUNT_PED_KILLED,COUNT_PED_INJURED,COUNT_BICYCLIST_KILLED,COUNT_BICYCLIST_INJURED,COUNT_MC_KILLED,COUNT_MC_INJURED,PRIMARY_RAMP,SECONDARY_RAMP,LATITUDE,LONGITUDE,COUNTY,CITY,POINT_X,POINT_Y
6784042,2016,2016-04-18,0703,2016-04-02,1840,C042,042,6,5,3,0703,0,0,0,,0,007,"MARSH CREEK RD","CLAYTON RD",19.00,E,N,A,-,N,,,,,,,,,,Y,2,0,4,2,A,-,08,22101,D,N,B,C,A,A,H,-,A,A,0,,,,,Y,,A,07,2,2,0,0,0,0,0,0,0,"- ","- ",37.932110000000002,-121.92306000000001,"CONTRA COSTA",CLAYTON,-121.93421815000001,37.942328660000001
6809617,2015,2015-03-10,0704,2015-02-01,1806,497,032,7,5,6,0704,0,0,0,,0,006,"KIRKER PASS RD","ALLEGRO AV",0.00,,Y,A,-,N,,,,,,,,,,Y,2,0,1,2,A,-,11,21954,A,N,G,B,D,A,H,-,D,D,0,Y,,,,Y,,N,60,1,0,0,0,1,0,0,0,0,"- ","- ",,,"CONTRA COSTA",CONCORD,-121.95544999000001,37.953649949999999
6910122,2015,2015-05-15,0708,2015-04-23,0813,195,46,4,5,5,0708,0,0,0,,0,005,"GARCIA AV","MARTIN WY",120.00,E,N,A,-,N,,,,,,,,,,Y,2,0,1,2,A,-,08,22107,,N,D,C,A,A,H,-,A,A,0,,,Y,,Y,,A,01,1,0,0,0,0,0,0,0,1,"- ","- ",,,"CONTRA COSTA",PITTSBURG,-121.87770275,38.011020690000002
6914311,2015,2015-05-19,0712,2015-04-25,0204,P518,,6,5,5,0712,0,0,0,,0,,"MOUNT DIABLO BL","BONT LN",295.00,E,N,C,-,N,,,,,,,,,,Y,2,0,1,5,A,-,01,23152,A,N,E,I,A,B,H,-,C,D,0,,,,,Y,Y,A,01,1,0,0,0,0,0,0,0,0,"- ","- ",,,"CONTRA COSTA","WALNUT CREEK",-122.06794858000001,37.897114510000002
6928488,2015,2017-01-07,9320,2015-05-20,0300,019559,,3,3,9,0700,0,1,1,,2,180,RT80,"PINOLE VALLEY RD",1000.00,E,N,A,-,Y,CC,4,80,-,-,8.700,H,-,W,Y,2,0,1,1,A,-,08,22107,,N,E,I,A,A,H,-,D,D,1,,,,,Y,,A,01,1,0,0,0,0,0,0,0,0,"- ","- ",,,"CONTRA COSTA",UNINCORPORATED,-122.28415751,37.999251790000002
6928532,2015,2017-01-06,9320,2015-05-23,1125,017219,,6,1,3,0702,0,1,3,,2,405,RT4,"SAND CREEK RD",50.00,E,N,A,-,Y,CC,4,4,-,R,34.260,H,-,E,Y,2,0,1,2,A,-,03,22350,,N,C,C,A,A,H,-,A,D,1,,,,,Y,,A,01,1,0,0,0,0,0,0,0,0,"- ","- ",,,"CONTRA COSTA",BRENTWOOD,-121.74154033000001,37.943734810000002
6968744,2015,2017-01-06,9320,2015-06-14,2250,19559,,7,3,6,0704,0,1,3,,2,402,"RT 4","RT 242",595.00,W,N,A,-,Y,CC,4,4,-,R,14.440,H,-,E,Y,2,0,2,1,A,-,01,23152,A,N,E,I,A,A,H,-,C,D,1,,,,,Y,Y,A,01,1,1,0,0,0,0,0,0,0,"- ","- ",,,"CONTRA COSTA",CONCORD,-122.03977414000001,38.004245599999997
6979170,2015,2016-06-15,0711,2015-06-20,0202,1055,,6,5,4,0711,0,0,0,,0,003,"RUMRILL BL","SANFORD AV",0.00,,Y,A,-,N,,,,,,,,,,Y,2,0,2,7,A,-,01,23152,A,N,-,-,A,A,H,-,C,-,0,,,,Y,Y,,A,01,1,1,0,0,0,0,0,0,0,"- ","- ",,,"CONTRA COSTA","SAN PABLO",-122.35709998999999,37.951009929999998
7005034,2015,2015-07-24,0711,2015-07-12,0935,1010,0711,7,5,4,0711,0,0,0,,0,003,"MARKET AV","25TH ST",68.00,E,N,A,-,N,,,,,,,,,,N,2,0,1,2,A,-,11,21954,A,N,G,B,E,A,H,-,A,D,0,Y,,,,Y,,N,60,1,0,0,0,1,0,0,0,0,"- ","- ",,,"CONTRA COSTA","SAN PABLO",-122.34424244,37.956180699999997
7041309,2015,2016-06-16,0701,2015-04-28,1057,5319,505,2,5,5,0701,0,0,0,,0,005,"MOUNT HAMILTON DR","GOLF COURSE RD",200.00,E,N,A,-,N,,,,,,,,,,Y,2,0,1,1,A,-,05,21650,,N,A,I,A,A,H,-,A,D,0,,,,,Y,,A,01,1,0,0,0,0,0,0,0,0,"- ","- ",,,"CONTRA COSTA",ANTIOCH,-121.8047662,37.967579780000001
7053069,2015,2015-09-19,0710,2015-08-18,1835,1548,SOUTH,2,5,5,0710,0,0,0,,0,002,"CUTTING BL","MARINA WAY SOUTH",0.00,,Y,A,-,N,,,,,,,,,,Y,2,0,3,2,A,-,09,21801,A,N,D,C,A,A,H,-,A,A,0,,,,,Y,,A,01,1,0,2,0,0,0,0,0,0,"- ","- ",,,"CONTRA COSTA",RICHMOND,-122.35586992,37.925199900000003
7183626,2016,2016-03-03,0702,2016-01-04,1614,526J,30130,1,5,3,0702,0,0,0,,0,0B1,"CENTRAL BL","APPLE HILL DR",0.00,,Y,B,-,N,,,,,,,,,,Y,2,0,2,2,A,-,08,22107,,N,A,C,A,A,H,-,A,A,0,,,,,Y,,-,"- ",1,0,1,0,0,0,0,0,0,"- ","- ",,,"CONTRA COSTA",BRENTWOOD,-121.72559987,37.932079979999997
7190494,2016,2018-09-27,0701,2016-04-07,0254,4265,609,4,5,5,0701,0,0,0,,0,006,"HILLCREST AV","STERLING HILL DR",915.00,N,N,A,-,N,,,,,,,,,,Y,1,1,0,1,A,-,03,22350,,N,E,I,A,A,H,-,C,A,0,,,,,Y,Y,A,01,0,0,0,0,0,0,0,0,0,"- ","- ",,,"CONTRA COSTA",ANTIOCH,-121.76277116,37.972336419999998
7194276,2016,2016-03-01,0704,2016-02-02,1927,567,,2,5,6,0704,0,0,0,,0,006,"KIRKER PASS RD","OLIVE DR",340.00,S,N,A,-,N,,,,,,,,,,Y,2,0,1,2,A,-,11,21954,A,N,G,B,D,A,H,-,C,D,0,Y,,,,Y,Y,N,60,1,0,0,0,1,0,0,0,0,"- ","- ",37.95438,-121.95449000000001,"CONTRA COSTA",CONCORD,-121.95437262999999,37.954418570000001
7199991,2016,2017-04-12,0708,2016-12-04,1729,285,,7,5,5,0708,0,0,0,,0,002,"HARBOR ST","SCHOOL ST",16.00,N,N,A,-,N,,,,,,,,,,Y,1,1,0,2,A,-,03,22350,,N,G,B,B,A,H,-,C,A,0,Y,,,,Y,,A,01,0,0,0,1,0,0,0,0,0,"- ","- ",38.019930000000002,-121.88106999999999,"CONTRA COSTA",PITTSBURG,-121.88111357,38.019921979999999
8027753,2015,2016-04-26,0710,2015-08-15,1808,1512,NORTH,6,5,5,0710,0,0,0,,0,007,"24TH ST","NEVIN AV",4.00,N,N,A,-,N,,,,,,,,,,N,2,0,1,2,A,-,03,22350,,N,C,C,A,A,H,-,A,D,0,,,Y,,Y,,C,02,1,0,0,0,0,0,0,0,1,"- ","- ",,,"CONTRA COSTA",RICHMOND,-122.34608775,37.936670839999998
8086363,2016,2016-07-18,0709,2016-07-04,1741,435,3200,1,5,4,0709,0,0,0,,0,001,"N MAIN ST","OAK PARK BL",222.00,S,N,A,-,N,,,,,,,,,,Y,2,0,1,1,A,-,08,22107,,N,E,I,A,A,H,-,A,A,0,,,,,Y,,-,,1,0,0,0,0,0,0,0,0,"- ","- ",,,"CONTRA COSTA","PLEASANT HILL",-122.06068313999999,37.932841369999998
8097281,2016,2016-08-19,0710,2016-03-04,1832,1662,0710,5,5,5,0710,0,0,0,,0,001,"HARBOR WY SOUTH","CUTTING BL",0.00,,Y,B,-,N,,,,,,,,,,Y,2,0,4,2,A,-,01,23153,A,F,E,I,A,B,H,-,C,A,0,,,,,Y,Y,A,01,1,1,2,0,0,0,0,0,0,"- ","- ",,,"CONTRA COSTA",RICHMOND,-122.36004998,37.925219900000002
8102282,2016,2017-02-28,0705,2016-07-11,1315,117,PATRO,1,5,3,0705,0,0,0,,0,010,"RT 123","SACRAMENTO AV",16.00,S,N,A,-,Y,CC,4,123,-,-,0.680,I,5,S,N,2,0,1,2,A,-,06,21951,,N,G,B,C,A,H,-,A,D,0,Y,,,,Y,,A,01,1,0,0,0,1,0,0,0,0,"- ","- ",,,"CONTRA COSTA","EL CERRITO",-122.30588985999999,37.907323050000002
8102952,2016,2016-08-19,0701,2016-07-29,1317,3639,402,5,5,5,0701,0,0,0,,0,004,"GENTRYTOWN DR","GENTRYTOWN DR 3508",0.00,,-,A,-,N,,,,,,,,,,Y,2,0,1,2,A,-,06,21755,,N,D,C,A,A,H,-,A,A,0,,,Y,,Y,,C,02,1,0,0,0,0,0,0,0,1,"- ","- ",,,"CONTRA COSTA",ANTIOCH,-121.83650136,37.985728620000003
8114579,2016,2017-02-18,0705,2016-08-05,0835,E185,PATRO,5,5,3,0705,0,0,0,,0,011,"RT 123","POTRERO AV",0.00,,Y,A,-,Y,CC,4,123,-,-,1.750,I,5,S,N,2,0,1,2,A,-,11,21950,B,N,G,B,B,A,H,-,A,A,0,Y,,,,Y,Y,N,60,1,0,0,0,1,0,0,0,0,"- ","- ",,,"CONTRA COSTA","EL CERRITO",-122.31516789,37.920718890000003
81412213,2021,2021-02-22,0708,2021-02-01,2206,380,8412,1,5,5,0708,0,0,0,,0,005,"LOVERIDGE ROAD","EAST LELAND RD",10.00,N,N,C,-,N,,,,,,,,,,N,2,0,1,2,A,-,03,22350,,F,G,B,B,B,H,-,C,A,0,Y,,,,Y,,-,99,1,0,0,0,1,0,0,0,0,"- ","- ",,,"CONTRA COSTA",PITTSBURG,-121.87094879150391,38.008186340332031
81414873,2021,2021-02-25,0708,2021-01-29,1351,363,8405,5,5,5,0708,0,0,0,,0,005,"VENTURA DRIVE","STEPHANIE WAY",45.00,W,N,B,-,N,,,,,,,,,,Y,2,0,1,2,A,-,08,22107,,N,A,E,A,A,H,-,A,D,0,,,Y,,Y,,C,02,1,0,0,0,0,0,0,0,1,"- ","- ",,,"CONTRA COSTA",PITTSBURG,-121.88095092773438,37.999149322509766
81517576,2021,2021-07-12,0704,2021-07-11,1628,0539,,7,5,6,0704,0,0,0,,0,001,"CLAYTON RD","FRY WAY",49.00,W,N,A,-,N,,,,,,,,,,Y,2,0,1,1,A,-,01,23152,A,N,E,I,A,A,H,-,A,A,0,,,,,Y,Y,A,01,1,0,0,0,0,0,0,0,0,"- ","- ",37.972011566162109,-122.04039001464844,"CONTRA COSTA",CONCORD,-122.04068756103516,37.971950531005859
81581062,2021,2021-09-28,0704,2021-09-26,1255,624,4,7,5,6,0704,0,0,0,,0,004,"CONCORD AVE","SALVIO ST",15.00,S,N,A,-,N,,,,,,,,,,Y,2,0,1,2,A,-,01,23152,A,N,G,B,F,A,H,-,A,A,0,Y,,,,Y,Y,A,01,1,0,0,0,1,0,0,0,0,"- ","- ",37.976848602294922,-122.03607940673828,"CONTRA COSTA",CONCORD,-122.03600311279297,37.976879119873047
8166870,2016,2017-04-06,0708,2016-12-28,0654,285,,3,5,5,0708,0,0,0,,0,001,"WILLOW PASS RD","WILLOW PASS RD 701",13.00,E,N,A,-,N,,,,,,,,,,Y,1,1,0,2,D,-,00,,,N,G,B,D,A,H,-,C,A,0,Y,,,,Y,,-,"- ",0,0,0,1,0,0,0,0,0,"- ","- ",,,"CONTRA COSTA",PITTSBURG,-121.90149486,38.02946171
8167536,2017,2018-03-08,0704,2017-09-28,0544,533,,4,5,6,0704,0,0,0,,0,006,"KIRKER PASS RD","OLIVE DR",160.00,N,N,A,-,N,,,,,,,,,,Y,1,1,0,2,A,-,11,21950,B,N,A,B,D,B,H,-,D,A,0,Y,,,,Y,,N,60,0,0,0,1,0,0,0,0,0,"- ","- ",,,"CONTRA COSTA",CONCORD,-121.95314825,37.95539136
81676990,2021,2022-01-13,0710,2021-12-18,0927,1739,,6,5,5,0710,0,0,0,,0,,"HUNTINGTON AV","SANTA CLARA AV",5.00,E,N,A,-,N,,,,,,,,,,N,2,0,1,2,A,-,10,21950,A,N,G,B,B,A,H,-,A,A,0,Y,,,,Y,,A,01,1,0,0,0,1,0,0,0,0,"- ","- ",37.907070159912109,-122.31024932861328,"CONTRA COSTA",RICHMOND,-122.31036376953125,37.906974792480469
81704661,2022,2022-02-21,0704,2022-02-16,1220,0579,1,3,5,6,0704,0,0,0,,0,001,"CONCORD AVE","COMMERCE AVE",110.00,E,N,A,-,N,,,,,,,,,,N,2,0,1,2,A,-,06,21760,C,N,B,G,A,A,H,-,A,D,0,,Y,,,Y,,A,01,1,0,0,0,0,0,1,0,0,"- ","- ",37.979019165039062,-122.04463195800781,"CONTRA COSTA",CONCORD,-122.04443359375,37.979145050048828
81730519,2022,2022-03-24,0704,2022-02-22,0914,0537,,2,5,6,0704,0,0,0,,0,,"PORT CHICAGO HWY","SUNSET AVE",0.00,,Y,A,-,N,,,,,,,,,,Y,2,0,1,2,A,-,12,21453,A,F,D,C,A,A,H,-,A,A,0,,,,,Y,,-,99,1,0,0,0,0,0,0,0,0,"- ","- ",37.976528167724609,-122.02883911132812,"CONTRA COSTA",CONCORD,-122.02880859375,37.976581573486328
81741924,2022,2022-04-06,0704,2022-03-19,1638,0593,4,6,5,6,0704,0,0,0,,0,003,"MOHR LN","NUALA ST",2.00,W,N,C,-,N,,,,,,,,,,Y,1,1,0,1,A,-,03,22350,,N,E,I,A,B,H,-,A,A,0,,,,,Y,,A,01,0,0,0,0,0,0,0,0,0,"- ","- ",37.939670562744141,-122.0455322265625,"CONTRA COSTA",CONCORD,-122.04553985595703,37.939628601074219
81761775,2022,2022-05-02,0710,2022-01-27,1447,1687,NORTH,4,5,5,0710,0,0,0,,0,007,"SAN PABLO AV","SOLANO AV",0.00,,Y,A,-,N,,,,,,,,,,Y,2,0,1,2,A,-,09,21801,A,F,D,C,A,A,H,-,A,A,0,,,,,Y,,A,01,1,0,0,0,0,0,0,0,0,"- ","- ",37.942008972167969,-122.32848358154297,"CONTRA COSTA",RICHMOND,-122.32827758789062,37.942047119140625
81799950,2022,2022-06-21,0711,2022-04-26,1717,S1093,22,2,5,4,0711,0,0,0,,0,0S3,"SAN PABLO AVE","VAN NESS ST",434.00,N,-,A,-,N,,,,,,,,,,N,2,0,1,2,A,-,"- ",,,N,B,B,E,A,H,-,A,D,0,Y,,,,Y,,N,60,1,0,0,0,1,0,0,0,0,"- ","- ",37.961158752441406,-122.34332275390625,"CONTRA COSTA","SAN PABLO",-122.34359741210938,37.9613037109375
81801407,2022,2022-06-23,0701,2022-01-28,1430,5851,,5,5,5,0701,0,0,0,,0,003,"SOMERSVILLE RD","SOMERSVILLE TOWN CENTER",0.00,,Y,A,-,N,,,,,,,,,,Y,2,0,1,2,A,-,12,21453,A,N,D,C,A,A,H,-,A,A,0,,,Y,,Y,,C,02,1,0,0,0,0,0,0,0,1,"- ","- ",,,"CONTRA COSTA",ANTIOCH,-121.84110260009766,38.0006103515625
81825057,2022,2022-07-26,0711,2022-04-22,2010,S1161,22,5,5,4,0711,0,0,0,,0,0S3,"RUMRILL BLVD","CHESLEY AVENUE",0.00,,Y,A,-,N,,,,,,,,,,Y,2,0,1,3,A,-,09,21801,A,F,A,C,A,A,D,-,C,A,0,,,,,Y,,A,01,1,0,0,0,0,0,0,0,0,"- ","- ",37.954730987548828,-122.35691833496094,"CONTRA COSTA","SAN PABLO",-122.35691070556641,37.954746246337891
8187292,2016,2016-12-22,0701,2016-11-27,1448,5323,609,7,5,5,0701,0,0,0,,0,006,"HILLCREST AV","COUNTRY HILLS DR",1000.00,N,N,A,-,N,,,,,,,,,,Y,2,0,2,1,A,-,03,22350,,N,A,I,A,A,H,-,A,D,0,,,,,Y,,A,01,2,0,0,0,0,0,0,0,0,"- ","- ",,,"CONTRA COSTA",ANTIOCH,-121.76011011,37.969236440000003
81891295,2022,2022-10-17,0704,2022-10-15,0935,0628,,6,5,6,0704,0,0,0,,0,005,"COWELL RD","COURT LN",22.00,N,N,B,-,N,,,,,,,,,,N,2,0,1,2,A,-,08,22107,,N,D,C,A,A,H,-,A,D,0,,,Y,,Y,,A,01,1,0,0,0,0,0,0,0,1,"- ","- ",37.962318420410156,-122.01004791259766,"CONTRA COSTA",CONCORD,-122.01015472412109,37.962360382080078
81894528,2022,2022-10-19,0711,2022-09-24,1607,S1093,23,6,5,4,0711,0,0,0,,0,0S2,"CHURCH LN","DOVER AVE",0.00,,Y,A,-,N,,,,,,,,,,N,2,0,1,2,A,-,08,22107,,N,B,C,A,A,H,-,A,D,0,,,Y,,Y,,A,01,1,0,0,0,0,0,0,0,1,"- ","- ",37.957241058349609,-122.34162902832031,"CONTRA COSTA","SAN PABLO",-122.3416748046875,37.957248687744141
8190572,2016,2017-01-11,0714,2016-05-29,1608,101,"23 3",7,5,4,0714,0,0,0,,0,003,"BLUE RIDGE DR",WEBSTER,45.00,E,N,A,-,N,,,,,,,,,,N,2,0,1,1,A,-,21,22106,,N,A,I,A,A,H,-,A,D,0,,,Y,,Y,Y,C,02,1,0,0,0,0,0,0,0,1,"- ","- ",,,"CONTRA COSTA",MARTINEZ,-122.10513387,37.959339999999997
81908069,2022,2022-11-03,0710,2022-10-16,1608,1716,NORTH,7,5,5,0710,0,0,0,,0,008,"RICHMOND PKWY","LAKESIDE DR",270.00,E,N,A,-,N,,,,,,,,,,N,2,0,1,1,A,-,03,22350,,N,H,J,A,A,H,-,A,D,0,,,,,Y,,A,01,1,0,0,0,0,0,0,0,0,"- ","- ",37.989921569824219,-122.32865905761719,"CONTRA COSTA",RICHMOND,-122.32779693603516,37.990146636962891
81928381,2022,2022-11-29,0701,2022-08-31,2336,5228,1,3,5,5,0701,0,0,0,,0,001,"W.9TH ST.","L ST",3.00,W,N,A,-,N,,,,,,,,,,N,2,0,1,2,A,-,11,21956,,N,G,B,E,A,H,-,C,D,0,Y,,,,Y,,N,60,1,0,0,0,1,0,0,0,0,"- ","- ",,,"CONTRA COSTA",ANTIOCH,-121.81977081298828,38.01190185546875
8193230,2016,2016-12-23,0710,2016-10-28,2015,1380,CENTR,5,5,5,0710,0,0,0,,0,006,"BARRETT AV","5TH ST",0.00,,Y,B,-,N,,,,,,,,,,N,2,0,1,2,A,-,10,21950,A,F,G,B,B,B,H,-,C,D,0,Y,,,,Y,,-,,1,0,0,0,1,0,0,0,0,"- ","- ",,,"CONTRA COSTA",RICHMOND,-122.36469996,37.93842995
81967492,2022,2023-01-13,0708,2022-12-02,1852,395,8213,5,5,5,0708,0,0,0,,0,002,"PITTSBURG ANTIOCH HWY","LOVERIDGE RD",3142.00,E,N,A,-,N,,,,,,,,,,N,2,0,1,2,A,-,11,21954,A,N,G,B,D,A,H,-,C,D,0,Y,,,,Y,,N,60,1,0,0,0,1,0,0,0,0,"- ","- ",,,"CONTRA COSTA",PITTSBURG,-121.84974670410156,38.012493133544922
82012232,2023,2023-03-08,0704,2023-03-01,"554 ",0581,704,3,5,6,0704,0,0,0,,0,005,"CONCORD BLVD","LANDANA DR",0.00,,Y,A,-,N,,,,,,,,,,Y,2,0,2,2,A,-,03,22350,,N,A,C,A,B,H,-,B,A,0,,,,,Y,Y,A,01,1,0,1,0,0,0,0,0,0,"- ","- ",37.977970123291016,-121.99439239501953,"CONTRA COSTA",CONCORD,-121.99423980712891,37.977985382080078
82125010,2023,2023-07-27,0704,2023-07-22,1953,0650,1,6,5,6,0704,0,0,0,,0,004,"PARKSIDE DR","WILLOW PASS RD",127.00,N,N,A,-,N,,,,,,,,,,Y,2,0,1,1,A,-,03,22350,,N,E,I,A,A,H,-,B,D,0,,,,,Y,,A,08,1,0,0,0,0,0,0,0,0,"- ","- ",37.979480743408203,-122.024169921875,"CONTRA COSTA",CONCORD,-122.02471923828125,37.980232238769531
82150744,2023,2023-08-23,0701,2023-04-24,1740,3639,,1,5,5,0701,0,0,0,,0,,"SOMERSVILLE RD","JAMES DONLON BLVD",1655.00,N,N,A,-,N,,,,,,,,,,Y,2,0,1,2,A,-,05,21650,,N,C,G,A,A,H,-,A,D,0,,Y,,,Y,,A,01,1,0,0,0,0,0,1,0,0,"- ","- ",37.991668701171875,-121.58130645751953,"CONTRA COSTA",ANTIOCH,-121.85136413574219,37.991565704345703
82171691,2023,2023-09-18,0708,2023-07-08,1930,399,8409,6,5,5,0708,0,0,0,,0,005,"EAST LELAND RD","HOMEWOOD DR",0.00,,Y,A,-,N,,,,,,,,,,Y,2,0,1,2,A,-,09,21802,A,N,D,C,A,A,H,-,A,A,0,,,Y,,Y,,A,07,1,0,0,0,0,0,0,0,1,"- ","- ",,,"CONTRA COSTA",PITTSBURG,-121.88167572021484,38.009860992431641
82179713,2023,2023-09-26,0711,2023-07-27,1513,S1070,21,4,5,4,0711,0,0,0,,0,0S1,"2555 EL PORTAL DR",,0.00,,Y,A,-,N,,,,,,,,,,Y,2,0,1,1,A,-,03,22350,,N,E,I,A,A,H,-,A,D,0,,,,,Y,,-,"- ",1,0,0,0,0,0,0,0,0,"- ","- ",37.965351104736328,-122.33786010742188,"CONTRA COSTA","SAN PABLO",,
82179799,2023,2023-09-26,0711,2023-06-01,1936,S1181,23,4,5,4,0711,0,0,0,,0,0S2,"SAN PABLO DAM RD","VENTURA AVE",0.00,,Y,A,-,N,,,,,,,,,,N,2,0,1,2,A,-,00,21954,,F,G,G,A,A,H,-,A,A,0,,Y,,,Y,,A,01,1,0,0,0,0,0,1,0,0,"- ","- ",37.954788208007812,-122.3309326171875,"CONTRA COSTA","SAN PABLO",-122.33101654052734,37.954792022705078
82185306,2023,2023-10-02,0708,2023-08-13,"141 ",381,8312,7,5,5,0708,0,0,0,,0,005,"EAST LELAND RD","LOVERIDGE RD",528.00,W,N,A,-,N,,,,,,,,,,N,2,0,1,2,A,-,03,22350,,F,G,B,D,A,H,-,C,D,0,Y,,,,Y,,-,99,1,0,0,0,1,0,0,0,0,"- ","- ",,,"CONTRA COSTA",PITTSBURG,-121.87271118164062,38.008590698242188
82249240,2023,2023-11-30,0711,2023-11-17,1357,S1044,22,5,5,4,0711,0,0,0,,0,0S3,"23RD ST","EMERIC AVE",0.00,,Y,A,-,N,,,,,,,,,,N,2,0,2,2,A,-,03,22350,,N,D,C,A,A,H,-,A,D,0,,,Y,,Y,,C,02,1,1,0,0,0,0,0,0,1,"- ","- ",37.954139709472656,-122.34735870361328,"CONTRA COSTA","SAN PABLO",-122.34738159179688,37.954170227050781
82252472,2023,2023-12-05,0706,2023-10-08,2202,224,84,7,5,3,0706,0,0,0,,0,002,"SYCAMORE AVE","TURQUOISE DR",22.00,W,N,A,-,N,,,,,,,,,,N,2,0,1,2,A,-,11,21954,A,N,G,B,D,A,H,-,C,A,0,Y,,,,Y,Y,N,60,1,0,0,0,1,0,0,0,0,"- ","- ",38.009128570556641,-122.27100372314453,"CONTRA COSTA",HERCULES,-122.27138519287109,38.009403228759766
82294248,2023,2024-01-24,0701,2023-05-07,2128,5444,,7,5,5,0701,0,0,0,,0,003,"L ST","18TH ST",150.00,N,N,A,-,N,,,,,,,,,,N,1,1,0,2,A,-,06,21750,,F,C,G,A,A,H,-,C,D,0,,Y,,,Y,Y,A,01,0,0,0,0,0,1,0,0,0,"- ","- ",,,"CONTRA COSTA",ANTIOCH,-121.81974792480469,38.00592041015625
82321165,2024,2024-02-26,0708,2024-01-01,1740,391,8404,1,5,5,0708,0,0,0,,0,005,"BUCHANAN RD","MCDERMOTT DR",298.00,E,N,A,-,N,,,,,,,,,,Y,2,0,4,3,A,-,01,23152,A,N,A,C,A,A,H,-,C,A,0,,,,,Y,Y,D,22,2,0,2,0,0,0,0,0,0,"- ","- ",,,"CONTRA COSTA",PITTSBURG,-121.87727355957031,37.997970581054688
82373653,2024,2024-04-24,0701,2024-04-20,1013,6594,,6,5,5,0701,0,0,0,,0,005,"HILLCREST AVENUE AND LARKSPUR DRIVE","THE SOUTH CURBLINE OF HILLCREST AVENUE",9.00,S,N,A,-,N,,,,,,,,,,N,2,0,1,2,A,-,08,22100,A,N,H,G,A,A,H,-,A,D,0,,Y,,,Y,,A,01,1,0,0,0,0,0,1,0,0,"- ","- ",,,"CONTRA COSTA",ANTIOCH,-121.78462982177734,37.994865417480469
82420828,2024,2024-06-24,0704,2024-06-14,1603,0648,,5,5,6,0704,0,0,0,,0,001,"CONCORD AVE","COMMERCE AVE",300.00,W,N,A,-,N,,,,,,,,,,N,2,0,1,2,A,-,08,22107,,F,B,C,A,A,H,-,A,D,0,,,,,Y,,A,01,1,0,0,0,0,0,0,0,0,"- ","- ",37.979190826416016,-122.04483032226562,"CONTRA COSTA",CONCORD,-122.04582214355469,37.979393005371094
8280703,2016,2017-01-12,0740,2016-11-21,1556,SR053,SR72,1,5,4,0791,0,0,0,,0,005,"WINDERMERE PKWY","LONGLEAF CIR",322.00,S,N,A,-,N,,,,,,,,,,Y,2,0,2,1,A,-,01,23152,A,N,E,I,A,A,H,-,A,D,0,,,,,Y,Y,-,,1,0,1,0,0,0,0,0,0,"- ","- ",,,"CONTRA COSTA","SAN RAMON",-121.88736409000001,37.756949110000001
8284042,2016,2017-01-24,0710,2016-12-02,1415,1641,NORTH,5,5,5,0710,0,0,0,,0,007,"BARRETT AV","37TH ST",0.00,,Y,A,-,N,,,,,,,,,,N,2,0,1,2,A,-,08,22107,,F,-,G,A,A,H,-,B,A,0,,Y,,,Y,,A,01,1,0,0,0,0,0,1,0,0,"- ","- ",,,"CONTRA COSTA",RICHMOND,-122.33361988999999,37.936549890000002
8312084,2017,2017-02-27,0702,2017-02-01,1316,521M,26426,3,5,3,0702,0,0,0,,0,0B4,"SUNBURY CT","W COUNTRY CLUB DR",155.00,,N,B,-,N,,,,,,,,,,Y,2,0,1,1,A,-,03,22350,,N,E,I,A,A,H,-,A,A,0,,,Y,,Y,,C,02,1,0,0,0,0,0,0,0,1,"- ","- ",,,"CONTRA COSTA",BRENTWOOD,-121.74338999,37.930369970000001