CASE_ID,ACCIDENT_YEAR,PROC_DATE,JURIS,COLLISION_DATE,COLLISION_TIME,OFFICER_ID,REPORTING_DISTRICT,DAY_OF_WEEK,CHP_SHIFT,POPULATION,CNTY_CITY_LOC,SPECIAL_COND,BEAT_TYPE,CHP_BEAT_TYPE,CITY_DIVISION_LAPD,CHP_BEAT_CLASS,BEAT_NUMBER,PRIMARY_RD,SECONDARY_RD,DISTANCE,DIRECTION,INTERSECTION,WEATHER_1,WEATHER_2,STATE_HWY_IND,CALTRANS_COUNTY,CALTRANS_DISTRICT,STATE_ROUTE,ROUTE_SUFFIX,POSTMILE_PREFIX,POSTMILE,LOCATION_TYPE,RAMP_INTERSECTION,SIDE_OF_HWY,TOW_AWAY,COLLISION_SEVERITY,NUMBER_KILLED,NUMBER_INJURED,PARTY_COUNT,PRIMARY_COLL_FACTOR,PCF_CODE_OF_VIOL,PCF_VIOL_CATEGORY,PCF_VIOLATION,PCF_VIOL_SUBSECTION,HIT_AND_RUN,TYPE_OF_COLLISION,MVIW,PED_ACTION,ROAD_SURFACE,ROAD_COND_1,ROAD_COND_2,LIGHTING,CONTROL_DEVICE,CHP_ROAD_TYPE,PEDESTRIAN_ACCIDENT,BICYCLE_ACCIDENT,MOTORCYCLE_ACCIDENT,TRUCK_ACCIDENT,NOT_PRIVATE_PROPERTY,ALCOHOL_INVOLVED,STWD_VEHTYPE_AT_FAULT,CHP_VEHTYPE_AT_FAULT,COUNT_SEVERE_INJ,COUNT_VISIBLE_INJ,COUNT_COMPLAINT_PAIN,COUNT_PED_KILLED,COUNT_PED_INJURED,COUNT_BICYCLIST_KILLED,COUNT_BICYCLIST_INJURED,COUNT_MC_KILLED,COUNT_MC_INJURED,PRIMARY_RAMP,SECONDARY_RAMP,LATITUDE,LONGITUDE,COUNTY,CITY,POINT_X,POINT_Y
8369388,2017,2017-05-26,0710,2017-04-29,0349,1703,NORTH,6,5,5,0710,0,0,0,,0,007,"CARLSON BL","CUTTING BL",30.00,S,N,A,-,N,,,,,,,,,,Y,2,0,1,1,A,-,08,22107,,N,E,I,A,A,H,-,C,A,0,,,,,Y,Y,A,01,1,0,0,0,0,0,0,0,0,"- ","- ",,,"CONTRA COSTA",RICHMOND,-122.33804778,37.925150680000002
8393020,2017,2017-06-21,0740,2017-06-04,2113,SR065,4500,7,5,4,0791,0,0,0,,0,BEAT4,"ALCOSTA BL","BROADMOOR DR",0.00,,Y,A,-,N,,,,,,,,,,N,2,0,1,2,A,-,10,21950,A,N,G,B,B,A,H,-,C,A,0,Y,,,,Y,Y,A,01,1,0,0,0,1,0,0,0,0,"- ","- ",,,"CONTRA COSTA","SAN RAMON",-121.93102992,37.730119909999999
8400944,2017,2017-07-10,0712,2017-06-11,1442,386,,7,5,5,0712,0,0,0,,0,002,"N MAIN ST","LESNICK LN",196.00,S,N,A,-,N,,,,,,,,,,N,2,0,1,2,A,-,17,21208,A,N,D,G,A,A,H,-,A,D,0,,Y,,,Y,,L,04,1,0,0,0,0,0,1,0,0,"- ","- ",,,"CONTRA COSTA","WALNUT CREEK",-122.06365567,37.923242080000001
8404455,2017,2018-05-02,0704,2017-03-19,2246,361,,7,5,6,0704,0,0,0,,0,003,"TREAT BL","SAN SIMEON DR",560.00,W,N,B,-,N,,,,,,,,,,N,1,1,0,2,A,-,11,21954,A,F,G,B,E,A,H,-,C,A,0,Y,,,,Y,,N,60,0,0,0,1,0,0,0,0,0,"- ","- ",,,"CONTRA COSTA",CONCORD,-122.01982661,37.942210580000001
8404457,2017,2017-09-13,0704,2017-05-09,2156,539,,2,5,6,0704,0,0,0,,0,005,"COWELL RD","PLUMLEIGH LN",5280.00,N,N,A,-,N,,,,,,,,,,Y,1,1,0,1,A,-,01,23152,A,N,E,I,A,A,H,-,C,D,0,,,Y,,Y,Y,C,02,0,0,0,0,0,0,0,1,0,"- ","- ",,,"CONTRA COSTA",CONCORD,-122.01288123,37.963167169999998
8419244,2017,2017-08-02,0705,2017-06-09,1802,E214,BAY,5,5,3,0705,0,0,0,,0,012,"SEAVIEW DR","SEAVIEW DR 407",126.00,N,N,A,-,N,,,,,,,,,,N,2,0,1,1,A,-,03,22350,,N,E,I,A,A,-,-,A,D,0,,Y,,,Y,,L,04,1,0,0,0,0,0,1,0,0,"- ","- ",,,"CONTRA COSTA","EL CERRITO",-122.37392217,37.91078006
8423342,2017,2017-08-14,0712,2017-07-22,2131,P527,,6,5,5,0712,0,0,0,,0,001,"CREEKSIDE DR","NEAR CT",0.00,,Y,A,-,N,,,,,,,,,,N,2,0,1,2,A,-,11,21955,,N,G,B,D,A,H,-,C,D,0,Y,,,,Y,,N,60,1,0,0,0,1,0,0,0,0,"- ","- ",,,"CONTRA COSTA","WALNUT CREEK",-122.05084991,37.883949970000003
8442868,2017,2017-09-05,0702,2017-07-03,0845,526J,127B,1,5,3,0702,0,0,0,,0,001,"SAND CREEK RD","HIGHLAND WY",0.00,,Y,A,-,N,,,,,,,,,,Y,2,0,1,2,A,-,09,21453,B,N,D,C,A,A,H,-,A,A,0,,,Y,,Y,,A,01,1,0,0,0,0,0,0,0,1,"- ","- ",37.894359999999999,-121.73405,"CONTRA COSTA",BRENTWOOD,-121.73412994,37.943519899999998
84501041,2024,2024-12-13,0701,2024-01-02,"555 ",3639,,2,5,5,0701,0,0,0,,0,003,"L ST","HWY 4",0.00,,Y,A,-,Y,,,,,,,,,,N,1,1,0,2,A,-,10,21950,A,N,G,B,B,A,H,-,A,A,0,Y,,,,Y,,D,22,0,0,0,1,0,0,0,0,0,"- ","- ",,,"CONTRA COSTA",ANTIOCH,-121.821533203125,37.999603271484375
84506415,2024,2024-12-19,0708,2024-06-28,"907 ",398,,5,5,5,0708,0,0,0,,0,005,"KIRKER PASS RD","PHEASANT DR (S)",0.00,,Y,-,-,N,,,,,,,,,,Y,1,1,0,2,D,-,00,,,N,D,C,A,A,H,-,A,A,0,,,,,Y,,-,"- ",0,0,0,0,0,0,0,0,0,"- ","- ",,,"CONTRA COSTA",PITTSBURG,-121.89654541015625,37.993030548095703
84532523,2024,2025-01-10,0708,2024-12-07,1924,406,,6,5,5,0708,0,0,0,,0,004,"RAILROAD AVE","EAST LELAND RD",367.00,N,N,A,-,N,,,,,,,,,,Y,2,0,1,1,A,-,01,23152,A,N,E,I,A,A,H,-,C,D,0,,,,,Y,Y,A,01,1,0,0,0,0,0,0,0,0,"- ","- ",,,"CONTRA COSTA",PITTSBURG,-121.89084625244141,38.013168334960938
8465416,2017,2019-04-10,0710,2017-11-28,1729,1705,NORTH,2,5,5,0710,0,0,0,,0,007,"26TH ST","ANDRADE AV",92.00,S,N,A,-,N,,,,,,,,,,N,1,1,0,3,A,-,11,21954,A,N,G,B,E,A,H,-,D,A,0,Y,,,,Y,,N,60,0,0,0,1,0,0,0,0,0,"- ","- ",37.947659999999999,-122.34323999999999,"CONTRA COSTA",RICHMOND,-122.34314000000001,37.947517269999999
8465555,2018,2019-01-25,0710,2018-02-16,1955,1705,CENTR,5,5,5,0710,0,0,0,,0,005,"RICHMOND PKWY","W OHIO AV",908.00,N,N,A,-,N,,,,,,,,,,Y,1,1,0,2,A,-,11,21955,,N,G,B,E,A,H,-,C,D,0,Y,,,,Y,,N,60,0,0,0,1,0,0,0,0,0,"- ","- ",,,"CONTRA COSTA",RICHMOND,-122.37623596191406,37.932910919189453
8465557,2018,2019-01-25,0710,2018-01-08,1145,1380,CENTR,1,5,5,0710,0,0,0,,0,004,"22ND ST","BISSELL AV",234.00,S,N,C,-,N,,,,,,,,,,Y,1,1,1,1,A,-,01,23152,F,N,E,I,A,B,H,-,A,D,0,,,,,Y,,D,22,0,0,1,0,0,0,0,0,0,"- ","- ",,,"CONTRA COSTA",RICHMOND,-122.34859466552734,37.933456420898438
84664873,2025,2025-04-28,0701,2025-02-13,1335,6594,,4,5,5,0701,0,0,0,,0,007,"DEER VALLEY RD","HILLCREST TERRACE COURT",38.00,E,Y,C,-,N,,,,,,,,,,N,2,0,2,2,A,-,12,21453,A,N,A,C,A,B,H,-,A,A,0,,,,,Y,,A,01,1,1,0,0,0,0,0,0,0,"- ","- ",,,"CONTRA COSTA",ANTIOCH,-121.78571319580078,37.988414764404297
8472815,2017,2017-11-03,0702,2017-08-16,1845,535S,123B,3,5,3,0702,0,0,0,,0,001,"SAND CREEK RD","FAIRVIEW AV",1018.00,E,N,A,-,N,,,,,,,,,,Y,2,0,2,1,A,-,01,23152,A,N,E,I,A,A,H,-,A,D,0,,,,,Y,Y,A,08,1,1,0,0,0,0,0,0,0,"- ","- ",37.945799999999998,-121.72351999999999,"CONTRA COSTA",BRENTWOOD,-121.72023686,37.945050279999997
84747729,2025,2025-07-07,0704,2025-06-28,2348,0635,,6,5,6,0704,0,0,0,,0,006,"CLAYTON RD","AYERS RD",325.00,E,N,A,-,N,,,,,,,,,,Y,2,0,2,2,A,-,01,23152,A,F,C,C,A,A,H,-,C,D,0,,,,,Y,Y,A,01,1,0,1,0,0,0,0,0,0,"- ","- ",37.956180572509766,-121.96907806396484,"CONTRA COSTA",CONCORD,-121.96797943115234,37.955825805664062
84759156,2025,2025-07-14,0708,2025-06-12,1439,305,,4,5,5,0708,0,0,0,,0,002,"RAILROAD AVE","CALIFORNIA AVE",32.00,S,N,A,-,N,,,,,,,,,,Y,2,0,2,2,A,-,09,21453,C,N,A,C,A,A,H,-,A,A,0,,,,,Y,,D,22,1,1,0,0,0,0,0,0,0,"- ","- ",38.012519836425781,-121.88947296142578,"CONTRA COSTA",PITTSBURG,-121.88921356201172,38.017387390136719
8491770,2017,2017-12-20,0708,2017-10-13,2154,358,,5,5,5,0708,0,0,0,,0,004,"HARBOR ST","STONEMAN AV",562.00,N,N,A,-,N,,,,,,,,,,Y,2,0,2,1,A,-,01,23153,B,N,E,I,A,A,H,-,C,A,0,,,,,Y,Y,A,01,1,1,0,0,0,0,0,0,0,"- ","- ",,,"CONTRA COSTA",PITTSBURG,-121.88542201,38.00595388
8517841,2017,2017-12-18,0710,2017-11-20,1824,1687,NORTH,1,5,5,0710,0,0,0,,0,008,"BLUME DR","RICHMOND PKWY",369.00,S,N,A,-,N,,,,,,,,,,N,2,0,1,2,A,-,11,21955,,N,G,B,D,A,H,-,C,D,0,Y,,,,Y,,N,60,1,0,0,0,1,0,0,0,0,"- ","- ",,,"CONTRA COSTA",RICHMOND,-122.317564,37.986016550000002
8530435,2017,2018-01-19,0701,2017-12-09,0218,5565,615,6,5,5,0701,0,0,0,,0,003,"LONE TREE WY","SLATTEN RANCH RD",0.00,,Y,A,-,N,,,,,,,,,,Y,2,0,1,1,A,-,01,23152,A,N,E,I,A,A,H,-,C,A,0,,,,,Y,Y,A,01,1,0,0,0,0,0,0,0,0,"- ","- ",,,"CONTRA COSTA",ANTIOCH,-121.73703986,37.961739940000001
8545605,2017,2018-02-06,0740,2017-08-29,0205,SR041,SR72,2,5,4,0791,0,0,0,,0,003,"CROW CANYON RD","SAINT GEORGE RD",157.00,W,N,A,-,N,,,,,,,,,,Y,2,0,1,16,A,-,01,23152,A,N,F,I,A,A,H,-,C,A,0,,,,,Y,Y,A,01,1,0,0,0,0,0,0,0,0,"- ","- ",37.786650000000002,-121.95177,"CONTRA COSTA","SAN RAMON",-121.95227527999999,37.786603030000002
8570169,2018,2018-04-03,0702,2018-02-11,1829,542E,127B,7,5,3,0702,0,0,0,,0,001,"SAND CREEK RD","SAND CREEK CROSSING",0.00,,Y,A,-,N,,,,,,,,,,Y,2,0,5,2,A,-,12,21453,A,N,A,C,A,A,H,-,C,A,0,,,,,Y,,-,"- ",5,0,0,0,0,0,0,0,0,"- ","- ",37.943660736083984,-121.73813629150391,"CONTRA COSTA",BRENTWOOD,-121.73770904541016,37.943519592285156
8581464,2018,2018-03-28,0740,2018-03-06,0236,SR060,"SR 72",2,5,4,0791,0,0,0,,0,"BEAT 1","SAN RAMON VALLEY BL","BARNWOOD DR",326.00,S,N,A,-,N,,,,,,,,,,Y,2,0,1,1,A,-,01,23153,A,N,E,I,A,A,H,-,C,D,0,,,,,Y,,A,01,1,0,0,0,0,0,0,0,0,"- ","- ",37.757850646972656,-121.96511840820312,"CONTRA COSTA","SAN RAMON",-121.9622802734375,37.754127502441406
8582957,2018,2018-03-28,0709,2018-02-19,0108,443,3090,1,5,4,0709,0,0,0,,0,001,"CONTRA COSTA BL","DORIS DR",111.00,N,N,A,-,N,,,,,,,,,,Y,2,0,1,1,A,-,07,21658,A,N,E,I,A,A,H,-,C,D,0,,,,,Y,,-,,1,0,0,0,0,0,0,0,0,"- ","- ",,,"CONTRA COSTA","PLEASANT HILL",-122.06024169921875,37.953666687011719
8591843,2018,2018-04-13,0711,2018-03-15,0340,1045,BAY,4,5,4,0711,0,0,0,,0,002,"SAN PABLO AV","KIRK LN",300.00,N,N,B,-,N,,,,,,,,,,Y,2,0,2,3,A,-,12,21453,A,N,D,C,A,A,H,-,C,A,0,,,,,Y,,A,07,1,1,0,0,0,0,0,0,0,"- ","- ",37.951869964599609,-122.33287811279297,"CONTRA COSTA","SAN PABLO",-122.33287048339844,37.951694488525391
8598413,2018,2018-04-18,0701,2018-03-31,0905,5428,505,6,5,5,0701,0,0,0,,0,005,"WOODHAVEN WY","HILL RIDGE WY",40.00,N,N,A,-,N,,,,,,,,,,Y,2,0,1,2,A,-,11,21950,B,N,G,B,E,A,H,-,A,D,0,Y,,,,Y,,N,60,1,0,0,0,1,0,0,0,0,"- ","- ",,,"CONTRA COSTA",ANTIOCH,-121.80303192138672,37.961399078369141
8604695,2018,2018-05-09,0704,2018-04-16,0544,563,,1,5,6,0704,0,0,0,,0,004,"CLAYTON RD","COLFAX ST",10.00,S,N,A,-,N,,,,,,,,,,N,2,0,1,2,A,-,11,21461,5,N,G,B,B,A,H,-,C,A,0,Y,,,,Y,,N,60,1,0,0,0,1,0,0,0,0,"- ","- ",,,"CONTRA COSTA",CONCORD,-122.03059387207031,37.975788116455078
8692563,2018,2018-09-24,0708,2018-08-02,1852,323,046,4,5,5,0708,0,0,0,,0,001,"EAST 3RD ST","CARDINALE CT",0.00,,Y,A,-,N,,,,,,,,,,Y,2,0,1,2,A,-,09,21804,A,N,D,C,A,A,H,-,A,A,0,,,Y,,Y,,A,01,1,0,0,0,0,0,0,0,1,"- ","- ",,,"CONTRA COSTA",PITTSBURG,-121.88082122802734,38.032821655273438
8694740,2018,2018-09-18,0704,2018-08-07,1508,556,,2,5,6,0704,0,0,0,,0,003,"TREAT BL","BLARNEY AV",0.00,,Y,A,-,N,,,,,,,,,,N,2,0,1,2,A,-,08,22107,,N,B,G,A,A,H,-,A,D,0,,Y,,,Y,,L,04,1,0,0,0,0,0,1,0,0,"- ","- ",,,"CONTRA COSTA",CONCORD,-122.0213623046875,37.941169738769531
8761522,2018,2019-01-23,0708,2018-12-13,1032,323,046,4,5,5,0708,0,0,0,,0,002,"CENTURY BL","AUTO CENTER DR",6.00,W,N,A,-,N,,,,,,,,,,N,2,0,1,2,A,-,12,21453,A,N,G,B,B,A,H,-,A,A,0,Y,,,,Y,Y,D,22,1,0,0,0,1,0,0,0,0,"- ","- ",,,"CONTRA COSTA",PITTSBURG,-121.83535766601562,38.005668640136719
8765705,2018,2019-01-29,0704,2018-12-11,1743,562,,2,5,6,0704,0,0,0,,0,006,"CLAYTON RD","AYERS RD",13.00,E,N,A,-,N,,,,,,,,,,Y,2,0,2,2,D,-,00,,,N,D,G,A,A,H,-,C,A,0,,Y,Y,,Y,,-,"- ",1,0,1,0,0,0,1,0,1,"- ","- ",,,"CONTRA COSTA",CONCORD,-121.96897125244141,37.9561767578125
8808454,2018,2019-09-05,0712,2018-11-24,0036,386,,6,5,5,0712,0,0,0,,0,001,"S MAIN ST","CREEKSIDE DR",300.00,S,N,C,-,Y,CC,4,680,-,-,13.015,R,4,N,Y,1,1,3,2,A,-,00,23163,A,N,A,C,A,B,H,-,C,D,0,,,,,Y,Y,D,22,0,2,1,0,0,0,0,0,0,"- ","- ",,,"CONTRA COSTA","WALNUT CREEK",-122.05484008789062,37.885417938232422
8836730,2019,2019-04-19,0708,2019-03-13,2347,330,046,3,5,5,0708,0,0,0,,0,001,"NORTH PARKSIDE DR","CANNERY AV",0.00,,Y,A,-,N,,,,,,,,,,Y,2,0,1,2,A,-,01,23152,A,N,D,C,A,A,H,-,C,A,0,,,Y,,Y,Y,C,02,1,0,0,0,0,0,0,0,1,"- ","- ",,,"CONTRA COSTA",PITTSBURG,-121.91293334960938,38.026538848876953
8842889,2018,2019-09-12,0710,2018-07-22,0543,1742,SOUTH,7,5,5,0710,0,0,0,,0,003,"RT 580","CENTRAL AV",0.00,,Y,A,-,Y,CC,4,580,-,-,0.086,R,2,W,N,2,0,1,2,A,-,08,22107,,F,G,B,E,A,H,-,A,D,0,Y,,,,Y,,-,99,1,0,0,0,1,0,0,0,0,"- ","- ",,,"CONTRA COSTA",RICHMOND,-122.31263732910156,37.898471832275391
8846399,2018,2019-05-08,0710,2018-08-14,1458,1607,CENTR,2,5,5,0710,0,0,0,,0,004,"RHEEM AV","17TH ST",0.00,,Y,A,-,N,,,,,,,,,,Y,2,0,1,2,A,-,09,21802,A,F,D,C,A,A,H,-,A,D,0,,,,,Y,Y,A,01,1,0,0,0,0,0,0,0,0,"- ","- ",37.949630737304688,-122.35385131835938,"CONTRA COSTA",RICHMOND,-122.35379028320312,37.949569702148438
8872509,2019,2019-06-07,0701,2019-04-08,2346,5569,0601,1,5,5,0701,0,0,0,,0,006,"HILLCREST AV","LARKSPUR DR",0.00,,Y,A,-,N,,,,,,,,,,Y,2,0,2,2,A,-,12,21453,A,N,D,C,A,A,H,-,C,A,0,,,Y,,Y,Y,A,01,1,0,1,0,0,0,0,0,1,"- ","- ",,,"CONTRA COSTA",ANTIOCH,-121.78469848632812,37.994880676269531
8911381,2020,2020-08-07,0708,2020-05-11,0017,355,8409,1,5,5,0708,0,0,0,,0,005,"GARCIA AV","KELLY CT",31.00,E,N,A,G,N,,,,,,,,,,Y,1,1,0,2,A,-,01,23152,G,N,A,E,A,A,H,-,C,A,0,,,,Y,Y,Y,A,01,0,0,0,0,0,0,0,0,0,"- ","- ",,,"CONTRA COSTA",PITTSBURG,-121.87545013427734,38.010658264160156
8911965,2020,2021-01-07,0710,2020-10-16,0112,1635,NORTH,5,5,5,0710,0,0,0,,0,005,"RICHMOND PKWY","HILLTOP DR",1000.00,S,N,A,-,N,,,,,,,,,,Y,1,1,0,1,A,-,03,22350,,N,E,I,A,A,H,-,C,D,0,,,,,Y,,A,01,0,0,0,0,0,0,0,0,0,"- ","- ",37.986488342285156,-122.33770751953125,"CONTRA COSTA",RICHMOND,-122.34149169921875,37.984874725341797
8925177,2019,2020-05-27,0710,2019-01-27,0011,1741,,7,5,5,0710,0,0,0,,0,,"CANAL BL","RT 580",0.00,,Y,A,-,Y,CC,4,580,-,R,4.482,R,4,W,Y,2,0,1,2,A,-,03,22350,,F,A,C,A,A,H,-,C,A,0,,,,,Y,Y,A,01,1,0,0,0,0,0,0,0,0,"- ",WF,37.927688598632812,-122.37772369384766,"CONTRA COSTA",RICHMOND,-122.37533569335938,37.92724609375
8938073,2019,2019-09-20,0711,2019-08-20,1600,1131,BAY,2,5,4,0711,0,0,0,,0,002,"SAN PABLO AV","EVANS AV",128.00,N,N,A,-,N,,,,,,,,,,N,2,0,1,2,A,-,09,21804,,N,H,G,A,A,H,-,A,D,0,,Y,,,Y,,L,04,1,0,0,0,0,0,1,0,0,"- ","- ",,,"CONTRA COSTA","SAN PABLO",-122.33466339111328,37.954792022705078
8994730,2019,2020-01-27,0712,2019-11-15,1815,P583,,5,5,5,0712,0,0,0,,0,003,"TREAT BL","BANCROFT RD",530.00,E,N,A,-,N,,,,,,,,,,Y,2,0,1,2,A,-,11,21954,A,N,G,B,D,A,H,-,C,D,0,Y,,,,Y,,N,60,1,0,0,0,1,0,0,0,0,"- ","- ",,,"CONTRA COSTA","WALNUT CREEK",-122.04109191894531,37.930080413818359
90011463,2015,2015-10-19,9320,2015-08-19,1828,019238,,3,2,9,0700,0,1,3,,2,402,"SR-4 E/B","KINNE BLVD U/C",200.00,E,N,A,-,Y,,,,,,,,,,Y,2,0,1,3,A,-,03,22350,,N,C,C,A,A,H,-,A,D,0,,,Y,,Y,,C,02,1,0,0,0,0,0,0,0,1,"- ","- ",,,"CONTRA COSTA",UNINCORPORATED,-122.010867,38.011308759999999
90017884,2015,2015-10-19,9320,2015-08-26,0220,020222,,3,3,9,0700,0,2,S,,2,080,"HERDLYN RD","BYRON HIGHWAY",2640.00,E,N,A,-,N,,,,,,,,,,Y,2,0,1,1,A,-,01,23152,A,N,E,J,A,A,H,-,D,D,0,,,,,Y,Y,A,01,1,0,0,0,0,0,0,0,0,"- ","- ",37.816630000000004,-121.57934,"CONTRA COSTA",UNINCORPORATED,-121.57611201,37.816874110000001
90048134,2015,2015-11-10,9320,2015-10-13,1536,016636,,2,2,9,0700,0,2,4,,2,073,"KIRKER PASS RD NB","NORTONVILLE RD",4752.00,S,N,A,-,N,,,,,,,,,,Y,2,0,2,2,A,-,08,22107,,N,F,I,A,A,H,-,A,D,0,,,,,Y,,A,01,1,0,1,0,0,0,0,0,0,"- ","- ",,,"CONTRA COSTA",UNINCORPORATED,-121.9104892,37.974891339999999
90048162,2015,2016-04-14,9320,2015-09-12,2325,020295,,6,3,9,0700,0,2,4,,2,073,"KIRKER PASS RD. N/B","CALLBOX# CC-00K-010",878.00,N,N,A,-,N,,,,,,,,,,Y,1,1,0,2,A,-,11,21954,A,N,G,B,E,A,H,-,D,D,0,Y,,,,Y,,N,60,0,0,0,1,0,0,0,0,0,"- ","- ",,,"CONTRA COSTA",UNINCORPORATED,,
90073222,2015,2015-12-15,9320,2015-07-30,1454,019423,,4,2,9,0700,0,2,4,,2,026,"TAYLOR BLVD","WITHERS AVENUE",0.00,,Y,A,-,N,,,,,,,,,,Y,1,1,2,3,A,-,12,21453,A,N,D,C,A,A,H,-,A,A,0,,,,,Y,,D,22,0,1,1,0,0,0,0,0,0,"- ","- ",,,"CONTRA COSTA",UNINCORPORATED,-122.09570993,37.933619950000001
90089195,2015,2016-01-06,9320,2015-12-20,0157,020026,,7,3,9,0700,0,2,4,,2,073,"KIRKER PASS RD","PHEASANT DR",2112.00,S,N,A,-,N,,,,,,,,,,Y,2,0,1,1,A,-,01,23152,A,N,E,I,A,A,H,-,D,D,0,,,,,Y,Y,A,01,1,0,0,0,0,0,0,0,0,"- ","- ",,,"CONTRA COSTA",UNINCORPORATED,-121.89751748,37.987578460000002
90148846,2015,2016-04-12,9320,2015-11-01,0250,020026,,7,3,9,0700,0,2,4,,2,037,"FRANKLIN CANYON RD","MCHARRY RANCH",477.00,W,N,A,-,N,,,,,,,,,,Y,1,2,1,1,A,-,08,22107,,N,E,I,A,A,H,-,D,D,0,,,,,Y,,A,01,1,0,0,0,0,0,0,0,0,"- ","- ",,,"CONTRA COSTA",UNINCORPORATED,-122.16726518999999,38.000413590000001
90176030,2016,2016-05-10,9320,2016-04-21,0135,019253,,4,3,9,0700,0,1,1,,2,180,"I-80 E/B","CUMMINGS SKYWAY O/C",1215.00,E,N,A,-,Y,,,,,,,,,,Y,2,0,3,2,A,-,03,22350,,N,C,C,A,A,D,-,D,D,0,,,,Y,Y,,-,98,3,0,0,0,0,0,0,0,0,"- ","- ",,,"CONTRA COSTA",UNINCORPORATED,-122.23486346999999,38.047374339999998
90180283,2016,2016-05-16,9320,2016-03-04,1515,019195,,5,2,9,0700,0,2,4,,2,073,"KIRKER PASS ROAD","HESS ROAD (NORTH SIDE)",4471.00,N,N,B,C,N,,,,,,,,,,Y,1,1,0,1,A,-,03,22350,,N,F,I,A,B,H,-,A,D,0,,,,,Y,,A,01,0,0,0,0,0,0,0,0,0,"- ","- ",,,"CONTRA COSTA",UNINCORPORATED,-121.92035221,37.97123697
90190484,2016,2016-05-31,9320,2016-05-12,1330,019458,,4,1,9,0700,0,2,4,,2,031,"SAN PABLO AVE.","MERCHANT ST.",528.00,W,N,A,-,Y,,,,,,,,,,Y,2,0,1,3,A,-,09,21804,A,M,D,C,A,A,H,-,A,D,0,,,,,Y,,A,01,1,0,0,0,0,0,0,0,0,"- ","- ",,,"CONTRA COSTA",UNINCORPORATED,-122.23207035999999,38.05554867
90198352,2016,2016-06-09,9320,2016-05-31,1250,016713,,2,1,9,0700,0,1,3,,2,401,"E/B SR-4","MCEWEN RD U/C",2900.00,E,N,A,-,Y,,,,,,,,,,Y,2,0,1,1,C,-,18,,,N,E,I,A,A,H,-,A,D,0,,,,,Y,,-,"- ",1,0,0,0,0,0,0,0,0,"- ","- ",,,"CONTRA COSTA",UNINCORPORATED,,
90198762,2016,2016-06-10,9320,2016-06-02,0522,019559,,4,3,9,0700,0,1,3,,2,401,"SR-4 W/B","MCEWEN RD.",4752.00,E,N,A,-,Y,,,4,,,,,,W,Y,2,0,1,2,A,-,08,22107,,N,C,E,A,A,H,-,D,D,0,,,,,Y,,A,01,1,0,0,0,0,0,0,0,0,"- ","- ",38.006169999999997,-122.16419,"CONTRA COSTA",UNINCORPORATED,-122.16420995999999,38.006095010000003
90208949,2015,2016-06-24,9370,2015-12-06,0411,020953,,7,3,5,0710,0,1,1,,2,082,"I-80 EASTBOUND","SACRAMENTO AVENUE PEDESTRIAN O/C",196.00,W,N,B,-,Y,,,80,,,,,,E,N,1,1,0,2,A,-,11,21953,,F,G,B,E,A,H,-,D,D,0,Y,,,,Y,,N,60,0,0,0,1,0,0,0,0,0,"- ","- ",37.903799999999997,-122.31265999999999,"CONTRA COSTA",RICHMOND,-122.31266551,37.903796180000001
90216782,2016,2016-08-30,9320,2016-06-06,1813,019253,,1,2,9,0700,0,1,3,,2,401,"FRANKLIN CANYON RD","MCEWEN RD",4752.00,E,N,A,-,N,,,,,,,,,,Y,2,0,4,2,A,-,09,21801,A,N,A,C,A,A,H,-,A,D,0,,,,,Y,,D,22,2,1,1,0,0,0,0,0,0,"- ","- ",,,"CONTRA COSTA",UNINCORPORATED,-122.16860634,38.004045589999997
90281301,2016,2016-09-30,9320,2016-09-23,0810,017342,,5,1,9,0700,0,2,4,,2,046,"JONES RD","TREAT BLVD",0.00,,Y,A,-,N,,,,,,,,,,N,2,0,1,2,A,-,11,21950,B,N,G,B,B,A,H,-,A,D,0,Y,,,,Y,,N,60,1,0,0,0,1,0,0,0,0,"- ","- ",,,"CONTRA COSTA",UNINCORPORATED,-122.05477994,37.926629910000003
90295537,2016,2016-10-19,9320,2016-10-11,1435,018371,,2,2,9,0700,0,1,3,,2,401,"STATE ROUTE 4 EASTBOUND","CUMMINGS SKYWAY O/C",1000.00,E,N,A,-,Y,,,,,,,,,,Y,2,0,1,1,A,-,08,22107,,N,E,I,A,A,H,-,A,D,0,,,,,Y,,D,22,1,0,0,0,0,0,0,0,0,"- ","- ",,,"CONTRA COSTA",UNINCORPORATED,-122.18703475,38.016170000000002
90325460,2016,2016-11-21,9320,2016-07-24,0220,020009,,7,3,9,0700,0,2,4,,2,043,"MARSH DR","WALNUT CREEK BRIDGE U/C",1976.00,W,N,A,-,N,,,,,,,,,,Y,2,0,3,1,A,-,01,23152,A,N,E,I,A,A,H,-,C,D,0,,,,,Y,Y,A,01,3,0,0,0,0,0,0,0,0,"- ","- ",37.996450000000003,-122.06276,"CONTRA COSTA",UNINCORPORATED,-122.06281185,37.996472689999997
90329513,2016,2016-11-25,9320,2016-11-18,2355,020010,,5,3,3,0706,0,1,3,,2,401,"SR-4 W/B","FRANKLIN CANYON ROAD",1056.00,E,N,B,-,Y,,,4,,,,,,W,Y,2,0,1,2,A,-,03,22350,,N,C,C,A,B,H,-,D,D,0,,,,,Y,Y,A,01,1,0,0,0,0,0,0,0,0,"- ","- ",38.00855,-122.22062,"CONTRA COSTA",HERCULES,-122.22061958,38.00855241