CASE_ID,ACCIDENT_YEAR,PROC_DATE,JURIS,COLLISION_DATE,COLLISION_TIME,OFFICER_ID,REPORTING_DISTRICT,DAY_OF_WEEK,CHP_SHIFT,POPULATION,CNTY_CITY_LOC,SPECIAL_COND,BEAT_TYPE,CHP_BEAT_TYPE,CITY_DIVISION_LAPD,CHP_BEAT_CLASS,BEAT_NUMBER,PRIMARY_RD,SECONDARY_RD,DISTANCE,DIRECTION,INTERSECTION,WEATHER_1,WEATHER_2,STATE_HWY_IND,CALTRANS_COUNTY,CALTRANS_DISTRICT,STATE_ROUTE,ROUTE_SUFFIX,POSTMILE_PREFIX,POSTMILE,LOCATION_TYPE,RAMP_INTERSECTION,SIDE_OF_HWY,TOW_AWAY,COLLISION_SEVERITY,NUMBER_KILLED,NUMBER_INJURED,PARTY_COUNT,PRIMARY_COLL_FACTOR,PCF_CODE_OF_VIOL,PCF_VIOL_CATEGORY,PCF_VIOLATION,PCF_VIOL_SUBSECTION,HIT_AND_RUN,TYPE_OF_COLLISION,MVIW,PED_ACTION,ROAD_SURFACE,ROAD_COND_1,ROAD_COND_2,LIGHTING,CONTROL_DEVICE,CHP_ROAD_TYPE,PEDESTRIAN_ACCIDENT,BICYCLE_ACCIDENT,MOTORCYCLE_ACCIDENT,TRUCK_ACCIDENT,NOT_PRIVATE_PROPERTY,ALCOHOL_INVOLVED,STWD_VEHTYPE_AT_FAULT,CHP_VEHTYPE_AT_FAULT,COUNT_SEVERE_INJ,COUNT_VISIBLE_INJ,COUNT_COMPLAINT_PAIN,COUNT_PED_KILLED,COUNT_PED_INJURED,COUNT_BICYCLIST_KILLED,COUNT_BICYCLIST_INJURED,COUNT_MC_KILLED,COUNT_MC_INJURED,PRIMARY_RAMP,SECONDARY_RAMP,LATITUDE,LONGITUDE,COUNTY,CITY,POINT_X,POINT_Y
91289166,2020,2020-08-19,9390,2020-08-11,0803,014771,,2,1,9,0700,0,3,5,,2,100,"MONTEROSSO ST.","COLCHESTER ST.",0.00,,Y,A,-,N,,,,,,,,,,N,2,0,1,2,A,-,21,22106,,N,G,B,D,A,H,-,A,A,0,Y,,,,Y,,A,01,1,0,0,0,1,0,0,0,0,"- ","- ",37.792121887207031,-121.89206695556641,"CONTRA COSTA",UNINCORPORATED,-121.89202117919922,37.792148590087891
91312938,2020,2020-09-28,9320,2020-09-23,2110,019914,,3,2,4,0714,0,1,3,,2,402,"SR-4 EB","PACHECO BLVD U/C",100.00,E,N,A,-,Y,,,4,,,,,,E,Y,2,0,1,1,A,-,03,22350,,N,F,A,A,A,H,-,C,D,0,,,Y,,Y,,C,02,1,0,0,0,0,0,0,0,1,"- ","- ",37.993198394775391,-122.07350158691406,"CONTRA COSTA",MARTINEZ,-122.07350921630859,37.99322509765625
91315766,2020,2020-10-01,9320,2020-09-30,0700,016503,,3,1,5,0708,0,1,3,,2,403,"SR-4 W/B","BAILEY RD. U/C",5280.00,E,N,A,-,Y,,,4,,,,,,W,N,2,0,1,2,A,-,07,21658,A,N,B,C,A,A,H,-,A,D,0,,,Y,,Y,,A,01,1,0,0,0,0,0,0,0,1,"- ","- ",38.019870758056641,-121.92331695556641,"CONTRA COSTA",PITTSBURG,-121.92330932617188,38.019817352294922
91322717,2020,2020-10-13,9320,2020-10-02,1500,022240,,5,2,5,0701,0,1,3,,2,160,"SR-160 S/B FROM E. 18TH ST","E 18TH ST",750.00,S,N,B,-,Y,,,160,,,,R,,S,Y,2,0,1,1,A,-,03,22350,,N,H,A,A,A,H,-,A,D,0,,,Y,,Y,,C,02,1,0,0,0,0,0,0,0,1,"- ","- ",38.002498626708984,-121.75450134277344,"CONTRA COSTA",ANTIOCH,-121.75450134277344,38.002498626708984
91336643,2020,2020-11-02,9320,2020-10-22,1820,021185,,4,2,9,0700,0,2,4,,1,042,"SHELL AVENUE","WEST SHELL AVENUE",69.00,S,N,A,-,N,,,,,,,,,,Y,2,0,1,2,A,-,08,22107,,N,F,A,A,A,H,-,B,D,0,,,Y,,Y,,C,02,1,0,0,0,0,0,0,0,1,"- ","- ",38.008369445800781,-122.12103271484375,"CONTRA COSTA",UNINCORPORATED,-122.12120056152344,38.007987976074219
91342788,2020,2021-07-27,9320,2020-11-03,1649,016563,,2,2,9,0700,0,1,3,,2,402,"SR-4 E/B",I-680,1520.00,E,N,A,-,Y,,,4,,,,,,E,Y,2,0,1,2,A,-,03,22350,,N,B,C,A,A,D,H,A,D,0,,,Y,,Y,,C,02,1,0,0,0,0,0,0,0,1,"- ","- ",37.996089935302734,-122.06491088867188,"CONTRA COSTA",UNINCORPORATED,-122.06494140625,37.996192932128906
91380612,2020,2021-01-05,9320,2020-09-07,1654,021649,,1,2,3,0702,0,1,3,,1,406,SR-4,"FAIRVIEW AVE.",2957.00,W,N,A,-,Y,,,4,,,,,,,Y,1,1,2,2,A,-,05,21460,A,N,A,C,A,A,H,-,A,A,0,,,,,Y,,A,01,2,0,0,0,0,0,0,0,0,"- ","- ",37.911609649658203,-121.73075103759766,"CONTRA COSTA",BRENTWOOD,-121.73079681396484,37.911575317382812
91381702,2020,2021-01-06,9320,2020-11-30,0311,022459,,1,3,3,0715,0,1,3,,2,241,"STATE ROUTE 24 EASTBOUND","ACALANES RD. UNDERCROSSING",1320.00,E,N,A,-,Y,,,24,,,,,,E,Y,2,0,1,1,A,-,01,23152,A,N,E,I,A,A,H,-,C,A,0,,,,,Y,Y,A,01,1,0,0,0,0,0,0,0,0,"- ","- ",37.891040802001953,-122.14984130859375,"CONTRA COSTA",LAFAYETTE,-122.14982604980469,37.891139984130859
91383028,2020,2021-01-07,9320,2020-09-14,0320,022463,,1,3,6,0704,0,1,3,,2,242,"SR-242 S/B","CLAYTON ROAD",175.00,N,N,A,-,Y,,,242,,,,,,S,Y,1,1,2,1,A,-,08,22107,,N,F,A,A,A,H,-,D,A,0,,,,,Y,,A,01,2,0,0,0,0,0,0,0,0,"- ","- ",37.970279693603516,-122.04817962646484,"CONTRA COSTA",CONCORD,-122.04788970947266,37.970203399658203
91394543,2020,2021-01-26,9320,2020-10-26,1637,021185,,1,2,3,0715,0,1,3,,2,241,"STATE ROUTE 24 WESTBOUND","PLEASANT HILL ROAD",1720.00,E,N,A,-,Y,,,24,,,,,,W,Y,1,1,0,1,A,-,08,22107,,N,E,I,A,A,H,-,A,A,0,,,,,Y,,D,23,0,0,0,0,0,0,0,0,0,"- ","- ",37.898231506347656,-122.08981323242188,"CONTRA COSTA",LAFAYETTE,-122.08980560302734,37.898078918457031
91405403,2021,2021-02-09,9370,2021-01-28,1930,022392,,4,2,4,0711,0,1,1,,2,082,"I-80 E/B","SAN PABLO DAM RD",1325.00,W,N,C,-,Y,,,80,,,,,,E,Y,2,0,2,1,A,-,01,23152,A,N,E,J,A,B,H,-,C,D,0,,,,,Y,Y,A,01,1,0,1,0,0,0,0,0,0,"- ","- ",37.9527587890625,-122.32776641845703,"CONTRA COSTA","SAN PABLO",-122.32791137695312,37.952690124511719
91408756,2021,2021-02-16,9320,2021-02-07,2310,022138,,7,3,5,0708,0,1,3,,2,404,"STATE ROUTE 4 WESTBOUND","SOMERSVILLE ROAD",1584.00,E,N,A,-,Y,,,,,,,,,,Y,2,0,2,1,A,-,08,22107,,N,E,I,A,A,H,-,D,D,0,,,,,Y,,A,01,1,1,0,0,0,0,0,0,0,"- ","- ",38.002429962158203,-121.83155822753906,"CONTRA COSTA",PITTSBURG,-121.83301544189453,38.00274658203125
91409692,2021,2021-02-17,9320,2021-02-10,2330,017211,,3,3,9,0700,0,2,4,,2,013,"SAN PABLO DAM ROAD (5700 BLOCK)","BRISTLECONE DRIVE",182.00,E,N,A,-,N,,,,,,,,,,Y,2,0,1,3,A,-,08,22107,,N,C,E,A,A,H,-,D,D,0,,,,,Y,,D,22,1,0,0,0,0,0,0,0,0,"- ","- ",37.955429077148438,-122.27658081054688,"CONTRA COSTA",UNINCORPORATED,-122.27665710449219,37.955379486083984
91417687,2020,2021-03-01,9320,2020-11-10,2025,019914,,2,2,9,0700,0,1,1,,2,681,"I-680 SB TO LIVORNA ROAD","LIVORNA ROAD",0.00,,Y,A,-,N,,,680,,,,R,,S,Y,1,1,0,2,A,-,12,22450,A,N,D,C,A,A,H,-,C,A,0,,,,,Y,,A,01,0,0,0,0,0,0,0,0,0,"- ","- ",37.86309814453125,-122.03589630126953,"CONTRA COSTA",UNINCORPORATED,-122.03589630126953,37.86309814453125
91421792,2021,2021-03-08,9320,2021-02-28,1132,021499,,7,1,9,0700,0,2,4,,2,022,"WILDCAT CANYON RD","S. PARK DR",20.00,N,N,A,-,N,,,,,,,,,,N,2,0,1,2,A,-,05,21460,A,N,A,G,A,A,H,-,A,D,0,,Y,,,Y,,D,22,1,0,0,0,0,0,1,0,0,"- ","- ",37.893028259277344,-122.24234771728516,"CONTRA COSTA",UNINCORPORATED,-122.24258422851562,37.892826080322266
91433283,2021,2021-03-23,9320,2021-01-19,2500,020834,,2,4,9,0700,0,1,3,,2,401,"STATE ROUTE 4 EASTBOUND","FRANKLIN CANYON ROAD",1934.00,E,N,A,-,Y,,,4,,,,,,E,Y,1,1,0,1,A,-,01,23152,A,N,E,I,A,A,H,-,D,A,0,,,,,Y,Y,A,01,0,0,0,0,0,0,0,0,0,"- ","- ",38.007961273193359,-122.22199249267578,"CONTRA COSTA",UNINCORPORATED,-122.22199249267578,38.007858276367188
9143355,2020,2020-09-24,0710,2020-07-29,1608,1687,NORTH,3,5,5,0710,0,0,0,,0,007,"RHEEM ST","20TH ST",0.00,,Y,A,-,N,,,,,,,,,,N,2,0,1,2,A,-,12,22450,A,N,D,G,A,A,H,-,A,A,0,,Y,,,Y,,L,04,1,0,0,0,0,0,1,0,0,"- ","- ",37.949569702148438,-122.35018157958984,"CONTRA COSTA",RICHMOND,-122.35014343261719,37.949581146240234
91442977,2021,2021-04-05,9320,2021-03-28,1949,022462,,7,2,9,0700,0,1,3,,2,403,"SR-4 EASTBOUND","RAILROAD AVE",1435.00,W,N,B,-,Y,,,,,,,,,,Y,2,0,3,2,A,-,03,22350,,N,C,C,A,A,H,-,D,D,0,,,,,Y,,A,01,1,1,1,0,0,0,0,0,0,"- ","- ",38.018039703369141,-121.89446258544922,"CONTRA COSTA",UNINCORPORATED,-121.89418029785156,38.017978668212891
91474384,2020,2021-05-17,9390,2020-05-23,2003,021677,,6,2,4,0791,0,1,1,,2,068,"I-680 SOUTHBOUND","PINE VALLEY ROAD UNDERCROSSING",920.00,S,N,A,-,Y,,,680,,,,,,S,Y,1,1,0,1,A,-,01,23152,A,N,E,I,A,A,H,-,A,D,0,,,,,Y,Y,A,07,0,0,0,0,0,0,0,0,0,"- ","- ",37.734760284423828,-121.94917297363281,"CONTRA COSTA","SAN RAMON",-121.94911956787109,37.734794616699219
91479953,2021,2021-05-27,9320,2021-05-10,1710,021949,,1,2,9,0700,0,3,5,,2,050,"PINEHURST RD. S/B","SKYLINE BLVD.",5280.00,N,N,A,-,N,,,,,,,,,,N,2,0,2,2,A,-,08,22107,,N,G,G,A,A,H,-,A,D,0,,Y,Y,,Y,,L,04,1,0,1,0,0,0,1,0,1,"- ","- ",37.836818695068359,-122.18118286132812,"CONTRA COSTA",UNINCORPORATED,,
91482740,2021,2021-05-27,9320,2021-01-25,0415,022483,,1,3,5,0708,0,1,3,,2,404,"SR-4 E/B","LOVERIDGE ROAD",423.00,W,N,A,-,Y,,,4,,,,,,E,Y,1,1,0,2,A,-,03,22350,,N,C,C,A,A,H,-,C,A,0,,,,,Y,,A,01,0,0,0,0,0,0,0,0,0,"- ","- ",38.012420654296875,-121.87117004394531,"CONTRA COSTA",PITTSBURG,-121.87109375,38.012733459472656
91504556,2021,2021-06-23,9320,2021-06-13,2128,021710,,7,2,9,0700,0,1,1,,2,180,"I-80 E/B","CUMMINGS SKYWAY",850.00,W,N,A,-,Y,,,80,,,,,,E,Y,2,0,1,1,A,-,01,23152,A,N,F,I,A,A,H,-,C,D,0,,,,,Y,Y,A,01,1,0,0,0,0,0,0,0,0,"- ","- ",38.043678283691406,-122.24008178710938,"CONTRA COSTA",UNINCORPORATED,-122.2401123046875,38.043727874755859
91514362,2021,2021-07-07,9320,2021-06-27,0020,022534,,7,3,5,0712,0,1,3,,2,241,"SR-24 EASTBOUND","BOULEVARD WAY",1800.00,W,N,A,-,Y,,,24,,,,,,E,Y,2,0,5,2,A,-,03,22350,,N,C,C,A,A,H,-,C,A,0,,,,,Y,,A,07,1,2,2,0,0,0,0,0,0,"- ","- ",37.895961761474609,-122.07710266113281,"CONTRA COSTA","WALNUT CREEK",-122.07705688476562,37.896114349365234
91538560,2021,2021-08-06,9320,2021-07-29,0700,022127,,4,1,5,0701,0,1,3,,2,404,"SR-4 EASTBOUND","HILLCREST AVE.",2600.00,W,N,A,-,Y,,,4,,,,,,E,Y,2,0,6,2,A,-,07,21658,A,M,B,C,A,A,H,-,A,A,0,,,,,Y,,A,01,2,3,1,0,0,0,0,0,0,"- ","- ",37.997631072998047,-121.79450988769531,"CONTRA COSTA",ANTIOCH,-121.79450988769531,37.997650146484375
91547998,2021,2021-08-18,9320,2021-03-14,2057,022082,,7,2,5,0701,0,1,3,,2,404,"SR-4 W/B",SR-160,2766.00,W,N,C,-,Y,,,4,,,,,,W,Y,1,1,0,1,A,-,08,22107,,N,E,I,A,B,H,-,C,A,0,,,,,Y,,A,01,0,0,0,0,0,0,0,0,0,"- ","- ",37.991600036621094,-121.76529693603516,"CONTRA COSTA",ANTIOCH,-121.76525115966797,37.991744995117188
91563859,2021,2021-09-07,9320,2021-07-23,1920,022462,,5,2,9,0700,0,3,5,,2,092,"N LAKEFRONT LOOP","MYSTIC CT",0.00,,Y,A,-,N,,,,,,,,,,N,2,0,1,2,A,-,09,21802,A,N,D,C,A,A,H,-,A,A,0,,,,,Y,,D,22,1,0,0,0,0,0,0,0,0,"- ","- ",37.931968688964844,-121.61833190917969,"CONTRA COSTA",UNINCORPORATED,-121.61833953857422,37.932029724121094
91567422,2021,2021-09-10,9320,2021-02-11,2115,022127,,4,2,4,0714,0,1,3,,2,402,"SR-4 WESTBOUND","ALHAMBRA AVENUE",517.00,E,N,B,C,Y,,,4,,,,,,W,Y,1,1,1,1,A,-,03,22350,,N,E,I,A,B,H,-,C,A,0,,,,,Y,,A,01,1,0,0,0,0,0,0,0,0,"- ","- ",37.991180419921875,-122.12822723388672,"CONTRA COSTA",MARTINEZ,-122.12821197509766,37.991096496582031
91587055,2021,2021-10-04,9320,2021-09-18,1445,022240,,6,2,9,0700,0,1,3,,2,405,"BYRON HWY S/B","HOLEY RD.",900.00,N,N,A,-,N,,,,,,,,,,Y,2,0,3,2,A,-,08,22107,,N,D,C,A,A,H,-,A,D,0,,,,,Y,,A,01,1,2,0,0,0,0,0,0,0,"- ","- ",37.833831787109375,-121.60759735107422,"CONTRA COSTA",UNINCORPORATED,-121.60736083984375,37.833446502685547
91614014,2021,2021-11-02,9370,2021-10-23,2100,021938,,6,2,5,0710,0,1,1,,2,058,"I-580 W/B","HARBOUR WAY",800.00,E,N,B,C,Y,,,580,,,,,,W,Y,2,0,1,2,A,-,07,21658,A,F,C,C,A,B,H,-,D,D,0,,,,,Y,,-,99,1,0,0,0,0,0,0,0,0,"- ","- ",37.922248840332031,-122.35742950439453,"CONTRA COSTA",RICHMOND,-122.35736846923828,37.922451019287109
91641914,2021,2021-12-03,9320,2021-11-19,1550,022282,,5,2,3,0792,0,1,3,,2,240,"SR-24 W/B","WILDER ROAD",300.00,E,N,A,-,Y,,,24,,,,,,W,Y,2,0,1,1,A,-,01,23152,A,N,A,I,A,B,H,-,A,A,0,,,,,Y,Y,A,01,1,0,0,0,0,0,0,0,0,"- ","- ",37.867969512939453,-122.19615936279297,"CONTRA COSTA",ORINDA,-122.19615936279297,37.867977142333984
91647339,2021,2021-12-09,9320,2021-11-28,0235,021519,,7,3,3,0715,0,1,3,,2,241,"SR-24 E/B","EL CURTOLA BLVD O/C",890.00,E,N,A,-,Y,,,24,,,,,,E,Y,2,0,2,1,A,-,01,23152,A,N,E,I,A,A,H,-,D,D,0,,,,,Y,Y,A,08,1,1,0,0,0,0,0,0,0,"- ","- ",37.897560119628906,-122.08206939697266,"CONTRA COSTA",LAFAYETTE,-122.08209991455078,37.897438049316406
91658232,2021,2021-12-21,9390,2021-12-05,2335,022215,,7,3,4,0791,0,1,1,,2,068,"I-680 NORTHBOUND","CROW CANYON RD",661.00,S,N,E,-,Y,,,680,,,,,,N,Y,2,0,1,2,A,-,03,22350,,F,C,2,A,A,H,-,C,D,0,,,,,Y,,-,99,1,0,0,0,0,0,0,0,0,"- ","- ",37.775249481201172,-121.97415161132812,"CONTRA COSTA","SAN RAMON",-121.97417449951172,37.775238037109375
91661456,2021,2021-12-24,9320,2021-10-02,0635,022505,,6,1,4,0714,0,1,3,,2,401,"SR-4 E/B","MCEWEN ROAD",8217.00,E,N,A,-,Y,,,,,,,,,,Y,1,2,1,1,A,-,01,23152,F,N,E,I,A,A,H,-,D,D,0,,,,,Y,,A,07,0,1,0,0,0,0,0,0,0,"- ","- ",38.003429412841797,-122.15376281738281,"CONTRA COSTA",MARTINEZ,-122.15396118164062,38.003746032714844
9167413,2020,2020-10-23,0701,2020-05-03,1147,5324,611,7,5,5,0701,0,0,0,,0,006,"HILLCREST AV","GOLDEN BEAR WY",1224.00,S,N,A,-,N,,,,,,,,,,Y,2,0,2,1,A,-,01,23152,A,N,E,I,A,A,H,-,A,D,0,,,,,Y,Y,A,01,1,0,1,0,0,0,0,0,0,"- ","- ",,,"CONTRA COSTA",ANTIOCH,-121.7628173828125,37.973960876464844
91682482,2022,2022-01-21,9320,2022-01-11,2232,022706,,2,3,6,0704,0,1,3,,2,242,"SR-242 S/B",SR-4,828.00,S,N,A,-,Y,CC,,242,,R,3.149,H,,L,Y,2,0,1,2,C,-,18,,,N,D,C,A,A,H,-,D,A,0,,,,,Y,,-,"- ",1,0,0,0,0,0,0,0,0,"- ","- ",38.002681732177734,-122.03739929199219,"CONTRA COSTA",CONCORD,-122.03753662109375,38.002700805664062
91734804,2022,2022-03-28,9320,2022-03-16,0140,021203,,3,3,9,0700,0,1,3,,2,240,"SR-24 EASTBOUND","DOLORES DRIVE",1890.00,W,N,A,-,Y,CC,,24,,R,5.486,H,,R,Y,2,0,1,1,A,-,08,22107,,N,H,I,A,A,H,-,D,A,0,,,,,Y,,A,01,1,0,0,0,0,0,0,0,0,"- ","- ",37.890598297119141,-122.13488006591797,"CONTRA COSTA",UNINCORPORATED,-122.13484954833984,37.8905029296875
91739874,2022,2022-04-04,9320,2022-03-23,2325,021203,,3,3,6,0704,0,1,1,,2,683,"I-680 NORTHBOUND",SR-4,1270.00,S,N,A,-,Y,CC,,680,,,20.930,H,,R,N,2,0,1,2,A,-,08,22107,,N,C,C,A,A,H,-,D,A,0,,,Y,,Y,,C,02,1,0,0,0,0,0,0,0,1,"- ","- ",37.991359710693359,-122.06758117675781,"CONTRA COSTA",CONCORD,-122.06769561767578,37.991340637207031
91760848,2022,2022-04-29,9320,2022-04-19,1602,020649,,2,2,5,0712,0,1,1,,2,683,"I-680 SOUTHBOUND","MONUMENT BOULEVARD",1056.00,N,N,A,-,Y,CC,,680,,R,17.975,H,,L,Y,2,0,5,3,A,-,08,22107,,N,B,C,A,A,H,-,A,A,0,,,,Y,Y,,A,01,2,2,1,0,0,0,0,0,0,"- ","- ",37.948760986328125,-122.05683135986328,"CONTRA COSTA","WALNUT CREEK",-122.05685424804688,37.948768615722656
91767185,2022,2022-05-09,9320,2022-04-20,1140,022791,,3,1,9,0700,0,2,4,,2,095,"MARSH CREEK ROAD","LYDIA LN",2640.00,W,N,A,-,N,,,,,,,,,,Y,2,0,1,2,A,-,05,21460,A,N,C,C,A,A,H,-,A,D,0,,,Y,,Y,,C,02,1,0,0,0,0,0,0,0,1,"- ","- ",37.870098114013672,-121.75005340576172,"CONTRA COSTA",UNINCORPORATED,-121.75051879882812,37.870128631591797
91784251,2022,2022-05-30,9390,2022-05-22,1255,020395,,7,1,9,0700,0,2,4,,2,112,"CAMINO TASSAJARA (4000 BLOCK)","LUSITANO STREET",1320.00,E,N,A,-,N,,,,,,,,,,Y,2,0,2,2,D,-,00,,,N,D,C,A,A,H,-,A,D,0,,,,,Y,,-,"- ",1,1,0,0,0,0,0,0,0,"- ","- ",37.796791076660156,-121.8675537109375,"CONTRA COSTA",UNINCORPORATED,-121.87368011474609,37.798686981201172
91821206,2022,2022-07-20,9320,2022-07-09,2140,022706,,6,2,9,0700,0,1,1,,2,180,"I-80 E/B","CUMMINGS SKYWAY",1742.00,W,N,A,-,Y,CC,,80,,,12.507,H,,R,Y,2,0,1,3,A,-,01,23152,A,N,E,I,A,A,H,-,C,A,0,,,,,Y,Y,A,01,1,0,0,0,0,0,0,0,0,"- ","- ",38.042770385742188,-122.24144744873047,"CONTRA COSTA",UNINCORPORATED,-122.24147033691406,38.04278564453125
91845543,2022,2022-08-22,9320,2022-08-11,1300,017906,,4,1,9,0700,0,2,4,,2,013,"SAN PABLO DAM RD","OLD SAN PABLO DAM RD",4277.00,N,N,A,-,N,,,,,,,,,,N,2,0,1,2,A,-,03,22350,,N,C,C,A,A,H,-,A,D,0,,Y,,Y,Y,,L,04,1,0,0,0,0,0,1,0,0,"- ","- ",37.916481018066406,-122.23654937744141,"CONTRA COSTA",UNINCORPORATED,-122.26568603515625,37.942550659179688
91851543,2022,2022-08-29,9320,2022-08-17,0605,022835,,3,1,9,0700,0,2,4,,2,097,"MARSH CREEK RD.","VASCO RD.",0.00,,Y,A,-,Y,CC,,4,,R,38.053,H,,R,N,2,0,1,2,A,-,09,21453,C,N,D,C,A,A,H,-,B,A,0,,,,,Y,,D,22,1,0,0,0,0,0,0,0,0,"- ","- ",37.895790100097656,-121.71273803710938,"CONTRA COSTA",UNINCORPORATED,-121.71273803710938,37.895786285400391
91855047,2022,2022-09-01,9320,2022-08-23,0603,023002,,2,1,5,0708,0,1,3,,2,403,"SR-4 W/B","RAILROAD AVE",1584.00,W,N,A,-,Y,CC,,4,,,21.526,H,,L,N,2,0,1,2,A,-,07,21658,A,N,C,C,A,A,H,-,A,A,0,,,Y,,Y,,A,07,1,0,0,0,0,0,0,0,1,"- ","- ",38.020309448242188,-121.916748046875,"CONTRA COSTA",PITTSBURG,-121.916748046875,38.020145416259766
91861601,2022,2022-09-12,9370,2022-07-07,0210,022821,,4,3,5,0710,0,1,1,,2,082,"I-80 E/B TO SOLANO AVENUE","SOLANO AVE",371.00,W,N,A,-,Y,,,,,,,,,,Y,2,0,1,1,A,-,01,23152,A,N,E,I,A,A,H,-,C,D,0,,,,,Y,Y,A,01,1,0,0,0,0,0,0,0,0,"- ","- ",37.942901611328125,-122.32331848144531,"CONTRA COSTA",RICHMOND,-122.32331848144531,37.942901611328125
91875597,2022,2022-09-28,9320,2022-09-07,0805,022896,,3,1,4,0790,0,1,1,,2,681,"I-680 N/B","EL CERRO",2125.00,N,N,A,-,Y,CC,,680,,R,8.602,H,,R,N,2,0,2,2,A,-,03,22350,,N,C,C,A,A,H,-,A,A,0,,,,,Y,,A,01,1,1,0,0,0,0,0,0,0,"- ","- ",37.833511352539062,-122.00668334960938,"CONTRA COSTA",DANVILLE,-122.00666809082031,37.833522796630859
91880450,2022,2022-10-03,9320,2022-09-26,0555,018371,,1,3,9,0700,0,1,1,,2,683,"INTERSTATE 680 NORTHBOUND","ARTHUR RD",50.00,S,N,A,-,Y,CC,,680,,,22.706,H,,R,N,2,0,1,1,D,-,00,,,N,E,I,A,A,H,-,D,A,0,,,,Y,Y,,-,"- ",1,0,0,0,0,0,0,0,0,"- ","- ",38.011009216308594,-122.08827209472656,"CONTRA COSTA",UNINCORPORATED,-122.08835601806641,38.010955810546875
91900751,2022,2022-10-27,9320,2022-10-18,2355,023047,,2,3,4,0709,0,1,1,,2,682,"I-680 NORTHBOUND","TREAT BOULEVARD",1000.00,N,N,A,-,Y,CC,,680,,,16.601,H,,R,Y,2,0,1,1,A,-,01,23152,A,N,E,I,A,A,H,-,C,D,0,,,,,Y,Y,A,01,1,0,0,0,0,0,0,0,0,"- ","- ",37.929370880126953,-122.06005859375,"CONTRA COSTA","PLEASANT HILL",-122.06021881103516,37.929378509521484
9192109,2020,2020-12-30,0701,2020-09-06,0122,5855,504,7,5,5,0701,0,0,0,,0,005,"BOULDER DR","CINNABAR ST",0.00,,Y,A,-,N,,,,,,,,,,N,2,0,1,2,A,-,09,21802,A,N,B,C,A,A,H,-,C,D,0,,,Y,,Y,,A,01,1,0,0,0,0,0,0,0,1,"- ","- ",,,"CONTRA COSTA",ANTIOCH,-121.79583740234375,37.982631683349609
91965411,2023,2023-01-11,9320,2023-01-05,1730,023061,,4,2,9,0700,0,1,3,,2,403,"WILLOW PASS RD","SOLANO AVE",6.50,E,N,C,-,N,,,,,,,,,,N,2,0,1,2,A,-,10,21950,A,N,G,B,B,B,H,-,D,D,0,Y,,,,Y,,A,01,1,0,0,0,1,0,0,0,0,"- ","- ",38.026718139648438,-121.93965911865234,"CONTRA COSTA",UNINCORPORATED,-121.93970489501953,38.026760101318359
91987430,2023,2023-02-06,9320,2023-01-26,1700,023028,,4,2,9,0700,0,3,5,,2,010,"SAN PABLO AVE","CUMMINGS SKYWAY",0.00,,Y,A,-,N,,,,,,,,,,N,2,0,1,2,A,-,12,21453,A,N,A,C,A,A,H,-,B,A,0,,,,,Y,,A,01,1,0,0,0,0,0,0,0,0,"- ","- ",38.050991058349609,-122.24288177490234,"CONTRA COSTA",UNINCORPORATED,-122.24288940429688,38.051010131835938
9200333,2020,2021-01-15,0740,2020-11-28,2144,SR105,,6,5,4,0791,0,0,0,,0,003,"CROW CANYON RD","CROW CANYON PL",0.00,,Y,A,-,N,,,,,,,,,,Y,2,0,2,2,A,-,12,21453,,N,A,C,A,A,H,-,C,A,0,,,,,Y,,A,01,1,1,0,0,0,0,0,0,0,"- ","- ",37.777420043945312,-121.96824645996094,"CONTRA COSTA","SAN RAMON",-121.97161102294922,37.778621673583984
92005360,2023,2023-02-28,9320,2023-02-17,1733,022887,,5,2,6,0704,0,1,3,,2,242,"SR-242 N/B","SOLANO WAY",160.00,N,N,A,-,Y,CC,,242," ",R,2.205,H,,R,Y,2,0,1,3,A,-,07,21658,A,N,B,C,A,A,H,-,A,A,0,,,Y,,Y,,A,01,1,0,0,0,0,0,0,0,1,"- ","- ",37.989078521728516,-122.04023742675781,"CONTRA COSTA",CONCORD,-122.0401611328125,37.989070892333984