CASE_ID,ACCIDENT_YEAR,PROC_DATE,JURIS,COLLISION_DATE,COLLISION_TIME,OFFICER_ID,REPORTING_DISTRICT,DAY_OF_WEEK,CHP_SHIFT,POPULATION,CNTY_CITY_LOC,SPECIAL_COND,BEAT_TYPE,CHP_BEAT_TYPE,CITY_DIVISION_LAPD,CHP_BEAT_CLASS,BEAT_NUMBER,PRIMARY_RD,SECONDARY_RD,DISTANCE,DIRECTION,INTERSECTION,WEATHER_1,WEATHER_2,STATE_HWY_IND,CALTRANS_COUNTY,CALTRANS_DISTRICT,STATE_ROUTE,ROUTE_SUFFIX,POSTMILE_PREFIX,POSTMILE,LOCATION_TYPE,RAMP_INTERSECTION,SIDE_OF_HWY,TOW_AWAY,COLLISION_SEVERITY,NUMBER_KILLED,NUMBER_INJURED,PARTY_COUNT,PRIMARY_COLL_FACTOR,PCF_CODE_OF_VIOL,PCF_VIOL_CATEGORY,PCF_VIOLATION,PCF_VIOL_SUBSECTION,HIT_AND_RUN,TYPE_OF_COLLISION,MVIW,PED_ACTION,ROAD_SURFACE,ROAD_COND_1,ROAD_COND_2,LIGHTING,CONTROL_DEVICE,CHP_ROAD_TYPE,PEDESTRIAN_ACCIDENT,BICYCLE_ACCIDENT,MOTORCYCLE_ACCIDENT,TRUCK_ACCIDENT,NOT_PRIVATE_PROPERTY,ALCOHOL_INVOLVED,STWD_VEHTYPE_AT_FAULT,CHP_VEHTYPE_AT_FAULT,COUNT_SEVERE_INJ,COUNT_VISIBLE_INJ,COUNT_COMPLAINT_PAIN,COUNT_PED_KILLED,COUNT_PED_INJURED,COUNT_BICYCLIST_KILLED,COUNT_BICYCLIST_INJURED,COUNT_MC_KILLED,COUNT_MC_INJURED,PRIMARY_RAMP,SECONDARY_RAMP,LATITUDE,LONGITUDE,COUNTY,CITY,POINT_X,POINT_Y
92010758,2022,2023-03-06,9320,2022-07-15,2305,021797,,5,3,3,0792,0,1,3,,2,240,"SR-24 EASTBOUND","CAMINO PABLO",3396.00,W,N,A,-,Y,CC,,24,,,1.685,H,,R,N,1,1,0,3,C,-,18,,,N,H,A,A,A,H,-,C,D,0,,,,,Y,Y,-,"- ",0,0,0,0,0,0,0,0,0,"- ","- ",37.871719360351562,-122.19062042236328,"CONTRA COSTA",ORINDA,-122.19061279296875,37.871711730957031
92022143,2023,2025-03-18,9320,2023-03-09,1305,022019,,4,1,4,0714,0,1,1,,2,684,"I-680 N/B","MOCOCO ROAD",700.00,N,N,B,C,Y,CC,,680," "," ",24.613,H,,R,N,2,0,2,3,A,-,08,22107,,N,A,C,A,B,H,-,A,A,0,,,,Y,Y,,D,22,2,0,0,0,0,0,0,0,0,"- ","- ",38.027500152587891,-122.11506652832031,"CONTRA COSTA",MARTINEZ,-122.11510467529297,38.027473449707031
92066463,2023,2023-05-11,9320,2023-04-07,"445 ",022804,,5,3,4,0709,0,1,1,,2,682,"I-680 NORTHBOUND","MONUMENT BLVD",2112.00,S,N,C,-,Y,CC,,680," ",R,17.365,H,,R,Y,2,0,4,1,A,-,08,22107,,M,E,I,A,B,H,-,D,A,0,,,,,Y,,A,07,1,0,3,0,0,0,0,0,0,"- ","- ",37.939929962158203,-122.06024932861328,"CONTRA COSTA","PLEASANT HILL",-122.06010437011719,37.939918518066406
92097844,2023,2023-06-20,9320,2023-06-14,"115 ",022804,,3,3,9,0700,0,1,3,,2,400,"SR-4 EASTBOUND","SAWMILL RD.",390.00,E,N,A,-,Y,CC,,4," ",R,4.159,H,,R,N,2,0,3,2,A,-,01,23152,A,N,C,C,A,A,H,-,D,A,0,,,,,Y,Y,A,01,1,0,2,0,0,0,0,0,0,"- ","- ",38.012168884277344,-122.19759368896484,"CONTRA COSTA",UNINCORPORATED,-122.19765472412109,38.012256622314453
92102409,2023,2023-06-26,9320,2023-06-19,1115,022748,,1,1,5,0708,0,1,3,,2,403,"SR-4 E/B","SAN MARCO BLVD.",1584.00,E,N,A,-,Y,CC,,4," ",R,19.232,H,,R,Y,2,0,1,1,C,-,18,,,N,H,A,A,A,H,-,A,A,0,,,,,Y,,-,"- ",1,0,0,0,0,0,0,0,0,"- ","- ",38.021259307861328,-121.95767974853516,"CONTRA COSTA",PITTSBURG,-121.95765686035156,38.021339416503906
92109556,2023,2023-07-05,9320,2023-06-24,2150,022908,,6,2,3,0707,0,1,1,,2,180,"I-80 EB","PINOLE VALLEY RD",1032.00,W,N,A,-,Y,CC,,80," "," ",8.223,H,,R,Y,2,0,1,2,A,-,01,23152,A,N,B,2,A,A,H,-,C,A,0,,,,,Y,Y,A,01,1,0,0,0,0,0,0,0,0,"- ","- ",37.994991302490234,-122.29061126708984,"CONTRA COSTA",PINOLE,-122.29059600830078,37.994941711425781
9211863,2020,2021-04-22,0701,2020-10-07,2210,5949,6501,3,5,5,0701,0,0,0,,0,005,"TREGALLAS RD","CAVALLO RD",513.00,W,N,A,-,N,,,,,,,,,,Y,1,1,0,2,A,-,11,21950,B,N,G,B,E,A,H,-,C,D,0,Y,,,,Y,Y,N,60,0,0,0,1,0,0,0,0,0,"- ","- ",,,"CONTRA COSTA",ANTIOCH,-121.79975128173828,37.997692108154297
9212472,2020,2021-01-19,0701,2020-09-04,1116,5319,208,5,5,5,0701,0,0,0,,0,002,"E 18TH ST","TREMBATH ST",300.00,E,N,A,-,N,,,,,,,,,,Y,2,0,1,1,A,-,01,23152,A,N,A,I,A,A,H,-,A,D,0,,,,,Y,Y,A,01,1,0,0,0,0,0,0,0,0,"- ","- ",,,"CONTRA COSTA",ANTIOCH,-121.77997589111328,38.004901885986328
92141597,2023,2023-08-11,9320,2023-08-02,"450 ",022534,,3,3,9,0700,0,1,3,,2,402,"SR-4 WESTBOUND","SOLANO WAY",1400.00,W,N,A,-,Y,CC,,4," ",R,13.394,H,,L,Y,2,0,1,2,A,-,21,22106,,N,B,C,A,A,H,-,C,A,0,,,Y,Y,Y,,C,02,1,0,0,0,0,0,0,0,1,"- ","- ",37.999801635742188,-122.05796813964844,"CONTRA COSTA",UNINCORPORATED,-122.05795288085938,37.999767303466797
92182386,2023,2023-09-28,9320,2023-09-21,2235,019759,,4,3,3,0702,0,1,3,,2,405,"SR-4 E/B","SAND CREEK RD.",300.00,W,N,A,-,Y,CC,,4," ",R,34.213,H,,R,Y,2,0,2,2,A,-,08,22107,,N,E,I,E,A,D,-,D,A,0,Y,,,,Y,Y,D,22,1,1,0,0,1,0,0,0,0,"- ","- ",37.944389343261719,-121.74215698242188,"CONTRA COSTA",BRENTWOOD,-121.74227905273438,37.944355010986328
92227512,2023,2023-11-03,9320,2023-06-04,2105,022835,,7,2,9,0700,0,2,4,,2,077,"MARSH CREEK ROAD","MORGAN TERRITORY ROAD",3334.00,W,N,A,-,N,,,,,,,,,,N,1,1,0,1,A,-,08,22107,,N,F,0,A,A,H,-,B,A,0,,,Y,,Y,,C,02,0,0,0,0,0,0,0,1,0,"- ","- ",37.912090301513672,-121.88201141357422,"CONTRA COSTA",UNINCORPORATED,-121.88209533691406,37.912109375
92230838,2023,2023-11-08,9320,2023-10-30,1905,022784,,1,2,5,0701,0,1,3,,2,403,"SR-4 WB","SOMERSVILLE RD",620.00,E,N,A,-,Y,CC,,4," "," ",26.140,H,,L,Y,2,0,2,2,A,-,01,23152,A,N,B,2,A,A,H,-,C,A,0,,,,,Y,Y,A,01,1,0,1,0,0,0,0,0,0,"- ","- ",38.003421783447266,-121.83499145507812,"CONTRA COSTA",ANTIOCH,-121.83505249023438,38.003276824951172
92233708,2023,2023-11-13,9370,2023-10-08,2035,023199,,7,2,5,0710,0,1,1,,2,083,"I-80 W/B","APPIAN WAY",1700.00,W,N,A,-,Y,CC,,80," "," ",7.261,H,,L,N,2,0,2,3,A,-,01,23152,A,N,B,2,A,A,H,-,D,D,0,,,,,Y,Y,A,07,1,1,0,0,0,0,0,0,0,"- ","- ",37.992088317871094,-122.30802154541016,"CONTRA COSTA",RICHMOND,-122.30797576904297,37.992027282714844
92266382,2023,2023-12-19,9320,2023-12-07,2005,020440,,4,2,9,0700,0,2,4,,2,086,"BYRON HIGHWAY","PENNY LANE",325.00,S,N,B,-,N,,,,,,,,,,Y,2,0,1,1,A,-,08,22107,,N,E,I,A,B,H,-,D,D,0,,,,,Y,,D,22,1,0,0,0,0,0,0,0,0,"- ","- ",37.946601867675781,-121.64105987548828,"CONTRA COSTA",UNINCORPORATED,-121.64101409912109,37.946617126464844
92276883,2023,2024-01-02,9320,2023-12-22,1940,022517,,5,2,9,0700,0,1,3,,1,406,"CR-J4 (BYRON HIGHWAY)","HOLWAY DRIVE",0.00,,Y,A,-,Y,,,,,,,,,,Y,2,0,5,2,A,-,01,23152,A,N,A,C,A,A,H,-,C,D,0,,,,,Y,Y,A,01,1,1,3,0,0,0,0,0,0,"- ","- ",37.871860504150391,-121.64158630371094,"CONTRA COSTA",UNINCORPORATED,-121.64154052734375,37.8714599609375
92296815,2023,2024-01-25,9320,2023-11-17,1623,022887,,5,2,9,0700,0,1,3,,2,401,"STATE ROUTE 4 WESTBOUND","MC EWEN ROAD",4981.00,E,N,C,-,Y,CC,,4," ",R,6.142,H,,L,Y,1,1,0,1,A,-,08,22107,,N,F,I,A,B,H,-,A,A,0,,,,,Y,,A,01,0,0,0,0,0,0,0,0,0,"- ","- ",38.006229400634766,-122.16436767578125,"CONTRA COSTA",UNINCORPORATED,-122.16440582275391,38.006145477294922
92319063,2024,2024-02-21,9320,2024-02-11,"130 ",022784,,7,3,9,0700,0,1,1,,2,180,"I-80 EB","CUMMINGS SKYWAY",2604.00,W,N,A,-,Y,CC,,80," "," ",12.254,H,,R,Y,2,0,1,1,A,-,01,23152,A,M,E,I,A,A,H,-,C,A,0,,,,,Y,Y,A,01,1,0,0,0,0,0,0,0,0,"- ","- ",38.040359497070312,-122.24497222900391,"CONTRA COSTA",UNINCORPORATED,-122.24492645263672,38.040321350097656
92327571,2024,2024-03-20,9320,2024-02-27,"448 ",019759,,2,3,9,0700,0,1,3,,2,403,"SR-4 W/B","WILLOW PASS RD.",2640.00,E,N,A,-,Y,CC,,4," ",R,17.297,H,,L,Y,2,0,5,4,A,-,03,22350,,N,C,C,A,A,H,-,D,A,0,,,,,Y,,A,01,1,4,0,0,0,0,0,0,0,"- ","- ",38.017238616943359,-121.99063873291016,"CONTRA COSTA",UNINCORPORATED,-121.99070739746094,38.017311096191406
92345955,2024,2024-03-25,9320,2024-03-14,"125 ",023684,,4,3,4,0790,0,1,1,,2,681,"I-680 SOUTHBOUND","EL CERRO BLVD",581.00,N,N,A,-,Y,CC,,680," ",R,8.316,H,,L,Y,2,0,1,1,A,-,01,23152,A,N,E,I,A,A,H,-,C,A,0,,,,,Y,Y,A,01,1,0,0,0,0,0,0,0,0,"- ","- ",37.830810546875,-122.00270843505859,"CONTRA COSTA",DANVILLE,-122.00276184082031,37.830760955810547
92346157,2024,2024-03-25,9320,2024-03-02,1507,022784,,6,2,3,0715,0,1,3,,2,241,"SR-24 W/B","EL NIDO RANCH ROAD",675.00,E,N,B,C,Y,CC,,24," ",R,4.828,H,,L,N,2,0,1,1,A,-,03,22350,,N,F,8,A,B,H,-,A,A,0,,,,,Y,,A,01,1,0,0,0,0,0,0,0,0,"- ","- ",37.89154052734375,-122.14717864990234,"CONTRA COSTA",LAFAYETTE,-122.14717102050781,37.891391754150391
9236523,2020,2021-03-12,0701,2020-11-05,1540,5936,612,4,5,5,0701,0,0,0,,0,006,"HILLCREST AV","LONE TREE WY",110.00,N,N,A,-,N,,,,,,,,,,Y,2,0,1,3,A,-,03,22350,1,N,G,B,A,A,H,-,A,A,0,,,,,Y,,A,01,1,0,0,0,0,0,0,0,0,"- ","- ",,,"CONTRA COSTA",ANTIOCH,-121.76005554199219,37.962062835693359
92368660,2024,2024-04-19,9320,2024-04-10,"915 ",023760,,3,1,5,0712,0,1,3,,2,241,"SR-24 E/B TO I-680 S/B","BOULEVARD WAY",1136.00,E,N,A,-,Y,,,,,,,,,,Y,2,0,1,2,A,-,08,22107,,N,C,C,A,A,H,-,A,A,0,,,Y,Y,Y,,F,55,1,0,0,0,0,0,0,0,1,"- ","- ",37.895580291748047,-122.07602691650391,"CONTRA COSTA","WALNUT CREEK",,
9238792,2021,2021-04-13,0702,2021-02-05,1918,554L,202B,5,5,3,0702,0,0,0,,0,002,"BRENTWOOD BL","SAND CREEK RD",9.00,S,N,A,-,N,,,,,,,,,,N,2,0,2,3,A,-,08,22107,,N,B,C,A,A,H,-,C,A,0,,,,,Y,,A,01,1,1,0,0,0,0,0,0,0,"- ","- ",37.946659088134766,-121.69613647460938,"CONTRA COSTA",BRENTWOOD,-121.69619750976562,37.946563720703125
9240833,2020,2021-04-01,0710,2020-09-05,0547,1687,NORTH,6,5,5,0710,0,0,0,,0,008,"RICHMOND PKWY","SIERRA RIDGE AV",620.00,W,N,A,-,N,,,,,,,,,,Y,2,0,2,2,A,-,01,23152,F,N,A,C,A,A,H,-,B,D,0,,,,Y,Y,,A,01,1,0,1,0,0,0,0,0,0,"- ","- ",37.987571716308594,-122.31891632080078,"CONTRA COSTA",RICHMOND,-122.32085418701172,37.988346099853516
92419539,2024,2024-06-20,9370,2024-06-09,"719 ",023576,,7,1,5,0710,0,1,1,,2,083,"I-80 E/B","RICHMOND PARKWAY",2408.00,W,N,A,-,Y,CC,,80," "," ",6.280,H,,R,Y,2,0,4,3,A,-,03,22350,,N,C,C,A,A,H,-,A,D,0,,,,,Y,,A,01,1,0,3,0,0,0,0,0,0,"- ","- ",37.980411529541016,-122.31691741943359,"CONTRA COSTA",RICHMOND,-122.31691741943359,37.980411529541016
92440870,2024,2024-07-16,9320,2024-02-11,"735 ",023061,,7,1,6,0704,0,1,3,,2,242,"SR-242 S/B","CLAYTON ROAD",1880.00,S,N,A,-,Y,CC,,242," ",R,0.298,H,,L,Y,1,1,1,2,A,-,08,22107,,N,D,2,A,A,H,-,A,A,0,,,,,Y,,A,01,0,0,1,0,0,0,0,0,0,"- ","- ",37.962848663330078,-122.05066680908203,"CONTRA COSTA",CONCORD,-122.05068206787109,37.962852478027344
9252186,2020,2021-04-28,0710,2020-09-25,0641,1779,SOUTH,5,5,5,0710,0,0,0,,0,003,"CUTTING BL","SOUTH 49TH",5.00,E,N,A,-,N,,,,,,,,,,,2,0,1,2,A,-,10,21950,A,N,G,B,B,A,H,-,B,A,0,Y,,,,Y,,A,01,1,0,0,0,1,0,0,0,0,"- ","- ",,,"CONTRA COSTA",RICHMOND,-122.32356262207031,37.925548553466797
9279233,2021,2021-06-22,0700,2021-05-10,0852,71124,33,1,5,4,0790,0,0,0,,0,061,"DIABLO RD","EL CERRO BL",0.00,,Y,A,-,N,,,,,,,,,,Y,2,0,5,3,A,-,09,21453,C,N,D,C,A,A,H,-,A,A,0,,,,,Y,,A,07,1,1,3,0,0,0,0,0,0,"- ","- ",37.830398559570312,-121.98729705810547,"CONTRA COSTA",DANVILLE,-121.98728179931641,37.830394744873047
9290176,2021,2021-08-11,0711,2021-04-22,2012,1096,BAY,4,5,4,0711,0,0,0,,0,003,"SAN PABLO AV","VAN NESS ST",1038.00,N,N,A,-,N,,,,,,,,,,Y,2,0,1,1,A,-,07,21658,,N,E,I,A,A,H,-,C,A,0,,,Y,,Y,,C,02,1,0,0,0,0,0,0,0,1,"- ","- ",37.962471008300781,-122.34523773193359,"CONTRA COSTA","SAN PABLO",-122.34513092041016,37.962409973144531
93195682,2024,2024-08-01,9320,2024-04-30,"628 ",016094,,2,1,9,0700,0,1,3,,2,403,"SR-4 E/B","SAN MARCO BLVD",2323.00,W,N,A,-,Y,CC,,4," ",R,18.313,H,,R,Y,2,0,1,2,A,-,08,22107,,N,F,I,A,A,D,-,B,A,0,,,Y,Y,Y,,C,02,1,0,0,0,0,0,0,0,1,"- ","- ",38.023639678955078,-121.97415161132812,"CONTRA COSTA",UNINCORPORATED,-121.97415161132812,38.023632049560547
9336723,2021,2021-10-06,0701,2021-08-24,1947,5844,406,2,5,5,0701,0,0,0,,0,004,"FORTUNA CT","FORTUNA CT  2830",264.00,,N,A,-,N,,,,,,,,,,N,2,0,1,2,A,-,09,21804,A,N,D,G,A,A,H,-,B,D,0,,Y,,,Y,,L,04,1,0,0,0,0,0,1,0,0,"- ","- ",,,"CONTRA COSTA",ANTIOCH,,
9343010,2021,2021-10-21,0703,2021-09-23,1751,C078,042,4,5,3,0703,0,0,0,,0,007,"MOUNTAIRE PKWY","MOUNT DUNCAN DR",6.00,N,N,A,-,N,,,,,,,,,,Y,2,0,2,2,A,-,03,22350,,N,D,C,A,A,H,-,A,D,0,,,Y,,Y,,C,02,1,0,1,0,0,0,0,0,1,"- ","- ",37.926071166992188,-121.92859649658203,"CONTRA COSTA",CLAYTON,-121.92859649658203,37.925987243652344
9349877,2021,2021-11-22,0710,2021-08-09,0800,1777,CENTR,1,5,5,0710,0,0,0,,0,005,"CHESLEY AV","7TH ST",300.00,E,N,-,-,N,,,,,,,,,,N,2,0,2,2,A,-,12,22451,A,N,D,F,A,A,H,-,A,A,0,,,,,Y,,A,07,1,0,1,0,0,0,0,0,0,"- ","- ",37.95458984375,-122.36160278320312,"CONTRA COSTA",RICHMOND,-122.36054229736328,37.954750061035156
9363477,2021,2021-12-01,0712,2021-10-08,2345,P583,,5,5,5,0712,0,0,0,,0,003,"TREAT BL","SHEPPARD RD",100.00,W,N,A,-,N,,,,,,,,,,Y,2,0,1,1,A,-,01,23152,A,N,E,I,A,A,H,-,C,D,0,,,,,Y,Y,A,07,1,0,0,0,0,0,0,0,0,"- ","- ",,,"CONTRA COSTA","WALNUT CREEK",-122.0487060546875,37.925968170166016
94397188,2024,2024-09-17,9370,2024-09-01,1500,023694,,7,2,5,0710,0,1,1,,2,083,"I-80 W/B","EL PORTAL",250.00,E,N,A,-,Y,CC,,80," "," ",5.213,H,,L,Y,2,0,1,2,A,-,07,21658,A,N,B,C,A,A,H,-,A,D,0,,,Y,,Y,,C,02,1,0,0,0,0,0,0,0,1,"- ","- ",37.965888977050781,-122.32319641113281,"CONTRA COSTA",RICHMOND,-122.32318878173828,37.96588134765625
94439993,2024,2024-10-22,9320,2024-09-28,1848,023775,,6,2,9,0700,0,2,4,,2,095,"MARSH CREEK RD","VINEYARDS PKWY",1742.00,W,N,A,-,N,,,,,,,,,,N,2,0,1,2,A,-,03,22350,,N,D,C,A,A,H,-,B,A,0,,,Y,,Y,,C,02,1,0,0,0,0,0,0,0,1,"- ","- ",37.888278961181641,-121.7215576171875,"CONTRA COSTA",UNINCORPORATED,-121.72142791748047,37.888431549072266
94481859,2024,2024-11-25,9320,2024-10-13,2055,023993,,7,2,9,0700,0,2,4,,2,071,"WILLOW PASS ROAD W/B","HIGHWAY AVENUE",26.00,E,N,A,-,N,,,,,,,,,,N,2,0,1,2,A,-,05,21650,,F,H,G,A,A,H,-,C,A,0,,Y,,,Y,,L,04,1,0,0,0,0,0,1,0,0,"- ","- ",38.026790618896484,-121.93435668945312,"CONTRA COSTA",UNINCORPORATED,-121.93441009521484,38.026771545410156
94540066,2024,2025-01-16,9320,2024-10-05,2349,022928,,6,3,9,0700,0,3,5,,2,015,"SAN PABLO DAM RD W/B","MILTON DR",634.00,E,N,A,-,N,,,,,,,,,,Y,1,1,1,2,A,-,01,23152,,N,F,A,A,A,H,-,D,A,0,,,Y,,Y,Y,C,02,1,0,0,0,0,0,0,1,1,"- ","- ",37.967018127441406,-122.30306243896484,"CONTRA COSTA",UNINCORPORATED,-122.30313873291016,37.966957092285156
94571393,2025,2025-02-10,9370,2025-02-04,"50  ",022981,,2,3,5,0710,0,1,1,,2,058,"I-580 W/B (JOHN T. KNOX FREEWAY)","BAYVIEW AVENUE",1000.00,W,N,C,-,Y,CC,,580," "," ",1.464,H,,L,N,2,0,1,1,A,-,01,23152,A,N,E,I,A,B,H,-,E,D,0,,,,,Y,Y,A,07,1,0,0,0,0,0,0,0,0,"- ","- ",37.914909362792969,-122.32628631591797,"CONTRA COSTA",RICHMOND,-122.32640838623047,37.914836883544922
9460565,2022,2022-06-22,0712,2022-05-18,1101,P386,,3,5,5,0712,0,0,0,,0,001,"TICE CREEK DR","PTARMIGAN DR",0.00,,Y,A,-,N,,,,,,,,,,Y,2,0,1,2,A,-,10,21950,A,N,G,B,B,A,H,-,A,D,0,Y,,,,Y,,A,01,1,0,0,0,1,0,0,0,0,"- ","- ",,,"CONTRA COSTA","WALNUT CREEK",-122.06761169433594,37.858283996582031
9464375,2022,2022-09-29,0707,2022-07-19,1517,P412,1,2,5,3,0707,0,0,0,,0,0P1,"TENNENT AV","PEAR ST",0.00,,Y,A,-,N,,,,,,,,,,Y,1,1,0,2,A,-,11,21950,B,N,G,B,B,A,H,-,A,A,0,Y,,,,Y,,A,01,0,0,0,1,0,0,0,0,0,"- ","- ",38.004890441894531,-122.29045104980469,"CONTRA COSTA",PINOLE,-122.29045867919922,38.004875183105469
9464378,2022,2022-09-29,0712,2022-07-30,0105,P386,,6,5,5,0712,0,0,0,,0,002,"N MAIN ST","NORTH CALIFORNIA BL",70.00,N,N,A,-,N,,,,,,,,,,Y,1,1,3,3,A,-,01,23152,A,N,G,B,F,A,H,-,C,A,0,Y,,,,Y,Y,D,22,2,1,0,1,1,0,0,0,0,"- ","- ",,,"CONTRA COSTA","WALNUT CREEK",-122.06520843505859,37.909992218017578
94662196,2025,2025-04-24,9320,2025-04-13,"147 ",023953,,7,3,5,0701,0,1,3,,2,404,"SR-4 W/B","LOVERIDGE RD",1520.00,E,N,A,-,Y,CC,,4," "," ",24.634,H,,L,Y,2,0,1,2,A,-,01,23152,A,N,C,C,A,A,H,-,C,A,0,,,,,Y,Y,A,01,1,0,0,0,0,0,0,0,0,"- ","- ",38.010631561279297,-121.86154174804688,"CONTRA COSTA",ANTIOCH,-121.86153411865234,38.010643005371094
94671397,2024,2025-05-01,9320,2024-11-12,"447 ",023756,,2,3,6,0704,0,1,1,,2,683,"I-680 N/B","SR-242 O/C",202.00,S,N,A,-,Y,CC,,680," ",R,18.678,H,,R,Y,2,0,1,1,A,-,08,22107,,N,E,8,A,A,H,-,B,D,0,,,,,Y,,D,22,1,0,0,0,0,0,0,0,0,"- ","- ",37.958518981933594,-122.05229949951172,"CONTRA COSTA",CONCORD,-122.05245208740234,37.958522796630859
94714130,2024,2025-06-05,9320,2024-11-24,2007,023788,,7,2,6,0704,0,1,3,,2,242,"SR-242 S/B","OLIVERA ROAD",270.00,N,N,A,-,Y,CC,,242," ",R,2.847,H,,L,Y,1,1,0,2,A,-,08,22107,,N,H,G,A,A,H,-,C,A,0,,Y,,,Y,,A,07,0,0,0,0,0,1,0,0,0,"- ","- ",37.998359680175781,-122.03849029541016,"CONTRA COSTA",CONCORD,-122.03844451904297,37.99835205078125
94732663,2025,2025-06-19,9320,2025-06-16,1210,016584,,1,1,9,0700,0,1,3,,2,401,"SR-4 E/B","MCEWEN RD.",660.00,W,N,A,-,Y,CC,,4," ",R,5.056,H,,R,Y,2,0,2,1,A,-,08,22107,,N,E,I,A,A,H,-,A,A,0,,,,Y,Y,,F,26,2,0,0,0,0,0,0,0,0,"- ","- ",38.015518188476562,-122.17991638183594,"CONTRA COSTA",UNINCORPORATED,-122.17989349365234,38.015594482421875
9496178,2022,2022-09-02,0702,2022-06-27,1033,634J,123B,1,5,3,0702,0,0,0,,0,001,"SAND CREEK RD","MINNESOTA AV",0.00,,Y,A,-,N,,,,,,,,,,Y,2,0,2,6,A,-,12,21453,,N,A,C,A,A,H,-,A,A,0,,Y,,,Y,,D,22,2,0,0,0,0,0,1,0,0,"- ","- ",37.945079803466797,-121.71441650390625,"CONTRA COSTA",BRENTWOOD,-121.71442413330078,37.945018768310547
9509409,2022,2022-11-17,0714,2022-08-04,1040,166,134,4,5,4,0714,0,0,0,,0,003,"MORELLO AV","GILREX DR",0.00,,Y,A,-,N,,,,,,,,,,N,2,0,1,2,A,-,08,22107,,N,H,G,E,A,H,-,A,D,0,Y,,,,Y,,A,01,1,0,0,0,1,0,0,0,0,"- ","- ",38.007949829101562,-122.1011962890625,"CONTRA COSTA",MARTINEZ,-122.10179138183594,38.007656097412109
9520484,2022,2023-05-24,0701,2022-06-11,2058,5561,,6,5,5,0701,0,0,0,,0,005,"DALLAS RANCH RD","PREWETT RANCH DR",0.00,,Y,A,-,N,,,,,,,,,,Y,1,1,0,2,A,-,11,21950,B,N,G,B,E,A,H,-,C,A,0,Y,,,,Y,,N,60,0,0,0,1,0,0,0,0,0,"- ","- ",,,"CONTRA COSTA",ANTIOCH,-121.79677581787109,37.959766387939453
9527500,2022,2023-03-13,0714,2022-11-01,1600,166,062,2,5,4,0714,0,0,0,,0,002,"PINE ST","SHELL AV",0.00,,Y,A,-,N,,,,,,,,,,N,2,0,1,3,A,-,08,22107,,N,E,J,A,A,H,-,A,A,0,,Y,,,Y,,L,04,1,0,0,0,0,0,1,0,0,"- ","- ",38.007118225097656,-122.12468719482422,"CONTRA COSTA",MARTINEZ,-122.12467956542969,38.007106781005859
9534880,2022,2023-02-08,0740,2022-12-08,1511,SR085,SR,4,5,4,0791,0,0,0,,0,4712,"E BRANCH PKWY","CHANCERY WY",0.00,,N,A,-,N,,,,,,,,,,N,2,0,1,1,A,-,03,22350,,N,E,I,A,A,H,-,A,D,0,,,Y,,Y,,C,02,1,0,0,0,0,0,0,0,1,"- ","- ",37.753978729248047,-121.90155029296875,"CONTRA COSTA","SAN RAMON",-121.90154266357422,37.753990173339844
9535883,2023,2023-03-15,0702,2023-01-12,1605,610B,229B,4,5,3,0702,0,0,0,,0,002,"SAND CREEK RD","RAILROAD CROSSING 412471D",376.00,W,N,A,-,N,,,,,,,,,,Y,2,0,2,1,A,-,08,22107,,N,A,-,A,A,H,-,A,D,0,,,,,Y,,A,01,1,1,0,0,0,0,0,0,0,"- ","- ",37.944950103759766,-121.70504760742188,"CONTRA COSTA",BRENTWOOD,-121.71787261962891,37.944957733154297
9546050,2022,2023-03-13,0714,2022-11-07,0757,166,072,1,5,4,0714,0,0,0,,0,001,"BERRELLESSA ST","ALLEN ST",0.00,,Y,A,-,N,,,,,,,,,,Y,2,0,2,3,A,-,09,21802,A,N,D,C,A,B,H,-,A,A,0,,,,,Y,,A,01,1,1,0,0,0,0,0,0,0,"- ","- ",38.008808135986328,-122.13200378417969,"CONTRA COSTA",MARTINEZ,-122.13196563720703,38.008792877197266
9564239,2023,2023-05-30,0712,2023-03-20,"234 ",P526,,1,5,5,0712,0,0,0,,0,001,"S MAIN ST","CREEKSIDE DR SOUTH",250.00,S,N,C,-,N,,,,,,,,,,Y,2,0,1,1,A,-,03,22350,,N,E,I,A,B,H,-,C,A,0,,,,,Y,,A,07,1,0,0,0,0,0,0,0,0,"- ","- ",,,"CONTRA COSTA","WALNUT CREEK",-122.05547332763672,37.886631011962891
9582939,2023,2023-06-22,0700,2023-05-05,1625,941,OAKLE,5,5,3,0734,0,0,0,,0,051,"MAIN ST","GARDENIA AV",10.00,N,N,A,-,N,,,,,,,,,,Y,2,0,1,2,A,-,06,21755,,N,D,C,A,A,H,-,A,D,0,,,Y,,Y,,C,03,1,0,0,0,0,0,0,0,1,"- ","- ",37.997798919677734,-121.72199249267578,"CONTRA COSTA",OAKLEY,-121.72190093994141,37.997833251953125