CASE_ID,ACCIDENT_YEAR,PROC_DATE,JURIS,COLLISION_DATE,COLLISION_TIME,OFFICER_ID,REPORTING_DISTRICT,DAY_OF_WEEK,CHP_SHIFT,POPULATION,CNTY_CITY_LOC,SPECIAL_COND,BEAT_TYPE,CHP_BEAT_TYPE,CITY_DIVISION_LAPD,CHP_BEAT_CLASS,BEAT_NUMBER,PRIMARY_RD,SECONDARY_RD,DISTANCE,DIRECTION,INTERSECTION,WEATHER_1,WEATHER_2,STATE_HWY_IND,CALTRANS_COUNTY,CALTRANS_DISTRICT,STATE_ROUTE,ROUTE_SUFFIX,POSTMILE_PREFIX,POSTMILE,LOCATION_TYPE,RAMP_INTERSECTION,SIDE_OF_HWY,TOW_AWAY,COLLISION_SEVERITY,NUMBER_KILLED,NUMBER_INJURED,PARTY_COUNT,PRIMARY_COLL_FACTOR,PCF_CODE_OF_VIOL,PCF_VIOL_CATEGORY,PCF_VIOLATION,PCF_VIOL_SUBSECTION,HIT_AND_RUN,TYPE_OF_COLLISION,MVIW,PED_ACTION,ROAD_SURFACE,ROAD_COND_1,ROAD_COND_2,LIGHTING,CONTROL_DEVICE,CHP_ROAD_TYPE,PEDESTRIAN_ACCIDENT,BICYCLE_ACCIDENT,MOTORCYCLE_ACCIDENT,TRUCK_ACCIDENT,NOT_PRIVATE_PROPERTY,ALCOHOL_INVOLVED,STWD_VEHTYPE_AT_FAULT,CHP_VEHTYPE_AT_FAULT,COUNT_SEVERE_INJ,COUNT_VISIBLE_INJ,COUNT_COMPLAINT_PAIN,COUNT_PED_KILLED,COUNT_PED_INJURED,COUNT_BICYCLIST_KILLED,COUNT_BICYCLIST_INJURED,COUNT_MC_KILLED,COUNT_MC_INJURED,PRIMARY_RAMP,SECONDARY_RAMP,LATITUDE,LONGITUDE,COUNTY,CITY,POINT_X,POINT_Y
9583201,2023,2023-07-24,0702,2023-06-01,1353,490M,434B,4,5,3,0702,0,0,0,,0,004,"BALFOUR RD","RT 4",27.00,E,N,A,-,Y,CC,4,4,-,R,35.800,R,4,W,Y,2,0,1,2,A,-,03,22350,,N,C,C,A,A,H,-,A,A,0,,,,,Y,,A,01,1,0,0,0,0,0,0,0,0,"- ","- ",37.925270080566406,-121.73282623291016,"CONTRA COSTA",BRENTWOOD,-121.73215484619141,37.922416687011719
9601130,2023,2023-08-11,0740,2023-05-27,"54  ",SR105,SR,6,5,4,0791,0,0,0,,0,001,"CROW CANYON  RD","RT 680",0.00,,Y,A,-,N,,,,,,,,,,Y,2,0,2,2,A,-,07,21658,A,N,B,C,A,A,H,-,A,D,0,,,,,Y,,A,01,2,0,0,0,0,0,0,0,0,"- ",SF,37.776599884033203,-121.97631072998047,"CONTRA COSTA","SAN RAMON",-121.97514343261719,37.777229309082031
9606753,2023,2023-08-31,0740,2023-07-17,2109,SR105,SR,1,5,4,0791,0,0,0,,0,BEAT4,"THUNDERBIRD DR","SCIOTA AV",0.00,,Y,A,-,N,,,,,,,,,,N,2,0,1,1,C,-,18,,,N,H,H,A,A,H,-,C,D,0,,Y,,,Y,,-,"- ",1,0,0,0,0,0,1,0,0,"- ","- ",37.739601135253906,-121.93290710449219,"CONTRA COSTA","SAN RAMON",-121.93280792236328,37.739547729492188
9625752,2023,2023-10-05,0712,2023-08-28,1354,P514,,1,5,5,0712,0,0,0,,0,004,"BOTELHO DR","S MAIN ST",0.00,,Y,A,-,N,,,,,,,,,,Y,2,0,1,2,A,-,10,21950,A,N,G,B,B,A,H,-,A,A,0,Y,,,,Y,,A,01,1,0,0,0,1,0,0,0,0,"- ","- ",,,"CONTRA COSTA","WALNUT CREEK",-122.05957794189453,37.895221710205078
9627069,2023,2023-10-18,0705,2023-09-21,1554,E250,PATRO,4,5,3,0705,0,0,0,,0,011,"CUTTING BL","KEY BL",240.00,W,N,A,-,N,,,,,,,,,,N,2,0,1,2,A,-,10,21950,A,N,D,G,A,A,H,-,A,A,0,,Y,,,Y,,D,82,1,0,0,0,0,0,1,0,0,"- ","- ",37.926471710205078,-122.31649780273438,"CONTRA COSTA","EL CERRITO",-122.31716156005859,37.926044464111328
9640113,2023,2024-04-22,0700,2023-07-21,2045,88252,33,5,5,4,0790,0,0,0,,0,063,"CAMINO TASSAJARA","HILL MEADOW DR",1380.00,W,N,A,-,N,,,,,,,,,,Y,2,0,1,1,D,-,00,,,N,E,I,A,A,H,-,C,D,0,,,,,Y,,-,"- ",1,0,0,0,0,0,0,0,0,"- ","- ",37.810791015625,-121.95572662353516,"CONTRA COSTA",DANVILLE,-121.95966339111328,37.812900543212891
9696288,2024,2024-06-25,0709,2024-04-03,1044,412,3140,3,5,4,0709,0,0,0,,0,001,"GREGORY LN","KAHRS AV",0.00,,Y,A,-,N,,,,,,,,,,Y,2,0,1,2,A,-,09,21801,A,N,D,C,A,A,H,-,A,D,0,,,Y,,Y,,A,01,1,0,0,0,0,0,0,0,1,"- ","- ",37.947990417480469,-122.07312774658203,"CONTRA COSTA","PLEASANT HILL",-122.0731201171875,37.947959899902344
9702806,2024,2024-07-24,0702,2024-05-19,2103,640S,310B,7,5,3,0702,0,0,0,,0,003,"BRENTWOOD BL","OAK ST",206.00,N,N,A,-,N,,,,,,,,,,N,2,0,1,2,A,-,11,21955,,N,H,A,D,A,H,-,C,D,0,Y,,Y,,Y,,N,60,1,0,0,0,0,0,0,0,1,"- ","- ",37.932018280029297,-121.6959228515625,"CONTRA COSTA",BRENTWOOD,-121.69639587402344,37.932445526123047
9705621,2024,2024-10-04,0709,2024-06-17,1340,486,1350,1,5,4,0709,0,0,0,,0,001,"ASTRID DR","CONTRA COSTA BL",0.00,,Y,A,-,N,,,,,,,,,,Y,2,0,1,2,A,-,17,21209,,N,B,C,A,A,H,-,A,A,0,,,Y,,Y,,C,02,1,0,0,0,0,0,0,0,1,"- ","- ",37.938068389892578,-122.06089782714844,"CONTRA COSTA","PLEASANT HILL",-122.06080627441406,37.938041687011719
9712077,2024,2024-09-24,0709,2024-08-16,1831,487,3001,5,5,4,0709,0,0,0,,0,002,"CONTRA COSTA BL","CHILPANCINGO PKWY",0.00,,Y,A,-,N,,,,,,,,,,Y,2,0,1,2,A,-,09,21453,C,N,D,C,A,A,H,-,A,A,0,,,Y,,Y,,A,07,1,0,0,0,0,0,0,0,1,"- ","- ",37.975601196289062,-122.06491851806641,"CONTRA COSTA","PLEASANT HILL",-122.06494903564453,37.975715637207031
9778127,2023,2025-01-30,0712,2023-02-22,"931 ",P654,,3,5,5,0712,0,0,0,,0,001,"STANLEY DOLLAR DR","TICE CREEK DR",0.00,,Y,A,-,N,,,,,,,,,,Y,2,0,1,2,A,-,11,21954,A,N,G,B,D,A,H,-,A,D,0,Y,,,,Y,,A,01,1,0,0,0,1,0,0,0,0,"- ","- ",,,"CONTRA COSTA","WALNUT CREEK",-122.07097625732422,37.862659454345703
9786034,2023,2025-03-05,0701,2023-12-22,2330,6169,,5,5,5,0701,0,0,0,,0,001,"6TH ST","G ST",0.00,,Y,A,-,N,,,,,,,,,,Y,1,2,1,2,A,-,09,21802,A,F,D,C,A,A,H,-,C,A,0,,,,,Y,,A,01,0,0,1,0,0,0,0,0,0,"- ","- ",,,"CONTRA COSTA",ANTIOCH,-121.81375885009766,38.014045715332031
9821503,2025,2025-08-12,0702,2025-06-01,2203,597A,415B,7,5,3,0702,0,0,0,,0,004,"BALFOUR RD","MCVIKING WY",140.00,W,N,A,-,N,,,,,,,,,,N,2,0,1,1,C,-,18,,,N,H,A,A,A,H,-,C,D,0,,,,,Y,Y,-,"- ",1,0,0,0,0,0,0,0,0,"- ","- ",37.925769805908203,-121.72207641601562,"CONTRA COSTA",BRENTWOOD,-121.72215270996094,37.925281524658203
6290165,2014,2015-12-29,0712,2014-02-06,2336,P518,,4,5,5,0712,0,0,0,,0,,"YGNACIO VALLEY RD","NORTH CIVIC DR",680.00,E,N,A,-,N,,,,,,,,,,Y,1,1,0,1,-,-,"- ",,,N,E,I,A,A,H,-,C,D,0,,,,,Y,Y,-,"- ",0,0,0,0,0,0,0,0,0,"- ","- ",,,"CONTRA COSTA","WALNUT CREEK",-122.05670250999999,37.907483259999999
6291476,2014,2014-10-29,9320,2014-06-29,2350,20295,,7,3,4,0790,0,1,1,,2,681,"RT 680","STONE VALLEY RD",2129.00,S,N,A,-,Y,CC,4,680,-,R,9.940,H,-,N,Y,1,1,0,1,A,-,08,22107,,N,E,I,A,A,H,-,D,D,6,,,,,Y,,A,01,0,0,0,0,0,0,0,0,0,"- ","- ",,,"CONTRA COSTA",DANVILLE,-122.02524734000001,37.845663770000002
6292290,2015,2015-06-22,0701,2015-03-19,0545,2372,503,4,5,5,0701,0,0,0,,0,005,"DAVISON DR","BURWOOD WY",0.00,,Y,A,-,N,,,,,,,,,,Y,1,1,5,2,A,-,01,23152,A,N,D,C,A,A,H,-,C,A,0,,,,,Y,Y,A,01,0,0,5,0,0,0,0,0,0,"- ","- ",,,"CONTRA COSTA",ANTIOCH,-121.7960599,37.987249949999999
6292828,2015,2017-04-03,0700,2015-07-13,0659,75434,,1,5,3,0792,0,0,0,,0,081,"LOMA VISTA DR","LOMA VISTA DR 32",0.00,,N,A,-,N,,,,,,,,,,Y,1,1,0,1,A,-,03,22350,,N,A,J,A,A,H,-,A,D,0,,,,,Y,,A,01,0,0,0,0,0,0,0,0,0,"- ","- ",,,"CONTRA COSTA",ORINDA,-122.19698131,37.884493130000003
6337637,2014,2014-06-04,9320,2014-01-01,1727,018620,,3,2,9,0700,0,3,5,,2,092,"MONTAUK CT,","MONTAUK CT",58.00,N,N,A,-,N,,,,,,,,,,N,2,0,1,1,D,-,00,,,N,F,A,A,A,H,-,C,D,0,,Y,,,Y,Y,-,"- ",1,0,0,0,0,0,1,0,0,"- ","- ",,,"CONTRA COSTA",UNINCORPORATED,,
6346328,2014,2014-06-05,9370,2014-01-10,2002,020586,,5,2,9,0700,0,2,4,,1,011,"SAN PABLO AV","SHAMROCK DR",0.00,,Y,A,-,N,,,,,,,,,,Y,2,0,1,2,A,-,09,21453,C,N,A,C,A,A,H,-,C,A,0,,,Y,,Y,,A,01,1,0,0,0,0,0,0,0,1,"- ","- ",37.99973,-122.32237000000001,"CONTRA COSTA",UNINCORPORATED,-122.32736998,37.995759980000003
6352111,2014,2014-06-11,9320,2014-01-14,1540,10179,,2,2,9,0700,0,3,5,,2,020,"TICE VALLEY BL","ROLLING HILLS DR",780.00,N,N,A,-,N,,,,,,,,,,N,2,0,1,2,A,-,03,22350,,N,G,B,F,A,H,-,A,D,0,Y,,,,Y,,A,01,1,0,0,0,1,0,0,0,0,"- ","- ",,,"CONTRA COSTA",UNINCORPORATED,-122.07647647,37.881231319999998
6358636,2014,2014-06-10,0712,2014-01-06,1047,P297,,1,5,5,0712,0,0,0,,0,002,"NORTH CALIFORNIA BL","PRINGLE AV",400.00,S,N,B,-,N,,,,,,,,,,Y,2,0,1,2,A,-,11,21955,,N,G,B,D,A,H,-,A,D,0,Y,,,,Y,,N,60,1,0,0,0,1,0,0,0,0,"- ","- ",,,"CONTRA COSTA","WALNUT CREEK",-122.0664823,37.906566490000003
6371056,2014,2014-06-11,0708,2014-01-20,0651,P260,,1,5,5,0708,0,0,0,,0,005,"RAILROAD AV","MARKS BL",0.00,,Y,A,-,N,,,,,,,,,,Y,2,0,1,2,A,-,11,21456,B,N,G,B,B,A,H,-,C,A,0,Y,,,,Y,Y,N,60,1,0,0,0,1,0,0,0,0,"- ","- ",38.020499999999998,-121.53439,"CONTRA COSTA",PITTSBURG,-121.89554990000001,38.000669899999998
6381965,2014,2014-06-16,9320,2014-02-08,1400,019253,,6,2,9,0700,0,2,4,,2,031,"NAPA ST","MARIPOSA AV",100.00,S,N,A,-,N,,,,,,,,,,N,2,0,1,2,A,-,08,22108,,N,G,B,E,A,H,-,A,D,0,Y,,,,Y,,A,08,1,0,0,0,1,0,0,0,0,"- ","- ",,,"CONTRA COSTA",UNINCORPORATED,-122.26274220000001,38.03659734
6403735,2014,2014-08-02,0710,2014-02-01,1405,1233,SOUTH,6,5,5,0710,0,0,0,,0,001,"BRICKYARD COVE RD","BRICKYARD WY",0.00,,Y,-,-,N,,,,,,,,,,N,2,0,1,2,A,-,"- ",,,N,H,G,A,-,-,-,-,-,0,,Y,,,Y,,L,04,1,0,0,0,0,0,1,0,0,"- ","- ",,,"CONTRA COSTA",RICHMOND,-122.38082993,37.9115799
6420947,2014,2016-01-19,9320,2014-03-07,2300,019151,,5,3,4,0709,0,1,1,,2,683,"RT 680","CONTRA COSTA BL",332.00,E,N,A,-,Y,CC,4,680,-,R,17.953,R,2,S,Y,2,0,3,1,A,-,08,22107,,N,F,A,A,A,H,-,C,D,1,,,,,Y,,A,07,1,1,1,0,0,0,0,0,0,"- ","- ",,,"CONTRA COSTA","PLEASANT HILL",-122.05668927000001,37.949158590000003
6471215,2014,2014-08-06,9320,2014-04-07,1509,17906,,1,2,9,0700,0,2,4,,2,071,"MOTA DR","AZORES CIR",0.00,,Y,A,-,N,,,,,,,,,,Y,2,0,2,2,A,-,09,21801,A,N,D,C,A,A,H,-,A,D,0,,,Y,,Y,,A,01,1,1,0,0,0,0,0,0,1,"- ","- ",,,"CONTRA COSTA",UNINCORPORATED,-121.97471994,38.027419889999997
6473767,2014,2016-03-03,9320,2014-03-07,2130,020010,,5,2,5,0701,0,1,3,,2,404,RT4,"L ST",14.00,W,N,A,-,Y,CC,4,4,-,-,26.810,R,3,W,N,2,0,1,2,A,-,11,21954,A,N,G,B,D,A,D,-,C,D,1,Y,,,,Y,,N,60,1,0,0,0,1,0,0,0,0,WO,"- ",37.99991,-121.82144,"CONTRA COSTA",ANTIOCH,-121.82378756,38.000176140000001
6498248,2014,2016-04-12,9320,2014-05-09,1158,17271,,5,1,5,0712,0,1,1,,2,682,"RT 680","MOUNT DIABLO BL",40.00,N,N,A,B,Y,CC,4,680,-,-,14.240,H,-,N,N,2,0,1,2,A,-,"- ",,,N,G,B,E,A,G,-,A,D,1,Y,,,Y,Y,,N,60,1,0,0,0,1,0,0,0,0,"- ","- ",37.896430000000002,-122.07048,"CONTRA COSTA","WALNUT CREEK",-122.07058850999999,37.896467450000003
6500132,2014,2016-04-19,9320,2014-05-26,1954,019465,,1,2,3,0707,0,1,1,,2,180,"RT 80","PINOLE VALLEY RD",5000.00,W,N,A,-,Y,CC,4,80,-,-,8.420,H,-,E,Y,2,0,3,3,A,-,01,23152,A,M,B,C,A,A,H,-,B,D,1,,,,,Y,Y,A,01,1,2,0,0,0,0,0,0,0,"- ","- ",,,"CONTRA COSTA",PINOLE,-122.2875064,37.996122990000003
6536822,2014,2014-08-22,9320,2014-06-07,2305,020295,,6,3,9,0700,0,2,4,,2,074,"DEER VALLEY RD","EMPIRE MINE RD",20.00,N,N,A,-,N,,,,,,,,,,Y,2,0,2,3,A,-,05,21460,A,N,A,C,A,A,H,-,D,D,0,,,,,Y,Y,A,01,1,0,1,0,0,0,0,0,0,"- ","- ",,,"CONTRA COSTA",UNINCORPORATED,-121.77802392,37.933164849999997
6542652,2014,2014-08-12,0708,2014-06-27,2112,P324,,5,5,5,0708,0,0,0,,0,004,"RAILROAD AV","BLISS AV",33.00,N,N,A,-,N,,,,,,,,,,Y,2,0,2,3,A,-,08,22107,,N,B,C,A,A,H,-,C,A,0,,,Y,,Y,,-,"- ",1,1,0,0,0,0,0,0,2,"- ","- ",,,"CONTRA COSTA",PITTSBURG,-121.89001202999999,38.0157679
6567155,2014,2014-08-01,0710,2014-06-19,1716,1586,,4,5,5,0710,0,0,0,,0,003,"CARLSON BL","HUNTINGTON AV",0.00,,Y,A,-,N,,,,,,,,,,N,2,0,4,5,A,-,10,21950,A,N,-,B,B,A,H,-,A,A,0,Y,,,,Y,,A,01,1,3,0,0,4,0,0,0,0,"- ","- ",,,"CONTRA COSTA",RICHMOND,-122.30855998,37.907759900000002
6594654,2014,2014-09-04,0702,2014-07-25,1706,509R,121B,5,5,3,0702,0,0,0,,0,0B1,"SAND CREEK RD","FAIRVIEW AV",380.00,E,N,A,-,N,,,,,,,,,,N,2,0,1,2,A,-,03,22350,,N,C,F,A,A,H,-,A,D,0,,Y,,,Y,,L,04,1,0,0,0,0,0,1,0,0,"- ","- ",,,"CONTRA COSTA",BRENTWOOD,-121.72235104000001,37.944543279999998
6600855,2014,2014-09-06,9320,2014-08-14,0805,16094,,4,1,9,0700,0,2,4,,2,077,"MARSH CREEK RD","MORGAN TERRITORY RD",4224.00,W,N,A,-,N,,,,,,,,,,Y,2,0,1,2,A,-,05,21460,A,N,A,C,A,A,H,-,A,D,0,,,,,Y,,D,22,1,0,0,0,0,0,0,0,0,"- ","- ",,,"CONTRA COSTA",UNINCORPORATED,-121.88510909,37.912393100000003
6606047,2014,2014-08-26,9370,2014-04-26,1215,20475,,6,1,3,0705,0,1,1,,2,082,RT80,"POTRERO AV",152.00,E,N,B,-,Y,CC,4,80,-,-,1.750,H,-,W,N,1,1,0,1,A,-,01,23152,A,N,E,I,A,A,H,-,A,D,6,,,,,Y,Y,A,01,0,0,0,0,0,0,0,0,0,"- ","- ",37.920879999999997,-122.31797,"CONTRA COSTA","EL CERRITO",-122.31841166,37.921729720000002
6614887,2014,2014-09-15,9320,2014-08-26,0707,18973,,2,1,9,0700,0,2,4,,2,072,"CANAL RD","CHADWICK LN",6.00,W,N,A,-,N,,,,,,,,,,Y,2,0,2,2,A,-,03,22350,,N,C,C,A,A,H,-,A,D,0,,,Y,,Y,,C,02,1,0,1,0,0,0,0,0,1,"- ","- ",38.01972,-121.94401999999999,"CONTRA COSTA",UNINCORPORATED,-121.94402803,38.019801739999998
6627267,2014,2014-10-03,0704,2014-09-09,2222,522,SOUTH,2,5,6,0704,0,0,0,,0,001,"FRY WY","CLAYTON RD",180.00,N,N,A,-,N,,,,,,,,,,Y,2,0,1,2,A,-,09,21804,A,N,D,G,A,A,H,-,C,D,0,,Y,,,Y,,L,04,1,0,0,0,0,0,1,0,0,"- ","- ",,,"CONTRA COSTA",CONCORD,-122.04086378,37.972442819999998
6630931,2014,2014-11-03,9320,2014-09-19,1540,018371,,5,2,9,0700,0,2,4,,2,031,"SAN PABLO AV","CUMMINGS SKYWAY",1320.00,W,N,A,-,N,,,,,,,,,,N,2,0,1,1,A,-,08,22107,,N,E,I,A,A,H,-,A,D,0,,,Y,,Y,,C,02,1,0,0,0,0,0,0,0,1,"- ","- ",,,"CONTRA COSTA",UNINCORPORATED,-122.24698548000001,38.049632899999999
6637033,2014,2015-01-02,0709,2014-08-19,1849,405,3170,2,5,4,0709,0,0,0,,0,001,"BOYD RD","CRESCENT DR",53.00,W,N,A,-,N,,,,,,,,,,Y,1,1,0,2,A,-,11,21954,A,N,G,B,D,A,H,-,A,A,0,Y,,,,Y,,N,60,0,0,0,1,0,0,0,0,0,"- ","- ",,,"CONTRA COSTA","PLEASANT HILL",-122.06182384,37.943460000000002
6640662,2014,2014-10-08,9320,2014-08-21,0645,017508,,4,1,9,0700,0,2,4,,2,034,"SAN PABLO DAM RD","CUMMINGS SKYWAY",700.00,N,N,A,-,N,,,,,,,,,,Y,2,0,2,3,A,-,01,23152,A,F,A,C,A,A,H,-,B,D,0,,,,,Y,Y,A,01,1,0,1,0,0,0,0,0,0,"- ","- ",38.052549999999997,-122.2414,"CONTRA COSTA",UNINCORPORATED,-122.24129677000001,38.052535050000003
6647187,2014,2014-10-22,9320,2014-09-10,1550,019238,,3,2,9,0700,0,3,5,,2,020,"PINEHURST DR","OAK LN",500.00,W,N,A,-,N,,,,,,,,,,N,2,0,2,2,C,-,18,,,N,F,A,A,A,H,-,A,D,0,,Y,,,Y,,-,"- ",2,0,0,0,0,0,2,0,0,"- ","- ",,,"CONTRA COSTA",UNINCORPORATED,-122.16652125,37.830681480000003
6661495,2014,2016-05-12,9390,2014-09-19,0030,18246,,5,3,4,0790,0,1,1,,2,069,"RT 680","SYCAMORE VALLEY RD",3749.00,S,N,A,-,Y,CC,4,680,-,R,6.030,H,-,N,Y,2,0,1,2,A,-,03,22350,,N,D,C,A,A,H,-,D,D,1,,,,,Y,,A,01,1,0,0,0,0,0,0,0,0,"- ","- ",37.800020000000004,-121.9875,"CONTRA COSTA",DANVILLE,-121.98857203999999,37.801557359999997
6678035,2015,2016-02-02,9370,2015-04-11,2128,18182,,6,2,5,0710,0,2,S,,2,901,"GAYNOR AV","24TH ST",0.00,,Y,B,-,N,,,,,,,,,,Y,1,1,2,4,A,-,01,23152,E,F,D,C,A,A,H,-,C,A,0,,,,,Y,,A,01,1,1,0,0,0,0,0,0,0,"- ","- ",,,"CONTRA COSTA",RICHMOND,-122.34542989000001,37.944349889999998
6678087,2015,2016-02-17,0710,2015-05-12,0510,1380,NORTH,2,5,5,0710,0,0,0,,0,008,"SAN PABLO AV","HILLTOP DR",0.00,,Y,B,-,N,,,,,,,,,,N,1,1,0,2,A,-,11,21954,A,N,G,B,D,A,H,-,C,A,0,Y,,,,Y,,N,60,0,0,0,1,0,0,0,0,0,"- ","- ",,,"CONTRA COSTA",RICHMOND,-122.33540997,37.98593992
6678124,2015,2016-03-15,0700,2015-11-06,1734,70698,,5,5,3,0715,0,0,0,,0,040,"PLEASANT HILL RD","RELIEZ STATION RD",0.00,,Y,A,-,N,,,,,,,,,,Y,1,1,2,2,A,-,09,21801,A,N,D,C,A,A,H,-,B,D,0,,,,,Y,,A,01,0,0,2,0,0,0,0,0,0,"- ","- ",,,"CONTRA COSTA",LAFAYETTE,-122.09337985000001,37.88914991
6678134,2015,2017-03-27,0740,2015-11-29,0112,SR040,SR72,7,5,4,0791,0,0,0,,0,003,"BOLLINGER CANYON RD 6101","BOLLINGER CANYON RD",310.00,S,N,A,-,N,,,,,,,,,,Y,1,1,2,1,A,-,00,23103,A,N,E,I,A,A,H,-,C,A,0,,,,,Y,,A,01,2,0,0,0,0,0,0,0,0,"- ","- ",37.761659999999999,-121.95667,"CONTRA COSTA","SAN RAMON",,
6678452,2014,2015-01-12,0711,2014-10-20,2014,1057,SP,1,5,4,0711,0,0,0,,0,001,"RUMRILL RD","RD 20",59.00,S,N,A,-,N,,,,,,,,,,N,2,0,1,2,A,-,11,21954,A,F,G,B,D,-,H,-,C,D,0,Y,,,,Y,,N,60,1,0,0,0,1,0,0,0,0,"- ","- ",,,"CONTRA COSTA","SAN PABLO",-122.35293,37.964979999999997
6691823,2014,2014-11-20,0704,2014-08-23,2153,504,,6,5,6,0704,0,0,0,,0,006,"CLAYTON RD","RISHELL DR",344.00,W,N,A,-,N,,,,,,,,,,Y,2,0,1,2,A,-,11,21955,,N,G,B,D,A,H,-,C,A,0,Y,,,,Y,Y,N,60,1,0,0,0,1,0,0,0,0,"- ","- ",,,"CONTRA COSTA",CONCORD,-121.98566334,37.96219653
6693751,2014,2014-12-08,0702,2014-10-03,1217,546J,8308B,5,5,3,0702,0,0,0,,0,0B3,"BALFOUR RD","BRENTWOOD BL",229.00,E,N,A,-,N,,,,,,,,,,Y,2,0,3,3,A,-,03,22350,,N,C,C,A,A,H,-,A,A,0,,,,,Y,,D,22,1,0,2,0,0,0,0,0,0,"- ","- ",,,"CONTRA COSTA",BRENTWOOD,-121.68980593000001,37.92559
6702372,2014,2014-12-08,0708,2014-10-15,2309,P329,,3,5,5,0708,0,0,0,,0,004,"EAST LELAND RD","RAILROAD AV",0.00,,Y,A,-,N,,,,,,,,,,Y,2,0,1,2,A,-,01,23152,A,N,A,D,A,A,H,-,C,A,0,,,,,Y,Y,-,,1,0,0,0,0,0,0,0,0,"- ","- ",,,"CONTRA COSTA",PITTSBURG,-121.8912,38.012199930000001
6715124,2014,2015-01-12,0704,2014-11-14,0750,554,,5,5,6,0704,0,0,0,,0,003,"TREAT BL","SAN SIMEON",25.00,,N,A,-,N,,,,,,,,,,Y,2,0,1,2,A,-,07,21658,A,N,A,C,A,A,H,-,A,A,0,,,,,Y,Y,A,01,1,0,0,0,0,0,0,0,0,"- ","- ",,,"CONTRA COSTA",CONCORD,-122.01834998,37.943209969999998
6716390,2014,2016-01-13,0710,2014-09-11,2312,1586,,4,5,5,0710,0,0,0,,0,008,"SAN PABLO AV","HILLTOP DR",867.00,S,N,A,-,N,,,,,,,,,,Y,2,0,4,1,A,-,01,23153,B,N,-,I,A,A,H,-,D,D,0,,,,,Y,Y,A,01,2,2,0,0,0,0,0,0,0,"- ","- ",,,"CONTRA COSTA",RICHMOND,-122.33654543999999,37.983736999999998
6718218,2014,2015-12-18,9320,2014-12-11,2215,20026,,4,3,9,0700,0,2,4,,2,038,"SAN PABLO AV","SAN PABLO AV 1380",147.00,N,N,C,-,N,,,,,,,,,,Y,1,1,0,1,A,-,01,23152,A,N,E,I,A,B,H,-,C,D,0,,,,,Y,Y,D,22,0,0,0,0,0,0,0,0,0,"- ","- ",,,"CONTRA COSTA",UNINCORPORATED,,
6718731,2017,2018-03-27,0704,2017-11-05,2357,580,,7,5,6,0704,0,0,0,,0,005,"WILLOW PASS RD","LYNNWOOD DR",2640.00,N,N,A,-,N,,,,,,,,,,Y,1,1,2,2,A,-,01,23152,A,N,A,C,A,A,H,-,D,D,0,,,,,Y,Y,A,07,1,1,0,0,0,0,0,0,0,"- ","- ",,,"CONTRA COSTA",CONCORD,-122.00144760000001,37.997977210000002
6777763,2014,2016-05-14,9320,2014-12-21,0515,18847,,7,3,3,0702,0,1,3,,2,405,"RT 4","BALFOUR RD",0.00,,Y,A,-,Y,CC,4,4,-,R,35.598,I,5,W,Y,2,0,1,2,A,-,12,21453,A,N,A,C,A,A,H,-,C,A,0,,,,,Y,,A,01,1,0,0,0,0,0,0,0,0,"- ","- ",,,"CONTRA COSTA",BRENTWOOD,-121.73289140999999,37.925269559999997
6779566,2014,2015-02-12,0704,2014-12-16,0655,549,,2,5,6,0704,0,0,0,,0,004,"CONCORD BL","COLFAX ST",2.00,W,N,A,-,N,,,,,,,,,,N,2,0,1,2,D,-,00,,,N,-,G,A,A,H,-,B,A,0,,Y,,,Y,,-,"- ",1,0,0,0,0,0,1,0,0,"- ","- ",,,"CONTRA COSTA",CONCORD,-122.03125597,37.976677199999997
6781558,2015,2015-02-24,0712,2015-01-13,0710,P459,,2,5,5,0712,0,0,0,,0,001,"S MAIN ST","BRENTWOOD CT",93.00,S,N,A,-,N,,,,,,,,,,Y,2,0,2,2,A,-,03,22350,,N,C,E,A,A,H,-,B,D,0,,,,,Y,,A,01,1,1,0,0,0,0,0,0,0,"- ","- ",,,"CONTRA COSTA","WALNUT CREEK",-122.05373589,37.883719040000003
6795455,2014,2015-01-30,0701,2014-08-20,2210,3343,603,3,5,5,0701,0,0,0,,0,003,"COUNTRY HILLS DR","DEER VALLEY RD",0.00,,Y,A,-,N,,,,,,,,,,Y,2,0,1,2,A,-,11,21453,D,N,G,B,B,A,H,-,C,A,0,Y,,,,Y,Y,N,60,1,0,0,0,1,0,0,0,0,"- ","- ",,,"CONTRA COSTA",ANTIOCH,-121.78229999,37.971149959999998
6797654,2014,2015-03-27,0701,2014-12-26,1155,5322,612,5,5,5,0701,0,0,0,,0,003,"LONE TREE WY","HILLCREST AV",0.00,,Y,A,-,N,,,,,,,,,,N,2,0,1,2,A,-,11,21954,A,N,G,B,D,A,H,-,C,A,0,Y,,,,Y,Y,N,60,1,0,0,0,1,0,0,0,0,"- ","- ",,,"CONTRA COSTA",ANTIOCH,-121.7600499,37.961759890000003
6824138,2015,2016-10-21,0701,2015-01-14,1913,5428,303,3,5,5,0701,0,0,0,,0,004,"SOMERSVILLE RD",RT4,0.00,,Y,A,-,Y,CC,4,4,-,-,25.847,R,3,E,N,2,0,1,2,A,-,11,21453,D,N,G,B,B,-,H,-,C,-,0,Y,,,,Y,,N,60,1,0,0,0,1,0,0,0,0,"- ","- ",,,"CONTRA COSTA",ANTIOCH,-121.84062724,38.004696189999997
6833669,2015,2015-03-20,0708,2015-02-08,0210,316,,7,5,5,0708,0,0,0,,0,002,"NORTH PARKSIDE DR","N PARKSIDE DR 40",41.00,E,N,B,E,N,,,,,,,,,,Y,2,0,2,1,A,-,03,22350,,N,F,I,A,B,H,-,C,A,0,,,,,Y,,A,01,2,0,0,0,0,0,0,0,0,"- ","- ",,,"CONTRA COSTA",PITTSBURG,,