CASE_ID,ACCIDENT_YEAR,PROC_DATE,JURIS,COLLISION_DATE,COLLISION_TIME,OFFICER_ID,REPORTING_DISTRICT,DAY_OF_WEEK,CHP_SHIFT,POPULATION,CNTY_CITY_LOC,SPECIAL_COND,BEAT_TYPE,CHP_BEAT_TYPE,CITY_DIVISION_LAPD,CHP_BEAT_CLASS,BEAT_NUMBER,PRIMARY_RD,SECONDARY_RD,DISTANCE,DIRECTION,INTERSECTION,WEATHER_1,WEATHER_2,STATE_HWY_IND,CALTRANS_COUNTY,CALTRANS_DISTRICT,STATE_ROUTE,ROUTE_SUFFIX,POSTMILE_PREFIX,POSTMILE,LOCATION_TYPE,RAMP_INTERSECTION,SIDE_OF_HWY,TOW_AWAY,COLLISION_SEVERITY,NUMBER_KILLED,NUMBER_INJURED,PARTY_COUNT,PRIMARY_COLL_FACTOR,PCF_CODE_OF_VIOL,PCF_VIOL_CATEGORY,PCF_VIOLATION,PCF_VIOL_SUBSECTION,HIT_AND_RUN,TYPE_OF_COLLISION,MVIW,PED_ACTION,ROAD_SURFACE,ROAD_COND_1,ROAD_COND_2,LIGHTING,CONTROL_DEVICE,CHP_ROAD_TYPE,PEDESTRIAN_ACCIDENT,BICYCLE_ACCIDENT,MOTORCYCLE_ACCIDENT,TRUCK_ACCIDENT,NOT_PRIVATE_PROPERTY,ALCOHOL_INVOLVED,STWD_VEHTYPE_AT_FAULT,CHP_VEHTYPE_AT_FAULT,COUNT_SEVERE_INJ,COUNT_VISIBLE_INJ,COUNT_COMPLAINT_PAIN,COUNT_PED_KILLED,COUNT_PED_INJURED,COUNT_BICYCLIST_KILLED,COUNT_BICYCLIST_INJURED,COUNT_MC_KILLED,COUNT_MC_INJURED,PRIMARY_RAMP,SECONDARY_RAMP,LATITUDE,LONGITUDE,COUNTY,CITY,POINT_X,POINT_Y
6837797,2015,2015-03-17,9320,2015-02-11,1445,19411,,3,2,9,0700,0,2,4,,1,061,"DANVILLE BL","LIVORNA RD",20.00,S,N,A,-,N,,,,,,,,,,N,2,0,1,2,A,-,08,22107,,F,D,G,A,A,H,-,A,A,0,,Y,,,Y,,A,07,1,0,0,0,0,0,1,0,0,"- ","- ",37.86148,-122.03957,"CONTRA COSTA",UNINCORPORATED,-122.0397916,37.861669890000002
6852053,2015,2016-09-13,9320,2015-02-21,1655,019458,,6,2,9,0700,0,1,3,,2,160,"RT 160","MAIN ST",528.00,S,N,A,-,Y,CC,4,160,-,L,1.240,H,-,S,Y,2,0,1,2,A,-,01,23152,A,M,C,C,A,A,H,-,A,D,1,,,,,Y,Y,A,01,1,0,0,0,0,0,0,0,0,"- ","- ",,,"CONTRA COSTA",UNINCORPORATED,-121.75493532,38.000685650000001
6852057,2015,2016-10-26,9320,2015-02-21,1701,019458,,6,2,5,0701,0,1,3,,2,404,"RT 4","HILLCREST AV",400.00,E,N,A,-,Y,CC,4,4,-,R,29.104,R,1,W,Y,2,0,1,3,A,-,01,23152,A,N,C,C,A,A,D,-,A,D,1,,,,,Y,Y,A,01,1,0,0,0,0,0,0,0,0,TO,"- ",,,"CONTRA COSTA",ANTIOCH,-121.78260942999999,37.99584574
6864630,2015,2016-09-23,0704,2015-03-17,1204,0435,,2,5,6,0704,0,0,0,,0,001,"GRANT ST","RT 242",0.00,,Y,A,-,Y,CC,4,242,-,R,1.948,R,1,N,N,2,0,1,2,A,-,05,21650,1,N,-,G,A,A,H,-,-,A,0,,Y,,,Y,,L,04,1,0,0,0,0,0,1,0,0,"- ",NF,,,"CONTRA COSTA",CONCORD,-122.04100714,37.985798410000001
6877385,2015,2015-04-13,9370,2015-03-14,2301,020633,,6,3,9,0700,0,3,5,,2,010,"RICHMOND PKWY","PITTSBURG AV",1425.00,S,N,A,-,N,,,,,,,,,,Y,2,0,1,1,A,-,08,22107,,N,E,I,A,A,H,-,A,D,0,,,,,Y,,A,01,1,0,0,0,0,0,0,0,0,"- ","- ",37.961239999999997,-122.37356,"CONTRA COSTA",UNINCORPORATED,-122.37371833,37.959255599999999
6881558,2015,2015-04-27,0710,2015-03-14,0014,1652,NORTH,6,5,5,0710,0,0,0,,0,007,"SAN PABLO AV","MCBRYDE AV",157.00,S,N,A,-,N,,,,,,,,,,N,2,0,1,2,A,-,11,21954,A,N,A,B,D,A,H,-,C,A,0,Y,,,,Y,,N,60,1,0,0,0,1,0,0,0,0,"- ","- ",,,"CONTRA COSTA",RICHMOND,-122.33054825000001,37.946816339999998
6896545,2015,2015-05-18,0714,2015-03-31,1744,101,112,2,5,4,0714,0,0,0,,0,002,"PINE ST","PALOMA CT",111.00,S,N,A,-,N,,,,,,,,,,Y,2,0,1,3,A,-,05,21651,C,F,C,C,A,A,H,-,A,D,0,,,Y,,Y,Y,A,07,1,0,0,0,0,0,0,0,1,"- ","- ",38.002609999999997,-122.11257999999999,"CONTRA COSTA",MARTINEZ,-122.12253654,38.000025100000002
6897068,2015,2017-01-07,9370,2015-04-24,0815,020475,,5,1,5,0710,0,1,1,,2,082,"RT 80","CUTTING BL",962.00,E,N,B,-,Y,CC,4,80,-,-,2.330,H,-,W,Y,2,0,1,3,A,-,03,22350,,N,C,C,A,A,H,-,A,D,6,,,Y,,Y,,C,02,1,0,0,0,0,0,0,0,1,"- ","- ",37.553989999999999,-122.19216,"CONTRA COSTA",RICHMOND,-122.32349557000001,37.928845420000002
6905626,2015,2015-05-15,9320,2015-04-21,1511,19411,,2,2,9,0700,0,3,5,,2,075,"CANAL RD","EMERALD COVE RD",275.00,W,N,A,-,N,,,,,,,,,,Y,1,1,0,2,A,-,08,22107,,N,G,B,E,A,H,-,A,D,0,Y,,,,Y,,A,01,0,0,0,1,0,0,0,0,0,"- ","- ",38.019539999999999,-121.93118,"CONTRA COSTA",UNINCORPORATED,-121.93091452,38.019450249999998
6943929,2015,2015-06-17,0710,2015-04-12,1026,1645,NORTH,7,5,5,0710,0,0,0,,0,007,"BARRETT AV","37TH ST",0.00,,Y,A,-,N,,,,,,,,,,Y,2,0,1,4,A,-,12,21453,A,N,A,C,A,A,H,-,A,A,0,,,,,Y,,-,,1,0,0,0,0,0,0,0,0,"- ","- ",,,"CONTRA COSTA",RICHMOND,-122.33361988999999,37.936549890000002
6946749,2015,2015-06-27,0706,2015-05-24,0053,118,,7,5,3,0706,0,0,0,,0,002,"REFUGIO VALLEY RD",PHEASANT,0.00,,Y,A,-,N,,,,,,,,,,N,2,0,1,2,A,-,12,21453,A,N,H,G,A,A,H,-,C,A,0,,Y,,,Y,,L,04,1,0,0,0,0,0,1,0,0,"- ","- ",,,"CONTRA COSTA",HERCULES,-122.26921992,38.007619939999998
6948578,2015,2015-06-23,0702,2015-05-05,2356,557M,225B,2,5,3,0702,0,0,0,,0,0B2,"LONE TREE WY","BRENTWOOD BL",5.00,E,N,A,-,N,,,,,,,,,,Y,2,0,1,1,A,-,01,23152,A,N,E,I,A,A,H,-,C,A,0,,,,,Y,Y,A,01,1,0,0,0,0,0,0,0,0,"- ","- ",,,"CONTRA COSTA",BRENTWOOD,-121.69607266,37.961589779999997
6951175,2015,2015-07-01,0704,2015-06-09,0656,0551,,2,5,6,0704,0,0,0,,0,001,"WILLOW PASS RD","MARKET ST",500.00,W,N,A,-,N,,,,,,,,,,N,2,0,1,2,A,-,11,21955,,N,G,B,D,A,H,-,A,D,0,Y,,,,Y,,N,60,1,0,0,0,1,0,0,0,0,"- ","- ",,,"CONTRA COSTA",CONCORD,-122.04767356000001,37.97119
6964349,2015,2016-11-05,9320,2015-06-07,2310,19546,,7,3,9,0700,0,1,1,,2,683,"RT 680","NORTH MAIN ST",1056.00,S,N,A,-,Y,CC,4,680,-,-,15.410,H,-,N,Y,2,0,4,3,A,-,03,22350,,N,C,C,A,A,H,-,D,D,1,,,,,Y,,A,01,1,1,2,0,0,0,0,0,0,"- ","- ",37.90437,-122.06963,"CONTRA COSTA",UNINCORPORATED,-122.06673101,37.913402820000002
6971750,2015,2015-07-07,0701,2015-04-01,1943,5321,204,3,5,5,0701,0,0,0,,0,002,"CAVALLO RD","E 18TH ST",53.00,N,N,A,-,N,,,,,,,,,,N,2,0,1,2,A,-,12,21453,A,N,B,G,A,A,H,-,C,A,0,,Y,,,Y,,L,04,1,0,0,0,0,0,1,0,0,"- ","- ",,,"CONTRA COSTA",ANTIOCH,-121.79673147,38.00504557
6984238,2015,2015-07-21,0704,2015-07-07,0617,559,,2,5,6,0704,0,0,0,,0,004,"WILLOW PASS RD","PORT CHICAGO HWY",0.00,,Y,A,-,N,,,,,,,,,,Y,2,0,1,2,A,-,12,21453,A,N,D,C,A,A,H,-,A,A,0,,,,,Y,,A,01,1,0,0,0,0,0,0,0,0,"- ","- ",,,"CONTRA COSTA",CONCORD,-122.02959993,37.978579930000002
6986757,2015,2017-01-28,9320,2015-07-13,0911,18449,,1,1,4,0714,0,1,1,,2,681,RT80,"EL CERRO BL",341.00,N,N,A,-,Y,CC,4,680,-,R,8.290,H,-,N,Y,2,0,1,2,-,-,"- ",,,N,E,J,A,A,C,-,A,D,6,,,,Y,Y,,-,"- ",1,0,0,0,0,0,0,0,0,"- ","- ",,,"CONTRA COSTA",MARTINEZ,-122.00244379,37.830773780000001
6994343,2015,2015-07-31,0710,2015-05-01,1922,1524,,5,5,5,0710,0,0,0,,0,007,"NEVIN AV","23RD ST",0.00,,Y,A,-,N,,,,,,,,,,Y,2,0,1,2,A,-,11,21453,D,N,G,B,B,A,H,-,A,A,0,Y,,,,Y,Y,N,60,1,0,0,0,1,0,0,0,0,"- ","- ",,,"CONTRA COSTA",RICHMOND,-122.34754993,37.936849899999999
7006109,2015,2015-08-26,0740,2015-07-15,2053,15,72,3,5,4,0791,0,0,0,,0,003,"DOUGHERTY RD","RED WILLOW RD",9.00,N,N,A,-,N,,,,,,,,,,,1,1,0,2,A,-,11,21456,B,N,G,B,B,A,H,-,C,A,0,Y,,,,Y,,N,60,0,0,0,1,0,0,0,0,0,"- ","- ",,,"CONTRA COSTA","SAN RAMON",-121.92554398,37.786872090000003
7006782,2015,2016-01-14,0701,2015-07-26,2045,2372,611,7,5,5,0701,0,0,0,,0,006,"HILLCREST AV","DEERFIELD DR",600.00,S,N,A,-,N,,,,,,,,,,Y,1,1,0,1,A,-,01,23152,A,N,E,I,A,A,H,-,C,A,0,,,Y,,Y,Y,C,02,0,0,0,0,0,0,0,1,0,"- ","- ",,,"CONTRA COSTA",ANTIOCH,-121.76263489999999,37.972014829999999
7008322,2015,2015-08-04,0701,2015-05-31,1118,5323,615,7,5,5,0701,0,0,0,,0,006,"LONE TREE WY","CANADA VALLEY RD",0.00,,Y,A,-,N,,,,,,,,,,N,2,0,1,2,A,-,12,21453,A,N,A,C,A,A,H,-,A,A,0,,,,,Y,,A,07,1,0,0,0,0,0,0,0,0,"- ","- ",,,"CONTRA COSTA",ANTIOCH,-121.74745996,37.961749920000003
7010906,2015,2015-08-07,0701,2015-06-02,0721,5323,615,2,5,5,0701,0,0,0,,0,006,"LONE TREE WY","BYPASS HWY",0.00,,Y,A,-,N,,,,,,,,,,N,2,0,1,2,A,-,12,21453,A,N,A,C,A,A,H,-,A,A,0,,,,,Y,,A,01,1,0,0,0,0,0,0,0,0,"- ","- ",,,"CONTRA COSTA",ANTIOCH,-121.74435318,37.96155856
7066375,2015,2016-04-28,0701,2015-03-23,1358,4265,303,1,5,5,0701,0,0,0,,0,003,"DELTA FAIR BL","SOMERSVILLE RD",360.00,W,N,A,-,N,,,,,,,,,,Y,2,0,1,2,A,-,05,21650,,N,D,G,A,A,H,-,A,A,0,,Y,,,Y,,-,"- ",1,0,0,0,0,0,1,0,0,"- ","- ",,,"CONTRA COSTA",ANTIOCH,-121.84018269000001,38.002849519999998
7122720,2015,2015-12-03,0740,2015-10-21,0701,53,72,3,5,4,0791,0,0,0,,0,003,"CROW CANYON RD","CANYON CREST DR",289.00,W,N,A,-,N,,,,,,,,,,N,2,0,2,2,A,-,03,22350,,N,E,J,A,A,C,-,B,D,0,,Y,,,Y,,L,04,1,1,0,0,0,0,2,0,0,"- ","- ",,,"CONTRA COSTA","SAN RAMON",-121.94743092,37.788166910000001
7138597,2015,2015-12-23,0705,2015-11-18,1803,E200,,3,5,3,0705,0,0,0,,0,010,"CENTRAL AV","KEARNEY ST",12.00,E,N,A,-,N,,,,,,,,,,N,2,0,2,3,A,-,10,21950,,N,G,B,B,A,H,-,C,D,0,Y,,,,Y,,A,01,1,0,1,0,2,0,0,0,0,"- ","- ",,,"CONTRA COSTA","EL CERRITO",-122.30236094,37.902521350000001
7150641,2015,2016-01-13,0701,2015-11-06,1907,4470,0101,5,5,5,0701,0,0,0,,0,001,"L ST","W 10TH ST",0.00,,Y,A,-,N,,,,,,,,,,Y,2,0,1,2,A,-,08,22101,D,N,D,C,A,A,H,-,C,A,0,,,Y,,Y,,C,02,1,0,0,0,0,0,0,0,1,"- ","- ",,,"CONTRA COSTA",ANTIOCH,-121.8196799,38.011189960000003
7164566,2015,2016-02-01,0701,2015-10-15,1028,2372,503,4,5,5,0701,0,0,0,,0,005,"DAVISON DR","SUNSET LN",0.00,,Y,A,-,N,,,,,,,,,,N,2,0,1,2,A,-,09,21802,A,N,D,C,A,A,H,-,A,A,0,,,,,Y,,A,01,1,0,0,0,0,0,0,0,0,"- ","- ",,,"CONTRA COSTA",ANTIOCH,-121.80428997,37.985159979999999
7190092,2016,2018-09-27,0704,2016-01-23,1836,0539,,6,5,6,0704,0,0,0,,0,003,"OAK GROVE RD","SMITH LN",25.00,N,N,A,-,N,,,,,,,,,,N,1,1,0,2,A,-,10,21950,C,N,G,B,B,A,H,-,C,D,0,Y,,,,Y,,A,01,0,0,0,1,0,0,0,0,0,"- ","- ",,,"CONTRA COSTA",CONCORD,-122.02721094,37.941065569999999
7190504,2016,2018-09-26,0711,2016-09-27,0541,S1079,BAY,2,5,4,0711,0,0,0,,0,001,"GIANT RD","PARR BL",150.00,N,N,A,-,N,,,,,,,,,,N,1,1,0,2,A,-,03,22350,,N,C,G,A,A,-,-,C,D,0,,Y,,Y,Y,Y,F,26,0,0,0,0,0,1,0,0,0,"- ","- ",37.967669999999998,-122.35623,"CONTRA COSTA","SAN PABLO",-122.35622213000001,37.967523110000002
7199554,2016,2016-06-17,0704,2016-02-11,0757,539,,4,5,6,0704,0,0,0,,0,006,"YGNACIO VALLEY RD","AYERS RD",553.00,W,N,A,-,N,,,,,,,,,,Y,1,1,0,2,A,-,06,21755,,N,B,C,A,A,H,-,A,D,0,,,,,Y,,A,01,0,0,0,0,0,0,0,0,0,"- ","- ",,,"CONTRA COSTA",CONCORD,-121.98017000999999,37.948488259999998
7199684,2016,2016-12-15,0709,2016-01-03,2005,316,3120,7,5,4,0709,0,0,0,,0,001,"CONTRA COSTA BL","RT 680",0.00,,Y,-,-,Y,CC,4,680,-,R,17.203,R,2,N,Y,1,2,1,3,A,-,03,22350,,N,-,-,A,-,-,-,-,-,0,,,,,Y,,-,,1,0,0,0,0,0,0,0,0,"- ","- ",,,"CONTRA COSTA","PLEASANT HILL",-122.06021263,37.938625350000002
7199789,2016,2016-08-09,0710,2016-02-19,1835,1242,NORTH,5,5,5,0710,0,0,0,,0,007,"SAN PABLO AV","GARVIN AV",289.00,S,N,B,C,N,,,,,,,,,,Y,1,1,0,2,A,-,11,21955,,N,G,B,D,B,H,-,C,A,0,Y,,,Y,Y,,N,60,0,0,0,1,0,0,0,0,0,"- ","- ",,,"CONTRA COSTA",RICHMOND,-122.32870681999999,37.942937000000001
7199863,2016,2016-12-08,0710,2016-08-23,0909,1505,NORTH,2,5,5,0710,0,0,0,,0,008,"RICHMOND PKWY","HILLTOP DR",1205.00,W,N,A,-,N,,,,,,,,,,Y,1,1,1,1,A,-,05,21651,A,N,E,I,A,A,H,-,A,D,0,,,,,Y,,A,01,0,1,0,0,0,0,0,0,0,"- ","- ",,,"CONTRA COSTA",RICHMOND,-122.34184807,37.984386290000003
7200001,2016,2017-04-10,0708,2016-10-22,1924,285,,6,5,5,0708,0,0,0,,0,004,"EAST LELAND RD","PIEDMONT WY",82.00,E,N,A,-,N,,,,,,,,,,Y,1,1,1,2,A,-,03,22350,,F,C,C,A,A,H,-,C,A,0,,,Y,,Y,Y,A,01,0,0,1,0,0,0,0,1,0,"- ","- ",,,"CONTRA COSTA",PITTSBURG,-121.87469837,38.009082599999999
7200126,2017,2017-06-06,0708,2017-02-27,1907,285,,1,5,5,0708,0,0,0,,0,001,"WILLOW PASS RD","SEASONS DR",0.00,,Y,A,-,N,,,,,,,,,,Y,1,1,0,2,A,-,11,21954,A,N,G,B,D,A,H,-,C,A,0,Y,,,,Y,,N,60,0,0,0,1,0,0,0,0,0,"- ","- ",38.026899999999998,-121.9284,"CONTRA COSTA",PITTSBURG,-121.92835986999999,38.026799959999998
8015347,2016,2016-04-15,0740,2016-03-02,1852,501,SR72,3,5,4,0791,0,0,0,,0,003,"BOLLINGER CANYON RD","ALCOSTA BL",9.00,E,N,B,-,N,,,,,,,,,,N,2,0,1,2,A,-,05,21650,1,N,D,G,A,A,H,-,C,A,0,,Y,,,Y,,L,04,1,0,0,0,0,0,1,0,0,"- ","- ",37.765790000000003,-121.95171000000001,"CONTRA COSTA","SAN RAMON",-121.95206459000001,37.765834290000001
8018331,2016,2016-04-26,0710,2016-04-06,0306,1662,0710,3,5,5,0710,0,0,0,,0,007,"42ND ST","BARRETT AV",0.00,,Y,A,-,N,,,,,,,,,,Y,2,0,1,7,A,-,01,23152,A,N,E,C,A,A,H,-,C,A,0,,,,,Y,Y,A,01,1,0,0,0,0,0,0,0,0,"- ","- ",,,"CONTRA COSTA",RICHMOND,-122.32927994000001,37.935929950000002
8030036,2016,2016-04-29,0710,2016-02-01,1659,1667,BAY,1,5,5,0710,0,0,0,,0,001,"MARINA WY SOUTH","HALL AV",0.00,,Y,A,-,N,,,,,,,,,,N,2,0,1,2,A,-,09,21802,A,N,D,G,A,A,H,-,A,A,0,,Y,,,Y,,L,04,1,0,0,0,0,0,1,0,0,"- ","- ",,,"CONTRA COSTA",RICHMOND,-122.35591993,37.913759949999999
8030232,2016,2016-05-10,0706,2016-04-18,0137,158,84,1,5,3,0706,0,0,0,,0,,"REFUGIO VALLEY RD","LIGHT POLE 5933",70.00,W,N,A,-,N,,,,,,,,,,Y,2,0,1,1,A,-,03,22350,,N,E,I,A,A,H,-,C,D,0,,,,,Y,,-,,1,0,0,0,0,0,0,0,0,"- ","- ",,,"CONTRA COSTA",HERCULES,,
8057334,2016,2017-02-18,0701,2016-04-12,2201,4265,205,2,5,5,0701,0,0,0,,0,002,"A ST","RT 4",49.00,S,N,A,-,Y,CC,4,4,-,R,27.662,R,4,W,Y,2,0,3,3,A,-,03,22350,,N,B,C,A,A,D,-,C,A,0,,,,,Y,,A,07,1,0,2,0,0,0,0,0,0,"- ","- ",,,"CONTRA COSTA",ANTIOCH,-121.80864179,37.998258589999999
8073613,2016,2016-07-08,0740,2016-05-21,1002,SR040,SR72,6,5,4,0791,0,0,0,,0,003,"CROW CANYON RD","CANYON CREST RD",20.00,W,N,C,-,N,,,,,,,,,,Y,2,0,1,2,A,-,03,22350,,N,C,C,A,B,H,-,A,A,0,,,Y,,Y,,C,02,1,0,0,0,0,0,0,0,1,"- ","- ",37.788139999999999,-121.94672,"CONTRA COSTA","SAN RAMON",-121.94650765,37.788091659999999
8091501,2016,2016-11-28,0701,2016-01-21,1449,5563,103,4,5,5,0701,0,0,0,,0,001,"W 9TH ST","I ST",0.00,,Y,B,-,N,,,,,,,,,,N,2,0,1,2,A,-,12,22450,A,N,D,G,A,A,H,-,A,A,0,,Y,,,Y,,L,04,1,0,0,0,0,0,1,0,0,"- ","- ",,,"CONTRA COSTA",ANTIOCH,-121.81591988,38.011899960000001
8097534,2016,2016-08-15,0705,2016-07-30,0845,E185,PATRO,6,5,3,0705,0,0,0,,0,011,"EASTSHORE BL","POTRERO AV",10.00,N,N,A,-,N,,,,,,,,,,N,2,0,1,2,A,-,04,21703,,F,C,G,A,A,H,-,A,A,0,,Y,,,Y,,-,99,1,0,0,0,0,0,1,0,0,"- ","- ",,,"CONTRA COSTA","EL CERRITO",-122.31740732,37.92085685
8123882,2016,2016-09-19,0701,2016-07-18,1007,4578,309,1,5,5,0701,0,0,0,,0,003,"SYCAMORE DR","LEMONTREE WY",0.00,,Y,A,-,N,,,,,,,,,,Y,2,0,1,2,A,-,09,21801,A,N,A,C,A,A,H,-,A,D,0,,,Y,,Y,,A,01,1,0,0,0,0,0,0,0,1,"- ","- ",,,"CONTRA COSTA",ANTIOCH,-121.82218985999999,38.00432996
8124873,2016,2016-09-21,0701,2016-07-08,1747,3992,507,5,5,5,0701,0,0,0,,0,005,"EAST TREGALLAS RD","PATRICIA AV",0.00,,Y,A,-,N,,,,,,,,,,Y,2,0,2,1,A,-,01,23152,A,N,E,I,A,A,H,-,A,D,0,,,,,Y,Y,A,01,1,1,0,0,0,0,0,0,0,"- ","- ",,,"CONTRA COSTA",ANTIOCH,-121.79558986000001,37.99758997
8127802,2016,2016-09-30,0710,2016-08-16,1836,1494,CENTR,2,5,5,0710,0,0,0,,0,006,"BARRETT AV","MARINA WY",0.00,,Y,A,-,N,,,,,,,,,,Y,2,0,7,2,A,-,09,21801,A,N,A,C,A,A,H,-,A,A,0,,,Y,,Y,,C,02,1,2,4,0,0,0,0,0,3,"- ","- ",,,"CONTRA COSTA",RICHMOND,-122.35615988000001,37.938509889999999
81439976,2021,2021-03-31,0704,2021-03-29,2045,0509,,1,5,6,0704,0,0,0,,0,003,"MONUMENT BLVD","NURSERY LN",0.00,,Y,A,-,N,,,,,,,,,,N,2,0,1,2,A,-,11,21456,B,N,G,B,B,A,H,-,C,A,0,Y,,,,Y,,N,60,1,0,0,0,1,0,0,0,0,"- ","- ",37.948890686035156,-122.04974365234375,"CONTRA COSTA",CONCORD,-122.04962921142578,37.948921203613281
81480644,2021,2021-05-25,0704,2021-04-03,0721,0533,5,6,5,6,0704,0,0,0,,0,005,"CLAYTON RD","WEST ST",0.00,,Y,A,-,N,,,,,,,,,,Y,2,0,1,1,A,-,08,22107,,N,E,I,A,A,H,-,A,A,0,,,,,Y,,A,01,1,0,0,0,0,0,0,0,0,"- ","- ",37.968009948730469,-122.00229644775391,"CONTRA COSTA",CONCORD,-122.00231170654297,37.96795654296875
81484610,2021,2021-05-28,0708,2021-02-13,0002,355,8409,6,5,5,0708,0,0,0,,0,005,"GARCIA AVENUE","HARBOR STREET",604.00,E,N,A,-,N,,,,,,,,,,Y,1,1,0,1,A,-,01,23152,G,N,E,I,A,A,A,-,C,D,0,,,,,Y,Y,D,22,0,0,0,0,0,0,0,0,0,"- ","- ",,,"CONTRA COSTA",PITTSBURG,-121.88336944580078,38.012374877929688
81489241,2021,2021-06-04,0704,2021-05-23,1325,0619,,7,5,6,0704,0,0,0,,0,006,"5424 YGNACIO VALLEY RD","WASHINGTON BLVD",257.00,W,N,A,-,N,,,,,,,,,,Y,2,0,2,3,B,-,22,,,N,G,B,F,A,H,-,A,D,0,Y,,,,Y,,A,01,1,0,1,0,1,0,0,0,0,"- ","- ",,,"CONTRA COSTA",CONCORD,,
8149671,2016,2016-12-13,0714,2016-09-08,2315,149,"10 2",4,5,4,0714,0,0,0,,0,002,"ALHAMBRA AV","K ST",528.00,S,N,A,-,N,,,,,,,,,,Y,2,0,1,2,A,-,03,22350,,N,D,C,A,A,H,-,C,D,0,,,Y,,Y,,C,02,1,0,0,0,0,0,0,0,1,"- ","- ",37.994709999999998,-122.13131,"CONTRA COSTA",MARTINEZ,-122.13212033000001,37.995398479999999
81512783,2021,2021-07-05,0704,2021-07-03,1200,0539,,6,5,6,0704,0,0,0,,0,004,"CONCORD AVE","HARRISON ST",28.00,E,N,A,-,N,,,,,,,,,,N,2,0,1,2,A,-,10,21950,A,N,G,B,B,A,H,-,A,A,0,Y,,,,Y,,D,22,1,0,0,0,1,0,0,0,0,"- ","- ",37.977851867675781,-122.03874206542969,"CONTRA COSTA",CONCORD,-122.03859710693359,37.977912902832031
81525063,2021,2021-07-21,0704,2021-07-13,0652,0580,,2,5,6,0704,0,0,0,,0,002,"DETROIT AVE","OAKMEAD DR",276.00,N,N,A,-,N,,,,,,,,,,N,2,0,1,2,A,-,17,22109,,F,B,C,A,A,H,-,A,A,0,,,Y,,Y,,A,01,1,0,0,0,0,0,0,0,0,"- ","- ",37.965919494628906,-122.03913116455078,"CONTRA COSTA",CONCORD,-122.03963470458984,37.966819763183594
81578536,2021,2021-09-24,0704,2021-09-10,1737,0468,,5,5,6,0704,0,0,0,,0,004,"CONCORD AVE","SALVIO ST",0.00,,Y,A,-,N,,,,,,,,,,N,2,0,1,2,A,-,10,21950,A,F,G,B,B,A,H,-,A,A,0,Y,,,,Y,,A,01,1,0,0,0,1,0,0,0,0,"- ","- ",37.976848602294922,-122.03607940673828,"CONTRA COSTA",CONCORD,-122.03600311279297,37.976875305175781
81582246,2021,2021-09-29,0704,2021-09-20,1525,0580,,1,5,6,0704,0,0,0,,0,001,"ARNOLD INDUSTRIAL PL","PERALTA DR",0.00,,Y,A,-,N,,,,,,,,,,Y,2,0,1,2,A,-,12,22450,,N,D,C,A,A,H,-,A,A,0,,,Y,,Y,,C,02,1,0,0,0,0,0,0,0,1,"- ","- ",38.001689910888672,-122.04672241210938,"CONTRA COSTA",CONCORD,-122.04743957519531,38.001808166503906
8158318,2016,2016-11-10,0701,2016-08-14,1017,5569,106,7,5,5,0701,0,0,0,,0,001,"D ST","W 20TH ST",0.00,,Y,A,-,N,,,,,,,,,,N,2,0,1,2,A,-,09,21802,A,N,D,C,A,A,H,-,A,A,0,,,Y,,Y,,D,22,1,0,0,0,0,0,0,0,1,"- ","- ",,,"CONTRA COSTA",ANTIOCH,-121.81001986,38.003569949999999
8159248,2016,2016-11-04,0708,2016-10-01,2031,344,,6,5,5,0708,0,0,0,,0,004,"BUCHANAN RD","BROOKSIDE DR",0.00,,Y,A,-,N,,,,,,,,,,Y,2,0,1,2,A,-,11,21955,,N,G,B,D,A,H,-,C,D,0,Y,,,,Y,,N,60,1,0,0,0,1,0,0,0,0,"- ","- ",37.998040000000003,-121.89279000000001,"CONTRA COSTA",PITTSBURG,-121.89276998,37.998100000000001
81597226,2021,2021-10-15,0708,2021-09-11,1119,363,8409,6,5,5,0708,0,0,0,,0,005,"LELAND ROAD","GLADSTONE DRIVE",831.00,W,N,A,-,N,,,,,,,,,,Y,2,0,2,2,A,-,04,21703,,N,C,C,A,A,H,-,A,A,0,,,,,Y,,A,01,1,0,1,0,0,0,0,0,0,"- ","- ",,,"CONTRA COSTA",PITTSBURG,-121.86878967285156,38.007827758789062
81621256,2021,2021-11-10,0704,2021-10-28,1536,0625,,4,5,6,0704,0,0,0,,0,,"SAN MIGUEL RD","SYSTRON DR",0.00,,Y,-,-,N,,,,,,,,,,N,2,0,1,2,A,-,12,22450,,N,D,C,A,A,H,-,A,A,0,,,Y,,Y,,-,"- ",1,0,0,0,0,0,0,0,1,"- ","- ",37.964290618896484,-122.030517578125,"CONTRA COSTA",CONCORD,-122.03049468994141,37.964286804199219
81644161,2021,2021-12-06,0710,2021-11-05,1946,1749,NORTH,5,5,5,0710,0,0,0,,0,007,"ROOSEVELT AV","HAYES ST",47.00,E,N,A,-,N,,,,,,,,,,Y,2,0,1,3,A,-,03,22350,,F,B,C,A,A,H,-,C,D,0,,,,,Y,Y,A,01,1,0,0,0,0,0,0,0,0,"- ","- ",37.939838409423828,-122.34660339355469,"CONTRA COSTA",RICHMOND,-122.34612274169922,37.939876556396484
81644165,2021,2021-12-06,0710,2021-11-10,1849,1407,SOUTH,3,5,5,0710,0,0,0,,0,003,"CARLSON BLVD","PLUMAS AV",0.00,,Y,A,-,N,,,,,,,,,,Y,2,0,2,2,A,-,09,21804,A,N,D,C,A,A,H,-,C,A,0,,,,,Y,,A,01,1,0,1,0,0,0,0,0,0,"- ","- ",37.909370422363281,-122.31018829345703,"CONTRA COSTA",RICHMOND,-122.31039428710938,37.909294128417969