CASE_ID,ACCIDENT_YEAR,PROC_DATE,JURIS,COLLISION_DATE,COLLISION_TIME,OFFICER_ID,REPORTING_DISTRICT,DAY_OF_WEEK,CHP_SHIFT,POPULATION,CNTY_CITY_LOC,SPECIAL_COND,BEAT_TYPE,CHP_BEAT_TYPE,CITY_DIVISION_LAPD,CHP_BEAT_CLASS,BEAT_NUMBER,PRIMARY_RD,SECONDARY_RD,DISTANCE,DIRECTION,INTERSECTION,WEATHER_1,WEATHER_2,STATE_HWY_IND,CALTRANS_COUNTY,CALTRANS_DISTRICT,STATE_ROUTE,ROUTE_SUFFIX,POSTMILE_PREFIX,POSTMILE,LOCATION_TYPE,RAMP_INTERSECTION,SIDE_OF_HWY,TOW_AWAY,COLLISION_SEVERITY,NUMBER_KILLED,NUMBER_INJURED,PARTY_COUNT,PRIMARY_COLL_FACTOR,PCF_CODE_OF_VIOL,PCF_VIOL_CATEGORY,PCF_VIOLATION,PCF_VIOL_SUBSECTION,HIT_AND_RUN,TYPE_OF_COLLISION,MVIW,PED_ACTION,ROAD_SURFACE,ROAD_COND_1,ROAD_COND_2,LIGHTING,CONTROL_DEVICE,CHP_ROAD_TYPE,PEDESTRIAN_ACCIDENT,BICYCLE_ACCIDENT,MOTORCYCLE_ACCIDENT,TRUCK_ACCIDENT,NOT_PRIVATE_PROPERTY,ALCOHOL_INVOLVED,STWD_VEHTYPE_AT_FAULT,CHP_VEHTYPE_AT_FAULT,COUNT_SEVERE_INJ,COUNT_VISIBLE_INJ,COUNT_COMPLAINT_PAIN,COUNT_PED_KILLED,COUNT_PED_INJURED,COUNT_BICYCLIST_KILLED,COUNT_BICYCLIST_INJURED,COUNT_MC_KILLED,COUNT_MC_INJURED,PRIMARY_RAMP,SECONDARY_RAMP,LATITUDE,LONGITUDE,COUNTY,CITY,POINT_X,POINT_Y
81655679,2021,2021-12-20,0710,2021-12-01,2115,1407,SOUTH,3,5,5,0710,0,0,0,,0,002,"CUTTING BLVD","SOUTH 16TH STREET",0.00,,Y,A,-,N,,,,,,,,,,Y,2,0,1,2,A,-,03,22350,,N,D,C,A,A,H,-,C,A,0,,,Y,,Y,,C,02,1,0,0,0,0,0,0,0,1,"- ","- ",37.92510986328125,-122.35414123535156,"CONTRA COSTA",RICHMOND,-122.35398864746094,37.925209045410156
8166654,2016,2018-09-27,0704,2016-12-20,1749,0482,,2,5,6,0704,0,0,0,,0,004,"PANORAMIC DR","PORT CHICAGO HWY",36.00,W,N,A,-,N,,,,,,,,,,Y,1,1,0,2,A,-,11,21954,A,N,G,B,E,A,H,-,C,A,0,Y,,,,Y,Y,N,60,0,0,0,1,0,0,0,0,0,"- ","- ",,,"CONTRA COSTA",CONCORD,-122.02416349000001,38.004471410000001
8166721,2016,2017-02-23,0704,2016-10-31,0220,539,,1,5,6,0704,0,0,0,,0,006,"KIRKER PASS RD","KIRKWOOD DR",237.00,N,N,A,-,N,,,,,,,,,,Y,1,1,0,2,A,-,11,21954,A,N,D,B,E,A,H,-,D,D,0,Y,,,,Y,Y,N,60,0,0,0,1,0,0,0,0,0,"- ","- ",,,"CONTRA COSTA",CONCORD,-121.94728218,37.959133909999998
8166866,2016,2017-04-11,0708,2016-11-12,1945,229,046,6,5,5,0708,0,0,0,,0,004,"RAILROAD AV","EL DORADO AV",14.00,S,N,A,-,N,,,,,,,,,,Y,1,1,0,2,A,-,11,21950,B,N,G,B,D,A,H,-,C,A,0,Y,,,,Y,Y,N,60,0,0,0,1,0,0,0,0,0,"- ","- ",,,"CONTRA COSTA",PITTSBURG,-121.89401322000001,38.004582990000003
8166982,2016,2017-05-17,0704,2016-11-24,0150,0426,,4,5,6,0704,0,0,0,,0,003,"SAN MIGUEL RD","GALLOWAY DR",160.00,S,N,A,-,N,,,,,,,,,,Y,1,1,0,3,A,-,01,23152,A,N,A,E,A,A,H,-,C,D,0,,,,,Y,Y,A,01,0,0,0,0,0,0,0,0,0,"- ","- ",37.957500000000003,-122.0269,"CONTRA COSTA",CONCORD,-122.02748079,37.958080430000003
8168166,2016,2017-06-01,0701,2016-10-07,2022,5569,205,5,5,5,0701,0,0,0,,0,002,"E 18TH ST","ALPHA WY",12.00,E,N,A,-,N,,,,,,,,,,Y,1,1,0,2,A,-,11,21954,A,N,G,B,D,A,H,-,C,D,0,Y,,,,Y,,N,60,0,0,0,1,0,0,0,0,0,"- ","- ",,,"CONTRA COSTA",ANTIOCH,-121.80059833999999,38.004910000000002
8171239,2016,2017-02-01,0711,2016-11-02,1613,1038,,3,5,4,0711,0,0,0,,0,THREE,"RUMRILL BL","SANFORD AV",0.00,,Y,A,-,N,,,,,,,,,,N,2,0,2,3,A,-,10,21950,A,N,A,B,B,A,H,-,A,A,0,Y,,,,Y,,A,07,2,0,0,0,2,0,0,0,0,"- ","- ",37.950940000000003,-122.35713,"CONTRA COSTA","SAN PABLO",-122.35709998999999,37.951009929999998
81718337,2021,2022-03-09,0704,2021-11-01,0144,0533,,1,5,6,0704,0,0,0,,0,001,"PORT CHICAGO HWY","HIGH SCHOOL ST",286.00,N,N,A,-,N,,,,,,,,,,Y,1,2,0,1,A,-,01,23152,A,N,E,I,A,A,H,-,C,A,0,,,,,Y,,A,01,0,0,0,0,0,0,0,0,0,"- ","- ",37.985698699951172,-122.03267669677734,"CONTRA COSTA",CONCORD,-122.03314971923828,37.986434936523438
81721333,2022,2022-03-14,0708,2022-01-18,1557,355,,2,5,5,0708,0,0,0,,0,005,"BUCHANAN ROAD","PG&E POLE #110154991",203.00,W,N,A,-,N,,,,,,,,,,Y,2,0,1,2,A,-,11,21954,A,N,G,B,E,A,H,-,A,D,0,Y,,,,Y,,N,60,1,0,0,0,1,0,0,0,0,"- ","- ",,,"CONTRA COSTA",PITTSBURG,,
8173421,2016,2016-11-18,0702,2016-10-10,1253,553C,22422,1,5,3,0702,0,0,0,,0,0B4,"VICTORIA DR","SANFORD CT",23.00,S,N,A,-,N,,,,,,,,,,Y,2,0,1,1,A,-,08,22107,,N,E,I,A,A,H,-,C,D,0,,,Y,,Y,Y,C,02,1,0,0,0,0,0,0,0,1,"- ","- ",,,"CONTRA COSTA",BRENTWOOD,-121.69865912,37.92325683
81751728,2021,2022-04-20,0701,2021-11-01,1953,5851,0701,1,5,5,0701,0,0,0,,0,001,"TEXAS ST","LINDBERG ST",0.00,,Y,A,-,N,,,,,,,,,,N,2,0,4,2,A,-,12,22450,A,N,B,C,A,A,H,-,D,A,0,,,,,Y,,A,01,1,0,3,0,0,0,0,0,0,"- ","- ",,,"CONTRA COSTA",ANTIOCH,-121.80792999267578,37.999477386474609
81754179,2022,2022-04-22,0704,2022-04-10,1036,0537,,7,5,6,0704,0,0,0,,0,005,"TREAT BLVD","PEMBROKE DR",314.00,N,N,A,-,N,,,,,,,,,,N,2,0,1,2,A,-,03,22350,,N,C,G,A,A,H,-,A,D,0,,Y,,,Y,,D,22,1,0,0,0,0,0,1,0,0,"- ","- ",37.957809448242188,-121.99857330322266,"CONTRA COSTA",CONCORD,-121.99768829345703,37.958408355712891
81758316,2021,2022-04-28,0701,2021-08-25,0534,5319,,3,5,5,0701,0,0,0,,0,002,"WILBUR AVE","WILBUR LN",274.00,W,N,A,-,N,,,,,,,,,,Y,1,1,0,2,D,-,00,,,N,C,J,A,A,H,-,D,D,0,,,Y,,Y,Y,-,"- ",0,0,0,0,0,0,0,1,0,"- ","- ",,,"CONTRA COSTA",ANTIOCH,-121.7747802734375,38.0123291015625
81783904,2022,2022-05-30,0710,2022-04-26,2059,1730,NORTH,2,5,5,0710,0,0,0,,0,008,"GIANT HWY","RICHMOND PARKWAY",0.00,,Y,A,-,N,,,,,,,,,,Y,2,0,1,1,A,-,03,22350,,N,E,I,A,A,H,-,C,A,0,,,,,Y,Y,A,01,1,0,0,0,0,0,0,0,0,"- ","- ",,,"CONTRA COSTA",RICHMOND,-122.35279083251953,37.980098724365234
81793478,2022,2022-06-13,0708,2022-04-25,0756,355,8415,1,5,5,0708,0,0,0,,0,005,"E LELAND ROAD","LAKEVIEW CIRCLE",646.00,W,N,A,-,N,,,,,,,,,,Y,2,0,1,3,A,-,03,22350,,F,E,I,A,A,H,-,A,A,0,,,,,Y,,A,01,1,0,0,0,0,0,0,0,0,"- ","- ",,,"CONTRA COSTA",PITTSBURG,-121.86166381835938,38.008014678955078
81812528,2022,2022-07-08,0701,2022-04-10,2335,6370,,7,5,5,0701,0,0,0,,0,004,"BUCHANAN RD","SAN JOSE DR",0.00,,Y,A,-,N,,,,,,,,,,Y,2,0,4,1,A,-,03,22350,,N,E,I,A,A,H,-,C,A,0,,,,,Y,,A,01,1,1,2,0,0,0,0,0,0,"- ","- ",,,"CONTRA COSTA",ANTIOCH,-121.82968902587891,38.000446319580078
81846601,2022,2023-09-26,0711,2022-08-06,2301,S1053,22,6,5,4,0711,0,0,0,,0,0S3,"BROOKSIDE DRIVE","GIANT ROAD",17.00,W,-,A,-,N,,,,,,,,,,Y,2,0,1,1,A,-,01,23152,,N,E,I,A,A,H,-,C,D,0,,,,,Y,Y,A,01,1,0,0,0,0,0,0,0,0,"- ","- ",37.964580535888672,-122.35695648193359,"CONTRA COSTA","SAN PABLO",-122.35704040527344,37.964599609375
81859430,2022,2022-09-08,0701,2022-08-30,0748,3639,,2,5,5,0701,0,0,0,,0,004,"BUCHANAN RD",CHATEAU,0.00,,Y,A,-,N,,,,,,,,,,N,2,0,1,2,A,-,12,21453,A,N,G,B,B,A,H,-,A,A,0,Y,,,,Y,,A,01,1,0,0,0,1,0,0,0,0,"- ","- ",37.997909545898438,-121.84719085693359,"CONTRA COSTA",ANTIOCH,,
81863893,2022,2022-09-14,0704,2022-08-17,0918,0533,4,3,5,6,0704,0,0,0,,0,004,"GALINDO ST","OAK ST",0.00,,Y,A,-,N,,,,,,,,,,Y,2,0,5,2,A,-,12,21453,A,N,D,C,A,A,H,-,A,A,0,,,,,Y,,A,01,1,3,1,0,0,0,0,0,0,"- ","- ",37.971778869628906,-122.03282928466797,"CONTRA COSTA",CONCORD,-122.03263092041016,37.971900939941406
81897405,2022,2022-10-24,0704,2022-10-21,1417,0596,2260,5,5,6,0704,0,0,0,,0,005,"WILLOW PASS RD","ST PHILIP CT",226.00,E,N,A,-,N,,,,,,,,,,Y,2,0,4,2,A,-,09,21801,A,N,A,C,A,A,H,-,A,D,0,,,,,Y,,A,01,2,1,1,0,0,0,0,0,0,"- ","- ",37.984020233154297,-122.01416015625,"CONTRA COSTA",CONCORD,-122.01342010498047,37.984348297119141
8190019,2016,2016-12-19,0701,2016-10-28,1916,4470,203,5,5,5,0701,0,0,0,,0,002,"WILBUR AV","ORCHARD LN",128.00,E,N,C,-,N,,,,,,,,,,Y,2,0,3,2,A,-,03,22350,,N,C,C,A,B,H,-,C,D,0,,,,,Y,Y,A,01,1,0,2,0,0,0,0,0,0,"- ","- ",,,"CONTRA COSTA",ANTIOCH,-121.8009158,38.012278299999998
81907931,2022,2024-04-02,0711,2022-08-13,0346,S1156,,6,5,4,0711,0,0,0,,0,0S2,"2451 CHURCH LN","WILLOW ROAD",300.00,E,-,A,-,N,,,,,,,,,,Y,1,1,1,2,A,-,01,23153,A,F,H,G,A,A,H,-,C,D,0,,Y,,,Y,,A,01,0,1,0,0,0,1,0,0,0,"- ","- ",37.961360931396484,-122.33812713623047,"CONTRA COSTA","SAN PABLO",-122.33824920654297,37.960372924804688
81921054,2022,2022-11-18,0704,2022-10-28,1816,0615,3,5,5,6,0704,0,0,0,,0,003,"WHITMAN RD","BRIDGECROSSING WAY",277.00,E,N,A,-,N,,,,,,,,,,N,2,0,1,1,A,-,08,22107,,N,E,I,A,A,H,-,B,D,0,,,,,Y,Y,-,"- ",1,0,0,0,0,0,0,0,0,"- ","- ",37.949760437011719,-122.03221130371094,"CONTRA COSTA",CONCORD,-122.03144836425781,37.950145721435547
81922927,2022,2022-11-21,0711,2022-11-02,1117,S1067,23,3,5,4,0711,0,0,0,,0,0S2,"SAN PABLO AVE","IFO 13350 SAN PABLO AVENUE",0.00,,Y,B,-,N,,,,,,,,,,N,2,0,1,1,A,-,03,22350,,N,H,A,A,A,H,-,A,D,0,,,Y,,Y,,C,02,1,0,0,0,0,0,0,0,1,"- ","- ",37.952411651611328,-122.33467102050781,"CONTRA COSTA","SAN PABLO",-122.31845855712891,37.925449371337891
81929763,2022,2022-11-30,0701,2022-10-09,2320,3639,,7,5,5,0701,0,0,0,,0,,"G ST","18TH ST",0.00,,Y,A,-,N,,,,,,,,,,Y,2,0,3,2,D,-,00,,,N,D,C,A,A,H,-,C,A,0,,,Y,,Y,,-,"- ",1,0,2,0,0,0,0,0,1,"- ","- ",,,"CONTRA COSTA",ANTIOCH,-121.81480407714844,38.005001068115234
81932050,2022,2022-12-02,0710,2022-11-18,1910,1818,CENTR,5,5,5,0710,0,0,0,,0,006,"MACDONALD AV","3RD ST",0.00,,Y,A,-,N,,,,,,,,,,N,2,0,1,2,A,-,10,21950,A,F,G,B,B,A,H,-,C,D,0,Y,,,,Y,Y,M,96,1,0,0,0,1,0,0,0,0,"- ","- ",37.935821533203125,-122.36653900146484,"CONTRA COSTA",RICHMOND,-122.36665344238281,37.935718536376953
81966307,2022,2023-01-12,0704,2022-09-30,0125,0537,,5,5,6,0704,0,0,0,,0,005,"TREAT BLVD","KINGSWOOD DR",218.00,N,N,A,-,N,,,,,,,,,,Y,1,1,0,1,A,-,01,23152,B,N,E,I,A,A,H,-,D,D,0,,,,,Y,Y,A,07,0,0,0,0,0,0,0,0,0,"- ","- ",37.949871063232422,-122.00596618652344,"CONTRA COSTA",CONCORD,-122.00559234619141,37.951187133789062
81999596,2023,2023-02-22,0704,2023-02-20,2155,0588,,1,5,6,0704,0,0,0,,0,003,"MEADOW LN","ROBIN LN",18.00,S,N,A,-,N,,,,,,,,,,N,2,0,1,2,A,-,05,21460,A,N,D,G,A,A,H,-,C,A,0,,Y,,,Y,,L,04,1,0,0,0,0,0,1,0,0,"- ","- ",37.959091186523438,-122.04135894775391,"CONTRA COSTA",CONCORD,-122.04133605957031,37.959060668945312
8200376,2017,2017-05-31,0704,2017-02-18,0243,546,,6,5,6,0704,0,0,0,,0,004,"WILLOW PASS","PORT CHICAGO HWY",0.00,,Y,C,-,N,,,,,,,,,,Y,2,0,2,2,A,-,01,23152,A,N,D,C,A,B,H,-,C,A,0,,,,,Y,Y,A,01,1,1,0,0,0,0,0,0,0,"- ","- ",,,"CONTRA COSTA",CONCORD,-122.02959993,37.978579930000002
82050894,2023,2023-04-24,0708,2023-04-03,1154,362,8314,1,5,5,0708,0,0,0,,0,003,"WEST LELAND RD","WOODHILL DR",341.00,E,N,A,-,N,,,,,,,,,,N,2,0,1,1,A,-,03,22350,,N,F,A,A,A,H,-,A,D,0,,,Y,,Y,,C,02,1,0,0,0,0,0,0,0,1,"- ","- ",,,"CONTRA COSTA",PITTSBURG,-121.95082092285156,38.016162872314453
82150484,2022,2023-08-23,0701,2022-09-16,1400,5561,,5,5,5,0701,0,0,0,,0,,"SYCAMORE DR","MANZANITA WAY",227.00,E,N,A,-,N,,,,,,,,,,N,1,1,4,5,A,-,03,22350,,N,G,B,F,A,H,-,A,D,0,Y,,,,Y,,A,01,2,0,2,1,2,0,0,0,0,"- ","- ",,,"CONTRA COSTA",ANTIOCH,-121.82291412353516,38.004470825195312
82150490,2022,2023-08-23,0701,2022-10-14,1930,3626,,5,5,5,0701,0,0,0,,0,,"WILBUR AVE","APOLLO CT",300.00,E,N,A,-,Y,,,,,,,,,,Y,2,0,1,2,A,-,08,22107,,F,C,G,A,A,H,-,C,D,0,,Y,,,Y,,A,01,1,0,0,0,0,0,1,0,0,"- ","- ",,,"CONTRA COSTA",ANTIOCH,-121.78916931152344,38.012321472167969
82176083,2023,2023-09-21,0711,2023-07-29,1052,S1093,23,6,5,4,0711,0,0,0,,0,0S2,"SAN PABLO AVE","MCBRYDE AVE",0.00,,Y,A,-,N,,,,,,,,,,Y,2,0,3,5,A,-,12,21453,,N,B,D,A,A,H,-,A,A,0,,,,,Y,,A,01,1,1,1,0,0,0,0,0,0,"- ","- ",37.952251434326172,-122.33329010009766,"CONTRA COSTA","SAN PABLO",-122.33074188232422,37.947223663330078
82236226,2023,2023-11-15,0701,2023-09-13,"636 ",3639,,3,5,5,0701,0,0,0,,0,,"SOMERSVILLE RD","BUCHANAN RD",466.00,S,N,A,-,N,,,,,,,,,,N,1,1,0,2,A,-,11,21954,A,N,G,B,E,A,H,-,B,A,0,Y,,,,Y,Y,N,60,0,0,0,1,0,0,0,0,0,"- ","- ",,,"CONTRA COSTA",ANTIOCH,-121.84528350830078,37.996994018554688
82247277,2023,2023-11-29,0701,2023-09-22,"600 ",6014,,5,5,5,0701,0,0,0,,0,002,"SLATTEN RANCH ROAD","HIGHWAY 4",0.00,,Y,A,-,N,,,,,,,,,,N,2,0,1,2,A,-,10,21950,A,N,D,G,A,A,H,-,C,A,0,,Y,,,Y,,A,01,1,0,0,0,0,0,1,0,0,"- ","- ",,,"CONTRA COSTA",ANTIOCH,,
82264382,2023,2023-12-18,0708,2023-01-06,1800,390,8409,5,5,5,0708,0,0,0,,0,005,"LOVERIDGE RD","ROUTE 4 EB ONRAMP (E)",2.00,E,N,B,-,N,,,,,,,,,,N,1,1,0,2,A,-,10,21950,A,N,G,B,B,A,H,-,C,A,0,Y,,,,Y,,A,07,0,0,0,1,0,0,0,0,0,"- ","- ",,,"CONTRA COSTA",PITTSBURG,,
82280063,2023,2024-01-05,0704,2023-12-07,1841,647,,4,5,6,0704,0,0,0,,0,004,"PORT CHICAGO HWY","FLOYD LN",0.00,N,Y,B,C,N,,,,,,,,,,N,2,0,1,2,A,-,03,22350,,N,C,C,A,B,H,-,C,D,0,,,,,Y,,A,01,1,0,0,0,0,0,0,0,0,"- ","- ",37.999290466308594,-122.02799987792969,"CONTRA COSTA",CONCORD,-122.02796936035156,37.999267578125
82294105,2023,2024-01-22,0711,2023-10-07,"42  ",S1096,,6,5,4,0711,0,0,0,,0,0S2,"EL PORTAL DR","STATION LINE",21.00,N,-,A,-,N,,,,,,,,,,Y,1,2,1,3,A,-,05,21651,,N,A,C,A,B,H,-,C,D,0,,,,,Y,,A,01,1,0,0,0,0,0,0,0,0,"- ","- ",37.964599609375,-122.325927734375,"CONTRA COSTA","SAN PABLO",-122.32584381103516,37.964385986328125
82345791,2024,2024-03-25,0704,2024-03-23,"105 ",0542,,6,5,6,0704,0,0,0,,0,,"WILLOW PASS RD","LYNWOOD DR",1990.00,N,N,C,-,N,,,,,,,,,,Y,2,0,1,1,A,-,03,22350,,N,E,I,A,B,H,-,D,D,0,,,,,Y,Y,A,01,1,0,0,0,0,0,0,0,0,"- ","- ",37.990550994873047,-122.00379180908203,"CONTRA COSTA",CONCORD,-122.00175476074219,37.9962158203125
82354155,2024,2024-04-03,0711,2024-02-23,1508,S1097,,5,5,4,0711,0,0,0,,0,0S2,"VALE RD","SAN PABLO AVE",595.00,W,-,A,-,N,,,,,,,,,,Y,2,0,1,3,A,-,09,21801,,N,H,G,A,A,H,-,A,D,0,,Y,,,Y,,L,04,1,0,0,0,0,0,1,0,0,"- ","- ",37.954460144042969,-122.33760833740234,"CONTRA COSTA","SAN PABLO",-122.33711242675781,37.954322814941406
82364944,2023,2024-04-19,0701,2023-07-06,1649,5444,,4,5,5,0701,0,0,0,,0,,"LONE TREE WAY","CLAYBURN RD",0.00,,Y,A,-,N,,,,,,,,,,Y,1,1,3,2,A,-,12,21453,A,N,D,C,A,A,H,-,A,A,0,,,,,Y,,A,01,0,0,3,0,0,0,0,0,0,"- ","- ",,,"CONTRA COSTA",ANTIOCH,-121.80577850341797,37.983383178710938
8286841,2016,2017-01-24,0708,2016-12-07,2230,346,,3,5,5,0708,0,0,0,,0,005,"EAST LELAND RD","LOS MEDANOS COLLEGE WEST ENTRANCE",20.00,E,N,C,-,N,,,,,,,,,,N,2,0,1,2,A,-,11,21955,,N,G,B,D,B,H,-,C,A,0,Y,,,,Y,,N,60,1,0,0,0,1,0,0,0,0,"- ","- ",,,"CONTRA COSTA",PITTSBURG,-121.86249375,38.007815399999998
8292504,2017,2017-04-21,0710,2017-03-09,0720,1242,SOUTH,4,5,5,0710,0,0,0,,0,001,"CUTTING BL","W CUTTING BL",37.00,E,N,B,-,N,,,,,,,,,,Y,2,0,1,2,A,-,09,21801,A,N,A,C,A,A,H,-,A,A,0,,,,,Y,,A,01,1,0,0,0,0,0,0,0,0,"- ","- ",,,"CONTRA COSTA",RICHMOND,-122.36880168,37.925269999999998
8316481,2016,2017-02-27,0710,2016-11-23,1421,1494,CENTR,3,5,5,0710,0,0,0,,0,006,"BISSELL AV","15TH ST",12.00,W,N,A,-,N,,,,,,,,,,N,2,0,1,2,A,-,05,21650,,F,D,G,A,A,H,-,A,A,0,,Y,,,Y,,A,01,1,0,0,0,0,0,1,0,0,"- ","- ",,,"CONTRA COSTA",RICHMOND,-122.35525162,37.934069999999998
8330148,2016,2017-03-30,0710,2016-12-26,1752,1445,SOUTH,1,5,5,0710,0,0,0,,0,002,"S 26TH ST","MARTIN LUTHER KING JR AV",0.00,,Y,A,-,N,,,,,,,,,,N,2,0,1,1,A,-,03,22350,,N,H,I,A,A,H,-,C,A,0,,,,,Y,,-,,1,0,0,0,0,0,0,0,0,"- ","- ",,,"CONTRA COSTA",RICHMOND,-122.34473997000001,37.923979950000003
8332018,2017,2017-03-24,0709,2017-03-05,0301,435,1360,7,5,4,0709,0,0,0,,0,001,"BONNIE PL","HOOVER CT",0.00,,Y,A,-,N,,,,,,,,,,Y,2,0,1,1,A,-,01,23152,A,N,E,I,A,A,H,-,A,D,0,,,,,Y,Y,A,01,1,0,0,0,0,0,0,0,0,"- ","- ",,,"CONTRA COSTA","PLEASANT HILL",-122.0796299,37.93007995
8343451,2017,2017-04-11,0716,2017-02-17,1811,204,R2,5,5,3,0716,0,0,0,,0,001,"MORAGA RD","LUCAS DR",0.00,,Y,C,-,N,,,,,,,,,,N,2,0,1,2,A,-,10,21950,,N,G,B,B,B,H,-,C,D,0,Y,,,,Y,,A,01,1,0,0,0,1,0,0,0,0,"- ","- ",,,"CONTRA COSTA",MORAGA,-122.12479985,37.855489949999999
8395856,2017,2017-07-10,0707,2017-05-01,1410,210,BAY,1,5,3,0707,0,0,0,,0,001,"TARA HILLS DR","APPIAN WY",157.00,W,N,A,-,N,,,,,,,,,,N,2,0,1,5,A,-,03,22350,,N,G,B,A,A,H,-,A,D,0,,,,,Y,,A,01,1,0,0,0,0,0,0,0,0,"- ","- ",,,"CONTRA COSTA",PINOLE,-122.3028418,37.995384309999999
8404569,2017,2018-04-26,0700,2017-06-12,1912,60701,,1,5,4,0790,0,0,0,,0,,"CAMINO TASSAJARA","SYCAMORE VALLEY RD",0.00,,Y,A,-,N,,,,,,,,,,Y,1,1,0,1,A,-,08,22107,,N,E,I,A,A,H,-,A,A,0,,,Y,,Y,,C,02,0,0,0,0,0,0,0,1,0,"- ","- ",,,"CONTRA COSTA",DANVILLE,-121.96837987000001,37.816079889999997
8414287,2017,2017-08-16,0701,2017-07-07,1000,5323,608,5,5,5,0701,0,0,0,,0,006,"BEAR RIDGE WY","LAIR WY",0.00,,Y,A,-,N,,,,,,,,,,N,2,0,1,2,A,-,08,22107,,F,D,B,C,A,H,-,A,A,0,Y,,,,Y,,A,01,1,0,0,0,1,0,0,0,0,"- ","- ",,,"CONTRA COSTA",ANTIOCH,-121.76462991,37.979169939999998
8415209,2018,2018-03-05,0704,2018-02-09,1835,0551,,5,5,6,0704,0,0,0,,0,006,"CONCORD BL","LILAC CT",16.00,W,N,A,-,N,,,,,,,,,,Y,2,0,1,2,A,-,05,21651,B,N,A,C,A,A,H,-,C,A,0,,,,,Y,,A,01,1,0,0,0,0,0,0,0,0,"- ","- ",,,"CONTRA COSTA",CONCORD,-121.97915649414062,37.97357177734375
8436250,2017,2017-09-29,0709,2017-08-14,1040,449,3080,1,5,4,0709,0,0,0,,0,002,"CONTRA COSTA BL","HARRIET DR",8.00,E,N,A,-,N,,,,,,,,,,Y,2,0,1,2,A,-,03,22350,,N,B,C,A,A,H,-,A,D,0,,,,,Y,,A,01,1,0,0,0,0,0,0,0,0,"- ","- ",,,"CONTRA COSTA","PLEASANT HILL",-122.0614854,37.960048329999999
8436845,2017,2017-09-21,0701,2017-08-28,1909,5566,205,1,5,5,0701,0,0,0,,0,002,"E 18TH ST","MARIE AV",0.00,,Y,A,-,N,,,,,,,,,,N,2,0,1,2,A,-,08,22107,,N,A,C,A,A,H,-,A,D,0,,,Y,,Y,,A,01,1,0,0,0,0,0,0,0,1,"- ","- ",,,"CONTRA COSTA",ANTIOCH,-121.79924987,38.004909980000001
8436886,2017,2017-09-21,0704,2017-09-02,1435,576,,6,5,6,0704,0,0,0,,0,005,"TREAT BL",KINGSWOOD,178.00,N,N,A,-,N,,,,,,,,,,N,2,0,1,1,A,-,01,23152,A,N,A,I,A,A,H,-,A,A,0,,,,,Y,Y,A,01,1,0,0,0,0,0,0,0,0,"- ","- ",,,"CONTRA COSTA",CONCORD,-122.00560216,37.9510784
8436956,2017,2017-09-19,0740,2017-09-07,1456,SR501,SR/72,4,5,4,0791,0,0,0,,0,005,"CROW CANYON RD","INDIAN RICE RD",43.00,W,N,B,-,N,,,,,,,,,,N,2,0,1,2,A,-,17,21208,B,N,B,G,A,A,H,-,A,A,0,,Y,,,Y,,L,04,1,0,0,0,0,0,1,0,0,"- ","- ",37.789949999999997,-121.92516999999999,"CONTRA COSTA","SAN RAMON",-121.92535943999999,37.789855590000002
84381643,2024,2024-09-04,0711,2024-08-22,1634,S1070,,4,5,4,0711,0,0,0,,0,0S2,"SAN PABLO DAM RD","BARRANCA LN",0.00,,Y,A,-,N,,,,,,,,,,N,2,0,1,2,A,-,12,22450,A,N,G,B,B,A,H,-,A,D,0,Y,,,,Y,,A,01,1,0,0,0,1,0,0,0,0,"- ","- ",37.963790893554688,-122.32021331787109,"CONTRA COSTA","SAN PABLO",-122.32019805908203,37.963817596435547
84457367,2024,2024-11-04,0711,2024-10-17,"730 ",S1124,,4,5,4,0711,0,0,0,,0,0S1,"DEL CAMINO DRIVE","COLLEGE LANE",0.00,,Y,A,-,N,,,,,,,,,,N,2,0,1,2,A,-,10,21950,A,N,G,B,B,A,H,-,A,D,0,Y,,,,Y,,A,01,1,0,0,0,1,0,0,0,0,"- ","- ",37.968589782714844,-122.34306335449219,"CONTRA COSTA","SAN PABLO",-122.3431396484375,37.968948364257812
84501018,2023,2024-12-16,0701,2023-05-16,"326 ",6169,,2,5,5,0701,0,0,0,,0,005,"LONE TREE WAY","MOKELUMNE DR",226.00,W,N,A,-,N,,,,,,,,,,Y,1,3,0,2,A,-,08,22100,A,N,B,C,A,A,H,-,C,D,0,,,,,Y,,A,01,0,0,0,0,0,0,0,0,0,"- ","- ",,,"CONTRA COSTA",ANTIOCH,-121.78665161132812,37.968276977539062
84502709,2024,2024-12-16,0704,2024-11-26,1750,0571,,2,5,6,0704,0,0,0,,0,005,"WILLOW PASS RD","ST PHILIP CT",0.00,,Y,A,-,N,,,,,,,,,,Y,2,0,2,2,A,-,08,22107,,N,D,C,A,A,H,-,C,D,0,,,Y,,Y,,A,01,1,0,1,0,0,0,0,0,1,"- ","- ",37.983390808105469,-122.01377105712891,"CONTRA COSTA",CONCORD,-122.01409912109375,37.984039306640625
8453050,2017,2017-09-27,0712,2017-08-26,1313,386,,6,5,5,0712,0,0,0,,0,003,"YGNACIO VALLEY RD","COWELL RD",2112.00,W,N,A,-,N,,,,,,,,,,Y,2,0,3,3,A,-,03,22350,,N,B,D,A,A,H,-,A,D,0,,,Y,,Y,,C,02,1,2,0,0,0,0,0,0,1,"- ","- ",,,"CONTRA COSTA","WALNUT CREEK",-121.99688464,37.942939750000001