CASE_ID,ACCIDENT_YEAR,PROC_DATE,JURIS,COLLISION_DATE,COLLISION_TIME,OFFICER_ID,REPORTING_DISTRICT,DAY_OF_WEEK,CHP_SHIFT,POPULATION,CNTY_CITY_LOC,SPECIAL_COND,BEAT_TYPE,CHP_BEAT_TYPE,CITY_DIVISION_LAPD,CHP_BEAT_CLASS,BEAT_NUMBER,PRIMARY_RD,SECONDARY_RD,DISTANCE,DIRECTION,INTERSECTION,WEATHER_1,WEATHER_2,STATE_HWY_IND,CALTRANS_COUNTY,CALTRANS_DISTRICT,STATE_ROUTE,ROUTE_SUFFIX,POSTMILE_PREFIX,POSTMILE,LOCATION_TYPE,RAMP_INTERSECTION,SIDE_OF_HWY,TOW_AWAY,COLLISION_SEVERITY,NUMBER_KILLED,NUMBER_INJURED,PARTY_COUNT,PRIMARY_COLL_FACTOR,PCF_CODE_OF_VIOL,PCF_VIOL_CATEGORY,PCF_VIOLATION,PCF_VIOL_SUBSECTION,HIT_AND_RUN,TYPE_OF_COLLISION,MVIW,PED_ACTION,ROAD_SURFACE,ROAD_COND_1,ROAD_COND_2,LIGHTING,CONTROL_DEVICE,CHP_ROAD_TYPE,PEDESTRIAN_ACCIDENT,BICYCLE_ACCIDENT,MOTORCYCLE_ACCIDENT,TRUCK_ACCIDENT,NOT_PRIVATE_PROPERTY,ALCOHOL_INVOLVED,STWD_VEHTYPE_AT_FAULT,CHP_VEHTYPE_AT_FAULT,COUNT_SEVERE_INJ,COUNT_VISIBLE_INJ,COUNT_COMPLAINT_PAIN,COUNT_PED_KILLED,COUNT_PED_INJURED,COUNT_BICYCLIST_KILLED,COUNT_BICYCLIST_INJURED,COUNT_MC_KILLED,COUNT_MC_INJURED,PRIMARY_RAMP,SECONDARY_RAMP,LATITUDE,LONGITUDE,COUNTY,CITY,POINT_X,POINT_Y
84548250,2024,2025-02-03,0704,2024-12-23,1755,0592,,1,5,6,0704,0,0,0,,0,001,"CONCORD AVE","STANWELL DR",608.00,W,N,B,-,N,,,,,,,,,,Y,2,0,1,2,A,-,11,21955,,N,G,B,D,B,H,-,D,A,0,Y,,,,Y,Y,N,60,1,0,0,0,1,0,0,0,0,"- ","- ",37.980289459228516,-122.05030059814453,"CONTRA COSTA",CONCORD,-122.05230712890625,37.980609893798828
84560407,2024,2025-02-03,0701,2024-06-04,2255,6392,,2,5,5,0701,0,0,0,,0,005,"LONE TREE WAY","DEER VALLEY RD",0.00,,Y,-,-,N,,,,,,,,,,N,2,0,1,2,A,-,11,21955,,F,G,B,D,A,H,-,C,A,0,Y,,,,Y,,N,60,1,0,0,0,1,0,0,0,0,"- ","- ",37.966129302978516,-121.78099822998047,"CONTRA COSTA",ANTIOCH,-121.78045654296875,37.965888977050781
84560893,2024,2025-02-03,0701,2024-07-27,1942,3639,,6,5,5,0701,0,0,0,,0,,"10TH ST","J ST",102.00,W,N,A,-,N,,,,,,,,,,N,1,1,0,2,A,-,01,23152,A,N,D,C,A,A,H,-,A,D,0,,,Y,,Y,,C,02,0,0,0,0,0,0,0,1,0,"- ","- ",,,"CONTRA COSTA",ANTIOCH,-121.81752777099609,38.011188507080078
84561246,2024,2025-02-03,0701,2024-09-20,1809,6852,,5,5,5,0701,0,0,0,,0,002,"18TH ST","HILLCREST AVE",0.00,,Y,A,-,N,,,,,,,,,,Y,2,0,3,2,A,-,03,22350,,N,C,C,A,A,H,-,B,A,0,,,,,Y,,A,01,1,1,1,0,0,0,0,0,0,"- ","- ",,,"CONTRA COSTA",ANTIOCH,-121.78764343261719,38.004173278808594
84562832,2025,2025-02-03,0714,2025-01-23,1346,191,,4,5,4,0714,0,0,0,,0,002,"HOWE ROAD","OLD ORCHARD ROAD",0.00,,Y,A,-,N,,,,,,,,,,N,2,0,1,2,A,-,12,22450,A,N,D,C,A,A,H,-,A,A,0,,,,Y,Y,,G,26,1,0,0,0,0,0,0,0,0,"- ","- ",38.000820159912109,-122.11543273925781,"CONTRA COSTA",MARTINEZ,-122.11363983154297,38.001087188720703
84636990,2024,2025-04-04,0701,2024-11-23,1827,6014,,6,5,5,0701,0,0,0,,0,002,"WILBUR AVE","CAVALLO RD",619.00,E,N,A,-,N,,,,,,,,,,Y,2,0,1,2,A,-,03,22350,,N,D,C,A,A,H,-,C,D,0,,,Y,,Y,,C,02,1,0,0,0,0,0,0,0,1,"- ","- ",,,"CONTRA COSTA",ANTIOCH,-121.7947998046875,38.012260437011719
8465382,2018,2018-09-14,0708,2018-05-09,1917,362,046,3,5,5,0708,0,0,0,,0,001,"MARINA BL","CUTTER ST",0.00,,Y,A,-,N,,,,,,,,,,Y,1,1,0,2,A,-,10,21950,A,N,G,B,B,A,H,-,B,A,0,Y,,,,Y,,A,07,0,0,0,1,0,0,0,0,0,"- ","- ",,,"CONTRA COSTA",PITTSBURG,-121.88751220703125,38.032699584960938
8465574,2018,2019-02-04,0712,2018-01-28,1043,75040,WALNU,7,5,5,0712,0,0,0,,0,040,"OLYMPIC BL","WINDTREE CT",297.00,E,N,A,-,N,,,,,,,,,,Y,1,2,0,1,A,-,07,21658,A,N,E,I,A,A,H,-,A,D,0,,,,,Y,,A,07,0,0,0,0,0,0,0,0,0,"- ","- ",,,"CONTRA COSTA","WALNUT CREEK",-122.08831024169922,37.885501861572266
8465910,2019,2019-07-11,0704,2019-05-19,0041,0533,,7,5,6,0704,0,0,0,,0,006,"KIRKER PASS RD","CLEARBROOK DR",2400.00,E,N,B,C,N,,,,,,,,,,Y,1,1,0,1,A,-,03,22350,,N,D,I,A,B,H,-,D,D,0,,,,,Y,,A,01,0,0,0,0,0,0,0,0,0,"- ","- ",37.962818145751953,-121.94142913818359,"CONTRA COSTA",CONCORD,-121.93332672119141,37.9617919921875
84660790,2025,2025-04-24,0701,2025-03-06,1321,7049,,4,5,5,0701,0,0,0,,0,001,"4TH ST","J ST",0.00,,Y,A,-,N,,,,,,,,,,Y,2,0,1,3,A,-,12,22450,A,F,D,C,A,A,H,-,A,A,0,,,,,Y,,A,01,1,0,0,0,0,0,0,0,0,"- ","- ",,,"CONTRA COSTA",ANTIOCH,-121.81716918945312,38.015449523925781
84664854,2024,2025-04-28,0701,2024-12-23,1635,7046,,1,5,5,0701,0,0,0,,0,001,"W 10TH STREET",AUTOCENTER,0.00,,Y,A,-,N,,,,,,,,,,N,2,0,1,2,A,-,11,21955,,N,G,B,D,A,H,-,A,D,0,Y,,,,Y,,N,60,1,0,0,0,1,0,0,0,0,"- ","- ",38.012569427490234,-121.82981109619141,"CONTRA COSTA",ANTIOCH,-121.82904052734375,38.012481689453125
8467122,2017,2017-10-12,0709,2017-08-26,1533,445,1040,6,5,4,0709,0,0,0,,0,002,"TAYLOR BL","PLEASANT HILL RD",19.00,W,N,A,-,N,,,,,,,,,,Y,2,0,1,2,A,-,07,21658,A,N,C,C,A,A,H,-,A,A,0,,,,,Y,,-,,1,0,0,0,0,0,0,0,0,"- ","- ",,,"CONTRA COSTA","PLEASANT HILL",-122.08804446000001,37.954141470000003
84671766,2025,2025-05-01,0704,2025-04-23,"458 ",0559,,3,5,6,0704,0,0,0,,0,003,"MONUMENT BLVD","MOHR LN",10.00,E,N,A,-,N,,,,,,,,,,N,2,0,1,2,D,-,00,,,N,G,B,B,A,H,-,C,A,0,Y,,,,Y,,-,"- ",1,0,0,0,1,0,0,0,0,"- ","- ",37.948158264160156,-122.05091857910156,"CONTRA COSTA",CONCORD,-122.05084991455078,37.948078155517578
84682865,2024,2025-05-12,0708,2024-12-09,1855,362,,1,5,5,0708,0,0,0,,0,005,"LELAND RD","GLADSTONE DR",181.00,W,N,A,-,N,,,,,,,,,,N,1,1,0,1,A,-,03,22350,,N,E,I,A,A,H,-,C,A,0,,,,,Y,,A,01,0,0,0,0,0,0,0,0,0,"- ","- ",,,"CONTRA COSTA",PITTSBURG,-121.86661529541016,38.008266448974609
84691016,2025,2025-05-19,0734,2025-03-23,1444,055,,7,5,3,0734,0,0,0,,0,051,"MAIN ST","BIG BREAK RD",0.00,,Y,A,-,N,,,,,,,,,,N,2,0,1,2,A,-,11,21954,A,N,G,B,B,A,H,-,A,A,0,Y,,Y,,Y,,N,60,1,0,0,0,0,0,0,0,1,"- ","- ",38.004409790039062,-121.7330322265625,"CONTRA COSTA",OAKLEY,-121.73296356201172,38.004291534423828
84699637,2025,2025-05-26,0708,2025-04-24,1525,357,,4,5,5,0708,0,0,0,,0,003,"LELAND RD","LAWLOR CT",0.00,,Y,A,-,N,,,,,,,,,,N,2,0,1,2,A,-,12,22450,A,N,A,G,A,A,H,-,A,A,0,,Y,,,Y,,L,04,1,0,0,0,0,0,1,0,0,"- ","- ",,,"CONTRA COSTA",PITTSBURG,-121.94020080566406,38.015361785888672
8472745,2017,2017-10-30,0702,2017-10-16,1254,526J,229B,1,5,3,0702,0,0,0,,0,002,"POPPY DR","MARJORAM DR",248.00,S,N,A,-,N,,,,,,,,,,N,2,0,1,1,A,-,03,22350,,N,E,I,A,A,H,-,A,D,0,,,Y,,Y,,C,02,1,0,0,0,0,0,0,0,1,"- ","- ",37.949019999999997,-121.71021,"CONTRA COSTA",BRENTWOOD,-121.70980225,37.949158629999999
84755290,2025,2025-07-14,0704,2025-06-20,1813,0598,,5,5,6,0704,0,0,0,,0,006,"YGNACIO VALLEY RD","PARK HIGHLANDS BLVD",16.00,,N,A,-,N,,,,,,,,,,N,2,0,1,2,A,-,10,21950,A,N,G,B,B,A,H,-,A,A,0,Y,,,,Y,,A,07,1,0,0,0,1,0,0,0,0,"- ","- ",37.949840545654297,-121.96083831787109,"CONTRA COSTA",CONCORD,-121.96083831787109,37.949687957763672
84756720,2025,2025-07-14,0704,2025-06-29,1839,0599,,7,5,6,0704,0,0,0,,0,001,"SOLANO WAY","HILLTOP RD",0.00,,Y,A,-,N,,,,,,,,,,N,2,0,1,1,A,-,03,22350,,N,E,I,A,A,H,-,B,D,0,,,,,Y,,A,01,1,0,0,0,0,0,0,0,0,"- ","- ",37.994548797607422,-122.05200958251953,"CONTRA COSTA",CONCORD,-122.05207061767578,37.994499206542969
84759026,2025,2025-07-14,0701,2025-06-03,1515,7049,,2,5,5,0701,0,0,0,,0,004,"SYCAMORE DR","L ST",22.00,W,N,A,-,N,,,,,,,,,,Y,2,0,1,1,A,-,08,22107,,N,E,I,A,A,H,-,A,A,0,,,Y,,Y,,C,02,1,0,0,0,0,0,0,0,1,"- ","- ",,,"CONTRA COSTA",ANTIOCH,-121.82028961181641,38.003639221191406
8484447,2017,2019-04-10,0706,2017-10-21,2022,110,,6,5,3,0706,0,0,0,,0,001,"SAN PABLO AV",SYCAMORE,43.00,N,N,A,-,N,,,,,,,,,,N,1,1,0,2,A,-,11,21955,,N,G,B,D,A,H,-,C,A,0,Y,,,,Y,,N,60,0,0,0,1,0,0,0,0,0,"- ","- ",,,"CONTRA COSTA",HERCULES,-122.27319961000001,38.013394009999999
8484451,2017,2018-01-22,0706,2017-10-26,2006,186,84,4,5,3,0706,0,0,0,,0,,"SYCAMORE AV","REFUGIO VALLEY RD",0.00,,Y,A,-,N,,,,,,,,,,N,2,0,1,2,A,-,"- ",,,N,H,B,D,A,H,-,C,A,0,Y,,,,Y,,N,60,1,0,0,0,1,0,0,0,0,"- ","- ",,,"CONTRA COSTA",HERCULES,-122.26987989,38.009209910000003
8485887,2017,2017-12-26,0711,2017-10-22,1908,1057,BAY,7,5,4,0711,0,0,0,,0,003,"EMERIC AV","15TH ST",180.00,E,N,-,-,N,,,,,,,,,,N,2,0,1,2,A,-,03,22350,,F,G,B,D,-,-,-,-,D,0,Y,,,,Y,Y,A,01,1,0,0,0,1,0,0,0,0,"- ","- ",37.5715,-122.21158,"CONTRA COSTA","SAN PABLO",-122.35443552,37.954180000000001
8493703,2017,2017-12-14,0704,2017-11-16,1743,0366,,4,5,6,0704,0,0,0,,0,006,"KIRKER PASS RD","CONCORD BL",0.00,,Y,B,-,N,,,,,,,,,,N,2,0,1,2,A,-,10,21950,A,N,G,B,B,B,H,-,C,A,0,Y,,,,Y,,A,01,1,0,0,0,1,0,0,0,0,"- ","- ",37.956670000000003,-121.95131000000001,"CONTRA COSTA",CONCORD,-121.95140992,37.956769909999998
8505523,2017,2017-12-01,0710,2017-10-01,0838,1643,CENTR,7,5,5,0710,0,0,0,,0,006,"CHANSLOR AV","2ND ST",0.00,,Y,A,-,N,,,,,,,,,,Y,2,0,1,4,A,-,12,22450,A,M,D,D,A,A,H,-,A,A,0,,,,,Y,Y,A,01,1,0,0,0,0,0,0,0,0,"- ","- ",,,"CONTRA COSTA",RICHMOND,-122.3676499,37.932449980000001
8509488,2017,2017-12-14,0709,2017-11-13,0419,440,3001,1,5,4,0709,0,0,0,,0,002,"CONTRA COSTA BL","SOUTH 2ND AV",505.00,S,N,A,-,N,,,,,,,,,,Y,2,0,1,1,A,-,07,21658,A,N,A,I,A,A,H,-,C,D,0,,,,,Y,,-,,1,0,0,0,0,0,0,0,0,"- ","- ",,,"CONTRA COSTA","PLEASANT HILL",-122.06700479,37.98025784
8519343,2017,2018-01-08,0704,2017-12-12,0651,337,NORTH,2,5,6,0704,0,0,0,,0,001,"MARKET ST","BROADWAY ST",0.00,,Y,A,-,N,,,,,,,,,,N,2,0,1,2,A,-,11,21954,A,N,G,B,D,A,H,-,C,D,0,Y,,,,Y,,N,60,1,0,0,0,1,0,0,0,0,"- ","- ",,,"CONTRA COSTA",CONCORD,-122.04273987000001,37.9769699
8526937,2017,2018-01-10,0711,2017-11-26,0928,S1088,BAY,7,5,4,0711,0,0,0,,0,001,"EL PORTAL DR","GLENLOCK ST",515.00,W,N,C,-,N,,,,,,,,,,Y,2,0,1,1,A,-,03,22350,,N,E,I,A,B,H,-,A,D,0,,,,,Y,,I,11,1,0,0,0,0,0,0,0,0,"- ","- ",37.57497,-122.1939,"CONTRA COSTA","SAN PABLO",-122.32741102999999,37.963807639999999
8539538,2018,2018-02-10,0711,2018-01-20,0058,1101,BKY,6,5,4,0711,0,0,0,,0,003,"BROOKSIDE AV","23RD ST",0.00,,Y,A,-,N,,,,,,,,,,Y,2,0,1,2,A,-,11,21955,,F,A,B,-,-,H,-,C,-,0,Y,,,,Y,,-,"- ",1,0,0,0,1,0,0,0,0,"- ","- ",,,"CONTRA COSTA","SAN PABLO",-122.345827,37.961649000000001
8541160,2018,2018-02-02,0712,2018-01-13,1754,386,,6,5,5,0712,0,0,0,,0,001,"ROSSMOOR PKWY","TICE VALLEY BL",650.00,S,N,A,-,N,,,,,,,,,,Y,2,0,1,2,A,-,10,21950,A,N,G,B,C,A,H,-,C,D,0,Y,,,,Y,,A,01,1,0,0,0,1,0,0,0,0,"- ","- ",,,"CONTRA COSTA","WALNUT CREEK",-122.0728759765625,37.875141143798828
8582481,2018,2018-03-26,0701,2018-01-16,1619,5839,305,2,5,5,0701,0,0,0,,0,003,"AUTO CENTER DR","MAHOGANY WY",20.00,S,N,A,-,N,,,,,,,,,,Y,2,0,2,5,A,-,"- ",,,N,A,C,A,A,H,-,A,A,0,,,,,Y,,A,01,1,0,1,0,0,0,0,0,0,"- ","- ",,,"CONTRA COSTA",ANTIOCH,-121.83538818359375,38.005619049072266
8582886,2018,2018-03-28,0709,2018-02-13,1529,436,3001,2,5,4,0709,0,0,0,,0,002,"CHILPANCINGO PKWY","CONTRA COSTA BL",100.00,W,N,A,-,N,,,,,,,,,,N,2,0,1,2,A,-,09,21804,A,N,B,C,A,A,H,-,A,D,0,,,,,Y,,-,,1,0,0,0,0,0,0,0,0,"- ","- ",,,"CONTRA COSTA","PLEASANT HILL",-122.06527709960938,37.975620269775391
8598401,2018,2018-08-06,0701,2018-03-23,2340,5335,205,5,5,5,0701,0,0,0,,0,002,"A ST","RT 4",54.00,E,N,A,-,Y,CC,4,4,-,R,27.938,R,4,E,Y,2,0,3,3,A,-,01,23152,A,N,A,C,A,A,H,-,C,A,0,,,,,Y,Y,A,01,1,0,2,0,0,0,0,0,0,"- ","- ",,,"CONTRA COSTA",ANTIOCH,-121.80359649658203,37.998046875
8620491,2018,2018-05-30,0700,2018-05-07,1058,OA009,59,1,5,3,0734,0,0,0,,0,051,"MAIN ST","CAROL LN",0.00,,Y,A,-,N,,,,,,,,,,Y,2,0,2,2,A,-,12,21453,A,N,D,D,A,A,H,-,A,A,0,,,,,Y,,D,22,2,0,0,0,0,0,0,0,0,"- ","- ",38.002140045166016,-121.73240661621094,"CONTRA COSTA",OAKLEY,-121.73236083984375,38.002098083496094
8622540,2018,2018-05-30,0709,2018-04-07,2340,123,,6,5,4,0709,0,0,0,,0,006,"CHILPANCINGO PKWY","OLD QUARRY RD",350.00,E,N,A,-,N,,,,,,,,,,Y,2,0,4,5,A,-,01,23153,A,N,C,C,E,A,H,-,C,D,0,Y,,,,Y,Y,A,01,1,3,0,0,1,0,0,0,0,"- ","- ",33.742710113525391,-118.10317230224609,"CONTRA COSTA","PLEASANT HILL",-122.06691741943359,37.975139617919922
8622764,2018,2018-06-04,0704,2018-05-10,1636,585,,4,5,6,0704,0,0,0,,0,001,"WILLOW PASS RD","FRY WY",0.00,,Y,A,-,N,,,,,,,,,,N,2,0,1,2,A,-,10,21950,A,N,A,B,B,A,H,-,A,A,0,Y,,,,Y,,A,01,1,0,0,0,1,0,0,0,0,"- ","- ",,,"CONTRA COSTA",CONCORD,-122.04138946533203,37.973129272460938
8622768,2018,2018-06-04,0704,2018-05-02,0754,533,,3,5,6,0704,0,0,0,,0,005,"FARM BUREAU RD","WILLOW PASS RD",665.00,W,N,A,-,N,,,,,,,,,,Y,2,0,1,4,A,-,07,21658,A,N,C,C,A,A,H,-,A,D,0,,,,,Y,,A,01,1,0,0,0,0,0,0,0,0,"- ","- ",,,"CONTRA COSTA",CONCORD,-122.01551818847656,37.983341217041016
8660886,2018,2018-08-29,0704,2018-06-23,1708,0561,,6,5,6,0704,0,0,0,,0,003,"TREAT BL","BLARNEY AV",69.00,E,N,A,-,N,,,,,,,,,,Y,2,0,1,2,A,-,08,22107,,N,F,A,A,A,H,-,A,A,0,,,Y,,Y,,A,01,1,0,0,0,0,0,0,0,1,"- ","- ",,,"CONTRA COSTA",CONCORD,-122.02117919921875,37.941291809082031
8664880,2018,2019-07-08,0711,2018-07-04,1013,S1070,,3,5,4,0711,0,0,0,,0,001,"RUMRILL BL","17TH ST",0.00,,Y,A,-,N,,,,,,,,,,N,1,1,0,2,A,-,05,21650,1,N,D,B,E,A,H,-,A,D,0,Y,,,,Y,,N,60,0,0,0,1,0,0,0,0,0,"- ","- ",,,"CONTRA COSTA","SAN PABLO",-122.35035705566406,37.966648101806641
8686077,2018,2018-08-30,0740,2018-07-30,0902,SR033,SR72,1,5,4,0791,0,0,0,,0,PD74,"SAN RAMON VALLEY BL","ALCOSTA BL",0.00,,Y,A,-,N,,,,,,,,,,,2,0,1,2,A,-,12,21453,A,N,D,-,A,A,H,-,A,A,0,,Y,,,Y,,L,04,1,0,0,0,0,0,1,0,0,"- ","- ",37.722949981689453,-121.94239044189453,"CONTRA COSTA","SAN RAMON",-121.94229888916016,37.722930908203125
8688636,2018,2018-09-27,0702,2018-08-01,2304,549D,308B,3,5,3,0702,0,0,0,,0,003,"BALFOUR RD","WILDFLOWER LP",0.00,,Y,A,-,N,,,,,,,,,,Y,2,0,1,1,A,-,03,22350,,M,H,J,A,A,H,-,C,D,0,,,,,Y,,A,01,1,0,0,0,0,0,0,0,0,"- ","- ",37.925640106201172,-121.68625640869141,"CONTRA COSTA",BRENTWOOD,-121.68775177001953,37.925628662109375
8696358,2018,2018-10-24,0704,2018-08-17,1400,533,,5,5,6,0704,0,0,0,,0,004,"PORT CHICAGO HWY","RT 4",0.00,,Y,A,-,Y,CC,4,4,-,R,15.644,R,4,W,Y,2,0,1,2,A,-,12,21453,A,N,D,C,A,A,H,-,A,A,0,,,,,Y,,D,22,1,0,0,0,0,0,0,0,0,"- ",WF,,,"CONTRA COSTA",CONCORD,-122.0191650390625,38.010459899902344
8699423,2018,2018-10-02,0702,2018-07-26,1839,521M,416B,4,5,3,0702,0,0,0,,0,004,"FAIRVIEW AV","CONCORD AV",0.00,,Y,A,-,N,,,,,,,,,,N,2,0,1,2,A,-,12,21453,A,N,D,G,A,A,H,-,B,A,0,,Y,,,Y,,L,04,1,0,0,0,0,0,1,0,0,"- ","- ",37.907188415527344,-121.72357940673828,"CONTRA COSTA",BRENTWOOD,-121.72514343261719,37.905830383300781
8702518,2018,2018-10-10,0701,2018-09-11,2027,5537,409,2,5,5,0701,0,0,0,,0,004,"LONE TREE WY","CLEARBROOK RD",0.00,,Y,A,-,N,,,,,,,,,,Y,2,0,2,2,A,-,08,22107,I,N,D,C,A,A,H,-,C,D,0,,,,,Y,,D,22,1,1,0,0,0,0,0,0,0,"- ","- ",,,"CONTRA COSTA",ANTIOCH,-121.80680847167969,37.987411499023438
8704685,2018,2018-10-31,0709,2018-09-01,0846,449,3130,6,5,4,0709,0,0,0,,0,001,"GREGORY LN","PLEASANT HILL RD",139.00,E,N,A,-,N,,,,,,,,,,Y,2,0,1,2,A,-,03,22350,,N,C,E,A,A,H,-,A,D,0,,,,,Y,,A,01,1,0,0,0,0,0,0,0,0,"- ","- ",,,"CONTRA COSTA","PLEASANT HILL",-122.08191680908203,37.947910308837891
8722476,2018,2018-10-31,0702,2018-09-13,0732,521M,426B,4,5,3,0702,0,0,0,,0,004,"W COUNTRY CLUB DR","ASHFORD PL",0.00,,Y,A,-,N,,,,,,,,,,N,2,0,1,2,A,-,06,21755,A,N,A,E,A,A,H,-,A,D,0,,,Y,,Y,,C,02,1,0,0,0,0,0,0,0,1,"- ","- ",37.92694091796875,-121.75283813476562,"CONTRA COSTA",BRENTWOOD,-121.75301361083984,37.926959991455078
8726422,2018,2019-01-11,0701,2018-06-26,1906,5444,303,2,5,5,0701,0,0,0,,0,003,"SOMERSVILLE RD","RT 4",0.00,,Y,A,-,Y,CC,4,4,-,-,26.189,R,1,E,N,2,0,1,2,A,-,12,21453,A,N,D,G,A,A,H,-,A,A,0,,Y,,,Y,,L,04,1,0,0,0,0,0,1,0,0,"- ","- ",,,"CONTRA COSTA",ANTIOCH,-121.837802,38.003320000000002
8755090,2018,2018-12-27,0700,2018-11-29,1354,OA009,59,4,5,3,0734,0,0,0,,0,051,"EMPIRE AV","LAUREL RD",0.00,,Y,B,-,N,,,,,,,,,,Y,2,0,1,3,A,-,03,22350,,N,C,C,A,B,H,-,A,A,0,,,,,Y,,D,22,1,0,0,0,0,0,0,0,0,"- ","- ",,,"CONTRA COSTA",OAKLEY,-121.73251342773438,37.983020782470703
8759469,2018,2018-12-20,0711,2018-11-05,1831,1112,,1,5,4,0711,0,0,0,,0,,"RUMRILL BL","SUTTER AV",150.00,S,N,A,-,N,,,,,,,,,,Y,2,0,3,4,A,-,01,23152,A,F,D,C,A,A,H,-,C,D,0,,,,,Y,Y,A,01,1,1,1,0,0,0,0,0,0,"- ","- ",,,"CONTRA COSTA","SAN PABLO",-122.35679626464844,37.956939697265625
8762878,2018,2018-12-27,0740,2018-11-21,0039,SR060,SR/72,3,5,4,0791,0,0,0,,0,B44245,"SAN RAMON VALLEY BL","SAN RAMON RD",5.00,S,N,A,-,N,,,,,,,,,,Y,2,0,1,1,A,-,01,23152,A,N,E,I,A,A,H,-,C,A,0,,,,,Y,Y,A,01,1,0,0,0,0,0,0,0,0,"- ","- ",37.723968505859375,-121.94203948974609,"CONTRA COSTA","SAN RAMON",-121.94228363037109,37.722877502441406
8767479,2018,2019-01-30,0711,2018-12-04,1933,S1053,BAY,2,5,4,0711,0,0,0,,0,001,"EL PORTAL DR","MISSION BELL DR",0.00,,Y,B,-,N,,,,,,,,,,N,2,0,1,2,A,-,10,21950,A,F,G,B,B,A,H,-,C,D,0,Y,,,,Y,,-,99,1,0,0,0,1,0,0,0,0,"- ","- ",37.966800689697266,-122.34330749511719,"CONTRA COSTA","SAN PABLO",-122.34353637695312,37.966861724853516
8776468,2019,2019-02-02,0704,2019-01-04,2133,596,,5,5,6,0704,0,0,0,,0,001,"GALINDO ST","WILLOW PASS RD",0.00,,Y,B,-,N,,,,,,,,,,Y,2,0,4,2,A,-,12,21453,A,N,D,C,A,A,H,-,C,A,0,,,,,Y,,A,01,1,0,3,0,0,0,0,0,0,"- ","- ",,,"CONTRA COSTA",CONCORD,-122.03518676757812,37.976039886474609
8806625,2019,2019-02-28,0704,2019-02-01,1056,414,,5,5,6,0704,0,0,0,,0,004,"PORT CHICAGO HWY","PANORAMIC DR",0.00,,Y,B,-,N,,,,,,,,,,,2,0,1,2,A,-,09,21801,A,N,D,C,A,A,H,-,A,A,0,,,,,Y,,A,01,1,0,0,0,0,0,0,0,0,"- ","- ",,,"CONTRA COSTA",CONCORD,-122.0240478515625,38.004428863525391
8808485,2018,2020-05-26,0708,2018-10-20,0412,341,046,6,5,5,0708,0,0,0,,0,005,"BUCHANAN RD","BUCHANAN CROSSING",1657.00,W,N,A,-,N,,,,,,,,,,N,1,1,0,2,A,-,07,21658,A,F,G,B,E,A,H,-,D,D,0,Y,,,,Y,Y,D,22,0,0,0,1,0,0,0,0,0,"- ","- ",,,"CONTRA COSTA",PITTSBURG,-121.89649963378906,37.998100280761719
8813146,2019,2019-03-11,0708,2019-02-07,1614,371,0705,4,5,5,0708,0,0,0,,0,004,"KIRKER PASS RD","PHEASANT DR",849.00,S,N,A,-,N,,,,,,,,,,Y,2,0,4,3,A,-,08,22107,,N,A,C,A,A,H,-,A,D,0,,,,,Y,,A,01,1,0,3,0,0,0,0,0,0,"- ","- ",,,"CONTRA COSTA",PITTSBURG,-121.89596557617188,37.990776062011719
8829110,2018,2019-05-07,0710,2018-03-12,1520,1717,CENTR,1,5,5,0710,0,0,0,,0,005,"KELSEY ST","ALAMO AV",27.00,N,N,B,-,N,,,,,,,,,,N,2,0,2,2,A,-,11,21950,B,N,G,B,D,B,H,-,A,D,0,Y,,,,Y,,N,60,2,0,0,0,1,0,0,0,0,"- ","- ",37.952999114990234,-122.36399841308594,"CONTRA COSTA",RICHMOND,-122.36421203613281,37.953433990478516
8833548,2018,2019-07-22,0710,2018-05-05,2213,1730,NORTH,6,5,5,0710,0,0,0,,0,007,"13TH ST","HELLINGS AV",0.00,,Y,A,-,N,,,,,,,,,,Y,2,0,1,2,A,-,01,23152,A,N,A,E,A,A,H,-,C,A,0,,,,,Y,Y,A,01,1,0,0,0,0,0,0,0,0,"- ","- ",,,"CONTRA COSTA",RICHMOND,-122.35729217529297,37.9481201171875
8838469,2018,2019-05-07,0710,2018-05-25,1006,1705,SOUTH,5,5,5,0710,0,0,0,,0,002,"JULIGA WOODS ST","S 32ND ST",8.00,W,N,B,-,N,,,,,,,,,,Y,2,0,3,2,A,-,12,22450,A,F,B,C,A,A,H,-,A,A,0,,,,,Y,,A,01,1,0,2,0,0,0,0,0,0,"- ","- ",,,"CONTRA COSTA",RICHMOND,-122.33852386474609,37.923755645751953
8838897,2018,2019-05-23,0710,2018-01-06,1431,1540,NORTH,6,5,5,0710,0,0,0,,0,007,"23RD ST","ANDRADE AV",0.00,,Y,A,-,N,,,,,,,,,,Y,2,0,1,2,A,-,08,22107,,N,D,C,A,A,H,-,A,D,0,,,Y,,Y,,A,01,1,0,0,0,0,0,0,0,1,"- ","- ",,,"CONTRA COSTA",RICHMOND,-122.34745788574219,37.947761535644531
8843122,2018,2019-05-03,0701,2018-11-18,1131,5436,204,7,5,5,0701,0,0,0,,0,002,"CAVALLO RD","E 18TH ST",48.00,N,N,A,-,N,,,,,,,,,,N,2,0,1,1,A,-,03,22350,,N,H,A,A,A,H,-,A,A,0,,,Y,,Y,,C,03,1,0,0,0,0,0,0,0,1,"- ","- ",,,"CONTRA COSTA",ANTIOCH,-121.79673004150391,38.005031585693359