CASE_ID,ACCIDENT_YEAR,PROC_DATE,JURIS,COLLISION_DATE,COLLISION_TIME,OFFICER_ID,REPORTING_DISTRICT,DAY_OF_WEEK,CHP_SHIFT,POPULATION,CNTY_CITY_LOC,SPECIAL_COND,BEAT_TYPE,CHP_BEAT_TYPE,CITY_DIVISION_LAPD,CHP_BEAT_CLASS,BEAT_NUMBER,PRIMARY_RD,SECONDARY_RD,DISTANCE,DIRECTION,INTERSECTION,WEATHER_1,WEATHER_2,STATE_HWY_IND,CALTRANS_COUNTY,CALTRANS_DISTRICT,STATE_ROUTE,ROUTE_SUFFIX,POSTMILE_PREFIX,POSTMILE,LOCATION_TYPE,RAMP_INTERSECTION,SIDE_OF_HWY,TOW_AWAY,COLLISION_SEVERITY,NUMBER_KILLED,NUMBER_INJURED,PARTY_COUNT,PRIMARY_COLL_FACTOR,PCF_CODE_OF_VIOL,PCF_VIOL_CATEGORY,PCF_VIOLATION,PCF_VIOL_SUBSECTION,HIT_AND_RUN,TYPE_OF_COLLISION,MVIW,PED_ACTION,ROAD_SURFACE,ROAD_COND_1,ROAD_COND_2,LIGHTING,CONTROL_DEVICE,CHP_ROAD_TYPE,PEDESTRIAN_ACCIDENT,BICYCLE_ACCIDENT,MOTORCYCLE_ACCIDENT,TRUCK_ACCIDENT,NOT_PRIVATE_PROPERTY,ALCOHOL_INVOLVED,STWD_VEHTYPE_AT_FAULT,CHP_VEHTYPE_AT_FAULT,COUNT_SEVERE_INJ,COUNT_VISIBLE_INJ,COUNT_COMPLAINT_PAIN,COUNT_PED_KILLED,COUNT_PED_INJURED,COUNT_BICYCLIST_KILLED,COUNT_BICYCLIST_INJURED,COUNT_MC_KILLED,COUNT_MC_INJURED,PRIMARY_RAMP,SECONDARY_RAMP,LATITUDE,LONGITUDE,COUNTY,CITY,POINT_X,POINT_Y
8846396,2018,2019-05-08,0710,2018-08-15,2246,1740,SOUTH,3,5,5,0710,0,0,0,,0,003,"CUTTING BL","CARLSON BL",0.00,,Y,A,-,N,,,,,,,,,,N,2,0,1,2,A,-,11,21954,A,F,G,B,E,A,H,-,C,A,0,Y,,,,Y,,N,60,1,0,0,0,1,0,0,0,0,"- ","- ",37.925300598144531,-122.33804321289062,"CONTRA COSTA",RICHMOND,-122.33811950683594,37.925209045410156
8877121,2019,2019-06-18,0740,2019-05-25,1222,SR076,,6,5,4,0791,0,0,0,,0,004,"ALCOSTA BL","KIMBALL AV",260.00,W,N,A,-,N,,,,,,,,,,N,2,0,1,2,A,-,17,21209,,N,H,A,A,A,H,-,A,D,0,,Y,,,Y,,A,71,1,0,0,0,0,0,1,0,0,"- ","- ",37.724750518798828,-121.93492889404297,"CONTRA COSTA","SAN RAMON",-121.93559265136719,37.724803924560547
8878603,2019,2019-06-20,0704,2019-05-02,2319,523,,4,5,6,0704,0,0,0,,0,005,"CLAYTON RD","DAVIS AV",0.00,W,N,A,-,N,,,,,,,,,,N,2,0,1,2,D,-,00,,,F,G,B,-,A,H,-,C,-,0,Y,,,,Y,Y,-,"- ",1,0,0,0,1,0,0,0,0,"- ","- ",,,"CONTRA COSTA",CONCORD,-122.01748657226562,37.972259521484375
8886336,2019,2019-07-11,0702,2019-05-14,1525,521M,310B,2,5,3,0702,0,0,0,,0,003,"BRENTWOOD BL","FIR ST",75.00,N,N,A,-,N,,,,,,,,,,N,2,0,2,3,A,-,11,21954,A,N,G,B,D,A,H,-,A,D,0,Y,,,,Y,Y,N,60,1,1,0,0,2,0,0,0,0,"- ","- ",37.927501678466797,-121.69245147705078,"CONTRA COSTA",BRENTWOOD,-121.69258117675781,37.927658081054688
8889113,2019,2019-07-10,0701,2019-06-02,1748,5323,504,7,5,5,0701,0,0,0,,0,005,"LONE TREE WY","EAGLERIDGE DR",157.00,W,N,A,-,N,,,,,,,,,,Y,2,0,1,1,A,-,03,22350,,N,A,I,A,A,H,-,A,A,0,,,Y,,Y,,C,02,1,0,0,0,0,0,0,0,1,"- ","- ",,,"CONTRA COSTA",ANTIOCH,-121.7969970703125,37.971698760986328
8891374,2018,2019-07-19,0710,2018-11-22,1240,1745,CENTR,4,5,5,0710,0,0,0,,0,006,"RICHMOND PKWY","W MACDONALD AV",0.00,S,N,B,-,N,,,,,,,,,,N,2,0,4,2,A,-,12,21453,A,F,C,C,A,B,H,-,A,A,0,,,,,Y,,A,01,1,0,3,0,0,0,0,0,0,"- ","- ",,,"CONTRA COSTA",RICHMOND,-122.37296295166016,37.935909271240234
8907224,2019,2019-09-06,0712,2019-07-31,2313,P504,WALNU,3,5,5,0712,0,0,0,,0,002,"YGNACIO VALLEY RD","OAK GROVE RD",3696.00,E,N,A,-,N,,,,,,,,,,Y,2,0,1,1,A,-,03,22350,,N,H,A,A,A,H,-,C,D,0,,,Y,,Y,,C,02,1,0,0,0,0,0,0,0,1,"- ","- ",,,"CONTRA COSTA","WALNUT CREEK",-122.00337982177734,37.931640625
8911434,2020,2020-08-19,0704,2020-01-17,0621,0537,,5,5,6,0704,0,0,0,,0,004,"PORT CHICAGO","PANORAMIC DR",815.00,,N,A,-,N,,,,,,,,,,Y,1,1,0,2,A,-,05,21651,B,N,A,G,A,A,H,-,C,D,0,,Y,,,Y,,L,04,0,0,0,0,0,1,0,0,0,"- ","- ",38.004459381103516,-122.02410125732422,"CONTRA COSTA",CONCORD,-122.0240478515625,38.004428863525391
8911442,2020,2020-08-19,0704,2020-04-24,0715,0537,,5,5,6,0704,0,0,0,,0,,"CLAYTON RD","HEATHER DR",0.00,,Y,A,-,N,,,,,,,,,,N,1,1,0,2,A,-,09,21801,A,N,D,C,A,A,H,-,A,A,0,,,Y,,Y,,A,01,0,0,0,0,0,0,0,1,0,"- ","- ",37.956558227539062,-121.97328186035156,"CONTRA COSTA",CONCORD,-121.97309875488281,37.957668304443359
8911592,2020,2022-06-11,0710,2020-06-25,2124,1705,NOTHE,4,5,5,0710,0,0,0,,0,008,"SAN PABLO AV","STANTON AV",250.00,N,N,A,-,N,,,,,,,,,,Y,1,1,0,1,A,-,01,23152,A,N,E,I,A,A,H,-,A,D,0,,,,,Y,Y,A,01,0,0,0,0,0,0,0,0,0,"- ","- ",37.980300903320312,-122.33702087402344,"CONTRA COSTA",RICHMOND,-122.33843231201172,37.981468200683594
8911758,2020,2022-06-11,0711,2020-10-05,0514,1045,BAY,1,5,4,0711,0,0,0,,0,003,"SAN PABLO AV","ROAD 20",0.00,,Y,E,-,N,,,,,,,,,,N,1,1,0,2,A,-,11,21456,C,F,G,B,B,A,H,-,C,A,0,Y,,,,Y,,N,60,0,0,0,1,0,0,0,0,0,"- ","- ",,,"CONTRA COSTA","SAN PABLO",-122.34552001953125,37.963371276855469
8921405,2019,2019-10-04,0709,2019-08-14,0906,466,3080,3,5,4,0709,0,0,0,,0,002,"CONTRA COSTA BL","MASSOLO DR",0.00,,Y,A,-,N,,,,,,,,,,N,2,0,1,2,A,-,03,22350,,N,D,D,A,A,H,-,A,D,0,,,Y,,Y,,C,02,1,0,0,0,0,0,0,0,1,"- ","- ",37.956459045410156,-122.05991363525391,"CONTRA COSTA","PLEASANT HILL",-122.06041717529297,37.956020355224609
8924972,2019,2019-09-04,0710,2019-03-30,2134,1662,NORTH,6,5,5,0710,0,0,0,,0,007,"GARVIN AV","34TH ST",0.00,,Y,A,-,N,,,,,,,,,,Y,2,0,1,4,A,-,03,22350,,F,D,C,A,A,H,-,C,A,0,,,,,Y,,A,01,1,0,0,0,0,0,0,0,0,"- ","- ",37.943679809570312,-122.33487701416016,"CONTRA COSTA",RICHMOND,-122.33467864990234,37.943660736083984
8925138,2019,2019-08-28,0710,2019-02-06,1011,1586,,3,5,5,0710,0,0,0,,0,004,"ROOSEVELT AV","18TH ST",0.00,,Y,A,-,N,,,,,,,,,,N,2,0,1,2,A,-,12,22450,A,N,D,G,A,A,H,-,A,A,0,,Y,,,Y,,L,04,1,0,0,0,0,0,1,0,0,"- ","- ",,,"CONTRA COSTA",RICHMOND,-122.35247039794922,37.939949035644531
8925736,2019,2019-09-09,0710,2019-07-17,1914,1605,CENTR,3,5,5,0710,0,0,0,,0,004,"MACDONALD AV","21ST ST",0.00,,Y,A,-,N,,,,,,,,,,N,2,0,1,2,A,-,03,22350,,N,G,B,B,A,H,-,A,A,0,Y,,,,Y,,A,01,1,0,0,0,1,0,0,0,0,"- ","- ",,,"CONTRA COSTA",RICHMOND,-122.34956359863281,37.935741424560547
8927843,2019,2019-08-29,0710,2019-04-29,0358,1740,NORTH,1,5,5,0710,0,0,0,,0,008,"RICHMOND PKWY","LAKESIDE DR",17.00,W,N,A,-,N,,,,,,,,,,Y,2,0,1,1,A,-,08,22107,,N,E,I,A,A,H,-,C,A,0,,,,,Y,,A,01,1,0,0,0,0,0,0,0,0,"- ","- ",,,"CONTRA COSTA",RICHMOND,-122.32878112792969,37.990036010742188
8927915,2019,2019-08-29,0710,2019-04-03,1848,1407,SOUTH,3,5,5,0710,0,0,0,,0,,"SEACLIFF DR","CANAL BL",183.00,W,N,B,-,N,,,,,,,,,,N,2,0,1,1,A,-,03,22350,,N,E,I,A,A,H,-,A,-,0,,,Y,,Y,,C,02,1,0,0,0,0,0,0,0,1,"- ","- ",37.918060302734375,-122.37268829345703,"CONTRA COSTA",RICHMOND,-122.37212371826172,37.916580200195312
8938774,2019,2019-09-30,0740,2019-09-05,1819,SR501,"SR 72",4,5,4,0791,0,0,0,,0,"BEAT 4","ALCOSTA BL","VILLAGE PKWY",0.00,,Y,A,-,N,,,,,,,,,,Y,2,0,3,3,A,-,12,21453,A,N,D,D,A,A,H,-,A,A,0,,,,,Y,,A,07,1,0,2,0,0,0,0,0,0,"- ","- ",37.729290008544922,-121.93225860595703,"CONTRA COSTA","SAN RAMON",-121.93241119384766,37.729328155517578
8939204,2019,2021-05-28,0708,2019-08-30,2345,323,046,5,5,5,0708,0,0,0,,0,003,"WEST LELAND RD","WOODHILL DR",30.00,W,N,A,-,N,,,,,,,,,,Y,1,1,0,1,A,-,01,23152,F,N,E,I,A,A,H,-,C,A,0,,,,,Y,Y,A,01,0,0,0,0,0,0,0,0,0,"- ","- ",,,"CONTRA COSTA",PITTSBURG,-121.95195770263672,38.016593933105469
8961855,2019,2019-10-23,0704,2019-10-11,2343,611,,5,5,6,0704,0,0,0,,0,001,"CLAYTON RD","PARK ST",0.00,,Y,A,-,N,,,,,,,,,,Y,2,0,1,1,A,-,01,23152,,N,E,I,A,A,H,-,C,A,0,,,,,Y,Y,A,01,1,0,0,0,0,0,0,0,0,"- ","- ",,,"CONTRA COSTA",CONCORD,-122.02902221679688,37.975551605224609
8972241,2019,2019-11-14,0704,2019-10-23,1547,539,,3,5,6,0704,0,0,0,,0,005,"CONCORD BL","FARM BUREAU RD",268.00,W,N,A,-,N,,,,,,,,,,Y,2,0,1,2,A,-,03,22350,,N,D,C,A,A,H,-,A,D,0,,,Y,,Y,,C,02,1,0,0,0,0,0,0,0,1,"- ","- ",,,"CONTRA COSTA",CONCORD,-122.01087188720703,37.977664947509766
8977580,2019,2019-11-19,0710,2019-09-17,0758,1705,,2,5,5,0710,0,0,0,,0,,"CUTTING BL","HOFFMAN BL",0.00,,Y,A,-,N,,,,,,,,,,N,2,0,1,2,-,-,"- ",,,N,D,G,A,A,H,-,A,A,0,,Y,,,Y,,-,"- ",1,0,0,0,0,0,1,0,0,"- ","- ",37.925319671630859,-122.36427307128906,"CONTRA COSTA",RICHMOND,-122.36411285400391,37.925239562988281
8987702,2019,2020-01-22,0704,2019-11-13,1810,539,,3,5,6,0704,0,0,0,,0,004,"2ND ST","WILLOW PASS RD",0.00,S,N,A,-,N,,,,,,,,,,N,2,0,1,2,A,-,10,21950,A,F,G,B,B,A,H,-,C,A,0,Y,,,,Y,,A,07,1,0,0,0,1,0,0,0,0,"- ","- ",,,"CONTRA COSTA",CONCORD,-122.02748870849609,37.979110717773438
90008093,2015,2015-10-19,9370,2015-07-28,2220,020279,,2,3,9,0700,0,3,5,,2,012,"6150 N. ARLINGTON BLVD","HARBOR VIEW AVE",25.00,S,N,A,-,N,,,,,,,,,,Y,2,0,1,1,A,-,08,22107,,N,E,I,A,A,H,-,C,D,0,,,,,Y,,A,01,1,0,0,0,0,0,0,0,0,"- ","- ",37.956589999999998,-122.32069,"CONTRA COSTA",UNINCORPORATED,-122.32073364,37.956870649999999
90019855,2015,2015-10-19,9320,2015-09-11,0840,018449,,5,1,4,0790,0,1,1,,2,681,"I-680 TO DIABLO RD.","DIABLO RD.",12.00,N,N,A,-,Y,,,,,,,,,,Y,2,0,1,1,D,-,00,,,N,E,I,A,A,H,-,A,A,0,,,,,Y,,-,"- ",1,0,0,0,0,0,0,0,0,"- ","- ",,,"CONTRA COSTA",DANVILLE,-121.99378338,37.823061209999999
90024338,2015,2015-10-19,9320,2015-09-21,0640,014859,,1,1,9,0700,0,1,3,,2,403,"SR-4 W/B","SAN MARCO BLVD",528.00,E,N,A,-,Y,,,4,,,,,,W,Y,2,0,1,2,A,-,07,21658,A,N,C,C,A,A,H,-,B,D,0,,,Y,,Y,,A,01,1,0,0,0,0,0,0,0,1,"- ","- ",38.021520000000002,-121.95783,"CONTRA COSTA",UNINCORPORATED,-121.95781933000001,38.021576529999997
90037110,2015,2015-10-23,9320,2015-08-16,2159,019253,,7,2,9,0700,0,2,4,,2,013,"SAN PABLO DAM RD","TRI LANE EAST ENTRANCE",540.00,W,N,A,-,Y,,,,,,,,,,Y,1,3,1,2,A,-,01,23152,F,N,B,C,A,A,H,-,D,D,0,,,,,Y,Y,A,01,0,1,0,0,0,0,0,0,0,"- ","- ",,,"CONTRA COSTA",UNINCORPORATED,,
90061213,2015,2015-11-30,9320,2015-11-12,1248,016970,9320,4,1,9,0700,0,1,1,,2,180,"I-80 W/B FROM POMONA","POMONA ST",500.00,E,N,A,-,Y,,,,,,,,,,Y,2,0,2,2,A,-,05,21651,B,N,A,C,A,A,H,-,A,D,0,,,Y,,Y,,C,02,1,0,1,0,0,0,0,0,1,"- ","- ",,,"CONTRA COSTA",UNINCORPORATED,-122.22692000000001,38.05359
90064110,2015,2015-12-02,9320,2015-11-23,1800,019465,,1,2,9,0700,0,1,3,,2,403,"SR-4 W/B","BAILEY ROAD",100.00,W,N,A,-,Y,,,,,,,,,,Y,2,0,1,2,A,-,01,23152,A,N,C,C,A,A,H,-,C,D,0,,,Y,,Y,Y,C,02,1,0,0,0,0,0,0,0,1,"- ","- ",,,"CONTRA COSTA",UNINCORPORATED,-121.94222722000001,38.019120000000001
90073340,2015,2015-12-15,9320,2015-09-03,0310,018525,,4,3,9,0700,0,2,4,,2,077,"MARSH CREEK ROAD","BRAGDON WAY",1056.00,E,N,A,-,N,,,,,,,,,,Y,1,1,0,1,A,-,01,23152,A,N,E,I,A,A,H,-,D,D,0,,,,,Y,,A,07,0,0,0,0,0,0,0,0,0,"- ","- ",37.894109999999998,-121.85656,"CONTRA COSTA",UNINCORPORATED,-121.85617877,37.893950169999997
90078858,2015,2015-12-21,9320,2015-11-30,0207,020667,,1,3,9,0700,0,3,5,,2,075,"MENDOCINO DRIVE","SOLANO AVENUE",0.00,,Y,A,-,N,,,,,,,,,,Y,2,0,1,1,A,-,01,23152,A,N,E,I,A,A,H,-,C,A,0,,,,,Y,Y,A,01,1,0,0,0,0,0,0,0,0,"- ","- ",38.026260000000001,-121.9397,"CONTRA COSTA",UNINCORPORATED,-121.9397299,38.026049950000001
90085171,2015,2015-12-30,9320,2015-12-05,0140,19825,,6,3,9,0700,0,2,4,,2,095,"MARSH CREEK AT BIXLER RD","MARSH CREEK RD",12.00,S,N,A,-,N,,,,,,,,,,Y,2,0,2,1,A,-,01,23152,A,N,E,I,A,A,H,-,D,D,0,,,,,Y,Y,A,01,1,1,0,0,0,0,0,0,0,"- ","- ",37.896389999999997,-121.62302,"CONTRA COSTA",UNINCORPORATED,-121.93422252000001,37.942347570000003
90100590,2016,2016-01-22,9320,2016-01-14,1720,016788,,4,2,9,0700,0,2,4,,2,077,"MARSH CREEK RD","CAMINO DIABLO RD",8976.00,W,N,B,C,N,,,,,,,,,,Y,2,0,3,2,A,-,05,21460,A,N,A,C,A,B,H,-,B,D,0,,,,,Y,,A,07,1,1,1,0,0,0,0,0,0,"- ","- ",,,"CONTRA COSTA",UNINCORPORATED,-121.75358663999999,37.870723249999998
90108289,2016,2016-02-03,9320,2016-01-15,1250,016503,,5,1,9,0700,0,2,4,,2,071,"WILLOW PASS RD.","BELLA VISTA AVE.",10.00,E,N,A,-,N,,,,,,,,,,N,2,0,1,2,A,-,10,21950,A,N,G,B,C,A,H,-,A,D,0,Y,,,,Y,,A,08,1,0,0,0,1,0,0,0,0,"- ","- ",,,"CONTRA COSTA",UNINCORPORATED,-121.93389528,38.026769999999999
90121957,2016,2016-02-23,9320,2016-02-14,0150,019535,,7,3,6,0704,0,1,1,,2,683,"I-680 N/B",SR-242,400.00,S,N,A,-,Y,,,,,,,,,,Y,2,0,1,2,A,-,01,23152,A,N,C,C,A,A,H,-,C,D,0,,,,Y,Y,Y,A,01,1,0,0,0,0,0,0,0,0,"- ","- ",,,"CONTRA COSTA",CONCORD,-122.05245124,37.957896939999998
90147812,2015,2016-03-30,9320,2015-12-25,1057,018449,,5,1,5,0701,0,1,3,,2,404,"EASTBOUND STATE ROUTE 4","G. STREET OVERCROSSING",871.00,W,N,A,-,Y,,,,,,,,,,Y,1,1,1,2,A,-,07,21658,A,F,E,I,A,A,H,-,A,D,0,,,,,Y,,-,99,0,0,1,0,0,0,0,0,0,"- ","- ",,,"CONTRA COSTA",ANTIOCH,-121.8184373,37.998451009999997
90149247,2015,2016-04-01,9320,2015-11-12,1919,016636,,4,2,9,0700,0,2,4,,2,073,"KIRKER PASS RD NB","NORTH HESS RD",860.00,S,N,A,-,N,,,,,,,,,,Y,1,1,1,4,A,-,03,22350,,N,C,C,E,A,D,-,D,A,0,Y,,,,Y,,A,01,1,0,0,1,1,0,0,0,0,"- ","- ",,,"CONTRA COSTA",UNINCORPORATED,-121.93252905,37.96164993
90157172,2016,2016-04-13,9320,2016-02-28,0007,019850,,7,3,3,0707,0,1,1,,2,180,"I-80 E/B","PINOLE VALLEY ROAD",1828.00,E,N,A,-,Y,,,80,,,,,,E,Y,1,1,0,3,A,-,01,23152,A,F,B,E,E,A,H,-,C,D,0,Y,,,,Y,Y,A,01,0,0,0,1,0,0,0,0,0,"- ","- ",38.001159999999999,-122.28198999999999,"CONTRA COSTA",PINOLE,-122.28208193,38.00124855
90170932,2016,2016-05-02,9320,2016-04-26,0519,020579,,2,3,9,0700,0,2,4,,2,071,"PORT CHICAGO HIGHWAY","PACIFICA AVE",313.00,N,N,A,-,N,,,,,,,,,,Y,2,0,5,2,A,-,05,21460,A,N,A,C,A,A,H,-,D,D,0,,,,,Y,,A,01,1,1,3,0,0,0,0,0,0,"- ","- ",38.034889999999997,-121.96048999999999,"CONTRA COSTA",UNINCORPORATED,-121.96048104,38.034869729999997
90182529,2016,2016-05-18,9320,2016-05-13,0250,018973,,5,3,3,0715,0,1,3,,2,241,"SR-24 EASTBOUND","1ST STREET",1080.00,E,N,A,-,Y,,,,,,,,,,N,2,0,1,2,A,-,11,21954,A,F,G,B,D,A,H,-,C,D,0,Y,,,,Y,Y,N,60,1,0,0,0,1,0,0,0,0,"- ","- ",37.895060000000001,-122.12284,"CONTRA COSTA",LAFAYETTE,-122.11296431,37.895112619999999
90184065,2016,2016-05-20,9370,2016-05-17,0845,019866,,2,1,5,0710,0,1,1,,2,083,"I-80 W/B","HILLTOP DR",1300.00,W,N,A,-,Y,,,,,,,,,,Y,2,0,2,3,A,-,07,21658,A,N,B,C,A,A,H,-,A,D,0,,,,,Y,,A,01,1,0,1,0,0,0,0,0,0,"- ","- ",37.582230000000003,-122.19110999999999,"CONTRA COSTA",RICHMOND,-122.31968384,37.972767830000002
90187183,2016,2016-05-25,9370,2016-05-11,1720,018777,,3,2,5,0710,0,1,1,,2,083,"I-80 E/B","HILLTOP DRIVE",1620.00,W,N,A,-,Y,,,80,,,,,,E,Y,2,0,1,3,A,-,07,21658,A,F,B,C,A,A,H,-,A,D,0,,,Y,,Y,,A,01,1,0,0,0,0,0,0,0,1,"- ","- ",37.968000000000004,-122.32089999999999,"CONTRA COSTA",RICHMOND,-122.32118292,37.968117880000001
90195234,2016,2016-06-06,9365,2016-05-28,0046,019107,,6,3,9,0700,0,1,1,,2,001,"I-80 EB","SOLANO COUNTY LINE",200.00,W,N,A,-,Y,,,80,,,,,,E,Y,2,0,2,2,A,-,03,22350,,N,C,C,A,A,H,-,C,D,0,,,,,Y,,A,01,2,0,0,0,0,0,0,0,0,"- ","- ",38.062899999999999,-122.2251,"CONTRA COSTA",UNINCORPORATED,-122.22536424,38.062875480000002
90195843,2016,2016-06-07,9320,2016-05-05,1855,019458,,4,2,9,0700,0,1,1,,2,681,"I-680 S/B","EL PINTADO RD. U/C",0.00,,N,A,-,Y,,,,,,,,,,Y,2,0,1,1,A,-,08,22107,,N,E,I,A,A,H,-,A,D,0,,,,,Y,,A,01,1,0,0,0,0,0,0,0,0,"- ","- ",,,"CONTRA COSTA",UNINCORPORATED,-122.00909987,37.834789989999997
90200539,2016,2016-06-13,9320,2016-06-08,0640,016824,,3,1,3,0715,0,1,3,,2,241,"SR-24 E/B","ACALANES ROAD",15.00,W,N,A,-,Y,,,,,,,,,,Y,2,0,1,1,A,-,08,22107,,N,B,I,A,A,H,-,A,D,0,,,,,Y,,A,01,1,0,0,0,0,0,0,0,0,"- ","- ",,,"CONTRA COSTA",LAFAYETTE,-122.15445106999999,37.891837729999999
90203512,2016,2016-06-16,9320,2016-05-20,1805,019465,,5,2,9,0700,0,2,4,,2,073,"KIRKER PASS ROAD","HESS ROAD",528.00,S,N,A,-,Y,,,,,,,,,,Y,2,0,1,1,A,-,08,22107,,N,F,I,A,A,H,-,A,D,0,,,,,Y,Y,A,07,1,0,0,0,0,0,0,0,0,"- ","- ",,,"CONTRA COSTA",UNINCORPORATED,-121.93138202999999,37.961644100000001
90215368,2016,2016-07-04,9320,2016-06-17,1450,019458,,5,2,9,0700,0,1,3,,2,402,"SR-4 W/B TO I-680 S/B (RAMP)",I-680,60.00,W,N,A,-,Y,,,,,,,,,,N,2,0,1,1,A,-,08,22107,,N,E,I,A,A,H,-,A,D,0,,,Y,,Y,,C,02,1,0,0,0,0,0,0,0,1,"- ","- ",37.59404,-122.41674999999999,"CONTRA COSTA",UNINCORPORATED,-122.07023178999999,37.994545770000002
90237740,2016,2016-08-04,9390,2016-06-11,0803,017392,,6,1,4,0790,0,1,1,,2,069,"I-680 N/B","DIABLO RD",1505.00,S,N,A,-,N,,,680,,,,,,N,Y,2,0,1,1,A,-,01,23152,A,N,E,I,A,A,H,-,A,D,0,,,,,Y,Y,A,01,1,0,0,0,0,0,0,0,0,"- ","- ",37.820689999999999,-121.99288,"CONTRA COSTA",DANVILLE,-121.99318658999999,37.82068348
90240530,2016,2016-08-09,9320,2016-07-18,1657,019465,,1,2,9,0700,0,1,1,,2,683,"I-680 N/B","BNSF OVER-CROSSING",815.00,N,N,A,-,Y,,,,,,,,,,Y,2,0,1,2,A,-,08,22107,,N,E,I,A,A,H,-,A,D,0,,,,,Y,Y,A,01,1,0,0,0,0,0,0,0,0,"- ","- ",,,"CONTRA COSTA",UNINCORPORATED,,
90240994,2016,2016-08-09,9320,2016-08-04,1110,016503,,4,1,9,0700,0,1,3,,1,406,"SR-4 E/B","DISCOVERY BAY BLVD.",7920.00,E,N,A,-,Y,,,,,,,,,,Y,2,0,2,2,A,-,03,22350,,N,C,C,A,A,H,-,A,A,0,,,,,Y,,A,01,1,0,1,0,0,0,0,0,0,"- ","- ",,,"CONTRA COSTA",UNINCORPORATED,-121.57486378,37.890219170000002
90259110,2016,2016-09-01,9320,2016-07-17,1604,020835,,7,2,5,0708,0,1,3,,2,404,"SR-4 EASTBOUND","HARBOR AVENUE",1410.00,E,N,A,-,Y,,,4,,,,,,E,Y,1,1,0,1,A,-,01,23152,A,N,F,I,A,A,H,-,A,D,0,,,,,Y,Y,D,22,0,0,0,0,0,0,0,0,0,"- ","- ",38.010980000000004,-121.86387999999999,"CONTRA COSTA",PITTSBURG,-121.86386718,38.011024450000001
90259818,2016,2017-01-12,9370,2016-07-08,1442,020235,,5,2,5,0710,0,1,1,,2,082,"I-80 E/B","MACDONALD AVE",300.00,W,N,A,-,Y,,,80,,,,,,E,Y,1,1,1,3,A,-,03,22350,,N,C,C,A,A,H,-,A,D,0,,,Y,,Y,,D,22,0,0,1,0,0,0,0,1,0,"- ","- ",37.931870000000004,-122.32541000000001,"CONTRA COSTA",RICHMOND,-122.32535359000001,37.931911220000003
90261897,2016,2016-09-06,9350,2016-08-22,0513,020955,,1,3,5,0710,0,1,1,,2,115,"I-580 W/B","TOLL PLAZA ADMINISTRATION BUILDING",72.00,W,N,B,-,Y,,,580,,,,,,W,Y,2,0,1,1,A,-,07,21658,A,N,E,I,A,A,H,-,C,A,0,,,,,Y,,D,22,1,0,0,0,0,0,0,0,0,"- ","- ",37.93242,-122.40325,"CONTRA COSTA",RICHMOND,-122.40324312,37.932472869999998
90264355,2016,2016-09-08,9365,2016-09-01,1430,019790,,4,2,9,0700,0,1,1,,2,001,"I-80 E/B","DOWRELIO DR",250.00,E,N,A,-,Y,,,80,,,,,,E,Y,2,0,3,2,A,-,07,21658,A,N,B,C,A,A,H,-,A,D,0,,,,,Y,,A,07,1,1,1,0,0,0,0,0,0,"- ","- ",38.055340000000001,-122.22479,"CONTRA COSTA",UNINCORPORATED,-122.22480229999999,38.055341239999997
90284505,2016,2016-10-05,9320,2016-09-21,1808,017219,,3,2,9,0700,0,3,5,,2,075,"INLET DR","SHORE RD",0.00,,Y,A,-,N,,,,,,,,,,N,2,0,1,1,A,-,01,23152,A,N,E,I,A,A,H,-,A,A,0,,,Y,,Y,Y,C,06,1,0,0,0,0,0,0,0,1,"- ","- ",,,"CONTRA COSTA",UNINCORPORATED,-121.96888998,38.038799969999999
90288540,2016,2016-10-11,9390,2016-07-26,1330,017966,,2,1,4,0791,0,1,1,,2,068,"I-680 SOUTHBOUND","MONTEVIDEO DRIVE UNDERCROSSING",1653.00,S,N,A,-,Y,,,680,,,,,,S,Y,1,1,0,1,A,-,08,22107,,N,E,I,A,A,H,-,A,D,0,,,,,Y,Y,D,22,0,0,0,0,0,0,0,0,0,"- ","- ",37.741480000000003,-121.95381999999999,"CONTRA COSTA","SAN RAMON",-121.95374998,37.741528719999998
90302241,2016,2017-02-16,9320,2016-09-30,2315,020498,,5,3,9,0700,0,1,1,,2,180,"I-80 E/B TO CUMMINGS SKYWAY","CUMMINGS SKYWAY",36.00,W,N,A,-,Y,,,80,,,,R,,E,Y,1,1,1,1,A,-,08,22107,,N,E,I,A,A,H,-,C,D,0,,,,,Y,,A,01,1,0,0,0,0,0,0,0,0,"- ","- ",38.044899999999998,-122.23723,"CONTRA COSTA",UNINCORPORATED,-122.23723,38.044899999999998
90302856,2016,2016-10-27,9320,2016-05-04,1513,016788,,3,2,3,0702,0,1,3,,1,406,"SR-4 E/B","SAND CREEK RD U/C",338.00,E,N,B,-,Y,,,,,,,,,,Y,1,1,4,4,A,-,03,22350,,N,C,C,A,A,H,-,A,D,0,,,,Y,Y,,F,26,0,3,1,0,0,0,0,0,0,"- ","- ",,,"CONTRA COSTA",BRENTWOOD,-121.74162655000001,37.942808319999997
90315628,2016,2016-11-09,9370,2016-10-18,1700,020224,,2,2,5,0710,0,1,1,,2,082,"I-80 E/B","CUTTING BLVD",400.00,E,N,A,-,Y,,,80,,,,,,E,Y,2,0,1,3,A,-,03,22350,,N,B,C,A,A,H,-,A,D,0,,,Y,,Y,,C,02,1,0,0,0,0,0,0,0,1,"- ","- ",37.926499999999997,-122.32143000000001,"CONTRA COSTA",RICHMOND,-122.32143301000001,37.926497869999999