CASE_ID,ACCIDENT_YEAR,PROC_DATE,JURIS,COLLISION_DATE,COLLISION_TIME,OFFICER_ID,REPORTING_DISTRICT,DAY_OF_WEEK,CHP_SHIFT,POPULATION,CNTY_CITY_LOC,SPECIAL_COND,BEAT_TYPE,CHP_BEAT_TYPE,CITY_DIVISION_LAPD,CHP_BEAT_CLASS,BEAT_NUMBER,PRIMARY_RD,SECONDARY_RD,DISTANCE,DIRECTION,INTERSECTION,WEATHER_1,WEATHER_2,STATE_HWY_IND,CALTRANS_COUNTY,CALTRANS_DISTRICT,STATE_ROUTE,ROUTE_SUFFIX,POSTMILE_PREFIX,POSTMILE,LOCATION_TYPE,RAMP_INTERSECTION,SIDE_OF_HWY,TOW_AWAY,COLLISION_SEVERITY,NUMBER_KILLED,NUMBER_INJURED,PARTY_COUNT,PRIMARY_COLL_FACTOR,PCF_CODE_OF_VIOL,PCF_VIOL_CATEGORY,PCF_VIOLATION,PCF_VIOL_SUBSECTION,HIT_AND_RUN,TYPE_OF_COLLISION,MVIW,PED_ACTION,ROAD_SURFACE,ROAD_COND_1,ROAD_COND_2,LIGHTING,CONTROL_DEVICE,CHP_ROAD_TYPE,PEDESTRIAN_ACCIDENT,BICYCLE_ACCIDENT,MOTORCYCLE_ACCIDENT,TRUCK_ACCIDENT,NOT_PRIVATE_PROPERTY,ALCOHOL_INVOLVED,STWD_VEHTYPE_AT_FAULT,CHP_VEHTYPE_AT_FAULT,COUNT_SEVERE_INJ,COUNT_VISIBLE_INJ,COUNT_COMPLAINT_PAIN,COUNT_PED_KILLED,COUNT_PED_INJURED,COUNT_BICYCLIST_KILLED,COUNT_BICYCLIST_INJURED,COUNT_MC_KILLED,COUNT_MC_INJURED,PRIMARY_RAMP,SECONDARY_RAMP,LATITUDE,LONGITUDE,COUNTY,CITY,POINT_X,POINT_Y
90348560,2016,2016-12-20,9370,2016-12-07,1948,019160,,3,2,5,0710,0,1,1,,2,082,"I-80 W/B","CUTTING BLVD.",15.00,W,N,C,-,Y,,,80,,,,,,W,Y,2,0,2,2,A,-,01,23152,A,F,B,C,A,B,H,-,C,D,0,,,,,Y,Y,A,01,1,1,0,0,0,0,0,0,0,"- ","- ",37.925359999999998,-122.32111,"CONTRA COSTA",RICHMOND,-122.32107286999999,37.925387239999999
90349814,2016,2016-12-20,9320,2016-12-10,0155,019850,,6,3,9,0700,0,1,3,,2,240,"SR-24 W/B","MORAGA WAY",2500.00,E,N,B,C,Y,,,,,,,,,,Y,2,0,1,1,A,-,01,23152,A,N,E,I,A,B,H,-,D,D,0,,,,,Y,Y,A,01,1,0,0,0,0,0,0,0,0,"- ","- ",,,"CONTRA COSTA",UNINCORPORATED,,
90374815,2017,2017-01-23,9320,2017-01-07,1445,016788,,6,2,9,0700,0,1,3,,1,406,SR-4,"BYRON HWY (J-4)",0.00,,Y,B,-,Y,,,,,,,,,,Y,2,0,1,2,A,-,12,21453,A,F,D,C,A,B,H,-,A,A,0,,,Y,,Y,,C,02,1,0,0,0,0,0,0,0,1,"- ","- ",,,"CONTRA COSTA",UNINCORPORATED,-121.64093,37.890389919999997
90378174,2017,2017-01-26,9320,2017-01-15,0505,020026,,7,3,3,0707,0,1,1,,2,180,"E/B I-80","APPIAN WAY O/C",371.00,E,N,E,-,Y,,,,,,,,,,Y,2,0,2,1,A,-,08,22107,,N,E,I,A,A,H,-,C,D,0,,,,,Y,,A,07,1,1,0,0,0,0,0,0,0,"- ","- ",,,"CONTRA COSTA",PINOLE,,
90394159,2017,2017-02-15,9390,2017-02-02,0925,017095,,4,1,9,0700,0,2,4,,2,112,"CAMINO TASSJARA (8500 BLK.)","DUBLIN CITY LIMITS",743.00,N,N,B,-,N,,,,,,,,,,Y,2,0,3,2,A,-,05,21460,A,N,A,C,A,B,H,-,A,D,0,,,,,Y,,A,01,2,0,1,0,0,0,0,0,0,"- ","- ",37.742100000000001,-121.87130000000001,"CONTRA COSTA",UNINCORPORATED,-121.87130000000001,37.742100000000001
90415206,2017,2017-03-20,9320,2017-02-18,0741,019195,,6,1,6,0704,0,1,3,,2,242,"SR-242 S/B",I-680,1648.00,N,N,B,-,Y,,,242,,,,,,S,Y,2,0,2,3,A,-,07,21658,A,F,B,C,A,B,H,-,A,D,0,,,,Y,Y,,A,07,1,1,0,0,0,0,0,0,0,"- ","- ",37.963459999999998,-122.05046,"CONTRA COSTA",CONCORD,-122.05037446999999,37.963413869999997
90487354,2017,2017-06-26,9320,2017-06-19,2319,021472,,1,3,9,0700,0,1,3,,1,406,"MARSH CREEK ROAD","BYRON HWY",2640.00,W,N,A,-,N,,,,,,,,,,Y,2,0,2,1,A,-,01,23153,A,N,F,A,A,A,H,-,D,D,0,,,,,Y,Y,A,07,1,1,0,0,0,0,0,0,0,"- ","- ",37.896500000000003,-121.65342,"CONTRA COSTA",UNINCORPORATED,-121.65053956,37.89651585
90492157,2017,2017-07-03,9370,2017-06-22,0618,021519,,4,1,5,0710,0,1,1,,2,083,"I-80 E/B","HILLTOP DRIVE",1235.00,E,N,A,-,Y,,,80,,,,,,E,N,2,0,1,2,A,-,08,22107,,F,B,C,A,A,H,-,A,D,0,,,Y,,Y,,-,99,1,0,0,0,0,0,0,0,1,"- ","- ",37.97954,-122.31738,"CONTRA COSTA",RICHMOND,-122.3173221,37.979520659999999
90498024,2017,2017-07-11,9320,2017-07-02,0043,020196,,7,3,9,0700,0,2,4,,2,074,"DEER VALLEY RD","MARSH CREEK RD",1056.00,N,N,A,-,N,,,,,,,,,,Y,2,0,1,1,A,-,08,22107,,N,E,I,A,A,H,-,D,D,0,,,Y,,Y,,C,02,1,0,0,0,0,0,0,0,1,"- ","- ",37.8855,-121.776,"CONTRA COSTA",UNINCORPORATED,-121.77599647,37.884634069999997
90499591,2017,2017-07-13,9320,2017-06-25,0400,021352,,7,3,4,0714,0,1,3,,2,401,"SR-4 E/B","MCEWEN ROAD",7920.00,E,N,A,-,Y,,,,,,,,,,Y,2,0,2,1,A,-,01,23152,A,N,E,I,A,A,H,-,D,D,0,,,,,Y,Y,A,01,2,0,0,0,0,0,0,0,0,"- ","- ",38.003520000000002,-122.15363000000001,"CONTRA COSTA",MARTINEZ,-122.15476122,38.00426229
90507154,2017,2017-07-24,9320,2017-07-17,1600,019238,,1,2,9,0700,0,3,5,,2,060,"MIRANDA AVE","GRANITE DR",0.00,,Y,A,-,N,,,,,,,,,,Y,2,0,2,2,A,-,12,22450,A,N,D,C,A,A,H,-,A,A,0,,,,,Y,,A,07,1,1,0,0,0,0,0,0,0,"- ","- ",,,"CONTRA COSTA",UNINCORPORATED,-122.0196799,37.857449920000001
90547834,2017,2017-09-14,9320,2017-09-13,0529,014911,,3,3,3,0792,0,1,3,,2,240,"SR-24 W/B","WILDER ROAD",528.00,W,N,B,-,Y,,,,,,,,,,Y,2,0,1,1,A,-,03,22350,,N,F,A,A,B,H,-,C,D,0,,,Y,,Y,,C,02,1,0,0,0,0,0,0,0,1,"- ","- ",,,"CONTRA COSTA",ORINDA,,
90549413,2017,2017-09-18,9370,2017-09-16,1800,019059,,6,2,3,0705,0,3,5,,2,012,"SOLANO AVENUE","RALSTON AVENUE",0.00,,Y,A,-,N,,,,,,,,,,Y,2,0,2,3,A,-,12,22450,A,F,D,C,A,A,H,-,A,A,0,,,,,Y,,A,01,1,0,1,0,0,0,0,0,0,"- ","- ",37.945650000000001,-122.31910999999999,"CONTRA COSTA","EL CERRITO",-122.31929996,37.945589900000002
90554766,2017,2017-09-25,9320,2017-09-16,0241,021710,,6,3,9,0700,0,1,3,,2,402,"SR-4 E/B","PORT CHICAGO HWY",389.00,W,N,A,-,Y,,,,,,,,,,Y,2,0,1,1,C,-,18,,,N,F,I,A,A,H,-,D,D,0,,,,,Y,,-,"- ",1,0,0,0,0,0,0,0,0,"- ","- ",38.009120000000003,-122.02435,"CONTRA COSTA",UNINCORPORATED,-122.02414586,38.009286789999997
90557802,2017,2017-09-28,9370,2017-09-20,0755,020475,,3,1,5,0710,0,1,1,,2,082,"I-80 W/B","POTRERO AVE",1307.00,W,N,B,-,Y,,,,,,,,,,Y,2,0,1,2,A,-,07,21658,A,N,C,C,A,A,H,-,A,D,0,,,Y,,Y,,A,07,1,0,0,0,0,0,0,0,1,"- ","- ",37.550220000000003,-122.19032,"CONTRA COSTA",RICHMOND,-122.32005382,37.924025819999997
90563780,2017,2017-10-05,9320,2017-08-18,0030,018803,,5,3,5,0712,0,1,1,,2,681,"I-680 S/B","LIVORNA ROAD",1428.00,N,N,A,-,Y,,,680,,,,,,S,Y,2,0,1,2,A,-,01,23152,A,N,C,C,A,A,H,-,D,D,0,,,,Y,Y,Y,A,01,1,0,0,0,0,0,0,0,0,"- ","- ",37.869109999999999,-122.04071,"CONTRA COSTA","WALNUT CREEK",-122.04075772,37.869074230000003
90578281,2017,2017-10-25,9320,2017-10-13,0008,021728,,5,3,9,0700,0,2,4,,2,083,"TAYLOR ROAD","BETHEL ISLAND ROAD",4224.00,W,N,A,-,N,,,,,,,,,,N,2,0,1,1,C,-,18,,,N,H,H,A,A,H,-,D,D,0,,,Y,,Y,,-,"- ",1,0,0,0,0,0,0,0,1,"- ","- ",38.019509999999997,-121.65419,"CONTRA COSTA",UNINCORPORATED,-121.65323698,38.018631280000001
9058769,2020,2020-04-07,0708,2020-02-08,2127,368,0708,6,5,5,0708,0,0,0,,0,002,"HARBOR ST","STONE HARBOUR DR",0.00,,Y,A,-,N,,,,,,,,,,N,2,0,1,2,A,-,11,21955,,N,G,B,D,A,H,-,C,D,0,Y,,,,Y,,N,60,1,0,0,0,1,0,0,0,0,"- ","- ",,,"CONTRA COSTA",PITTSBURG,-121.88194274902344,38.017650604248047
90588972,2017,2017-11-07,9320,2017-10-15,1805,021546,,7,2,9,0700,0,2,4,,2,034,"CROCKETT BLVD S/B","POMONA ST",3800.00,S,N,A,-,N,,,,,,,,,,Y,2,0,1,1,A,-,08,22107,,N,F,A,A,A,H,-,A,D,0,,,Y,,Y,,C,02,1,0,0,0,0,0,0,0,1,"- ","- ",38.042810000000003,-122.21681,"CONTRA COSTA",UNINCORPORATED,-122.21714919,38.043012220000001
90595461,2017,2017-11-16,9370,2017-11-15,0610,020428,,3,1,4,0711,0,1,1,,2,083,"I-80 W/B","EL PORTAL DR.",1726.00,W,N,B,-,Y,,,80,,,,,,W,N,2,0,1,2,A,-,03,22350,,N,B,C,A,B,H,-,A,D,0,,,Y,,Y,,C,02,1,0,0,0,0,0,0,0,1,"- ","- ",37.963560000000001,-122.32756999999999,"CONTRA COSTA","SAN PABLO",-122.32753820000001,37.963501710000003
90599334,2017,2017-11-21,9320,2017-11-13,1654,018803,,1,2,9,0700,0,1,3,,2,240,"SR-24 W/B","WILDER ROAD",1420.00,W,N,C,-,Y,,,24,,,,,,W,Y,2,0,2,2,A,-,03,22350,,N,B,C,A,B,H,-,C,D,0,,,,,Y,,D,22,1,0,1,0,0,0,0,0,0,"- ","- ",37.86739,-122.20268,"CONTRA COSTA",UNINCORPORATED,-122.20266202000001,37.867283720000003
90603504,2017,2017-11-28,9320,2017-11-22,0030,020192,,3,3,9,0700,0,1,3,,2,403,"SR-4 E/B","WILLOW PASS ROAD",1000.00,E,N,A,-,Y,,,4,,,,,,E,Y,2,0,1,2,A,-,01,23152,A,N,C,C,A,A,H,-,D,D,0,,,,Y,Y,Y,A,01,1,0,0,0,0,0,0,0,0,"- ","- ",38.019150000000003,-121.98591999999999,"CONTRA COSTA",UNINCORPORATED,-121.98598947000001,38.019311999999999
90615902,2017,2018-01-31,9350,2017-12-04,0900,021740,,1,1,9,0700,0,1,1,,2,115,"I-580 W/B","RICHMOND/SAN RAFAEL BRIDGE TOLL PLAZA",4752.00,W,N,A,-,Y,,,,,,,,,,Y,1,1,0,3,A,-,03,22350,,N,C,C,A,A,H,-,A,D,0,,,,,Y,,A,01,0,0,0,0,0,0,0,0,0,"- ","- ",37.933549999999997,-122.42167000000001,"CONTRA COSTA",UNINCORPORATED,,
90632473,2017,2018-01-03,9320,2017-12-23,2200,019546,,6,3,9,0700,0,1,1,,2,683,"I-680 N/B","ARTHUR ROAD",4224.00,N,N,A,-,Y,,,680,,,,,,N,Y,2,0,2,1,A,-,08,22107,,N,E,I,A,A,H,-,D,D,0,,,,,Y,,A,01,2,0,0,0,0,0,0,0,0,"- ","- ",38.015819999999998,-122.09287,"CONTRA COSTA",UNINCORPORATED,-122.09298788,38.015701679999999
90636856,2018,2018-01-10,9320,2018-01-03,1720,019759,,3,2,3,0702,0,1,3,,1,406,SR-4,"MARSH CREEK RD.",2275.00,W,N,B,-,Y,,,4,,,,,,,Y,2,0,3,2,A,-,05,21460,A,N,A,C,A,B,H,-,D,D,0,,,,,Y,,A,01,1,2,0,0,0,0,0,0,0,"- ","- ",37.900058746337891,-121.71839141845703,"CONTRA COSTA",BRENTWOOD,-121.71842956542969,37.900028228759766
90637052,2017,2018-01-10,9320,2017-12-23,0640,018449,,6,1,3,0715,0,1,3,,2,241,"SR-24 WESTBOUND","FIRST ST.",281.00,W,N,A,-,Y,,,24,,,,,,W,Y,2,0,6,1,A,-,01,23152,A,N,E,I,A,A,H,-,C,D,0,,,,,Y,Y,A,01,1,4,1,0,0,0,0,0,0,"- ","- ",37.89528,-122.1156,"CONTRA COSTA",LAFAYETTE,-122.11556804999999,37.895077780000001
90657966,2018,2018-02-08,9320,2018-01-17,1937,019759,,3,2,9,0700,0,2,4,,2,086,"DELTA RD. W/B","CURLEW CONNEX",124.00,W,N,C,-,N,,,,,,,,,,N,1,1,0,2,A,-,11,21956,A,N,G,B,E,B,H,-,D,D,0,Y,,,,Y,,N,60,0,0,0,1,0,0,0,0,0,"- ","- ",37.968841552734375,-121.66893768310547,"CONTRA COSTA",UNINCORPORATED,-121.66892242431641,37.968830108642578
90658861,2018,2018-02-12,9320,2018-02-05,0625,019086,,1,1,6,0704,0,1,3,,2,242,"SR-242 S/B","CLAYTON RD",850.00,S,N,A,-,Y,,,242,,,,,,S,Y,2,0,1,2,A,-,03,22350,,N,C,C,A,A,H,-,B,D,0,,,,,Y,,A,01,1,0,0,0,0,0,0,0,0,"- ","- ",37.967350006103516,-122.04863739013672,"CONTRA COSTA",CONCORD,-122.04857635498047,37.967323303222656
90660996,2018,2018-02-14,9320,2018-02-04,0104,021496,,7,3,3,0715,0,1,3,,2,241,"SR-24 WESTBOUND","OAK HILL ROAD U/C",422.00,W,N,A,-,Y,,,24,,,,,,W,Y,2,0,1,1,A,-,01,23152,A,N,E,I,A,A,H,-,C,D,0,,,,,Y,Y,A,01,1,0,0,0,0,0,0,0,0,"- ","- ",37.893741607666016,-122.12283325195312,"CONTRA COSTA",LAFAYETTE,-122.12284851074219,37.893833160400391
90666348,2017,2018-04-03,9320,2017-12-18,2345,021710,,1,3,9,0700,0,2,S,,2,080,"BALFOUR ROAD","DEER VALLEY ROAD",1630.00,E,N,A,-,N,,,,,,,,,,Y,1,1,0,1,A,-,08,22107,,N,E,I,A,A,H,-,D,D,0,,,,,Y,,A,01,0,0,0,0,0,0,0,0,0,"- ","- ",37.925289999999997,-121.77233,"CONTRA COSTA",UNINCORPORATED,-121.77245779,37.925265940000003
90666705,2018,2018-02-22,9390,2018-02-17,2021,020368,,6,2,9,0700,0,2,4,,2,112,"CAMINO TASSAJARA 5300 BLOCK","FINLEY ROAD",528.00,S,N,A,-,N,,,,,,,,,,N,2,0,1,2,A,-,11,21954,A,N,G,B,E,A,H,-,D,D,0,Y,,,,Y,Y,N,60,1,0,0,0,1,0,0,0,0,"- ","- ",37.792671203613281,-121.86398315429688,"CONTRA COSTA",UNINCORPORATED,-121.86432647705078,37.793567657470703
90676537,2018,2018-03-07,9320,2018-02-26,1515,022013,,1,2,9,0700,0,3,5,,2,075,"WILLOW PASS RD","EVORA RD",250.00,S,N,B,-,N,,,,,,,,,,N,2,0,1,2,A,-,03,22350,,N,C,C,A,A,H,-,A,D,0,,,Y,,Y,,C,02,1,0,0,0,0,0,0,0,1,"- ","- ",38.024101257324219,-121.96499633789062,"CONTRA COSTA",UNINCORPORATED,-121.99821472167969,38.014331817626953
90677766,2018,2018-03-08,9320,2018-03-02,1055,021373,,5,1,3,0715,0,1,3,,2,241,"SR-24 E/B","OAK HILL RD.",0.00,,N,B,-,Y,,,24,,,,,,E,Y,2,0,1,1,A,-,08,22107,,N,E,I,A,A,H,-,A,D,0,,,,,Y,,A,01,1,0,0,0,0,0,0,0,0,"- ","- ",37.890598297119141,-122.13477325439453,"CONTRA COSTA",LAFAYETTE,-122.13475036621094,37.890495300292969
90681796,2018,2018-03-14,9320,2018-02-28,1312,016788,,3,1,9,0700,0,1,3,,2,401,"SR-4 E/B","MCEWEN RD U/C",3914.00,E,N,B,-,Y,,,,,,,,,,Y,2,0,3,2,A,-,03,22350,,N,C,C,A,A,D,-,A,A,0,,,,Y,Y,,A,01,1,2,0,0,0,0,0,0,0,"- ","- ",,,"CONTRA COSTA",UNINCORPORATED,-122.16761016845703,38.007606506347656
90686741,2017,2018-04-09,9320,2017-10-07,2214,021440,,6,3,5,0708,0,2,4,,2,072,"BAILEY RD","MYRTLE DR",9504.00,N,N,A,-,N,,,,,,,,,,Y,1,1,4,2,A,-,05,21460,A,N,A,C,A,A,H,-,D,D,0,,,,,Y,,D,22,3,1,0,0,0,0,0,0,0,"- ","- ",37.992289999999997,-121.94883,"CONTRA COSTA",PITTSBURG,-121.94897659,37.991704149999997
90697242,2018,2018-06-20,9320,2018-03-23,2343,021472,,5,3,9,0700,0,1,3,,2,402,"SR-4 E/B","WILLOW PASS ROAD",68.00,W,N,B,-,Y,,,4,,,,,,E,Y,1,1,2,2,A,-,01,23152,A,N,B,D,A,A,H,-,D,D,0,,,,,Y,Y,A,07,2,0,0,0,0,0,0,0,0,"- ","- ",38.013481140136719,-121.99787139892578,"CONTRA COSTA",UNINCORPORATED,-121.99786376953125,38.013458251953125
90698450,2018,2018-04-04,9320,2018-03-29,1100,020889,,4,1,3,0715,0,1,3,,2,241,"SR-24 W/B","FIRST ST. UNDER CROSSING",95.00,E,N,A,-,Y,,,24,,,,,,W,Y,2,0,1,2,A,-,08,22107,,N,E,I,A,A,H,-,A,D,0,,,,,Y,,A,08,1,0,0,0,0,0,0,0,0,"- ","- ",37.894889831542969,-122.11624145507812,"CONTRA COSTA",LAFAYETTE,-122.11624908447266,37.894966125488281
90713990,2017,2019-06-03,9370,2017-11-25,2007,021519,,6,2,4,0711,0,1,1,,2,083,"I-80 E/B","SAN PABLO DAM ROAD",1980.00,E,N,A,-,Y,,,,,,,,,,Y,1,4,6,5,A,-,01,23152,A,F,B,C,A,A,H,-,D,D,0,,,,,Y,Y,A,01,1,4,1,0,0,0,0,0,0,"- ","- ",,,"CONTRA COSTA","SAN PABLO",-122.32712244,37.951050449999997
90723243,2018,2018-05-09,9390,2018-04-28,0945,017966,,6,1,9,0700,0,3,5,,2,100,"MORGAN TERRITORY ROAD (10900 BLOCK)","SKY RANCH DRIVE",0.00,,N,B,-,N,,,,,,,,,,N,2,0,3,3,A,-,08,22107,,N,E,J,A,A,E,-,A,D,0,,Y,,,Y,,L,04,2,1,0,0,0,0,3,0,0,"- ","- ",37.796459197998047,-121.77911376953125,"CONTRA COSTA",UNINCORPORATED,-121.78025054931641,37.797481536865234
90731915,2018,2018-05-23,9320,2018-05-17,1625,020981,,4,2,9,0700,0,3,5,,2,075,"TINA STREET","CHANDLER CIRCLE",125.00,N,N,A,-,N,,,,,,,,,,N,2,0,1,2,A,-,03,22350,,N,A,E,A,A,H,-,A,D,0,,,Y,,Y,,C,03,1,0,0,0,0,0,0,0,1,"- ","- ",38.029010772705078,-121.95249938964844,"CONTRA COSTA",UNINCORPORATED,-121.95250701904297,38.02899169921875
90746175,2018,2018-06-12,9320,2018-05-25,0120,021460,,5,3,9,0700,0,1,1,,2,180,"I-80 E/B","POMONA ST",415.00,W,N,A,-,Y,,,80,,,,,,E,Y,2,0,1,2,A,-,08,22107,,N,E,I,A,A,H,-,C,D,0,,,,Y,Y,,G,27,1,0,0,0,0,0,0,0,0,"- ","- ",38.051811218261719,-122.22843170166016,"CONTRA COSTA",UNINCORPORATED,-122.22849273681641,38.051895141601562
90756043,2018,2018-06-26,9320,2018-06-24,1140,021318,,7,1,9,0700,0,2,4,,2,046,"TREAT BOULEVARD WESTBOUND","BUSKIRK AVENUE",0.00,,Y,A,-,Y,,,,,,,,,,Y,2,0,2,2,A,-,01,23152,A,N,D,C,A,A,H,-,A,A,0,,,,,Y,Y,A,01,1,0,1,0,0,0,0,0,0,"- ","- ",37.926559448242188,-122.06002044677734,"CONTRA COSTA",UNINCORPORATED,-122.06002044677734,37.926460266113281
90770076,2018,2018-07-16,9320,2018-06-04,1420,020810,,1,2,9,0700,0,2,4,,2,097,"VASCO RD","WALNUT BLVD",4550.00,S,N,A,-,N,,,,,,,,,,Y,1,1,3,3,A,-,06,21751,,N,A,C,A,A,H,-,A,D,0,,,,Y,Y,,A,01,1,0,2,0,0,0,0,0,0,"- ","- ",37.879150390625,-121.68521881103516,"CONTRA COSTA",UNINCORPORATED,-121.69647979736328,37.887500762939453
90781927,2018,2018-08-01,9320,2018-07-24,1858,020984,,2,2,9,0700,0,1,3,,2,403,"SR-4 E/B","SAN MARCO BLVD",2640.00,W,N,A,-,Y,,,4,,,,,,E,Y,2,0,1,2,A,-,07,21658,A,N,E,A,A,A,H,-,A,D,0,,,Y,,Y,,A,01,1,0,0,0,0,0,0,0,1,"- ","- ",38.023700714111328,-121.97209930419922,"CONTRA COSTA",UNINCORPORATED,-121.97209930419922,38.023750305175781
9078407,2020,2020-10-02,0705,2020-03-14,1719,E207,,6,5,3,0705,0,0,0,,0,011,"SAN PABLO AV","POTRERO AV",0.00,,Y,B,-,Y,CC,4,123,-,-,1.750,I,5,S,N,2,0,1,2,A,-,09,21801,A,N,A,C,A,B,H,-,A,A,0,,,,,Y,,A,07,1,0,0,0,0,0,0,0,0,"- ","- ",37.920669555664062,-122.31522369384766,"CONTRA COSTA","EL CERRITO",-122.31517028808594,37.920719146728516
90785204,2018,2018-09-25,9390,2018-07-29,1630,020357,,7,2,4,0790,0,1,1,,2,068,"I-680 NORTHBOUND","SYCAMORE VALLEY RD.",5280.00,S,N,A,-,Y,,,680,,,,,,N,Y,2,0,2,3,A,-,07,21658,A,N,B,C,A,A,H,-,A,D,0,,,,,Y,,A,01,1,0,1,0,0,0,0,0,0,"- ","- ",37.796451568603516,-121.98532104492188,"CONTRA COSTA",DANVILLE,-121.98526763916016,37.796485900878906
90794954,2018,2018-08-21,9320,2018-06-04,0138,021293,,1,3,5,0712,0,1,1,,2,682,"I-680 SB","LIVORNA RD.",2112.00,N,N,A,-,Y,,,680,,,,,,S,Y,1,1,0,1,A,-,01,23152,A,N,E,I,A,A,H,-,D,D,0,,,,,Y,Y,A,01,0,0,0,0,0,0,0,0,0,"- ","- ",37.868099212646484,-122.04000091552734,"CONTRA COSTA","WALNUT CREEK",-122.04003143310547,37.868080139160156
90798562,2018,2018-08-31,9320,2018-08-18,2230,021164,,6,3,5,0701,0,1,3,,2,404,"SR-4 E/B","A STREET",1350.00,W,N,A,-,Y,,,4,,,,,,E,Y,2,0,3,2,A,-,01,23152,A,N,A,C,A,A,H,-,C,D,0,,,,,Y,Y,D,22,3,0,0,0,0,0,0,0,0,"- ","- ",37.998100280761719,-121.81130218505859,"CONTRA COSTA",ANTIOCH,-121.81130218505859,37.998104095458984
90804016,2018,2018-10-22,9370,2018-08-07,1200,021552,,2,1,5,0710,0,1,1,,2,083,"I-80 E/B","RICHMOND PARKWAY",333.00,W,N,A,-,Y,,,,,,,,,,Y,2,0,2,4,A,-,07,21658,A,F,B,C,A,A,H,-,A,D,0,,,Y,,Y,,-,99,1,1,0,0,0,0,0,0,1,"- ","- ",37.591098785400391,-122.18547821044922,"CONTRA COSTA",RICHMOND,,
90831075,2018,2019-02-13,9320,2018-09-29,1521,022082,,6,2,9,0700,0,2,4,,2,012,"SAN PABLO DAM RD.","CAVORETTO LN.",100.00,E,N,A,-,N,,,,,,,,,,N,2,0,1,1,A,-,08,22107,,N,F,A,A,A,H,-,A,D,0,,,Y,,Y,,C,02,1,0,0,0,0,0,0,0,1,"- ","- ",37.957801818847656,-122.27950286865234,"CONTRA COSTA",UNINCORPORATED,-122.27947235107422,37.957588195800781
90838257,2018,2020-05-28,9390,2018-10-05,1740,020357,,5,2,9,0700,0,2,4,,2,113,"HIGHLAND RD.","VICTORINE RD.",200.00,W,N,A,-,Y,,,,,,,,,,Y,2,0,2,1,A,-,08,22107,,N,E,I,A,A,H,-,A,D,0,,,,,Y,,A,01,1,0,1,0,0,0,0,0,0,"- ","- ",37.768550872802734,-121.79920959472656,"CONTRA COSTA",UNINCORPORATED,-121.79933929443359,37.768611907958984
90840767,2018,2018-10-22,9320,2018-10-10,1705,021352,,3,2,6,0704,0,1,3,,2,402,"SR-4 E/B",I-680,2640.00,E,N,A,-,Y,,,,,,,,,,Y,2,0,1,3,A,-,07,21658,A,N,B,C,A,A,H,-,A,D,0,,,Y,,Y,,A,08,1,0,0,0,0,0,0,0,1,"- ","- ",37.998050689697266,-122.06073760986328,"CONTRA COSTA",CONCORD,-122.06971740722656,37.994529724121094
90844139,2018,2018-11-05,9320,2018-07-24,1921,016584,,2,2,9,0700,0,2,4,,2,032,"SAN PABLO AVE.","MERCHANT ST.",2146.00,W,N,A,-,N,,,,,,,,,,N,1,1,0,2,A,-,03,22350,,F,H,G,A,A,H,-,A,D,0,,Y,,,Y,Y,A,01,0,0,0,0,0,1,0,0,0,"- ","- ",38.055500030517578,-122.23851013183594,"CONTRA COSTA",UNINCORPORATED,-122.23755645751953,38.055290222167969
90850979,2018,2018-11-01,9320,2018-10-26,1520,021423,,5,2,9,0700,0,1,3,,2,402,"SR-4 E/B","GLACIER DR U/C",465.00,W,N,A,-,Y,,,,,,,,,,Y,2,0,1,2,A,-,03,22350,,N,C,C,A,A,H,-,A,D,0,,,,,Y,,D,22,1,0,0,0,0,0,0,0,0,"- ","- ",37.990871429443359,-122.08854675292969,"CONTRA COSTA",UNINCORPORATED,-122.08842468261719,37.990879058837891
90852670,2018,2018-11-05,9320,2018-10-20,1407,020026,,6,2,5,0701,0,1,3,,2,405,"SR-4 E/B OFF RAMP TO LONETREE WAY","LONETREE WAY",537.00,N,N,A,-,Y,,,,,,,,,,Y,2,0,1,1,A,-,08,22107,,N,E,I,A,A,H,-,A,D,0,,,,,Y,,A,01,1,0,0,0,0,0,0,0,0,"- ","- ",,,"CONTRA COSTA",ANTIOCH,,
90867197,2018,2018-11-26,9370,2018-11-14,1135,021552,,3,1,5,0710,0,1,1,,2,082,"I-80 E/B","SOLANO AVENUE",335.00,E,N,A,-,Y,,,80,,,,,,E,Y,2,0,1,1,A,-,08,22107,,N,E,I,A,A,H,-,A,D,0,,,,,Y,,A,01,1,0,0,0,0,0,0,0,0,"- ","- ",37.944419860839844,-122.32382965087891,"CONTRA COSTA",RICHMOND,-122.32394409179688,37.944366455078125