CASE_ID,ACCIDENT_YEAR,PROC_DATE,JURIS,COLLISION_DATE,COLLISION_TIME,OFFICER_ID,REPORTING_DISTRICT,DAY_OF_WEEK,CHP_SHIFT,POPULATION,CNTY_CITY_LOC,SPECIAL_COND,BEAT_TYPE,CHP_BEAT_TYPE,CITY_DIVISION_LAPD,CHP_BEAT_CLASS,BEAT_NUMBER,PRIMARY_RD,SECONDARY_RD,DISTANCE,DIRECTION,INTERSECTION,WEATHER_1,WEATHER_2,STATE_HWY_IND,CALTRANS_COUNTY,CALTRANS_DISTRICT,STATE_ROUTE,ROUTE_SUFFIX,POSTMILE_PREFIX,POSTMILE,LOCATION_TYPE,RAMP_INTERSECTION,SIDE_OF_HWY,TOW_AWAY,COLLISION_SEVERITY,NUMBER_KILLED,NUMBER_INJURED,PARTY_COUNT,PRIMARY_COLL_FACTOR,PCF_CODE_OF_VIOL,PCF_VIOL_CATEGORY,PCF_VIOLATION,PCF_VIOL_SUBSECTION,HIT_AND_RUN,TYPE_OF_COLLISION,MVIW,PED_ACTION,ROAD_SURFACE,ROAD_COND_1,ROAD_COND_2,LIGHTING,CONTROL_DEVICE,CHP_ROAD_TYPE,PEDESTRIAN_ACCIDENT,BICYCLE_ACCIDENT,MOTORCYCLE_ACCIDENT,TRUCK_ACCIDENT,NOT_PRIVATE_PROPERTY,ALCOHOL_INVOLVED,STWD_VEHTYPE_AT_FAULT,CHP_VEHTYPE_AT_FAULT,COUNT_SEVERE_INJ,COUNT_VISIBLE_INJ,COUNT_COMPLAINT_PAIN,COUNT_PED_KILLED,COUNT_PED_INJURED,COUNT_BICYCLIST_KILLED,COUNT_BICYCLIST_INJURED,COUNT_MC_KILLED,COUNT_MC_INJURED,PRIMARY_RAMP,SECONDARY_RAMP,LATITUDE,LONGITUDE,COUNTY,CITY,POINT_X,POINT_Y
90870784,2018,2018-11-29,9320,2018-11-16,1500,021293,,5,2,9,0700,0,1,1,,2,684,"I-680 NB","BRIDGEHEAD RD",2640.00,N,N,F,-,Y,,,,,,,,,,Y,2,0,2,2,A,-,03,22350,,N,C,C,A,A,H,-,A,D,0,,,Y,,Y,,C,02,1,0,1,0,0,0,0,0,1,"- ","- ",38.040401458740234,-122.11975860595703,"CONTRA COSTA",UNINCORPORATED,-122.12217712402344,38.039608001708984
9087561,2019,2020-05-09,0710,2019-12-14,1548,1705,NORTH,6,5,5,0710,0,0,0,,0,008,"SAN PABLO AV","HILLTOP DR",480.00,S,N,A,-,N,,,,,,,,,,Y,2,0,1,1,A,-,03,22350,,N,F,I,A,A,H,-,A,D,0,,,,,Y,Y,A,01,1,0,0,0,0,0,0,0,0,"- ","- ",37.985988616943359,-122.33545684814453,"CONTRA COSTA",RICHMOND,-122.33599090576172,37.984703063964844
90883382,2018,2018-12-14,9320,2018-12-10,0800,021203,,1,1,9,0700,0,1,1,,2,180,"I-80 EASTBOUND","WILLOW AVENUE",1584.00,E,N,B,-,Y,,,80,,,,,,E,Y,2,0,1,1,A,-,01,23152,A,N,E,J,A,A,H,-,A,D,0,,,,,Y,Y,A,01,1,0,0,0,0,0,0,0,0,"- ","- ",38.026840209960938,-122.25817108154297,"CONTRA COSTA",UNINCORPORATED,-122.25823974609375,38.026905059814453
90883540,2018,2018-12-14,9320,2018-12-11,0705,016563,,2,1,9,0700,0,3,5,,2,060,"MOUNTAIN VIEW BLVD","SAN MIGUEL DR",0.00,,Y,A,-,N,,,,,,,,,,Y,2,0,1,1,A,-,08,22107,,N,F,A,A,B,H,-,A,A,0,,,Y,,Y,,C,02,1,0,0,0,0,0,0,0,1,"- ","- ",37.885940551757812,-122.03704071044922,"CONTRA COSTA",UNINCORPORATED,-122.03701019287109,37.885959625244141
90888467,2018,2018-12-24,9320,2018-12-14,0210,021433,,5,3,9,0700,0,2,4,,2,011,"APPIAN WAY N/B","SOBRANTE AVE",56.00,S,N,A,-,N,,,,,,,,,,Y,2,0,1,1,A,-,01,23152,A,N,E,I,A,A,H,-,C,D,0,,,Y,,Y,Y,C,02,1,0,0,0,0,0,0,0,1,"- ","- ",37.977008819580078,-122.29550170898438,"CONTRA COSTA",UNINCORPORATED,-122.29607391357422,37.976776123046875
90888480,2018,2018-12-24,9320,2018-12-18,1855,019759,,2,2,9,0700,0,1,3,,1,406,SR-4,"BYRON HIGHWAY",500.00,E,N,B,-,Y,,,4,,,,,,,Y,2,0,3,4,C,-,18,,,N,B,C,A,A,H,-,D,D,0,,,,,Y,,-,"- ",2,1,0,0,0,0,0,0,0,"- ","- ",37.889430999755859,-121.63964080810547,"CONTRA COSTA",UNINCORPORATED,-121.63963317871094,37.889450073242188
90921218,2019,2019-02-07,9320,2019-02-02,1425,021352,,6,2,9,0700,0,2,4,,2,038,"ALHAMBRA VALLEY ROAD","CASTRO RANCH ROAD",2640.00,W,N,C,-,N,,,,,,,,,,Y,2,0,2,2,A,-,05,21460,A,N,D,C,A,B,H,-,A,D,0,,,,,Y,,A,01,1,1,0,0,0,0,0,0,0,"- ","- ",37.971099853515625,-122.24314117431641,"CONTRA COSTA",UNINCORPORATED,-122.25070953369141,37.974323272705078
90921742,2018,2019-04-03,9320,2018-12-25,1041,020984,,2,1,9,0700,0,2,4,,2,034,"CUMMINGS SKYWAY","SR-4 W/B",4488.00,N,N,A,-,N,,,,,,,,,,Y,1,1,1,2,A,-,01,23152,F,N,D,C,A,A,H,-,A,D,0,,,,,Y,,A,01,1,0,0,0,0,0,0,0,0,"- ","- ",38.026699066162109,-122.20130157470703,"CONTRA COSTA",UNINCORPORATED,-122.2012939453125,38.026710510253906
90931119,2018,2019-02-21,9320,2018-12-31,1325,016563,,1,1,4,0790,0,1,1,,2,681,"I-680 N/B","EL PINTADO",1.00,N,N,A,-,Y,,,680,,,,,,N,Y,2,0,1,3,A,-,07,21658,A,N,E,I,A,A,H,-,A,D,0,,,,,Y,,A,01,1,0,0,0,0,0,0,0,0,"- ","- ",37.835060119628906,-122.00907897949219,"CONTRA COSTA",DANVILLE,-122.00910949707031,37.835006713867188
90940932,2019,2019-03-06,9320,2019-02-13,1815,021496,,3,2,9,0700,0,2,4,,1,042,"PACHECO BLVD","WYGAL DR",0.00,,Y,C,-,N,,,,,,,,,,Y,1,1,1,2,A,-,08,22107,,N,D,C,A,B,H,-,C,A,0,,,,,Y,,A,01,0,1,0,0,0,0,0,0,0,"- ","- ",38.012191772460938,-122.10553741455078,"CONTRA COSTA",UNINCORPORATED,-122.10556030273438,38.012149810791016
90962651,2019,2019-04-08,9370,2019-03-29,1515,022098,,5,2,9,0700,0,3,5,,2,010,"770 MARKET AVE (PARKING LOT)","7TH ST",89.00,E,N,A,-,N,,,,,,,,,,N,2,0,1,2,B,-,22,,,N,D,C,A,A,H,-,A,D,0,,,Y,,Y,,C,02,1,0,0,0,0,0,0,0,1,"- ","- ",37.571979522705078,-122.21405029296875,"CONTRA COSTA",UNINCORPORATED,-122.36122131347656,37.958683013916016
90974174,2019,2019-04-24,9320,2019-04-18,1415,021526,,4,2,6,0704,0,1,3,,2,402,"SR-4 W/B","PERALTA ROAD",175.00,E,N,A,-,Y,,,4,,,,,,W,Y,2,0,1,2,A,-,03,22350,,N,C,C,A,A,H,-,A,D,0,,,Y,,Y,,C,02,1,0,0,0,0,0,0,0,1,"- ","- ",38.002658843994141,-122.04692840576172,"CONTRA COSTA",CONCORD,-122.04693603515625,38.002685546875
90985091,2019,2019-05-09,9320,2019-04-28,0900,021433,,7,1,9,0700,0,1,1,,2,683,"CONCORD AVE E/B","DIAMOND BLVD",50.00,W,N,A,-,N,,,,,,,,,,N,2,0,1,2,D,-,00,,,N,F,A,A,A,H,-,A,A,0,,,Y,,Y,,-,"- ",1,0,0,0,0,0,0,0,1,"- ","- ",37.977840423583984,-122.06154632568359,"CONTRA COSTA",UNINCORPORATED,-122.06145477294922,37.978046417236328
90991659,2019,2019-05-20,9320,2019-05-13,2138,022123,,1,2,9,0700,0,2,4,,2,026,"PLEASANT HILL RD.","TAYLOR BLVD.",600.00,E,N,A,-,N,,,,,,,,,,Y,2,0,1,2,A,-,08,22107,,N,D,G,A,A,H,-,D,D,0,,Y,,,Y,,L,04,1,0,0,0,0,0,1,0,0,"- ","- ",37.922821044921875,-122.095458984375,"CONTRA COSTA",UNINCORPORATED,-122.09653472900391,37.921058654785156
91005159,2019,2019-06-06,9320,2019-06-01,2003,021514,,6,2,9,0700,0,1,3,,2,401,"WB SR-4","FRANKLIN CANYON O/C",5808.00,W,N,A,-,Y,,,4,,,,,,,Y,2,0,2,1,A,-,01,23153,A,F,F,I,A,A,H,-,B,D,0,,,,,Y,Y,A,01,2,0,0,0,0,0,0,0,0,"- ","- ",38.008399963378906,-122.20860290527344,"CONTRA COSTA",UNINCORPORATED,-122.2086181640625,38.008544921875
91013036,2019,2019-07-25,9320,2019-06-16,0423,021440,,7,3,5,0708,0,1,3,,2,403,"SR-4 E/B","SAN MARCO BLVD",3379.00,E,N,A,-,Y,,,4,,,,,,E,Y,2,0,2,2,A,-,03,22350,,F,C,C,A,A,H,-,D,A,0,,,,,Y,,-,99,1,1,0,0,0,0,0,0,0,"- ","- ",38.020549774169922,-121.95436096191406,"CONTRA COSTA",PITTSBURG,-121.95433044433594,38.020645141601562
91016011,2019,2019-06-24,9320,2019-06-17,2020,021423,,1,2,9,0700,0,1,3,,2,403,"SR-4 E/B","WILLOW PASS RD",4770.00,E,N,A,-,Y,,,4,,,,,,E,Y,2,0,1,1,A,-,08,22107,,N,E,I,A,A,H,-,B,D,0,,,,,Y,,A,01,1,0,0,0,0,0,0,0,0,"- ","- ",38.02069091796875,-121.98329162597656,"CONTRA COSTA",UNINCORPORATED,-121.98320770263672,38.020503997802734
91025844,2019,2019-10-16,9320,2019-06-28,1835,021526,,5,2,6,0704,0,1,1,,2,683,"I-680 N/B","MONUMENT BOULEVARD",480.00,N,N,A,-,Y,,,,,,,,,,Y,2,0,3,2,A,-,07,21658,A,N,B,C,A,A,H,-,A,D,0,,,,,Y,,A,01,1,0,2,0,0,0,0,0,0,"- ","- ",37.946788787841797,-122.05706787109375,"CONTRA COSTA",CONCORD,-122.05747222900391,37.946582794189453
91026285,2019,2019-07-08,9320,2019-07-02,1425,021088,,2,2,9,0700,0,1,3,,2,401,"MCEWEN ROAD S/B","FRANKLIN CANYON ROAD",5.00,N,N,A,-,N,,,,,,,,,,N,2,0,1,1,A,-,03,22350,,N,F,A,A,A,H,-,A,D,0,,,Y,,Y,,C,02,1,0,0,0,0,0,0,0,1,"- ","- ",38.014430999755859,-122.17788696289062,"CONTRA COSTA",UNINCORPORATED,-122.17783355712891,38.014392852783203
91026903,2019,2019-07-09,9390,2019-07-01,2335,019740,,1,3,4,0791,0,1,1,,2,068,"I-680 SOUTHBOUND","BOLLINGER CANYON ROAD",350.00,S,N,A,-,Y,,,680,,,,,,S,Y,2,0,1,2,A,-,01,23152,A,N,C,C,A,A,H,-,E,D,0,,,,Y,Y,Y,D,22,1,0,0,0,0,0,0,0,0,"- ","- ",37.758110046386719,-121.96427917480469,"CONTRA COSTA","SAN RAMON",-121.96433258056641,37.758075714111328
91027703,2019,2019-07-09,9365,2019-06-29,1948,020774,,6,2,9,0700,0,1,1,,2,001,"I-80 E/B TO POMONA ST","POMONA ST",130.00,N,N,A,-,Y,,,,,,,,,,Y,2,0,1,1,A,-,08,22107,,N,E,I,A,A,H,-,A,D,0,,,,,Y,,A,01,1,0,0,0,0,0,0,0,0,"- ","- ",38.055240631103516,-122.2301025390625,"CONTRA COSTA",UNINCORPORATED,-122.22706604003906,38.052841186523438
91029648,2019,2019-11-19,9320,2019-07-07,1130,020984,,7,1,9,0700,0,3,5,,2,063,"MT DIABLO SCENIC BLVD","S. GATE RD",200.00,W,N,A,-,N,,,,,,,,,,N,2,0,1,1,A,-,08,22107,,N,F,I,A,A,H,-,A,D,0,,Y,,,Y,,L,04,1,0,0,0,0,0,1,0,0,"- ","- ",37.844200134277344,-121.95010375976562,"CONTRA COSTA",UNINCORPORATED,-121.92036437988281,37.842830657958984
91040198,2019,2019-07-29,9370,2019-07-14,1105,022353,,7,1,4,0711,0,3,5,,2,010,"MADELINE ROAD S/B [1200 BLOCK]","MONTALVIN DR.",295.00,N,N,A,-,N,,,,,,,,,,Y,2,0,1,3,A,-,08,22107,,N,C,E,A,A,H,-,A,D,0,,,,,Y,,A,01,1,0,0,0,0,0,0,0,0,"- ","- ",37.993888854980469,-122.32997131347656,"CONTRA COSTA","SAN PABLO",-122.32994842529297,37.993812561035156
91043584,2019,2019-10-17,9320,2019-07-27,0220,021590,,6,3,9,0700,0,3,5,,2,040,"PACHECO BLVD","MORELLO AVE",500.00,W,N,A,-,N,,,,,,,,,,Y,2,0,1,1,A,-,01,23152,A,N,E,I,A,A,H,-,C,D,0,,,,,Y,Y,D,22,1,0,0,0,0,0,0,0,0,"- ","- ",38.011199951171875,-122.10279846191406,"CONTRA COSTA",UNINCORPORATED,-122.10340881347656,38.011329650878906
91055765,2019,2019-08-20,9320,2019-08-19,0815,014911,,1,1,9,0700,0,3,5,,2,060,"PINEHURST ROAD (C/R)","ALAMEDA/CONTRA COSTA COUNTY LINE",2112.00,N,N,A,-,N,,,,,,,,,,N,2,0,1,1,A,-,03,22350,,N,F,A,A,A,H,-,A,D,0,,Y,,,Y,,L,04,1,0,0,0,0,0,1,0,0,"- ","- ",37.806900024414062,-122.13980102539062,"CONTRA COSTA",UNINCORPORATED,-122.13985443115234,37.806861877441406
91057518,2019,2019-08-22,9320,2019-08-17,0425,021293,,6,3,9,0700,0,1,3,,2,403,"SR4 EASTBOUND","SAN MARCO BLVD",528.00,W,N,A,-,Y,,,4,,,,,,E,Y,2,0,1,3,A,-,08,22107,,N,B,E,E,A,H,-,D,A,0,Y,,,,Y,Y,A,01,1,0,0,0,1,0,0,0,0,"- ","- ",38.023319244384766,-121.9691162109375,"CONTRA COSTA",UNINCORPORATED,-121.96910095214844,38.023464202880859
91065364,2019,2019-09-03,9320,2019-08-22,0625,016788,,4,1,3,0715,0,1,3,,2,241,"SR-24 W/B FROM PLEASANT HILL RD S/B","PLEASANT HILL RD S/B",163.00,W,N,A,-,Y,,,24,,,,R,,W,Y,2,0,1,1,A,-,08,22107,,N,F,A,A,A,H,-,A,D,0,,,Y,,Y,,C,02,1,0,0,0,0,0,0,0,1,"- ","- ",37.899188995361328,-122.09690856933594,"CONTRA COSTA",LAFAYETTE,-122.09690856933594,37.899188995361328
91067149,2019,2019-09-04,9320,2019-07-28,1848,021023,,7,2,9,0700,0,1,3,,1,406,"PARKING LOT, 14840 SR-4","BIXLER ROAD",350.00,E,N,A,-,N,,,4,,,,,,,N,2,0,1,2,B,-,22,,,F,G,B,F,A,H,-,A,D,0,Y,,,,Y,,A,01,1,0,0,0,1,0,0,0,0,"- ","- ",37.890121459960938,-121.62171936035156,"CONTRA COSTA",UNINCORPORATED,-121.62172698974609,37.889453887939453
91068356,2019,2019-09-05,9320,2019-08-30,1805,020949,,5,2,6,0704,0,1,3,,2,402,"E/B SR-4","WILLOW PASS ROAD (CONCORD)",1675.00,W,N,A,-,Y,,,4,,,,,,,Y,2,0,1,2,A,-,07,21658,A,N,B,C,A,A,H,-,A,D,0,,,Y,,Y,,A,01,1,0,0,0,0,0,0,0,1,"- ","- ",38.01239013671875,-122.0029296875,"CONTRA COSTA",CONCORD,-122.00296020507812,38.012596130371094
91075023,2019,2019-09-16,9320,2019-09-06,0948,021649,,5,1,5,0710,0,2,4,,2,012,"SAN PABLO DAM RD.","CANYON OAKS RD",1220.00,E,N,A,-,N,,,,,,,,,,N,2,0,1,1,A,-,03,22350,,N,F,A,A,A,D,-,A,D,0,,Y,,,Y,,L,04,1,0,0,0,0,0,1,0,0,"- ","- ",37.947441101074219,-122.26795196533203,"CONTRA COSTA",RICHMOND,-122.26802062988281,37.947444915771484
91096466,2019,2019-10-14,9320,2019-10-05,1840,021023,,6,2,5,0701,0,1,3,,2,404,"SR-4 EASTBOUND",SR-160,2640.00,W,N,A,-,Y,,,4,,,,,,E,Y,2,0,2,2,A,-,01,23152,A,N,C,C,A,A,H,-,A,D,0,,,Y,,Y,Y,C,02,2,0,0,0,0,0,0,0,2,"- ","- ",37.992759704589844,-121.76834869384766,"CONTRA COSTA",ANTIOCH,-121.76837158203125,37.992706298828125
91103673,2019,2019-10-23,9320,2019-10-19,2353,022123,,6,3,9,0700,0,1,3,,2,403,"SR-4 E/B","BAILEY RD.",2000.00,E,N,A,-,Y,,,4,,,,,,E,Y,2,0,2,2,A,-,03,22350,,N,C,C,A,A,H,-,D,D,0,,,Y,,Y,,C,02,1,0,1,0,0,0,0,0,1,"- ","- ",38.018730163574219,-121.93512725830078,"CONTRA COSTA",UNINCORPORATED,-121.93512725830078,38.018795013427734
91103676,2019,2019-10-23,9320,2019-10-07,1110,019283,,1,1,6,0704,0,1,3,,2,242,"SR 242 S/B","SR 4 E/B TO PORT CHICAGO HWY O/C",25.00,S,N,A,-,Y,,,242,,,,,,S,Y,2,0,1,1,A,-,08,22107,,N,F,A,A,A,H,-,A,D,0,,,,,Y,,D,22,1,0,0,0,0,0,0,0,0,"- ","- ",38.005130767822266,-122.0369873046875,"CONTRA COSTA",CONCORD,-122.03681182861328,38.005023956298828
91106554,2019,2019-10-25,9320,2019-09-17,1300,018036,,2,1,6,0704,0,1,3,,2,242,"SR-242 S/B","CLAYTON RD.",150.00,S,N,A,-,Y,,,,,,,,,,Y,2,0,2,2,A,-,03,22350,,N,B,C,A,A,H,-,A,D,0,,,,,Y,,A,01,1,0,1,0,0,0,0,0,0,"- ","- ",37.580799102783203,-122.02529907226562,"CONTRA COSTA",CONCORD,,
91107508,2019,2019-10-28,9320,2019-10-19,2025,021023,,6,2,9,0700,0,2,4,,2,088,"SELLERS AVENUE","CHURCH ROAD",250.00,N,N,A,-,N,,,,,,,,,,Y,2,0,2,2,A,-,05,21460,A,N,A,C,A,A,H,-,C,D,0,,,,,Y,,A,01,1,1,0,0,0,0,0,0,0,"- ","- ",37.917240142822266,-121.67800140380859,"CONTRA COSTA",UNINCORPORATED,-121.67797088623047,37.917095184326172
91116090,2019,2019-11-08,9370,2019-10-30,2335,022054,,3,3,5,0710,0,1,1,,2,083,"I-80 E/B TO HILLTOP DRIVE","HILLTOP DRIVE",825.00,W,N,A,-,Y,,,80,,,,R,,E,Y,2,0,1,3,A,-,01,23152,A,N,E,I,A,A,H,-,C,D,0,,,,,Y,Y,A,01,1,0,0,0,0,0,0,0,0,"- ","- ",37.9739990234375,-122.31907653808594,"CONTRA COSTA",RICHMOND,-122.31907653808594,37.9739990234375
91120863,2019,2019-11-15,9370,2019-11-07,1810,022288,,4,2,5,0710,0,1,1,,2,082,"I-80 E/B","SAN PABLO DAM RD",1000.00,W,N,A,-,Y,,,,,,,,,,Y,2,0,1,4,A,-,07,21658,A,N,B,C,A,A,H,-,C,D,0,,,Y,,Y,,A,08,1,0,0,0,0,0,0,0,1,"- ","- ",37.953990936279297,-122.32872009277344,"CONTRA COSTA",RICHMOND,-122.33063507080078,37.958690643310547
91135053,2019,2019-12-04,9370,2019-11-22,0055,021826,,5,3,5,0710,0,1,1,,2,083,"I-80 E/B","CARLSON BLVD",60.00,E,N,A,-,Y,,,80,,,,,,E,Y,2,0,2,1,A,-,01,23152,A,N,E,I,A,A,H,-,D,D,0,,,,,Y,Y,A,01,1,0,1,0,0,0,0,0,0,"- ","- ",37.911228179931641,-122.31729125976562,"CONTRA COSTA",RICHMOND,-122.31729125976562,37.911231994628906
91160750,2019,2020-01-07,9370,2019-10-06,1134,021766,,7,1,5,0710,0,1,1,,2,082,"I-80 W/B","CARLSON BLVD",507.00,W,N,A,-,Y,,,80,,,,,,W,Y,1,1,0,5,A,-,03,22350,,N,F,A,A,A,H,-,A,A,0,,,Y,,Y,,C,02,0,0,0,0,0,0,0,1,0,"- ","- ",37.909519195556641,-122.31674194335938,"CONTRA COSTA",RICHMOND,-122.31678771972656,37.909492492675781
91160859,2020,2020-01-07,9320,2020-01-01,1130,016563,,3,1,9,0700,0,1,3,,2,240,"PINEHURST ROAD","CANYON ROAD",5280.00,S,N,A,-,N,,,,,,,,,,N,2,0,1,1,A,-,03,22350,,N,F,A,A,B,H,-,A,D,0,,Y,,,Y,,L,04,1,0,0,0,0,0,1,0,0,"- ","- ",37.810020446777344,-122.1419677734375,"CONTRA COSTA",UNINCORPORATED,-122.13948059082031,37.806697845458984
91160898,2020,2020-01-07,9320,2020-01-01,2335,021857,,3,3,5,0701,0,1,3,,2,404,"SR-4 EASTBOUND","AUTO CENTER DRIVE",1584.00,W,N,A,-,Y,,,4,,,,,,E,Y,2,0,1,2,A,-,07,21658,A,N,B,C,A,A,H,-,C,D,0,,,,,Y,,-,99,1,0,0,0,0,0,0,0,0,"- ","- ",38.005378723144531,-121.84374237060547,"CONTRA COSTA",ANTIOCH,-121.84368896484375,38.005558013916016
91168855,2020,2020-01-21,9320,2020-01-09,2228,021514,,4,3,9,0700,0,1,3,,2,402,"SR-4 EB","WILLOW PASS RD",0.00,,N,A,-,Y,,,4,,,,,,E,Y,2,0,1,2,A,-,01,23152,A,N,F,C,A,A,H,-,C,D,0,,,,,Y,Y,A,01,1,0,0,0,0,0,0,0,0,"- ","- ",38.012001037597656,-122.00589752197266,"CONTRA COSTA",UNINCORPORATED,-122.00592041015625,38.012134552001953
91168929,2020,2020-01-21,9320,2020-01-11,1630,021185,,6,2,9,0700,0,3,5,,2,040,"OAK ROAD","LAS JUNTAS WAY",30.00,S,N,A,-,N,,,,,,,,,,Y,2,0,1,1,A,-,03,22350,,N,F,A,A,A,H,-,A,A,0,,,Y,,Y,,C,02,1,0,0,0,0,0,0,0,1,"- ","- ",37.930038452148438,-122.05799102783203,"CONTRA COSTA",UNINCORPORATED,-122.05816650390625,37.930118560791016
91169963,2020,2020-01-31,9320,2020-01-13,1512,021949,,1,2,4,0714,0,1,3,,2,402,"SR-4 E/B","PINE ST.",1065.00,E,N,B,-,Y,,,4,,,,,,E,Y,2,0,2,1,A,-,01,23152,A,N,E,I,A,A,H,-,A,D,0,,,,,Y,Y,A,01,2,0,0,0,0,0,0,0,0,"- ","- ",37.996120452880859,-122.1165771484375,"CONTRA COSTA",MARTINEZ,-122.11662292480469,37.996349334716797
91170584,2020,2020-01-22,9320,2020-01-05,2330,019546,,7,3,9,0700,0,1,3,,2,400,"SR-4 W/B TO I-80",I-80,500.00,E,N,A,-,Y,,,,,,,,,,Y,2,0,1,1,A,-,08,22107,,N,E,I,A,A,H,-,D,D,0,,,,,Y,,A,01,1,0,0,0,0,0,0,0,0,"- ","- ",38.016918182373047,-122.26812744140625,"CONTRA COSTA",UNINCORPORATED,-122.26917266845703,38.015148162841797
91176002,2020,2020-01-29,9320,2020-01-22,0050,022138,,3,3,3,0715,0,1,3,,2,241,"STATE ROUTE 24 EASTBOUND","OAK HILL ROAD",5280.00,W,N,C,-,Y,,,24,,,,,,E,N,2,0,1,2,A,-,03,22350,,F,G,B,E,B,H,-,D,D,0,Y,,,,Y,,-,99,1,0,0,0,1,0,0,0,0,"- ","- ",37.891071319580078,-122.14430236816406,"CONTRA COSTA",LAFAYETTE,-122.14430236816406,37.891109466552734
91178177,2020,2020-02-03,9370,2020-01-29,2154,021979,,3,2,3,0707,0,1,1,,2,083,"I-80 E/B TO APPIAN WAY","APPAIN WAY",350.00,W,N,A,-,Y,,,80,,,,R,,E,Y,2,0,1,1,A,-,08,22107,,N,E,J,A,A,H,-,D,D,0,,,,,Y,,A,01,1,0,0,0,0,0,0,0,0,"- ","- ",37.992759704589844,-122.30341339111328,"CONTRA COSTA",PINOLE,-122.30341339111328,37.992759704589844
91181479,2020,2020-02-06,9320,2020-02-01,0830,020834,,6,1,9,0700,0,1,1,,2,683,"I-680 N/B","MOCOCO RD",205.00,N,N,A,-,Y,,,680,,,,,,N,Y,2,0,1,2,A,-,01,23152,A,N,C,C,A,A,H,-,A,D,0,,,Y,,Y,Y,C,02,1,0,0,0,0,0,0,0,1,"- ","- ",38.026901245117188,-122.11357879638672,"CONTRA COSTA",UNINCORPORATED,-122.11378479003906,38.026565551757812
91203820,2020,2020-03-09,9320,2020-02-25,1007,018628,,2,1,3,0707,0,1,1,,2,180,"I-80 EASTBOUND","PINOLE VALLEY ROAD",1320.00,W,N,A,-,Y,,,80,,,,,,E,Y,2,0,1,2,A,-,07,21658,A,N,C,C,A,A,H,-,A,D,0,,,,,Y,,A,01,1,0,0,0,0,0,0,0,0,"- ","- ",37.995609283447266,-122.28984069824219,"CONTRA COSTA",PINOLE,-122.28972625732422,37.995166778564453
91207009,2019,2020-03-12,9320,2019-12-07,0300,022049,,6,3,3,0792,0,1,3,,2,240,"SR-24 W/B","CAMINO PABLO",3274.00,E,N,B,C,Y,,,24,,,,,,W,Y,1,3,0,1,A,-,08,22107,,N,E,I,A,B,H,-,D,D,0,,,,,Y,,A,01,0,0,0,0,0,0,0,0,0,"- ","- ",37.887119293212891,-122.17814636230469,"CONTRA COSTA",ORINDA,-122.17803955078125,37.887039184570312
91208110,2019,2020-03-13,9320,2019-12-07,1826,021519,,6,2,9,0700,0,2,4,,2,083,"GATEWAY RD","PIPER RD",140.00,E,N,B,-,N,,,,,,,,,,N,1,1,1,2,A,-,05,21460,A,F,G,B,E,B,H,-,D,A,0,Y,,,,Y,,A,01,0,1,0,1,0,0,0,0,0,"- ","- ",38.019500732421875,-121.62172698974609,"CONTRA COSTA",UNINCORPORATED,-121.62173461914062,38.019466400146484
91232577,2020,2020-05-01,9370,2020-04-22,2337,022499,,3,3,5,0710,0,1,1,,2,082,"I-80 W/B","CARLSON BLVD.",460.00,E,N,A,-,Y,,,80,,,,,,W,Y,2,0,2,2,C,-,18,,,N,C,C,A,A,H,-,D,D,0,,,,,Y,,-,"- ",2,0,0,0,0,0,0,0,0,"- ","- ",37.912368774414062,-122.31755065917969,"CONTRA COSTA",RICHMOND,-122.31752014160156,37.912368774414062
91232707,2020,2020-08-25,9320,2020-04-06,2330,022013,,1,3,3,0715,0,1,3,,2,241,"SR-24 W/B","EL NIDO RANCH RD",1364.00,E,N,B,-,Y,,,24,,,,,,W,Y,1,1,0,2,A,-,01,23152,A,N,C,C,A,B,H,-,D,D,0,,,,,Y,Y,A,01,0,0,0,0,0,0,0,0,0,"- ","- ",37.891490936279297,-122.14082336425781,"CONTRA COSTA",LAFAYETTE,-122.14083099365234,37.89141845703125
91233909,2020,2020-05-07,9390,2020-03-24,0054,014771,,2,3,4,0791,0,1,1,,2,068,"I-680 (SB)","NORRIS CANYON ROAD OVERCROSSING",758.00,S,N,B,-,Y,,,,,,,,,,Y,1,1,0,1,A,-,01,23152,F,N,E,I,A,B,H,-,D,D,0,,,,,Y,,A,07,0,0,0,0,0,0,0,0,0,"- ","- ",37.461669921875,-121.58294677734375,"CONTRA COSTA","SAN RAMON",-121.97150421142578,37.769489288330078