CASE_ID,ACCIDENT_YEAR,PROC_DATE,JURIS,COLLISION_DATE,COLLISION_TIME,OFFICER_ID,REPORTING_DISTRICT,DAY_OF_WEEK,CHP_SHIFT,POPULATION,CNTY_CITY_LOC,SPECIAL_COND,BEAT_TYPE,CHP_BEAT_TYPE,CITY_DIVISION_LAPD,CHP_BEAT_CLASS,BEAT_NUMBER,PRIMARY_RD,SECONDARY_RD,DISTANCE,DIRECTION,INTERSECTION,WEATHER_1,WEATHER_2,STATE_HWY_IND,CALTRANS_COUNTY,CALTRANS_DISTRICT,STATE_ROUTE,ROUTE_SUFFIX,POSTMILE_PREFIX,POSTMILE,LOCATION_TYPE,RAMP_INTERSECTION,SIDE_OF_HWY,TOW_AWAY,COLLISION_SEVERITY,NUMBER_KILLED,NUMBER_INJURED,PARTY_COUNT,PRIMARY_COLL_FACTOR,PCF_CODE_OF_VIOL,PCF_VIOL_CATEGORY,PCF_VIOLATION,PCF_VIOL_SUBSECTION,HIT_AND_RUN,TYPE_OF_COLLISION,MVIW,PED_ACTION,ROAD_SURFACE,ROAD_COND_1,ROAD_COND_2,LIGHTING,CONTROL_DEVICE,CHP_ROAD_TYPE,PEDESTRIAN_ACCIDENT,BICYCLE_ACCIDENT,MOTORCYCLE_ACCIDENT,TRUCK_ACCIDENT,NOT_PRIVATE_PROPERTY,ALCOHOL_INVOLVED,STWD_VEHTYPE_AT_FAULT,CHP_VEHTYPE_AT_FAULT,COUNT_SEVERE_INJ,COUNT_VISIBLE_INJ,COUNT_COMPLAINT_PAIN,COUNT_PED_KILLED,COUNT_PED_INJURED,COUNT_BICYCLIST_KILLED,COUNT_BICYCLIST_INJURED,COUNT_MC_KILLED,COUNT_MC_INJURED,PRIMARY_RAMP,SECONDARY_RAMP,LATITUDE,LONGITUDE,COUNTY,CITY,POINT_X,POINT_Y
91243369,2020,2020-05-27,9370,2020-05-17,0050,022068,,7,3,5,0710,0,1,1,,2,082,"I-80 E/B","CARLSON BLVD",1320.00,E,N,A,-,Y,,,80,,,,,,E,Y,2,0,1,3,C,-,18,,,N,C,C,E,B,H,-,D,D,0,Y,,,,Y,,-,"- ",1,0,0,0,1,0,0,0,0,"- ","- ",37.914798736572266,-122.31739807128906,"CONTRA COSTA",RICHMOND,-122.31735992431641,37.914798736572266
91245651,2020,2020-06-01,9320,2020-05-20,2210,021203,,3,3,9,0700,0,1,3,,2,403,"SR-4 EASTBOUND","WILLOW PASS ROAD",2460.00,E,N,A,-,Y,,,4,,,,,,E,Y,2,0,1,5,A,-,03,22350,,F,C,C,A,A,H,-,D,D,0,,,,,Y,,-,99,1,0,0,0,0,0,0,0,0,"- ","- ",38.017238616943359,-121.989990234375,"CONTRA COSTA",UNINCORPORATED,-121.99005126953125,38.017349243164062
91257284,2020,2020-06-25,9320,2020-06-21,0628,020984,,7,1,5,0712,0,1,3,,2,241,"SR-24 E/B","EL CURTOLA BLVD",450.00,E,N,A,-,Y,,,24,,,,,,E,Y,2,0,1,1,A,-,01,23152,A,N,E,I,A,A,H,-,A,A,0,,,,,Y,Y,A,01,1,0,0,0,0,0,0,0,0,"- ","- ",37.897598266601562,-122.08370208740234,"CONTRA COSTA","WALNUT CREEK",-122.08368682861328,37.897697448730469
91283861,2020,2020-08-11,9320,2020-08-01,1220,018628,,6,1,9,0700,0,2,4,,2,074,"DEER VALLEY RD","BRIONES VALLEY RD",1056.00,N,N,A,-,N,,,,,,,,,,Y,2,0,1,1,A,-,05,21460,A,N,F,A,A,A,H,-,A,D,0,,,,,Y,,A,01,1,0,0,0,0,0,0,0,0,"- ","- ",37.8985595703125,-121.76477813720703,"CONTRA COSTA",UNINCORPORATED,-121.76518249511719,37.898242950439453
91286566,2020,2020-08-14,9320,2020-08-13,1253,020834,,4,1,6,0704,0,1,3,,2,402,"SR-4 E/B","PORT CHICAGO HIGHWAY",1539.00,E,N,A,-,Y,,,4,,,,,,E,Y,2,0,2,1,A,-,08,22107,,N,E,I,A,A,H,-,A,D,0,,,,,Y,,A,01,1,0,1,0,0,0,0,0,0,"- ","- ",38.010108947753906,-122.01721954345703,"CONTRA COSTA",CONCORD,-122.01726531982422,38.010391235351562
91287077,2020,2020-08-17,9320,2020-08-08,0925,021185,,6,1,3,0792,0,1,3,,2,240,"STATE ROUTE 24 WESTBOUND","CAMINO PABLO",3200.00,E,N,A,-,Y,,,24,,,,,,W,Y,2,0,1,1,A,-,08,22107,,N,E,I,A,A,H,-,A,D,0,,,,,Y,,A,07,1,0,0,0,0,0,0,0,0,"- ","- ",37.886741638183594,-122.17855072021484,"CONTRA COSTA",ORINDA,-122.17833709716797,37.886608123779297
91288228,2020,2020-08-18,9320,2020-08-15,2341,021797,,6,3,5,0712,0,1,1,,2,681,"I-680 NORTHBOUND","RUDGEAR ROAD",100.00,S,N,A,-,Y,,,680,,,,,,N,Y,2,0,1,2,A,-,03,22350,,F,C,C,A,A,H,-,D,D,0,,,Y,,Y,,-,99,1,0,0,0,0,0,0,0,1,"- ","- ",37.878898620605469,-122.04875183105469,"CONTRA COSTA","WALNUT CREEK",-122.04878234863281,37.878879547119141
91290700,2020,2020-08-24,9320,2020-08-17,2302,021797,,1,3,9,0700,0,2,4,,2,083,"STONE ROAD","4610 STONE ROAD",50.00,W,N,A,-,N,,,,,,,,,,Y,2,0,1,1,A,-,01,23152,A,N,F,A,A,A,H,-,C,D,0,,,Y,,Y,Y,C,02,1,0,0,0,0,0,0,0,1,"- ","- ",38.016620635986328,-121.61164093017578,"CONTRA COSTA",UNINCORPORATED,,
91295807,2020,2020-08-31,9370,2020-08-22,2215,022054,,6,3,5,0710,0,1,1,,2,083,"I-80 E/B","RICHMOND PARKWAY",450.00,W,N,A,-,Y,,,,,,,,,,Y,2,0,1,1,A,-,01,23152,A,N,E,I,A,A,H,-,C,D,0,,,,,Y,Y,A,01,1,0,0,0,0,0,0,0,0,"- ","- ",37.582981109619141,-122.19796752929688,"CONTRA COSTA",RICHMOND,,
91299197,2020,2020-09-04,9320,2020-09-03,1620,021373,,4,2,5,0712,0,1,1,,2,682,"I-680 NB","NORTH MAIN STREET",25.00,S,N,A,-,Y,,,680,,,,,,N,Y,2,0,1,3,A,-,07,21658,A,N,B,C,A,A,H,-,A,D,0,,,Y,,Y,,C,02,1,0,0,0,0,0,0,0,1,"- ","- ",37.91510009765625,-122.06601715087891,"CONTRA COSTA","WALNUT CREEK",-122.06593322753906,37.915042877197266
91300279,2020,2020-09-08,9320,2020-08-30,1435,021185,,7,2,9,0700,0,3,5,,2,040,"BERRY DRIVE","MOBILE DRIVE",0.00,,Y,A,-,N,,,,,,,,,,Y,2,0,2,2,A,-,09,21801,A,N,D,C,A,A,H,-,A,D,0,,,Y,,Y,,A,08,1,1,0,0,0,0,0,0,1,"- ","- ",37.98883056640625,-122.06678771972656,"CONTRA COSTA",UNINCORPORATED,-122.06684112548828,37.988838195800781
91302993,2020,2020-09-11,9320,2020-06-29,0204,021472,,1,3,9,0700,0,2,4,,2,094,"BYRON HWY","HOLEY ROAD",1698.00,N,N,A,-,N,,,,,,,,,,Y,1,1,0,1,A,-,08,22107,,N,F,A,A,A,H,-,D,A,0,,,,,Y,,A,01,0,0,0,0,0,0,0,0,0,"- ","- ",37.83441162109375,-121.60832214355469,"CONTRA COSTA",UNINCORPORATED,-121.60906982421875,37.835105895996094
91305792,2020,2020-09-16,9320,2020-06-07,0347,021710,,7,3,9,0700,0,1,1,,2,681,"I-680 NORTHBOUND","EL PINTADO ROAD",480.00,N,N,A,-,Y,,,,,,,,,,Y,1,2,1,2,A,-,01,23152,A,N,A,C,A,A,H,-,C,A,0,,,,,Y,Y,A,01,1,0,0,0,0,0,0,0,0,"- ","- ",37.830940246582031,-122.00269317626953,"CONTRA COSTA",UNINCORPORATED,-122.01031494140625,37.835777282714844
91318986,2020,2020-10-07,9320,2020-10-03,1600,022116,,6,2,3,0702,0,2,4,,2,086,"11440 BYRON HWY","BALFOUR RD",2172.00,S,N,A,-,Y,,,,,,,,,,Y,2,0,1,1,A,-,08,22107,,N,E,I,A,A,H,-,A,D,0,,,,,Y,,A,01,1,0,0,0,0,0,0,0,0,"- ","- ",37.919509887695312,-121.64129638671875,"CONTRA COSTA",BRENTWOOD,-121.64119720458984,37.919605255126953
91325131,2020,2020-10-16,9320,2020-09-26,1250,020009,,6,1,3,0702,0,1,3,,2,405,"SR-4 W/B","BALFOUR RD",4000.00,E,N,A,-,Y,,,4,,,,,,W,N,2,0,1,1,A,-,08,22107,,N,F,A,A,A,H,-,A,A,0,,,Y,,Y,,C,02,1,0,0,0,0,0,0,0,1,"- ","- ",37.913799285888672,-121.73178863525391,"CONTRA COSTA",BRENTWOOD,-121.73188781738281,37.913772583007812
91332753,2020,2020-10-28,9320,2020-10-18,0255,022467,,7,3,5,0708,0,1,3,,2,403,"SR-4 E/B","BAILEY RD",6600.00,E,N,A,-,Y,,,4,,,,,,E,Y,2,0,1,1,A,-,08,22107,,N,E,H,A,A,H,-,D,D,0,,,Y,,Y,,C,02,1,0,0,0,0,0,0,0,1,"- ","- ",38.019798278808594,-121.9208984375,"CONTRA COSTA",PITTSBURG,-121.92090606689453,38.019908905029297
91335754,2020,2021-01-11,9320,2020-07-24,1340,022495,,5,1,9,0700,0,1,3,,2,403,"SR-4 WB","BAILEY RD",1867.00,W,N,A,-,Y,,,4,,,,,,W,Y,1,1,0,1,A,-,08,22107,,N,E,I,A,A,H,-,A,A,0,,,Y,,Y,Y,C,02,0,0,0,0,0,0,0,1,0,"- ","- ",38.019210815429688,-121.94888305664062,"CONTRA COSTA",UNINCORPORATED,-121.94886779785156,38.019294738769531
91337262,2020,2020-11-02,9370,2020-10-25,0150,022299,,7,3,9,0700,0,1,3,,2,023,"SR-24 E/B","CALDECOTT TUNL BORE #2",250.00,E,N,A,-,Y,,,24,,,,,,E,Y,2,0,1,1,A,-,08,22107,,N,E,I,A,A,H,-,C,D,0,,,,,Y,,A,01,1,0,0,0,0,0,0,0,0,"- ","- ",37.862388610839844,-122.20928955078125,"CONTRA COSTA",UNINCORPORATED,-122.20918273925781,37.862377166748047
91348541,2020,2020-11-19,9370,2020-11-12,0853,020475,,4,1,5,0710,0,1,1,,2,058,"I-580 W/B (HOFFMAN)","CENTRAL AVE",725.00,E,N,A,-,Y,,,,,,,,,,Y,2,0,1,1,A,-,08,22107,,N,E,I,A,A,H,-,A,D,0,,,,,Y,,A,01,1,0,0,0,0,0,0,0,0,"- ","- ",37.535388946533203,-122.1844482421875,"CONTRA COSTA",RICHMOND,-122.31385040283203,37.900020599365234
91350933,2020,2021-01-29,9370,2020-11-20,2230,022311,,5,3,5,0710,0,1,1,,2,058,"I-580 E/B","BAYVIEW AVE",1500.00,E,N,A,-,Y,,,580,,,,,,E,Y,1,1,1,2,A,-,03,22350,,N,C,C,A,A,H,-,C,D,0,,,,,Y,,E,22,0,0,1,0,0,0,0,0,0,"- ","- ",37.908489227294922,-122.32105255126953,"CONTRA COSTA",RICHMOND,-122.32106018066406,37.908485412597656
91351005,2020,2020-11-23,9320,2020-11-11,2129,022138,,3,2,6,0704,0,1,3,,2,402,"STATE ROUTE 4 EASTBOUND","PORT CHICAGO HWY",1091.00,W,N,A,-,Y,,,4,,,,,,E,Y,2,0,3,2,A,-,05,21651,C,N,A,C,A,A,H,-,D,A,0,,,,,Y,,D,22,1,2,0,0,0,0,0,0,0,"- ","- ",38.008720397949219,-122.026611328125,"CONTRA COSTA",CONCORD,-122.02664184570312,38.008934020996094
91352646,2020,2020-11-24,9320,2020-08-25,2240,022483,,2,3,5,0712,0,1,1,,2,682,"I-680 N/B TO NORTH MAIN STREET","N. MAIN ST OVERCROSSING",327.00,N,N,A,-,Y,,,680,,,,R,,N,Y,1,3,0,1,A,-,08,22107,,N,E,I,A,A,H,-,C,A,0,,,,,Y,,A,01,0,0,0,0,0,0,0,0,0,"- ","- ",37.915721893310547,-122.06472778320312,"CONTRA COSTA","WALNUT CREEK",-122.06472778320312,37.915721893310547
91352650,2020,2020-11-24,9320,2020-08-22,0300,021949,,6,3,3,0792,0,1,3,,2,240,"SR-24 EASTBOUND","FISH RANCH ROAD",2200.00,E,N,A,-,Y,,,,,,,,,,Y,1,1,1,3,A,-,11,21954,A,N,G,B,E,A,H,-,D,A,0,Y,,,,Y,Y,N,60,1,0,0,1,1,0,0,0,0,"- ","- ",,,"CONTRA COSTA",ORINDA,-122.20977020263672,37.860614776611328
91368959,2020,2020-12-17,9320,2020-12-14,1215,022544,,1,1,4,0714,0,2,4,,1,042,"PACHECO BOULEVARD","FALLING STAR DRIVE",0.00,,Y,A,-,N,,,,,,,,,,Y,2,0,1,1,A,-,03,22350,,N,E,I,A,A,H,-,A,A,0,,,,,Y,,A,01,1,0,0,0,0,0,0,0,0,"- ","- ",38.003688812255859,-122.08492279052734,"CONTRA COSTA",MARTINEZ,-122.08495330810547,38.003669738769531
91372297,2020,2020-12-21,9320,2020-12-14,0730,022138,,1,1,5,0708,0,1,3,,2,404,"STATE ROUTE 4 WESTBOUND","LOVERIDGE ROAD",7920.00,E,N,A,-,Y,,,4,,,,,,W,Y,2,0,1,2,A,-,08,22107,,N,E,C,A,A,H,-,A,D,0,,,,,Y,,A,01,1,0,0,0,0,0,0,0,0,"- ","- ",38.006008148193359,-121.84456634521484,"CONTRA COSTA",PITTSBURG,-121.84459686279297,38.005924224853516
91380925,2020,2021-01-05,9320,2020-12-28,1359,022540,,1,1,9,0700,0,2,4,,1,042,"PACHECO BLVD","SHELL AVE",20.00,E,N,A,-,N,,,,,,,,,,Y,2,0,1,1,A,-,08,22107,,N,E,I,A,A,H,-,A,A,0,,,,,Y,,A,08,1,0,0,0,0,0,0,0,0,"- ","- ",38.012958526611328,-122.11779022216797,"CONTRA COSTA",UNINCORPORATED,-122.11786651611328,38.012870788574219
91392825,2021,2021-01-22,9320,2021-01-02,1235,019546,,6,1,9,0700,0,2,4,,2,098,"BRENTWOOD BOULEVARD",SELLERS,2805.00,E,N,B,-,N,,,,,,,,,,Y,2,0,2,2,A,-,05,21650,,N,A,C,A,B,H,-,A,D,0,,,,,Y,,A,01,1,1,0,0,0,0,0,0,0,"- ","- ",37.911018371582031,-121.66831207275391,"CONTRA COSTA",UNINCORPORATED,-121.66848754882812,37.911018371582031
91408801,2021,2021-06-01,9320,2021-02-07,2308,022076,,7,3,3,0706,0,1,1,,2,180,"I-80 EASTBOUND","CALIFORNIA ST",1584.00,W,N,A,-,Y,,,,,,,,,,Y,2,0,1,2,A,-,01,23152,A,N,E,I,A,A,H,-,C,D,0,,,,,Y,Y,A,01,1,0,0,0,0,0,0,0,0,"- ","- ",38.026569366455078,-122.25840759277344,"CONTRA COSTA",HERCULES,-122.25868225097656,38.026435852050781
91409466,2021,2021-02-17,9370,2021-02-07,0630,022309,,7,1,3,0705,0,1,1,,2,082,"I-80 E/B","POTRERO AVE",1301.00,W,N,A,-,Y,,,80,,,,,,E,Y,2,0,1,1,A,-,08,22107,,N,E,I,A,A,H,-,C,D,0,,,,,Y,,A,01,1,0,0,0,0,0,0,0,0,"- ","- ",37.917179107666016,-122.31723022460938,"CONTRA COSTA","EL CERRITO",-122.31739044189453,37.917171478271484
91409697,2021,2021-02-17,9320,2021-02-10,1311,017906,,3,1,9,0700,0,2,4,,2,074,"DEER VALLEY RD","ALBERS CT",1214.00,N,N,A,-,N,,,,,,,,,,Y,2,0,1,2,A,-,03,22350,,N,B,C,A,A,H,-,A,D,0,,,Y,,Y,,C,02,1,0,0,0,0,0,0,0,1,"- ","- ",37.542701721191406,-121.45480346679688,"CONTRA COSTA",UNINCORPORATED,-121.76347351074219,37.907482147216797
91411685,2021,2021-02-19,9320,2021-02-14,1020,020949,,7,1,9,0700,0,3,5,,2,020,"PINEHURST ROAD","CANYON ROAD",3600.00,N,N,B,-,N,,,,,,,,,,N,2,0,1,1,A,-,03,22350,,N,F,A,A,B,H,-,A,D,0,,Y,,,Y,,L,04,1,0,0,0,0,0,1,0,0,"- ","- ",37.823478698730469,-122.15798187255859,"CONTRA COSTA",UNINCORPORATED,-122.15716552734375,37.823444366455078
9141668,2020,2020-10-15,0704,2020-08-12,1558,0533,1,3,5,6,0704,0,0,0,,0,001,"BROADWAY ST","FREEMONT ST",136.00,E,N,A,-,N,,,,,,,,,,Y,2,0,1,4,A,-,08,22107,,N,C,E,A,A,H,-,A,A,0,,,,,Y,,A,01,1,0,0,0,0,0,0,0,0,"- ","- ",37.976600646972656,-122.04183197021484,"CONTRA COSTA",CONCORD,-122.04132843017578,37.976490020751953
91418895,2020,2021-06-03,9320,2020-12-10,1714,022013,,4,2,9,0700,0,2,4,,1,042,"PACHECO BLVD","WYGAL DR",0.00,,Y,A,-,N,,,,,,,,,,N,1,1,0,2,A,-,06,21951,,N,G,B,B,A,H,-,C,A,0,Y,,,,Y,,D,22,0,0,0,1,0,0,0,0,0,"- ","- ",38.012149810791016,-122.10575103759766,"CONTRA COSTA",UNINCORPORATED,-122.10556030273438,38.012149810791016
91421443,2021,2021-03-05,9320,2021-02-27,2110,021864,,6,2,9,0700,0,2,4,,2,071,"WILLOW PASS ROAD","CLEARLAND DRIVE",0.00,,Y,A,-,N,,,,,,,,,,Y,2,0,1,2,A,-,01,23152,A,N,A,C,A,A,H,-,C,A,0,,,,,Y,Y,A,01,1,0,0,0,0,0,0,0,0,"- ","- ",38.026741027832031,-121.94609832763672,"CONTRA COSTA",UNINCORPORATED,-121.9461669921875,38.026771545410156
91435019,2021,2021-03-25,9390,2021-03-18,1113,014771,,4,1,9,0700,0,3,5,,2,100,"MORGAN TERRITORY RD. (10600 BLK.)","MANNING RD.",19008.00,N,N,B,-,N,,,,,,,,,,Y,2,0,1,1,A,-,08,22107,,N,E,I,A,B,E,-,A,D,0,,,,,Y,,A,01,1,0,0,0,0,0,0,0,0,"- ","- ",37.796390533447266,-121.77909088134766,"CONTRA COSTA",UNINCORPORATED,-121.77879333496094,37.795902252197266
91444810,2021,2021-04-07,9320,2021-03-28,1550,022534,,7,2,4,0714,0,3,5,,2,040,"DONNA DRIVE","IRENE DRIVE",0.00,,Y,A,-,N,,,,,,,,,,N,2,0,1,1,A,-,03,22350,,N,F,A,A,A,H,-,A,D,0,,,Y,,Y,,C,02,1,0,0,0,0,0,0,0,1,"- ","- ",38.017959594726562,-122.08719635009766,"CONTRA COSTA",MARTINEZ,-122.08714294433594,38.017906188964844
91451537,2021,2021-04-15,9370,2021-03-31,1255,021766,,3,1,9,0700,0,3,5,,2,012,"SAN PABLO AVE., 16000 BLOCK","TARA HILLS DR",38.00,E,N,A,-,N,,,,,,,,,,Y,2,0,1,1,A,-,08,22107,,F,E,I,A,A,H,-,A,A,0,,,,,Y,,A,01,1,0,0,0,0,0,0,0,0,"- ","- ",37.999668121337891,-122.32285308837891,"CONTRA COSTA",UNINCORPORATED,-122.32242584228516,37.999843597412109
91462958,2021,2021-05-12,9320,2021-01-19,2245,022467,,2,3,9,0700,0,1,3,,2,402,"SR-4 WB","SOLANO WAY",2818.00,W,N,A,-,Y,,,4,,,,,,W,Y,1,1,1,2,C,-,18,,,N,D,C,A,A,D,E,D,A,0,,,,,Y,,-,"- ",0,1,0,0,0,0,0,0,0,"- ","- ",37.997600555419922,-122.06220245361328,"CONTRA COSTA",UNINCORPORATED,-122.06220245361328,37.997604370117188
91468878,2021,2021-05-10,9320,2021-05-02,1100,020949,,7,1,9,0700,0,3,5,,2,039,"DEMPSEY WAY","TRIGGER ROAD",140.00,S,N,A,-,N,,,,,,,,,,N,2,0,1,1,A,-,03,22350,,N,F,A,A,A,H,-,A,D,0,,,Y,,Y,,C,02,1,0,0,0,0,0,0,0,1,"- ","- ",38.038768768310547,-122.26109313964844,"CONTRA COSTA",UNINCORPORATED,-122.26104736328125,38.038825988769531
91469757,2021,2021-05-11,9370,2021-05-02,0030,022086,,7,3,5,0710,0,1,1,,2,058,"I-580 E/B","MARINA BAY PARKWAY",875.00,W,N,A,-,Y,,,580,,,,,,E,Y,2,0,1,1,A,-,08,22107,,N,E,C,A,A,H,-,C,D,0,,,,,Y,,A,01,1,0,0,0,0,0,0,0,0,"- ","- ",37.921581268310547,-122.35025024414062,"CONTRA COSTA",RICHMOND,-122.35025024414062,37.921703338623047
91473795,2021,2021-05-14,9320,2021-03-11,0450,022006,,4,3,3,0792,0,1,3,,2,240,"SR-24 WESTBOUND TO WILDER RD.","WILDER ROAD",237.00,E,N,C,-,Y,,,24,,,,R,,W,Y,1,1,0,1,A,-,08,22107,,N,E,I,A,B,H,-,C,D,0,,,,,Y,,D,22,0,0,0,0,0,0,0,0,0,"- ","- ",37.867740631103516,-122.19740295410156,"CONTRA COSTA",ORINDA,-122.19740295410156,37.867740631103516
91480071,2021,2021-05-27,9320,2021-05-12,1100,017530,,3,1,9,0700,0,2,4,,2,096,"VASCO RD","DYER RD",2180.00,S,N,A,-,N,,,,,,,,,,Y,2,0,3,2,A,-,09,21804,A,N,D,C,A,A,H,-,A,D,0,,,,,Y,,A,01,1,1,1,0,0,0,0,0,0,"- ","- ",37.875759124755859,-121.68215942382812,"CONTRA COSTA",UNINCORPORATED,,
9149981,2020,2020-09-24,0710,2020-06-13,1849,1546,SOUTH,6,5,5,0710,0,0,0,,0,002,"HOFFMAN BL","S 22ND ST",0.00,,Y,A,-,N,,,,,,,,,,,2,0,1,1,A,-,08,22107,,N,E,I,A,A,H,-,A,D,0,,,Y,,Y,,C,02,1,0,0,0,0,0,0,0,1,"- ","- ",,,"CONTRA COSTA",RICHMOND,-122.34858703613281,37.922538757324219
91528719,2021,2021-07-26,9320,2021-07-12,0018,021797,,1,3,3,0702,0,1,3,,2,405,"SR-4 EASTBOUND","SANDCREEK ROAD",1584.00,W,N,A,-,Y,,,4,,,,,,E,Y,2,0,1,1,A,-,08,22107,,N,F,I,A,A,H,-,D,D,0,,,,,Y,,A,07,1,0,0,0,0,0,0,0,0,"- ","- ",37.948020935058594,-121.74417114257812,"CONTRA COSTA",BRENTWOOD,-121.74363708496094,37.948268890380859
9154208,2020,2020-09-24,0710,2020-06-17,0919,1300,NORTH,3,5,5,0710,0,0,0,,0,009,"SAN PABLO DAM RD","TRI LN",271.00,E,N,B,C,N,,,,,,,,,,Y,2,0,1,1,A,-,07,21658,A,N,E,I,A,B,H,-,A,-,0,,,,,Y,,A,01,1,0,0,0,0,0,0,0,0,"- ","- ",37.946868896484375,-122.26837158203125,"CONTRA COSTA",RICHMOND,-122.26844787597656,37.948097229003906
91544573,2021,2021-08-13,9320,2021-06-13,0010,022006,,7,3,3,0715,0,1,3,,2,241,"STATE ROUTE 24 EASTBOUND","1ST STREET",366.00,E,N,A,-,Y,,,24,,,,,,E,Y,1,1,0,1,A,-,08,22107,,N,F,0,A,A,H,-,C,A,0,,,,,Y,,A,01,0,0,0,0,0,0,0,0,0,"- ","- ",37.894718170166016,-122.11518096923828,"CONTRA COSTA",LAFAYETTE,-122.11518096923828,37.894725799560547
91568445,2021,2021-09-13,9320,2021-09-04,0745,022019,,6,1,9,0700,0,1,3,,1,406,SR-4,"BIXLER ROAD",0.00,,Y,A,-,Y,,,4,,,,,,,Y,2,0,2,2,D,-,00,,,N,A,C,A,A,H,-,A,A,0,,,,,Y,,-,"- ",1,0,1,0,0,0,0,0,0,"- ","- ",37.889419555664062,-121.62312316894531,"CONTRA COSTA",UNINCORPORATED,-121.62312316894531,37.889442443847656
91568929,2021,2021-09-13,9320,2021-09-10,0730,021293,,5,1,9,0700,0,3,5,,2,075,"WILLOW PASS RD","POINSETTIA AVE",9.00,E,N,B,-,N,,,,,,,,,,Y,2,0,3,2,A,-,08,22107,,N,A,C,A,A,H,-,A,A,0,,,,,Y,,A,01,2,0,1,0,0,0,0,0,0,"- ","- ",38.026710510253906,-121.93856048583984,"CONTRA COSTA",UNINCORPORATED,-121.93856048583984,38.026760101318359
91569442,2021,2021-09-14,9370,2021-09-04,0530,022430,,6,3,9,0700,0,3,5,,2,010,"RICHMOND PARKWAY","PITTSBURG AVENUE",85.00,N,N,B,-,N,,,,,,,,,,Y,2,0,1,2,A,-,03,22350,,N,B,C,A,A,H,-,C,D,0,,,,Y,Y,,A,07,1,0,0,0,0,0,0,0,0,"- ","- ",37.963520050048828,-122.37362670898438,"CONTRA COSTA",UNINCORPORATED,-122.37376403808594,37.963401794433594
91603840,2021,2021-10-22,9320,2021-10-15,1730,022463,,5,2,6,0704,0,1,3,,2,402,"SR-4 E/B","SOLANO WAY",730.00,E,N,A,-,Y,,,4,,,,,,E,Y,2,0,1,2,A,-,03,22350,,N,C,2,A,A,H,-,A,A,0,,,,,Y,,A,01,1,0,0,0,0,0,0,0,0,"- ","- ",38.001468658447266,-122.05052185058594,"CONTRA COSTA",CONCORD,-122.050537109375,38.001552581787109
91610768,2021,2021-10-29,9320,2021-06-16,1733,020649,,3,2,3,0702,0,2,4,,2,088,"SELLERS AVENUE","HIDDEN RANCH ROAD",347.00,S,N,A,-,N,,,,,,,,,,Y,1,1,2,2,A,-,08,22107,,N,A,C,A,A,H,-,A,A,0,,,,,Y,,A,01,2,0,0,0,0,0,0,0,0,"- ","- ",37.962291717529297,-121.67767333984375,"CONTRA COSTA",BRENTWOOD,-121.67764282226562,37.962303161621094
91647463,2021,2021-12-09,9320,2021-12-01,1012,018371,,3,1,3,0706,0,1,1,,2,180,"INTERSTATE 80 WESTBOUND","SYCAMORE AVE",500.00,W,N,A,-,Y,,,80,,,,,,W,Y,2,0,3,3,A,-,03,22350,,N,C,C,A,A,C,-,A,A,0,,,,,Y,,A,01,1,2,0,0,0,0,0,0,0,"- ","- ",38.009319305419922,-122.27474212646484,"CONTRA COSTA",HERCULES,-122.2747802734375,38.009357452392578
9166792,2020,2020-11-25,0708,2020-08-24,1829,332,0708,1,5,5,0708,0,0,0,,0,005,"EAST LELAND RD","PIEDMONT WY",100.00,W,N,A,-,N,,,,,,,,,,Y,2,0,1,2,A,-,07,21658,A,N,B,C,A,A,H,-,A,A,0,,,,,Y,,A,01,1,0,0,0,0,0,0,0,0,"- ","- ",,,"CONTRA COSTA",PITTSBURG,-121.87531280517578,38.009201049804688
91673663,2021,2022-01-07,9320,2021-10-08,1930,022463,,5,2,3,0734,0,2,4,,2,086,"DELTA ROAD","DOYLE ROAD",140.00,E,N,A,-,N,,,,,,,,,,Y,1,1,0,1,A,-,08,22107,,N,E,I,A,A,H,-,C,A,0,,,,,Y,,A,01,0,0,0,0,0,0,0,0,0,"- ","- ",37.968799591064453,-121.68628692626953,"CONTRA COSTA",OAKLEY,-121.68629455566406,37.968868255615234