CASE_ID,ACCIDENT_YEAR,PROC_DATE,JURIS,COLLISION_DATE,COLLISION_TIME,OFFICER_ID,REPORTING_DISTRICT,DAY_OF_WEEK,CHP_SHIFT,POPULATION,CNTY_CITY_LOC,SPECIAL_COND,BEAT_TYPE,CHP_BEAT_TYPE,CITY_DIVISION_LAPD,CHP_BEAT_CLASS,BEAT_NUMBER,PRIMARY_RD,SECONDARY_RD,DISTANCE,DIRECTION,INTERSECTION,WEATHER_1,WEATHER_2,STATE_HWY_IND,CALTRANS_COUNTY,CALTRANS_DISTRICT,STATE_ROUTE,ROUTE_SUFFIX,POSTMILE_PREFIX,POSTMILE,LOCATION_TYPE,RAMP_INTERSECTION,SIDE_OF_HWY,TOW_AWAY,COLLISION_SEVERITY,NUMBER_KILLED,NUMBER_INJURED,PARTY_COUNT,PRIMARY_COLL_FACTOR,PCF_CODE_OF_VIOL,PCF_VIOL_CATEGORY,PCF_VIOLATION,PCF_VIOL_SUBSECTION,HIT_AND_RUN,TYPE_OF_COLLISION,MVIW,PED_ACTION,ROAD_SURFACE,ROAD_COND_1,ROAD_COND_2,LIGHTING,CONTROL_DEVICE,CHP_ROAD_TYPE,PEDESTRIAN_ACCIDENT,BICYCLE_ACCIDENT,MOTORCYCLE_ACCIDENT,TRUCK_ACCIDENT,NOT_PRIVATE_PROPERTY,ALCOHOL_INVOLVED,STWD_VEHTYPE_AT_FAULT,CHP_VEHTYPE_AT_FAULT,COUNT_SEVERE_INJ,COUNT_VISIBLE_INJ,COUNT_COMPLAINT_PAIN,COUNT_PED_KILLED,COUNT_PED_INJURED,COUNT_BICYCLIST_KILLED,COUNT_BICYCLIST_INJURED,COUNT_MC_KILLED,COUNT_MC_INJURED,PRIMARY_RAMP,SECONDARY_RAMP,LATITUDE,LONGITUDE,COUNTY,CITY,POINT_X,POINT_Y
91689369,2022,2022-01-31,9320,2022-01-23,1420,022082,,7,2,4,0714,0,1,3,,2,401,"MCEWEN RD TO SR-4 EB","MCEWEN RD",1025.00,E,N,A,-,Y,CC,,4,,R,5.385,H,,R,Y,2,0,1,1,A,-,08,22107,,N,E,A,A,A,H,-,A,A,0,,,Y,,Y,,-,"- ",1,0,0,0,0,0,0,0,1,"- ","- ",38.012969970703125,-122.17497253417969,"CONTRA COSTA",MARTINEZ,-122.17489624023438,38.013031005859375
91723353,2022,2022-03-15,9320,2022-03-07,1520,022835,,1,2,5,0708,0,1,3,,2,403,"SR-4 E/B","THE BAYPOINT BART STATION PEDESTRIAN OVERCROSSING",230.00,W,N,A,-,Y,CC,,4,,R,19.896,H,,R,N,2,0,1,2,A,-,03,22350,,N,C,C,A,A,H,-,A,A,0,,,Y,,Y,,C,02,1,0,0,0,0,0,0,0,1,"- ","- ",38.018760681152344,-121.94599151611328,"CONTRA COSTA",PITTSBURG,-121.94599151611328,38.018772125244141
91735065,2022,2022-03-28,9320,2022-01-27,1700,022240,,4,2,9,0700,0,1,3,,2,403,"SR-4 E/B","SAN MARCO BLVD.",1700.00,W,N,A,-,Y,CC,,4,,R,18.421,H,,R,N,2,0,1,2,A,-,08,22107,,F,F,A,A,A,H,-,A,D,0,,,Y,,Y,,-,99,1,0,0,0,0,0,0,0,1,"- ","- ",38.023670196533203,-121.97218322753906,"CONTRA COSTA",UNINCORPORATED,-121.97218322753906,38.023750305175781
91737328,2022,2022-03-30,9320,2022-03-23,1552,022082,,3,2,9,0700,0,3,5,,2,010,"CLARK RD","WESLEY WY",68.00,S,N,A,-,N,,,,,,,,,,N,2,0,1,1,A,-,08,22107,,N,E,I,A,A,H,-,A,A,0,,,Y,,Y,,C,02,1,0,0,0,0,0,0,0,1,"- ","- ",37.965301513671875,-122.30148315429688,"CONTRA COSTA",UNINCORPORATED,-122.3013916015625,37.965305328369141
91743495,2022,2022-04-07,9320,2022-03-18,2248,022472,,5,3,9,0700,0,1,3,,1,406,"BYRON HIGHWAY S/B","CAMINO DIABLO",5080.00,S,N,A,-,N,,,,,,,,,,Y,2,0,5,3,A,-,06,21751,,N,A,C,A,A,H,-,D,A,0,,,,,Y,,A,01,5,0,0,0,0,0,0,0,0,"- ","- ",37.856349945068359,-121.62834930419922,"CONTRA COSTA",UNINCORPORATED,-121.62820434570312,37.856117248535156
91744952,2022,2022-04-11,9320,2022-03-31,0012,022748,,4,3,9,0700,0,3,5,,2,030,"ALHAMBRA VALLEY ROAD","WEST EDGE OF PINE TREE TRAIL",5649.00,W,N,A,-,N,,,,,,,,,,N,2,0,1,1,A,-,08,22107,,N,F,A,A,A,H,-,D,A,0,,,,,Y,,D,22,1,0,0,0,0,0,0,0,0,"- ","- ",37.969459533691406,-122.15834045410156,"CONTRA COSTA",UNINCORPORATED,,
91744969,2022,2022-04-11,9320,2022-04-03,0558,019546,,7,3,9,0700,0,1,1,,2,180,"I-80 EASTBOUND","PINOLE VALLEY  ROAD",536.00,E,N,A,-,Y,CC,,80,,,8.629,H,,R,Y,2,0,1,1,A,-,08,22107,,N,E,8,A,A,H,-,D,D,0,,,,,Y,,A,07,1,0,0,0,0,0,0,0,0,"- ","- ",37.998329162597656,-122.28488159179688,"CONTRA COSTA",UNINCORPORATED,-122.28481292724609,37.998291015625
91757467,2022,2022-04-27,9320,2022-04-16,2336,021519,,6,3,9,0700,0,2,4,,2,012,"SAN PABLO DAM RD W/B","CASTRO RANCH RD",16.00,W,N,A,-,N,,,,,,,,,,Y,2,0,1,1,A,-,08,22107,,N,E,I,A,A,H,-,C,A,0,,,,,Y,,A,07,1,0,0,0,0,0,0,0,0,"- ","- ",37.953388214111328,-122.27204895019531,"CONTRA COSTA",UNINCORPORATED,-122.27201843261719,37.953231811523438
91766539,2022,2022-05-06,9320,2022-04-09,2250,021293,,6,3,9,0700,0,2,4,,2,074,"BALFOUR RD","AMERICAN AVENUE",3360.00,W,N,A,-,N,,,,,,,,,,Y,2,0,2,2,A,-,08,22107,,N,C,C,A,A,H,-,D,A,0,,,Y,,Y,,C,02,2,0,0,0,0,0,0,0,2,"- ","- ",37.925251007080078,-121.7623291015625,"CONTRA COSTA",UNINCORPORATED,-121.76417541503906,37.925277709960938
91767721,2022,2022-05-09,9320,2022-03-07,1915,021185,,1,2,9,0700,0,3,5,,2,040,"CORMORANT COURT","WINDHOVER WAY",158.00,E,N,A,-,N,,,,,,,,,,N,1,1,0,1,A,-,01,23152,A,N,F,A,A,A,H,-,C,A,0,,,Y,,Y,Y,C,02,0,0,0,0,0,0,0,1,0,"- ","- ",38.010040283203125,-122.09586334228516,"CONTRA COSTA",UNINCORPORATED,-122.09588623046875,38.010021209716797
91778188,2022,2022-05-23,9370,2022-04-23,1830,022831,,6,2,5,0710,0,1,1,,2,058,"I-580 E/B","REGATTA BLVD",150.00,W,N,A,-,Y,CC,,580,,R,2.092,H,,L,Y,2,0,1,1,A,-,08,22107,,N,E,9,A,A,H,-,A,D,0,,,,,Y,,A,07,1,0,0,0,0,0,0,0,0,"- ","- ",37.920108795166016,-122.33334350585938,"CONTRA COSTA",RICHMOND,-122.33327484130859,37.920188903808594
9178879,2020,2020-11-16,0711,2020-09-23,2324,S1085,BAY,3,5,4,0711,0,0,0,,0,003,"RUMRILL BL","CALIFORNIA AV",287.00,S,N,A,-,N,,,,,,,,,,N,2,0,1,2,A,-,11,21954,A,N,A,B,D,A,H,-,C,D,0,Y,,,,Y,,N,60,1,0,0,0,1,0,0,0,0,"- ","- ",37.952610015869141,-122.35695648193359,"CONTRA COSTA","SAN PABLO",-122.35703277587891,37.952510833740234
91800033,2021,2022-06-21,9370,2021-05-22,1553,022567,,6,2,5,0710,0,1,1,,2,083,"I-80 E/B FROM HILLTOP DRIVE","HILLTOP DRIVE",954.00,E,N,A,-,Y,,,80,,,,R,,E,N,1,1,1,1,A,-,01,23152,A,N,E,I,A,A,H,-,A,D,0,,,,,Y,Y,A,01,1,0,0,0,0,0,0,0,0,"- ","- ",37.978801727294922,-122.31710052490234,"CONTRA COSTA",RICHMOND,-122.31710052490234,37.978801727294922
91800684,2022,2022-06-22,9320,2022-06-13,0730,022748,,1,1,9,0700,0,1,3,,2,242,"I-80 W/B","CUMMINGS SKYWAY",750.00,E,N,A,-,Y,CC,,80,,,12.816,H,,L,Y,2,0,1,1,C,-,18,,,N,E,J,A,A,H,-,A,A,0,,,,,Y,,-,"- ",1,0,0,0,0,0,0,0,0,"- ","- ",38.045860290527344,-122.23745727539062,"CONTRA COSTA",UNINCORPORATED,-122.23738098144531,38.045787811279297
91821332,2022,2022-07-20,9320,2022-07-14,0312,019546,,4,3,9,0700,0,1,1,,2,681,"I-680 SOUTHBOUND","LIVORNA ROAD",2130.00,N,N,A,-,Y,CC,,680,,R,11.715,H,,L,Y,2,0,1,1,A,-,08,22107,,N,E,I,A,A,H,-,D,D,0,,,,,Y,,A,01,1,0,0,0,0,0,0,0,0,"- ","- ",37.868030548095703,-122.03997802734375,"CONTRA COSTA",UNINCORPORATED,-122.03999328613281,37.868026733398438
91824050,2022,2022-07-25,9320,2022-07-16,1030,021499,,6,1,9,0700,0,3,5,,2,060,"PINEHURST RD","CANYON RD",4224.00,S,N,A,-,N,,,,,,,,,,N,2,0,1,1,A,-,08,22107,,N,F,A,A,A,H,-,A,A,0,,Y,,,Y,,L,04,1,0,0,0,0,0,1,0,0,"- ","- ",37.482879638671875,-122.82595062255859,"CONTRA COSTA",UNINCORPORATED,-122.14089202880859,37.808746337890625
91830989,2022,2022-08-02,9320,2022-07-17,1335,021792,,7,1,5,0712,0,1,1,,2,682,"I-680 S/B","MT DIABLO BLVD",60.00,S,N,A,-,Y,CC,,680,,,14.204,H,,L,N,2,0,3,2,A,-,07,21658,A,N,C,D,A,A,H,-,A,D,0,,,,,Y,,A,01,1,2,0,0,0,0,0,0,0,"- ","- ",37.89617919921875,-122.07079315185547,"CONTRA COSTA","WALNUT CREEK",-122.07077026367188,37.896186828613281
9183757,2020,2020-12-10,0714,2020-10-07,1410,108,18-4,3,5,4,0714,0,0,0,,0,004,"CENTER AV","ELDER CT",0.00,,Y,A,-,N,,,,,,,,,,N,2,0,1,1,A,-,03,22350,,N,H,A,A,A,H,-,A,D,0,,,Y,,Y,,C,03,1,0,0,0,0,0,0,0,1,"- ","- ",37.983730316162109,-122.09435272216797,"CONTRA COSTA",MARTINEZ,-122.07211303710938,37.983371734619141
91839986,2021,2022-08-15,9370,2021-09-28,2052,022375,,2,2,3,0707,0,1,1,,2,083,"I-80 W/B","RICHMOND PARKWAY O/C",906.00,E,N,A,-,Y,,,80,,,,,,W,N,1,1,0,2,A,-,11,21954,A,N,G,B,E,A,H,-,D,D,0,Y,,,,Y,,N,60,0,0,0,1,0,0,0,0,0,"- ","- ",37.989028930664062,-122.31288146972656,"CONTRA COSTA",PINOLE,-122.31288146972656,37.989032745361328
91842436,2022,2022-08-17,9370,2022-07-03,1950,022841,,7,2,9,0700,0,3,5,,2,012,"FLANNERY ROAD","NICKEL STREET",154.00,E,N,A,-,N,,,,,,,,,,N,2,0,1,1,A,-,01,23152,A,N,F,A,A,A,H,-,A,D,0,,,Y,,Y,Y,C,02,1,0,0,0,0,0,0,0,1,"- ","- ",37.989639282226562,-122.32141876220703,"CONTRA COSTA",UNINCORPORATED,-122.32143402099609,37.989646911621094
91859897,2022,2022-09-08,9320,2022-05-07,2138,022472,,6,2,5,0708,0,1,3,,2,403,"STATE ROUTE 4 EASTBOUND","RAILROAD AVENUE",4097.00,W,N,A,-,Y,CC,,4,,,22.222,H,,R,Y,1,1,0,1,A,-,01,23152,A,N,E,8,A,A,H,-,D,A,0,,,Y,,Y,Y,C,02,0,0,0,0,0,0,0,1,0,"- ","- ",38.019809722900391,-121.904052734375,"CONTRA COSTA",PITTSBURG,-121.904052734375,38.019832611083984
91862782,2022,2022-09-12,9365,2022-08-24,1845,020986,,3,2,9,0700,0,1,1,,2,001,"I-80 W/B TO POMONA ST","POMONA AVE",100.00,E,N,A,-,Y,,,,,,,,,,Y,2,0,1,1,A,-,01,23152,A,N,E,I,A,A,H,-,A,D,0,,,Y,,Y,Y,C,02,1,0,0,0,0,0,0,0,1,"- ","- ",38.055240631103516,-122.23023986816406,"CONTRA COSTA",UNINCORPORATED,-122.22800445556641,38.052703857421875
91868913,2022,2022-09-20,9320,2022-09-11,0235,022540,,7,3,6,0704,0,1,3,,2,402,"SR-4 EASTBOUND","PORT CHICAGO HIGHWAY",1800.00,E,N,A,-,Y,CC,,4,,R,15.791,H,,R,Y,2,0,1,2,A,-,03,22350,,N,C,2,A,A,H,-,C,A,0,,,,,Y,,A,07,1,0,0,0,0,0,0,0,0,"- ","- ",38.010398864746094,-122.01647186279297,"CONTRA COSTA",CONCORD,-122.01649475097656,38.010509490966797
91869842,2022,2022-09-21,9320,2022-09-09,0350,022908,,5,3,9,0700,0,1,1,,2,681,"I-680 S/B","LIVORNA RD",1161.00,N,N,A,-,Y,,,,,,,,,,Y,2,0,2,3,A,-,03,22350,,N,C,2,A,A,H,-,C,D,0,,,,,Y,,A,01,1,1,0,0,0,0,0,0,0,"- ","- ",37.515731811523438,-122.02182006835938,"CONTRA COSTA",UNINCORPORATED,-122.03789520263672,37.865238189697266
91881337,2022,2022-10-04,9320,2022-09-26,1737,023047,,1,2,9,0700,0,2,4,,2,091,"MARINA ROAD","HARBOR DRIVE",15.00,S,N,A,-,N,,,,,,,,,,Y,2,0,1,2,A,-,01,23152,G,M,D,C,A,A,H,-,A,D,0,,,Y,,Y,Y,C,02,1,0,0,0,0,0,0,0,1,"- ","- ",37.901699066162109,-121.58870697021484,"CONTRA COSTA",UNINCORPORATED,-121.59463500976562,37.901229858398438
91886029,2022,2022-10-10,9320,2022-09-29,1532,022994,,4,2,5,0701,0,1,3,,2,404,"STATE ROUTE 4 W/B","SOMERSVILLE ROAD",1202.00,E,N,A,-,Y,CC,,4,,,26.204,H,,L,Y,2,0,1,3,A,-,07,21658,A,F,B,C,A,A,H,-,A,A,0,,,Y,,Y,,-,99,1,0,0,0,0,0,0,0,1,"- ","- ",38.003021240234375,-121.83394622802734,"CONTRA COSTA",ANTIOCH,-121.83396911621094,38.002979278564453
91894653,2022,2022-10-19,9370,2022-08-30,2010,022848,,2,2,5,0710,0,1,1,,2,082,"I-80 W/B","SAN PABLO AVENUE",350.00,W,N,A,-,Y,CC,,80,,,3.030,H,,L,Y,2,0,2,2,A,-,08,22107,,F,E,I,A,A,H,-,C,D,0,,,,,Y,,A,01,1,1,0,0,0,0,0,0,0,"- ","- ",37.938220977783203,-122.32563781738281,"CONTRA COSTA",RICHMOND,-122.32575225830078,37.938251495361328
91899080,2022,2022-10-25,9390,2022-10-17,1520,020206,,1,2,9,0700,0,2,4,,2,113,"HIGHLAND ROAD","VICTORINE ROAD",2009.00,E,N,A,-,N,,,,,,,,,,Y,2,0,1,1,A,-,08,22107,,N,E,I,A,A,H,-,A,D,0,,,,,Y,,A,01,1,0,0,0,0,0,0,0,0,"- ","- ",37.455009460449219,-121.47373962402344,"CONTRA COSTA",UNINCORPORATED,-121.79420471191406,37.764270782470703
91906462,2022,2022-11-01,9320,2022-10-21,2212,022540,,5,3,9,0700,0,2,4,,2,062,"STONE VALLEY ROAD","SHANDELIN COURT",370.00,W,N,A,-,N,,,,,,,,,,Y,2,0,1,2,A,-,08,22107,,N,E,I,A,A,H,-,C,A,0,,,,,Y,Y,A,01,1,0,0,0,0,0,0,0,0,"- ","- ",37.845630645751953,-121.97663116455078,"CONTRA COSTA",UNINCORPORATED,-121.97660064697266,37.845714569091797
91943228,2022,2022-12-15,9320,2022-12-03,0800,022784,,6,1,5,0712,0,1,1,,2,682,"I-680 NB","OYLYMPIC BLVD",1580.00,N,N,C,-,Y,CC,,680,,,14.219,H,,R,Y,2,0,1,1,A,-,03,22350,,N,E,I,A,B,H,-,A,A,0,,,,,Y,,A,01,1,0,0,0,0,0,0,0,0,"- ","- ",37.896469116210938,-122.07067108154297,"CONTRA COSTA","WALNUT CREEK",-122.07061004638672,37.896492004394531
91943490,2022,2022-12-15,9320,2022-12-04,0355,022887,,7,3,9,0700,0,1,3,,2,401,"SR-4 WB","MCEWEN RD",2540.00,E,N,C,-,Y,CC,,4,,R,5.666,H,,L,Y,2,0,1,1,A,-,08,22107,,N,E,I,A,B,H,-,D,A,0,,,,,Y,,D,22,1,0,0,0,0,0,0,0,0,"- ","- ",38.010490417480469,-122.17106628417969,"CONTRA COSTA",UNINCORPORATED,-122.17111968994141,38.010448455810547
91958632,2022,2023-01-03,9320,2022-12-23,0125,022534,,5,3,6,0704,0,1,3,,2,242,"SR-242 NORTHBOUND TO CLAYTON ROAD","MARKET STREET",140.00,W,N,A,-,Y,,,,,,,,,,Y,2,0,1,1,A,-,01,23152,A,N,E,I,A,A,H,-,C,A,0,,,,,Y,Y,A,01,1,0,0,0,0,0,0,0,0,"- ","- ",37.969558715820312,-122.04746246337891,"CONTRA COSTA",CONCORD,-122.04746246337891,37.969558715820312
91966990,2022,2023-01-12,9320,2022-03-27,2140,022706,,7,2,5,0701,0,1,3,,2,404,"SR-4 W/B","SOMMERSVILLE ROAD",520.00,E,N,C,-,Y,CC,,4,,,25.747,H,,L,Y,1,1,0,1,A,-,01,23152,,N,E,I,A,B,H,-,C,A,0,,,,,Y,Y,A,07,0,0,0,0,0,0,0,0,0,"- ","- ",38.0052490234375,-121.84187316894531,"CONTRA COSTA",ANTIOCH,-121.84188842773438,38.005203247070312
91989492,2023,2023-02-08,9320,2023-02-01,"17  ",022767,,3,3,9,0700,0,2,4,,2,031,"SAN PABLO AVE","A ST",668.00,W,N,A,-,N,,,,,,,,,,N,2,0,1,1,A,-,08,22107,,N,E,I,A,A,H,-,C,A,0,,,Y,,Y,,C,02,1,0,0,0,0,0,0,0,1,"- ","- ",38.047920227050781,-122.25000762939453,"CONTRA COSTA",UNINCORPORATED,-122.24987030029297,38.047981262207031
9199307,2020,2021-01-15,0740,2020-09-22,2011,SR096,,2,5,4,0791,0,0,0,,0,BEAT,"BOLLINGER CANYON RD","N GALE RIDGE",141.00,W,N,A,-,N,,,,,,,,,,Y,2,0,1,2,A,-,03,22350,,N,G,B,F,A,H,-,C,A,0,Y,,,,Y,,-,,1,0,0,0,1,0,0,0,0,"- ","- ",,,"CONTRA COSTA","SAN RAMON",-121.93215942382812,37.772346496582031
92005052,2023,2023-02-28,9320,2023-02-16,"5   ",022908,,4,3,9,0700,0,1,3,,2,241,"SR-24 WB","ACALANES RD",4705.00,E,N,A,-,Y,CC,,24," ",R,5.324,H,,L,N,2,0,1,1,A,-,01,23152,A,N,E,J,A,A,H,-,D,A,0,,,,,Y,Y,A,07,1,0,0,0,0,0,0,0,0,"- ","- ",37.891071319580078,-122.13813781738281,"CONTRA COSTA",UNINCORPORATED,-122.13816833496094,37.890972137451172
92012789,2023,2023-03-08,9320,2023-02-27,1650,021792,,1,2,9,0700,0,2,4,,2,031,"SAN PABLO AVENUE","REFINERY ROAD",0.00,,Y,B,C,N,,,,,,,,,,Y,2,0,1,2,A,-,01,23152,F,M,D,C,A,B,H,-,A,A,0,,,,,Y,,A,01,1,0,0,0,0,0,0,0,0,"- ","- ",38.042758941650391,-122.26030731201172,"CONTRA COSTA",UNINCORPORATED,-122.26032257080078,38.042755126953125
9205117,2021,2021-03-17,0702,2021-01-13,2002,626T,225B,3,5,3,0702,0,0,0,,0,002,"BRENTWOOD BL","LONE TREE WY",302.00,N,N,A,-,N,,,,,,,,,,Y,2,0,1,1,A,-,08,22107,,N,E,I,A,A,H,-,C,A,0,,,,,Y,,A,71,1,0,0,0,0,0,0,0,0,"- ","- ",37.961589813232422,-121.69609069824219,"CONTRA COSTA",BRENTWOOD,-121.69611358642578,37.962417602539062
92060427,2023,2023-05-03,9320,2023-04-26,2145,021797,,3,2,5,0701,0,1,3,,2,405,"SR-4 WESTBOUND","LAUREL ROAD",1000.00,W,N,A,-,Y,CC,,4," ",R,31.317,H,,L,N,2,0,1,2,A,-,01,23152,A,N,B,C,A,A,H,-,D,D,0,,,,Y,Y,Y,A,07,1,0,0,0,0,0,0,0,0,"- ","- ",37.981670379638672,-121.74594116210938,"CONTRA COSTA",ANTIOCH,-121.74596405029297,37.981658935546875
92063401,2022,2023-05-08,9320,2022-08-29,2050,022019,,1,2,9,0700,0,2,4,,2,086,"COUNTY ROUTE J-4 (BYRON HIGHWAY)","CLIFTON COURT ROAD",1360.00,S,N,A,-,N,,,,,,,,,,Y,1,1,0,1,A,-,01,23152,A,N,E,I,A,A,H,-,D,A,0,,,,,Y,Y,A,01,0,0,0,0,0,0,0,0,0,"- ","- ",37.835330963134766,-121.60951232910156,"CONTRA COSTA",UNINCORPORATED,-121.59466552734375,37.822292327880859
92065860,2022,2023-06-21,9320,2022-11-17,0011,021293,,4,3,5,0708,0,1,3,,2,404,"SR4 WESTBOUND","THE WEST ROAD EDGE OF LOVERIDGE RD OVERCROSSING",1350.00,W,N,A,-,Y,CC,,4,,,24.050,H,,L,Y,1,5,0,2,A,-,01,23152,A,N,A,C,A,A,H,-,D,A,0,,,,,Y,Y,A,01,0,0,0,0,0,0,0,0,0,"- ","- ",38.012969970703125,-121.87184906005859,"CONTRA COSTA",PITTSBURG,-121.87183380126953,38.013008117675781
92073194,2023,2023-05-19,9320,2023-05-12,"810 ",017271,,5,1,9,0700,0,2,4,,1,061,"HILLGRADE AVE","IRON HORSE REGIONAL TRAIL (EAST EDGE)",3.00,W,N,A,-,N,,,,,,,,,,N,2,0,1,2,A,-,09,21804,A,N,D,G,A,A,H,-,A,A,0,,Y,,,Y,,L,04,1,0,0,0,0,0,1,0,0,"- ","- ",37.868389129638672,-122.04643249511719,"CONTRA COSTA",UNINCORPORATED,-122.04647064208984,37.868385314941406
92090209,2023,2023-06-09,9320,2023-05-30,1845,021185,,2,2,5,0712,0,1,1,,2,682,"INTERSTATE 680 NORTHBOUND","NORTH MAIN STREET",1056.00,N,N,A,-,Y,CC,,680," "," ",15.856,H,,R,N,2,0,3,2,A,-,07,21658,A,N,B,C,A,A,H,-,A,A,0,,,,,Y,,A,01,1,2,0,0,0,0,0,0,0,"- ","- ",37.918571472167969,-122.06304168701172,"CONTRA COSTA","WALNUT CREEK",-122.06303405761719,37.918567657470703
92091256,2023,2023-06-12,9320,2023-05-27,1445,022784,,6,2,9,0700,0,1,3,,2,240,"SB FISH RANCH ROAD","SR-24 WB TO FISH RANCH RD",200.00,S,N,A,-,N,,,,,,,,,,N,2,0,1,1,A,-,03,22350,,N,F,A,A,A,H,-,A,D,0,,Y,,,Y,,L,04,1,0,0,0,0,0,1,0,0,"- ","- ",37.861320495605469,-122.21041870117188,"CONTRA COSTA",UNINCORPORATED,,
92091954,2022,2023-06-12,9370,2022-08-31,0246,022699,,3,3,5,0710,0,1,1,,2,083,"I-80 E/B","HILLTOP DRIVE",600.00,W,N,A,-,Y,CC,,80,,,5.865,H,,R,N,2,0,1,2,A,-,01,23152,A,N,C,C,A,A,H,-,D,D,0,,,,Y,Y,Y,D,22,1,0,0,0,0,0,0,0,0,"- ","- ",37.974540710449219,-122.31891632080078,"CONTRA COSTA",RICHMOND,-122.31893920898438,37.974544525146484
92092295,2023,2023-06-13,9320,2023-06-05,"640 ",017530,,1,1,9,0700,0,2,4,,2,094,"BYRON HWY","CAMINO DIABLO ROAD",1180.00,S,N,A,-,N,,,,,,,,,,Y,2,0,3,3,A,-,03,22350,,N,C,C,A,A,H,-,A,A,0,,,,Y,Y,,G,27,1,1,1,0,0,0,0,0,0,"- ","- ",37.864738464355469,-121.63603210449219,"CONTRA COSTA",UNINCORPORATED,-121.63605499267578,37.864837646484375
9211265,2020,2021-01-30,0701,2020-11-09,2037,3651,209,1,5,5,0701,0,0,0,,0,002,"WILBUR AV","VIERA AV",6864.00,E,N,A,-,N,,,,,,,,,,Y,2,0,1,1,A,-,03,22350,,N,E,I,A,A,H,-,D,D,0,,,,,Y,,A,01,1,0,0,0,0,0,0,0,0,"- ","- ",,,"CONTRA COSTA",ANTIOCH,-121.75222778320312,38.012271881103516
92112745,2023,2023-07-10,9320,2023-06-28,1325,021949,,3,1,6,0704,0,3,5,,2,040,"CONCORD AVE.","JOHN GLENN DR.",0.00,,Y,A,-,N,,,,,,,,,,Y,2,0,1,2,A,-,09,21801,A,N,A,C,A,A,H,-,A,D,0,,,,,Y,,A,07,1,0,0,0,0,0,0,0,0,"- ","- ",37.980300903320312,-122.05603790283203,"CONTRA COSTA",CONCORD,-122.05602264404297,37.980396270751953
9211339,2020,2021-01-21,0708,2020-10-21,2257,285,8108,3,5,5,0708,0,0,0,,0,001,"RAILROAD AV","CALIFORNIA AV",0.00,,Y,A,-,N,,,,,,,,,,Y,2,0,3,2,A,-,01,23152,A,N,D,C,A,A,H,-,C,A,0,,,,,Y,Y,A,01,2,0,1,0,0,0,0,0,0,"- ","- ",,,"CONTRA COSTA",PITTSBURG,-121.88918304443359,38.017471313476562
9211635,2020,2021-02-18,0710,2020-12-04,1253,1692,SOUTH,5,5,5,0710,0,0,0,,0,001,"RICHMOND PKWY","GARRARD BL",0.00,,Y,A,-,N,,,,,,,,,,N,1,1,0,2,A,-,12,21453,A,N,D,G,A,A,H,-,A,A,0,,Y,,,Y,,L,04,0,0,0,0,0,1,0,0,0,"- ","- ",37.930870056152344,-122.37796783447266,"CONTRA COSTA",RICHMOND,-122.37815093994141,37.930801391601562
92134315,2023,2023-08-02,9320,2023-02-18,"354 ",022534,,6,3,5,0712,0,1,1,,2,682,"I-680 NORTHBOUND","N. MAIN STREET",227.00,N,N,A,-,Y,CC,,680," "," ",15.669,H,,R,Y,1,1,5,2,A,-,01,23152,A,N,C,C,A,A,C,-,C,A,0,,,,,Y,Y,A,01,1,0,4,0,0,0,0,0,0,"- ","- ",37.916191101074219,-122.06517791748047,"CONTRA COSTA","WALNUT CREEK",-122.06513214111328,37.916164398193359
92159485,2023,2023-08-31,9320,2023-08-23,"625 ",016584,,3,1,3,0707,0,1,1,,2,180,"I-80 E/B","PINOLE VALLEY RD.",757.00,W,N,A,-,Y,CC,,80," "," ",8.360,H,,R,Y,2,0,1,1,A,-,08,22107,,N,A,I,A,A,H,-,B,A,0,,,,,Y,,A,01,1,0,0,0,0,0,0,0,0,"- ","- ",37.995639801025391,-122.28823089599609,"CONTRA COSTA",PINOLE,-122.28829193115234,37.9957275390625
92161653,2023,2023-09-04,9320,2023-08-25,1700,022896,,5,2,3,0707,0,1,1,,2,180,"I-80 E/B","PINOLVE VALLEY RD",500.00,E,N,A,-,Y,CC,,80," "," ",9.176,H,,R,N,2,0,1,2,A,-,03,22350,,N,B,C,A,A,H,-,A,A,0,,,Y,,Y,Y,C,02,1,0,0,0,0,0,0,0,1,"- ","- ",38.004718780517578,-122.27899169921875,"CONTRA COSTA",PINOLE,-122.27890014648438,38.004669189453125