CASE_ID,ACCIDENT_YEAR,PROC_DATE,JURIS,COLLISION_DATE,COLLISION_TIME,OFFICER_ID,REPORTING_DISTRICT,DAY_OF_WEEK,CHP_SHIFT,POPULATION,CNTY_CITY_LOC,SPECIAL_COND,BEAT_TYPE,CHP_BEAT_TYPE,CITY_DIVISION_LAPD,CHP_BEAT_CLASS,BEAT_NUMBER,PRIMARY_RD,SECONDARY_RD,DISTANCE,DIRECTION,INTERSECTION,WEATHER_1,WEATHER_2,STATE_HWY_IND,CALTRANS_COUNTY,CALTRANS_DISTRICT,STATE_ROUTE,ROUTE_SUFFIX,POSTMILE_PREFIX,POSTMILE,LOCATION_TYPE,RAMP_INTERSECTION,SIDE_OF_HWY,TOW_AWAY,COLLISION_SEVERITY,NUMBER_KILLED,NUMBER_INJURED,PARTY_COUNT,PRIMARY_COLL_FACTOR,PCF_CODE_OF_VIOL,PCF_VIOL_CATEGORY,PCF_VIOLATION,PCF_VIOL_SUBSECTION,HIT_AND_RUN,TYPE_OF_COLLISION,MVIW,PED_ACTION,ROAD_SURFACE,ROAD_COND_1,ROAD_COND_2,LIGHTING,CONTROL_DEVICE,CHP_ROAD_TYPE,PEDESTRIAN_ACCIDENT,BICYCLE_ACCIDENT,MOTORCYCLE_ACCIDENT,TRUCK_ACCIDENT,NOT_PRIVATE_PROPERTY,ALCOHOL_INVOLVED,STWD_VEHTYPE_AT_FAULT,CHP_VEHTYPE_AT_FAULT,COUNT_SEVERE_INJ,COUNT_VISIBLE_INJ,COUNT_COMPLAINT_PAIN,COUNT_PED_KILLED,COUNT_PED_INJURED,COUNT_BICYCLIST_KILLED,COUNT_BICYCLIST_INJURED,COUNT_MC_KILLED,COUNT_MC_INJURED,PRIMARY_RAMP,SECONDARY_RAMP,LATITUDE,LONGITUDE,COUNTY,CITY,POINT_X,POINT_Y
92169081,2023,2023-09-13,9320,2023-09-03,1240,022505,,7,1,9,0700,0,2,4,,2,071,"PORT CHICAGO HIGHWAY","RIVERSIDE DRIVE",0.00,,Y,A,-,N,,,,,,,,,,N,2,0,1,2,A,-,05,21650,,N,D,G,A,A,H,-,A,A,0,,Y,,,Y,,L,04,1,0,0,0,0,0,1,0,0,"- ","- ",38.029258728027344,-121.96061706542969,"CONTRA COSTA",UNINCORPORATED,-121.96045684814453,38.029293060302734
92169091,2023,2023-11-03,9320,2023-09-04,1310,017219,,1,1,3,0792,0,1,3,,2,240,"SR-24 W/B","CAMINO PABLO",800.00,E,N,A,-,Y,CC,,24," ",R,2.494,H,,L,Y,1,1,0,2,A,-,03,22350,,N,C,C,A,A,H,-,A,A,0,,,Y,,Y,,C,02,0,0,0,0,0,0,0,1,0,"- ","- ",37.880878448486328,-122.18251037597656,"CONTRA COSTA",ORINDA,-122.18254089355469,37.880908966064453
92170832,2023,2023-09-15,9320,2023-06-11,2309,022908,,7,3,3,0706,0,1,1,,2,180,"I-80 EB",SR-4,1133.00,W,N,A,-,Y,CC,,80," "," ",9.880,H,,R,Y,2,0,1,3,A,-,07,21658,A,F,B,C,A,A,H,-,C,A,0,,,,,Y,,A,01,1,0,0,0,0,0,0,0,0,"- ","- ",38.013038635253906,-122.27115631103516,"CONTRA COSTA",HERCULES,-122.2711181640625,38.013015747070312
92174689,2023,2023-09-20,9320,2023-08-31,"845 ",016584,,4,1,3,0706,0,1,3,,2,400,"SR-4 W/B","WILLOW AVE.",265.00,W,N,A,-,Y,CC,,4," ",R,0.651,H,,L,Y,2,0,4,4,A,-,08,22107,,N,C,C,A,A,H,-,A,A,0,,,,,Y,,A,08,1,1,2,0,0,0,0,0,0,"- ","- ",38.013698577880859,-122.25773620605469,"CONTRA COSTA",HERCULES,-122.25773620605469,38.013687133789062
92182448,2023,2023-09-28,9320,2023-05-18,1750,021281,,4,2,9,0700,0,1,3,,2,402,"SR-4 EASTBOUND",I-680,27.00,E,N,A,-,Y,CC,,4," "," ",12.694,H,,R,Y,1,1,2,3,A,-,03,22350,,N,C,C,A,A,H,-,A,A,0,,,,,Y,,A,07,0,2,0,0,0,0,0,0,0,"- ","- ",37.99468994140625,-122.06938171386719,"CONTRA COSTA",UNINCORPORATED,-122.06938171386719,37.99468994140625
92187503,2023,2023-10-02,9320,2023-09-15,1510,022828,,5,2,3,0707,0,1,1,,2,180,"INTERSTATE 80 EASTBOUND","APPIAN OVERCROSSING",220.00,E,N,A,-,Y,CC,,80," "," ",7.659,H,,R,N,2,0,1,2,A,-,08,22107,,N,C,D,A,A,H,-,A,A,0,,,Y,,Y,,C,02,1,0,0,0,0,0,0,0,1,"- ","- ",37.993518829345703,-122.30082702636719,"CONTRA COSTA",PINOLE,-122.30081939697266,37.993461608886719
92189002,2022,2023-10-03,9320,2022-12-18,1510,022517,,7,2,9,0700,0,2,4,,2,094,"COUNTY ROAD-J4 N/B (BYRON HIGHWAY)","CLIFTON COURT ROAD",1766.00,N,N,E,-,N,,,,,,,,,,Y,1,1,3,2,A,-,08,22107,,N,C,C,A,A,H,-,A,D,0,,,,,Y,,A,01,2,0,1,0,0,0,0,0,0,"- ","- ",37.842048645019531,-121.61559295654297,"CONTRA COSTA",UNINCORPORATED,-121.60292053222656,37.827831268310547
9219275,2020,2021-02-10,0701,2020-11-30,0150,6180,006,1,5,5,0701,0,0,0,,0,004,"CONTRA LOMA BL","SAN CARLOS DR",250.00,S,N,A,-,N,,,,,,,,,,Y,2,0,1,1,A,-,03,22350,I,N,E,I,A,A,H,-,C,D,0,,,,,Y,,A,01,1,0,0,0,0,0,0,0,0,"- ","- ",,,"CONTRA COSTA",ANTIOCH,-121.82273101806641,37.995407104492188
92197397,2023,2023-10-12,9320,2023-02-07,1431,017219,,2,2,5,0701,0,1,3,,2,404,"SR-4 E/B FROM CONTRA LOMA BOULEVARD","CONTRA LOMA BLVD",73.00,E,N,A,-,Y,,,,,,,,,,Y,1,1,0,2,A,-,03,22350,,N,C,C,A,A,H,-,A,A,0,,,,Y,Y,,A,07,0,0,0,0,0,0,0,0,0,"- ","- ",37.998809814453125,-121.82113647460938,"CONTRA COSTA",ANTIOCH,-121.82113647460938,37.998809814453125
92200873,2023,2023-10-17,9320,2023-04-29,"432 ",023003,,6,3,6,0704,0,1,3,,2,242,"SR-242 NORTHBOUND","MONUMENT BOULEVARD",4817.00,N,N,A,-,Y,CC,,680," ",R,18.618,H,,R,Y,1,1,0,1,A,-,01,23152,A,N,E,I,A,A,H,-,C,A,0,,,,,Y,Y,D,22,0,0,0,0,0,0,0,0,0,"- ","- ",37.957588195800781,-122.05227661132812,"CONTRA COSTA",CONCORD,-122.05255126953125,37.957637786865234
92203824,2023,2023-10-19,9320,2023-06-30,2015,022240,,5,2,9,0700,0,1,3,,2,403,"STATE ROUTE 4 EASTBOUND","BAILEY RD",2022.50,W,N,A,-,Y,CC,,4," ",R,19.728,H,,R,Y,1,2,0,2,A,-,07,21658,A,N,B,2,A,A,H,-,B,A,0,,,,,Y,,D,22,0,0,0,0,0,0,0,0,0,"- ","- ",38.018978118896484,-121.94907379150391,"CONTRA COSTA",UNINCORPORATED,-121.94902038574219,38.019138336181641
92205772,2023,2023-10-23,9320,2023-10-16,1210,022505,,1,1,4,0714,0,1,3,,2,402,"SR-4 W/B","CENTER AVE",1105.00,W,N,A,-,Y,CC,,4," ",R,8.969,H,,L,N,2,0,1,2,A,-,11,21954,A,N,G,B,E,A,H,-,A,D,0,Y,,,,Y,,N,60,1,0,0,0,1,0,0,0,0,"- ","- ",37.993240356445312,-122.12354278564453,"CONTRA COSTA",MARTINEZ,-122.12358093261719,37.993278503417969
92205847,2023,2023-10-23,9320,2023-06-21,1355,019759,,3,1,9,0700,0,2,4,,2,096,"VASCO ROAD","CAMINO DIABLO",11088.00,S,N,A,-,N,,,,,,,,,,Y,1,1,3,3,A,-,05,21460,A,N,A,C,A,A,H,-,A,A,0,,,,,Y,,D,22,2,1,0,0,0,0,0,0,0,"- ","- ",37.842540740966797,-121.64674377441406,"CONTRA COSTA",UNINCORPORATED,-121.66764068603516,37.865211486816406
92205873,2023,2023-10-23,9320,2023-09-24,2032,021519,,7,2,6,0704,0,1,1,,2,683,"I-680 N/B","SR-242 S/B",140.00,S,N,A,-,Y,CC,,680," ",R,18.672,H,,R,Y,2,0,1,2,A,-,07,21658,A,M,B,C,A,A,H,-,D,A,0,,,Y,,Y,,C,02,1,0,0,0,0,0,0,0,1,"- ","- ",37.958431243896484,-122.05242156982422,"CONTRA COSTA",CONCORD,-122.05245208740234,37.958431243896484
92206976,2023,2023-10-24,9320,2023-10-18,1900,017219,,3,2,3,0792,0,1,3,,2,240,"SR-24 E/B","ST STEPHENS DR O/C",1737.00,W,N,A,-,Y,CC,,24," ",R,3.141,H,,R,Y,2,0,2,2,A,-,05,21651,B,N,A,C,A,A,H,-,C,A,0,,,,,Y,,A,01,2,0,0,0,0,0,0,0,0,"- ","- ",37.888591766357422,-122.17588806152344,"CONTRA COSTA",ORINDA,-122.17597961425781,37.888652801513672
9221899,2021,2021-03-05,0701,2021-01-11,1014,5319,304,1,5,5,0701,0,0,0,,0,003,"SOMERSVILLE RD","BUCHANAN RD",0.00,,Y,A,-,N,,,,,,,,,,Y,2,0,2,2,A,-,12,21453,A,N,D,C,A,A,H,-,A,A,0,,,,,Y,,-,"- ",1,0,1,0,0,0,0,0,0,"- ","- ",,,"CONTRA COSTA",ANTIOCH,-121.84420776367188,37.997947692871094
92223869,2023,2023-10-31,9370,2023-10-09,2156,021739,,1,2,5,0710,0,1,1,,2,058,"I-580 W/B","STENMARK DR U/C",451.00,E,N,B,-,Y,CC,,580," "," ",5.940,H,,L,Y,1,1,0,1,A,-,03,22350,,N,E,8,A,A,H,-,C,D,0,,,,Y,Y,,G,25,0,0,0,0,0,0,0,0,0,"- ","- ",37.931861877441406,-122.39997863769531,"CONTRA COSTA",RICHMOND,-122.39998626708984,37.931907653808594
92238964,2023,2023-11-17,9320,2023-11-03,2315,022804,,5,3,5,0708,0,1,3,,2,404,"SR-4 WESTBOUND TO LOVERIDGE","CALIFORNIA AVE",20.00,S,N,A,-,Y,,,,,,,,,,Y,2,0,1,1,A,-,01,23152,A,N,E,I,A,A,H,-,C,A,0,,,,,Y,Y,A,01,1,0,0,0,0,0,0,0,0,"- ","- ",38.012809753417969,-121.86863708496094,"CONTRA COSTA",PITTSBURG,-121.86863708496094,38.012809753417969
92252117,2023,2023-12-04,9320,2023-11-12,1745,022784,,7,2,6,0704,0,1,3,,2,402,"SR-4 E/B","PORT CHICAGO HIGHWAY",140.00,E,N,A,-,Y,CC,,4," ",R,15.481,H,,R,Y,2,0,1,1,A,-,01,23152,A,N,E,8,A,A,D,-,C,A,0,,,,,Y,Y,D,22,1,0,0,0,0,0,0,0,0,"- ","- ",38.009658813476562,-122.02210998535156,"CONTRA COSTA",CONCORD,-122.0220947265625,38.009601593017578
92268324,2023,2023-12-21,9370,2023-12-18,"815 ",022856,,1,1,5,0710,0,1,1,,2,058,"I580 E/B TO REGATTA BLVD","REGATTA BLVD",530.00,W,N,C,-,Y,,,,,,,,,,Y,2,0,1,1,A,-,03,22350,,N,E,I,A,B,H,-,A,D,0,,,,,Y,,A,01,1,0,0,0,0,0,0,0,0,"- ","- ",37.920551300048828,-122.33502197265625,"CONTRA COSTA",RICHMOND,-122.33225250244141,37.919410705566406
92276398,2023,2024-01-02,9370,2023-03-13,2149,022841,,1,2,9,0700,0,3,5,,2,012,"SAN PABLO AVE S/B (15000 BLOCK)","CRESTWOOD DRIVE",42.00,N,N,C,-,N,,,,,,,,,,Y,1,1,0,3,A,-,03,22350,,N,C,2,E,B,H,-,C,D,0,Y,,,,Y,Y,D,22,0,0,0,1,0,0,0,0,0,"- ","- ",37.993740081787109,-122.32956695556641,"CONTRA COSTA",UNINCORPORATED,-122.32962036132812,37.993705749511719
92298951,2023,2024-01-29,9370,2023-09-24,"30  ",023275,,7,3,5,0710,0,1,1,,2,082,"I-80 E/B TO SAN PABLO AVENUE","SAN PABLO AVENUE",800.00,W,N,A,-,Y,CC,,80," "," ",2.788,H,,R,Y,2,0,1,2,A,-,03,22350,,F,C,C,A,A,H,-,C,D,0,,,,,Y,,-,99,1,0,0,0,0,0,0,0,0,"- ","- ",37.934829711914062,-122.32659149169922,"CONTRA COSTA",RICHMOND,-122.32682037353516,37.934829711914062
92299672,2023,2024-01-29,9370,2023-12-20,"15  ",023588,,3,3,5,0710,0,1,1,,2,083,"I-80 E/B","HILLTOP DR",530.00,E,N,C,-,Y,CC,,80," "," ",6.094,H,,R,Y,2,0,2,1,A,-,01,23152,A,N,E,I,A,B,H,-,C,D,0,,,,,Y,Y,A,01,1,1,0,0,0,0,0,0,0,"- ","- ",37.977790832519531,-122.31790161132812,"CONTRA COSTA",RICHMOND,-122.31782531738281,37.977775573730469
92316274,2023,2024-02-16,9320,2023-12-13,1920,020440,,3,2,3,0702,0,1,3,,2,405,"STATE ROUTE 4","MARSH CREEK ROAD",1954.00,W,N,A,-,Y,CC,,4," ",R,37.671,H,,R,Y,1,1,3,4,A,-,16,24002,A,F,B,C,A,A,H,-,D,D,0,,,,,Y,Y,-,99,1,1,1,0,0,0,0,0,0,"- ","- ",37.899379730224609,-121.71794128417969,"CONTRA COSTA",BRENTWOOD,-121.71795654296875,37.899372100830078
92320513,2024,2024-02-22,9370,2024-02-10,1330,022350,,6,1,5,0710,0,1,1,,2,082,"I-80 W/B","CARLSON BLVD",992.00,E,N,A,-,Y,CC,,80," "," ",1.221,H,,L,Y,2,0,1,2,A,-,07,21658,A,N,C,C,A,A,H,-,A,D,0,,,Y,,Y,,A,01,1,0,0,0,0,0,0,0,1,"- ","- ",37.913951873779297,-122.31761169433594,"CONTRA COSTA",RICHMOND,-122.31752014160156,37.913951873779297
92341644,2024,2024-03-19,9320,2024-03-01,1455,022784,,5,2,5,0712,0,1,1,,2,682,"I-680 S/B","MT DIABLO BLVD",1100.00,N,N,B,-,Y,CC,,680," "," ",14.037,H,,L,N,2,0,1,1,A,-,01,23152,A,N,E,8,A,B,H,-,A,A,0,,,,,Y,Y,A,07,1,0,0,0,0,0,0,0,0,"- ","- ",37.894420623779297,-122.06864929199219,"CONTRA COSTA","WALNUT CREEK",-122.06858825683594,37.894504547119141
92342649,2024,2024-03-20,9320,2024-02-28,1419,023666,,3,2,9,0700,0,2,4,,2,013,"SAN PABLO DAM RD N/B","INSPIRATION TRAIL CROSSWALK (TRAIL CROSSING)",618.00,N,N,B,-,N,,,,,,,,,,Y,2,0,4,3,A,-,08,22107,,N,A,C,A,A,G,-,A,A,0,,,,,Y,,A,01,1,2,1,0,0,0,0,0,0,"- ","- ",37.912521362304688,-122.23383331298828,"CONTRA COSTA",UNINCORPORATED,,
92348397,2023,2024-03-27,9320,2023-12-05,"930 ",021847,,2,1,9,0700,0,1,1,,2,683,"I-680 NORTHBOUND","PACHECO BOULEVARD",2216.50,S,N,B,-,Y,CC,,680," "," ",22.004,H,,R,Y,1,1,0,2,A,-,03,22350,,N,C,C,A,A,H,-,A,A,0,,,,,Y,,A,01,0,0,0,0,0,0,0,0,0,"- ","- ",38.003238677978516,-122.08003234863281,"CONTRA COSTA",UNINCORPORATED,-122.07999420166016,38.003265380859375
92349233,2023,2024-03-28,9320,2023-12-17,2240,022887,,7,3,9,0700,0,2,4,,2,073,"KIRKER PASS ROAD NORTHBOUND","HESS ROAD",4215.00,N,N,C,-,N,,,,,,,,,,Y,1,1,0,1,A,-,01,23152,A,N,E,I,A,B,H,-,D,A,0,,,,,Y,Y,A,01,0,0,0,0,0,0,0,0,0,"- ","- ",37.975139617919922,-121.90907287597656,"CONTRA COSTA",UNINCORPORATED,-121.92108154296875,37.970836639404297
92349250,2024,2024-03-28,9320,2024-02-11,1912,023684,,7,2,5,0701,0,1,3,,2,404,"SR-4 WESTBOUND","LOVERIDGE RD.",7920.00,E,N,A,-,Y,CC,,4," "," ",25.792,H,,L,Y,2,0,2,4,A,-,03,22350,,N,D,C,A,A,H,-,D,A,0,,,,,Y,,D,22,2,0,0,0,0,0,0,0,0,"- ","- ",38.004920959472656,-121.84111785888672,"CONTRA COSTA",ANTIOCH,-121.84109497070312,38.004974365234375
9236146,2021,2021-07-07,0714,2021-01-08,1715,163,18-4,5,5,4,0714,0,0,0,,0,003,"MUIR RD","PG&E POLE 110193225",0.00,,Y,A,-,N,,,,,,,,,,Y,1,1,1,2,A,-,05,21460,A,N,A,C,A,A,H,-,B,D,0,,,,,Y,,D,22,0,1,0,0,0,0,0,0,0,"- ","- ",37.99407958984375,-122.11036682128906,"CONTRA COSTA",MARTINEZ,,
9236381,2020,2021-03-06,0701,2020-08-26,1850,6142,610,3,5,5,0701,0,0,0,,0,006,"PERRY WY","PERRY WY 5000",0.00,,Y,A,-,N,,,,,,,,,,N,2,0,1,2,D,-,00,,,N,A,E,A,A,H,-,A,D,0,,,Y,,Y,,-,"- ",1,0,0,0,0,0,0,0,1,"- ","- ",,,"CONTRA COSTA",ANTIOCH,-121.767673,37.961817000000003
92365374,2024,2024-04-16,9320,2024-04-09,1635,023063,,2,2,4,0714,0,1,3,,2,401,"SR-4 WESTBOUND","ALHAMBRA AVENUE",7814.00,W,N,A,-,Y,CC,,4," ",R,7.126,H,,L,Y,2,0,2,3,A,-,01,23152,A,N,C,C,F,A,H,-,A,D,0,Y,,,,Y,Y,A,01,1,1,0,0,1,0,0,0,0,"- ","- ",38.000751495361328,-122.14823150634766,"CONTRA COSTA",MARTINEZ,-122.14825439453125,38.000720977783203
92371483,2024,2024-04-22,9370,2024-04-07,1244,023579,,7,1,9,0700,0,3,5,,2,012,"KILLARNEY DRIVE","GALWAY ROAD",0.00,,Y,A,-,N,,,,,,,,,,N,2,0,2,2,A,-,09,21802,A,N,D,C,A,A,H,-,A,A,0,,,Y,,Y,,A,01,2,0,0,0,0,0,0,0,1,"- ","- ",37.996021270751953,-122.31178283691406,"CONTRA COSTA",UNINCORPORATED,-122.31166839599609,37.996002197265625
92385078,2024,2024-05-08,9370,2024-02-01,2220,023346,,4,3,9,0700,0,3,5,,2,010,"RICHMOND PARKWAY","GOODRICK AVENUE",1490.00,S,N,B,C,N,,,,,,,,,,Y,1,1,0,1,A,-,03,22350,,N,E,8,A,B,H,-,C,D,0,,,,,Y,,-,"- ",0,0,0,0,0,0,0,0,0,"- ","- ",37.972339630126953,-122.36968994140625,"CONTRA COSTA",UNINCORPORATED,-122.36522674560547,37.974201202392578
92405486,2023,2024-06-04,9320,2023-11-13,"255 ",023002,,1,3,5,0708,0,1,3,,2,403,"SR-4 E/B","RAILROAD AVE",2900.00,W,N,A,-,Y,CC,,4," "," ",22.486,H,,R,Y,1,1,0,1,A,-,01,23152,A,N,E,I,A,A,H,-,D,A,0,,,,,Y,Y,A,01,0,0,0,0,0,0,0,0,0,"- ","- ",38.019229888916016,-121.89933776855469,"CONTRA COSTA",PITTSBURG,-121.8992919921875,38.019378662109375
92406413,2024,2024-06-05,9320,2024-05-25,1203,023760,,6,1,6,0704,0,1,1,,2,683,"INTERSTATE 680 SOUTHBOUND","WILLOW PASS ROAD",1003.00,N,N,A,-,Y,CC,,680," "," ",19.303,H,,L,Y,2,0,1,1,A,-,01,23152,A,N,E,I,A,A,H,-,A,A,0,,,,,Y,Y,A,01,1,0,0,0,0,0,0,0,0,"- ","- ",37.969169616699219,-122.05861663818359,"CONTRA COSTA",CONCORD,-122.05868530273438,37.969135284423828
92434004,2024,2024-07-09,9370,2024-06-26,"405 ",023346,,3,3,4,0711,0,1,1,,2,083,"I-80 W/B","EL PORTAL DRIVE",522.00,W,N,A,-,Y,CC,,80," "," ",5.144,H,,L,Y,2,0,1,3,A,-,03,22350,,F,E,2,E,A,H,-,D,D,0,Y,,,,Y,,A,01,1,0,0,0,1,0,0,0,0,"- ","- ",37.965278625488281,-122.32411193847656,"CONTRA COSTA","SAN PABLO",-122.32415008544922,37.965324401855469
92435406,2024,2024-07-10,9320,2024-03-17,2500,018086,,7,4,9,0700,0,2,4,,2,037,"FRANKLIN CANYON ROAD WESTBOUND","WOLCOTT LANE",528.00,W,N,A,-,N,,,,,,,,,,Y,1,1,0,1,A,-,01,23152,G,N,E,I,A,A,H,-,A,D,0,,,,,Y,Y,A,07,0,0,0,0,0,0,0,0,0,"- ","- ",37.997760772705078,-122.15921783447266,"CONTRA COSTA",UNINCORPORATED,-122.157958984375,37.997768402099609
9244146,2019,2021-06-04,0700,2019-08-07,2156,70433,LAFAY,3,5,3,0715,0,0,0,,0,041,"MT DIABLO BLVD","WILLOW DR",0.00,,Y,A,-,N,,,,,,,,,,N,2,0,2,3,A,-,10,21950,A,N,G,B,C,A,H,-,C,D,0,Y,,,,Y,,A,,1,0,1,0,2,0,0,0,0,"- ","- ",,,"CONTRA COSTA",LAFAYETTE,-122.1080322265625,37.894279479980469
92444412,2024,2024-07-22,9320,2024-07-04,2105,022835,,4,2,5,0708,0,1,3,,2,404,"SR-4 W/B TO CALIFORNIA AVE.","CALIFORNIA AVE.",300.00,E,N,A,-,Y,,,,,,,,,,N,2,0,1,1,A,-,08,22107,,N,F,8,A,A,H,-,C,A,0,,,,,Y,,A,01,1,0,0,0,0,0,0,0,0,"- ","- ",38.012401580810547,-121.86759948730469,"CONTRA COSTA",PITTSBURG,-121.87004852294922,38.012821197509766
9252067,2020,2021-04-27,0710,2020-09-21,1623,1687,CENTR,1,5,5,0710,0,0,0,,0,004,"MACDONALD AV","21ST ST",4.00,W,N,A,-,N,,,,,,,,,,,2,0,1,2,A,-,10,21950,A,F,G,B,B,A,H,-,A,A,0,Y,,,,Y,,A,01,1,0,0,0,1,0,0,0,0,"- ","- ",37.935558319091797,-122.34942626953125,"CONTRA COSTA",RICHMOND,-122.34957122802734,37.935741424560547
9252959,2021,2021-04-21,0710,2021-01-16,1354,1760,CENTR,6,5,5,0710,0,0,0,,0,006,"MARINA WAY","NEVIN PZ",0.00,,Y,A,-,,,,,,,,,,,,2,0,1,2,A,-,12,21453,A,N,D,G,A,A,H,-,A,A,0,,Y,,,Y,,-,"- ",1,0,0,0,0,0,1,0,0,"- ","- ",37.936809539794922,-122.35604858398438,"CONTRA COSTA",RICHMOND,-122.35617065429688,37.93682861328125
9255070,2021,2021-05-07,0710,2021-02-01,0117,1726,NORTH,1,5,5,0710,0,0,0,,0,007,"ROOSEVELT AV","24TH ST",0.00,,Y,-,-,N,,,,,,,,,,N,2,0,3,3,A,-,01,23153,A,N,D,C,A,A,H,-,C,A,0,,,,,Y,Y,-,,2,0,1,0,0,0,0,0,0,"- ","- ",37.939708709716797,-122.345703125,"CONTRA COSTA",RICHMOND,-122.34539794921875,37.939769744873047
9255970,2021,2021-05-12,0706,2021-04-21,1152,197,BAY,3,5,3,0706,0,0,0,,0,001,CANTERBURY,"DARTFORD ST",256.00,N,N,A,-,N,,,,,,,,,,Y,2,0,1,1,A,-,03,22350,,N,A,I,A,A,H,-,A,D,0,,,,,Y,,D,22,1,0,0,0,0,0,0,0,0,"- ","- ",38.016010284423828,-122.25826263427734,"CONTRA COSTA",HERCULES,-122.25807952880859,38.015853881835938
9256111,2021,2021-05-11,0710,2021-02-12,2232,1687,NORTH,5,5,5,0710,0,0,0,,0,009,"CASTRO RANCH RD","AMEND RD",1677.00,N,N,C,-,N,,,,,,,,,,Y,1,1,1,1,A,-,01,23152,A,N,E,I,A,B,H,-,D,D,0,,,,,Y,Y,A,01,0,1,0,0,0,0,0,0,0,"- ","- ",37.957260131835938,-122.26873016357422,"CONTRA COSTA",RICHMOND,-122.26363372802734,37.959625244140625
9256536,2021,2021-08-26,0700,2021-04-13,0649,69561,WALNU,2,5,3,0715,0,0,0,,0,040,"OLYMPIC BL","PLEASANT HILL RD",0.00,,Y,A,-,N,,,,,,,,,,Y,1,1,0,2,A,-,09,21803,A,N,C,G,A,A,H,-,B,A,0,,Y,,,Y,,A,,0,0,0,0,0,1,0,0,0,"- ","- ",,,"CONTRA COSTA",LAFAYETTE,-122.09287261962891,37.886104583740234
9266332,2020,2021-06-14,0700,2020-02-11,1118,71124,33,2,5,4,0790,0,0,0,,0,063,"CAMINO TASSAJARA","BLACKHAWK PLAZA CIR",0.00,,Y,A,-,N,,,,,,,,,,Y,2,0,2,2,A,-,12,21453,A,N,D,C,A,A,H,-,A,A,0,,,,,Y,,E,22,2,0,0,0,0,0,0,0,0,"- ","- ",37.798629760742188,-121.91726684570312,"CONTRA COSTA",DANVILLE,-121.917236328125,37.798778533935547
9271921,2021,2021-06-15,0707,2021-05-21,1200,224,BAY,5,5,3,0707,0,0,0,,0,001,"TARA HILL","SHAWN DR",145.00,E,N,A,-,N,,,,,,,,,,Y,2,0,1,2,A,-,03,22350,,N,G,E,A,A,H,-,A,D,0,,,,,Y,Y,A,01,1,0,0,0,0,0,0,0,0,"- ","- ",,,"CONTRA COSTA",PINOLE,-122.30685424804688,37.996181488037109
9290661,2021,2021-08-24,0703,2021-07-13,1551,C075,042,2,5,3,0703,0,0,0,,0,007,"CLAYTON RD","DELAWARE DR",0.00,,N,A,-,N,,,,,,,,,,Y,2,0,1,2,A,-,09,21804,A,N,D,C,A,A,H,-,A,D,0,,,,,Y,,A,01,1,0,0,0,0,0,0,0,0,"- ","- ",37.949451446533203,-121.95211029052734,"CONTRA COSTA",CLAYTON,-121.95220184326172,37.949337005615234
9291509,2021,2021-07-21,0709,2021-06-04,1843,403,3020,5,5,4,0709,0,0,0,,0,002,"CONTRA COSTA BL","COTTONWOOD DR",0.00,,Y,A,-,N,,,,,,,,,,Y,2,0,2,2,A,-,09,21801,A,N,-,C,A,A,H,-,A,B,0,,,Y,,Y,,A,01,1,1,0,0,0,0,0,0,1,"- ","- ",37.973220825195312,-122.06452178955078,"CONTRA COSTA","PLEASANT HILL",-122.06422424316406,37.973762512207031
9301712,2021,2021-10-07,0710,2021-06-24,0221,1687,SOUTH,4,5,5,0710,0,0,0,,0,003,"CARLSON BL","S 37TH ST",0.00,,Y,A,-,N,,,,,,,,,,Y,1,1,4,2,A,-,01,23152,A,N,D,C,A,A,H,-,C,A,0,,,,,Y,Y,A,07,1,0,3,0,0,0,0,0,0,"- ","- ",,,"CONTRA COSTA",RICHMOND,-122.33462524414062,37.922607421875
9316005,2021,2021-09-16,0701,2021-07-14,2140,6119,601,3,5,5,0701,0,0,0,,0,006,"HILLCREST AV","LARKSPUR DR",115.00,S,N,A,-,N,,,,,,,,,,N,2,0,1,2,A,-,11,21954,A,N,G,B,D,A,H,-,C,A,0,Y,,,,Y,Y,N,60,1,0,0,0,1,0,0,0,0,"- ","- ",,,"CONTRA COSTA",ANTIOCH,-121.78450012207031,37.994594573974609
9320356,2021,2023-06-20,0700,2021-09-20,0439,032,OAKLE,1,5,3,0734,0,0,0,,0,052,"EAST CYPRESS RD","JERSEY ISLAND RD",3115.00,E,N,A,-,N,,,,,,,,,,Y,1,1,0,2,A,-,06,21750,,N,B,C,A,A,H,-,D,A,0,,,,,Y,,A,01,0,0,0,0,0,0,0,0,0,"- ","- ",37.990550994873047,-121.65926361083984,"CONTRA COSTA",OAKLEY,-121.64836883544922,37.99066162109375