CASE_ID,ACCIDENT_YEAR,PROC_DATE,JURIS,COLLISION_DATE,COLLISION_TIME,OFFICER_ID,REPORTING_DISTRICT,DAY_OF_WEEK,CHP_SHIFT,POPULATION,CNTY_CITY_LOC,SPECIAL_COND,BEAT_TYPE,CHP_BEAT_TYPE,CITY_DIVISION_LAPD,CHP_BEAT_CLASS,BEAT_NUMBER,PRIMARY_RD,SECONDARY_RD,DISTANCE,DIRECTION,INTERSECTION,WEATHER_1,WEATHER_2,STATE_HWY_IND,CALTRANS_COUNTY,CALTRANS_DISTRICT,STATE_ROUTE,ROUTE_SUFFIX,POSTMILE_PREFIX,POSTMILE,LOCATION_TYPE,RAMP_INTERSECTION,SIDE_OF_HWY,TOW_AWAY,COLLISION_SEVERITY,NUMBER_KILLED,NUMBER_INJURED,PARTY_COUNT,PRIMARY_COLL_FACTOR,PCF_CODE_OF_VIOL,PCF_VIOL_CATEGORY,PCF_VIOLATION,PCF_VIOL_SUBSECTION,HIT_AND_RUN,TYPE_OF_COLLISION,MVIW,PED_ACTION,ROAD_SURFACE,ROAD_COND_1,ROAD_COND_2,LIGHTING,CONTROL_DEVICE,CHP_ROAD_TYPE,PEDESTRIAN_ACCIDENT,BICYCLE_ACCIDENT,MOTORCYCLE_ACCIDENT,TRUCK_ACCIDENT,NOT_PRIVATE_PROPERTY,ALCOHOL_INVOLVED,STWD_VEHTYPE_AT_FAULT,CHP_VEHTYPE_AT_FAULT,COUNT_SEVERE_INJ,COUNT_VISIBLE_INJ,COUNT_COMPLAINT_PAIN,COUNT_PED_KILLED,COUNT_PED_INJURED,COUNT_BICYCLIST_KILLED,COUNT_BICYCLIST_INJURED,COUNT_MC_KILLED,COUNT_MC_INJURED,PRIMARY_RAMP,SECONDARY_RAMP,LATITUDE,LONGITUDE,COUNTY,CITY,POINT_X,POINT_Y
9320637,2022,2022-04-26,0704,2022-02-25,1535,0537,,5,5,6,0704,0,0,0,,0,004,"CLAYTON RD","GALINDO ST",0.00,,Y,A,-,N,,,,,,,,,,Y,1,1,2,5,A,-,12,21453,A,N,G,B,F,A,H,-,A,A,0,Y,,,Y,Y,,F,26,0,0,2,1,0,0,0,0,0,"- ","- ",37.973869323730469,-122.03372192382812,"CONTRA COSTA",CONCORD,-122.03378295898438,37.974258422851562
9321178,2022,2023-03-14,0702,2022-10-16,0720,573J,127B,7,5,3,0702,0,0,0,,0,001,"GRANT ST","FAIRVIEW AV",0.00,W,N,A,-,N,,,,,,,,,,Y,1,1,0,1,A,-,01,23152,F,N,E,I,A,A,H,-,A,A,0,,,,,Y,,D,22,0,0,0,0,0,0,0,0,0,"- ","- ",37.953868865966797,-121.72328186035156,"CONTRA COSTA",BRENTWOOD,-121.72328186035156,37.953872680664062
9324556,2021,2021-10-05,0702,2021-08-02,1717,623J,121B,1,5,3,0702,0,0,0,,0,001,"SAND CREEK RD","LAS MONTANAS ST",224.00,N,N,A,-,N,,,,,,,,,,N,2,0,1,2,A,-,09,21804,A,N,G,G,A,A,H,-,A,A,0,,Y,,,Y,,L,04,1,0,0,0,0,0,1,0,0,"- ","- ",37.947471618652344,-121.73542785644531,"CONTRA COSTA",BRENTWOOD,-121.73308563232422,37.947071075439453
9347689,2021,2021-10-29,0701,2021-07-22,0840,5825,508,4,5,5,0701,0,0,0,,0,005,"BLUEROCK DR","ROCKY POINT DR",0.00,,Y,A,-,N,,,,,,,,,,Y,2,0,1,2,A,-,09,21802,A,N,D,C,A,A,H,-,A,D,0,,,,,Y,,A,07,1,0,0,0,0,0,0,0,0,"- ","- ",,,"CONTRA COSTA",ANTIOCH,-121.79067230224609,37.979648590087891
9361982,2021,2022-01-06,0710,2021-09-20,0600,1343,SOUTH,1,5,5,0710,0,0,0,,0,003,"CENTRAL AV","RYDIN RD",235.00,W,N,A,-,N,,,,,,,,,,N,2,0,1,1,A,-,08,22107,,N,E,I,A,A,H,-,C,D,0,,,,,Y,,D,72,1,0,0,0,0,0,0,0,0,"- ","- ",37.89984130859375,-122.31671905517578,"CONTRA COSTA",RICHMOND,-122.31748199462891,37.899494171142578
93983558,2024,2024-08-14,9320,2024-07-28,1258,023061,,7,1,3,0702,0,1,3,,2,405,"SR4 WB","LONE TREE WAY",2026.00,W,N,A,-,Y,CC,,4," ",R,32.480,H,,L,Y,2,0,4,1,A,-,08,22107,,N,F,0,A,A,H,-,A,A,0,,,,,Y,,D,22,2,1,1,0,0,0,0,0,0,"- ","- ",37.966690063476562,-121.73899078369141,"CONTRA COSTA",BRENTWOOD,-121.73891448974609,37.9666748046875
9412894,2022,2022-05-11,0714,2022-01-15,1822,174,134,6,5,4,0714,0,0,0,,0,003,"MORELLO AV","ARNOLD DR",0.00,,Y,A,-,N,,,,,,,,,,N,2,0,1,2,A,-,11,21950,B,N,G,B,B,A,H,-,C,A,0,Y,,,,Y,,N,60,1,0,0,0,1,0,0,0,0,"- ","- ",37.993801116943359,-122.10066223144531,"CONTRA COSTA",MARTINEZ,-122.10060119628906,37.993858337402344
9424483,2022,2022-04-04,0700,2022-02-27,1550,032,OAKLE,7,5,3,0734,0,0,0,,0,051,"OAKLEY RD","NEROLY RD",700.00,E,N,A,-,N,,,,,,,,,,N,2,0,2,2,A,-,09,21804,A,N,D,C,A,A,H,-,A,A,0,,,Y,,Y,,A,01,1,1,0,0,0,0,0,0,2,"- ","- ",37.997928619384766,-121.75077819824219,"CONTRA COSTA",OAKLEY,-121.74836730957031,37.997821807861328
94356687,2024,2024-08-16,9320,2024-08-04,1900,023756,,7,2,9,0700,0,1,3,,2,403,"SR-4 W/B","WILLOW PASS RD",852.00,E,N,A,-,Y,CC,,4," ",R,17.019,H,,L,N,2,0,1,1,A,-,08,22107,,N,F,A,A,A,H,-,A,A,0,,,Y,,Y,,C,02,1,0,0,0,0,0,0,0,1,"- ","- ",38.014949798583984,-121.99484252929688,"CONTRA COSTA",UNINCORPORATED,-121.99481201171875,38.014915466308594
94388122,2024,2024-09-10,9320,2024-08-25,1625,023766,,7,2,5,0712,0,1,1,,2,682,"INTERSTATE 680 NORTHBOUND","TREAT BOULEVARD",200.00,S,N,A,-,Y,CC,,680," "," ",16.333,H,,R,N,2,0,1,1,A,-,08,22107,,N,F,A,A,A,H,-,A,A,0,,,Y,,Y,,C,02,1,0,0,0,0,0,0,0,1,"- ","- ",37.925449371337891,-122.06067657470703,"CONTRA COSTA","WALNUT CREEK",-122.06061553955078,37.925445556640625
9439154,2022,2022-05-24,0700,2022-04-23,2025,040,OAKLE,6,5,3,0734,0,0,0,,0,053,"BROWN RD","OXFORD DR",242.00,S,N,A,-,N,,,,,,,,,,Y,2,0,1,3,A,-,08,22107,,N,H,E,A,A,H,-,C,D,0,,,,,Y,,A,01,1,0,0,0,0,0,0,0,0,"- ","- ",37.981601715087891,-121.72335815429688,"CONTRA COSTA",OAKLEY,-121.72325134277344,37.981105804443359
94412624,2024,2024-09-30,9320,2024-09-22,"245 ",023993,,7,3,4,0709,0,1,1,,2,683,"I-680 SB","CONCORD AVENUE",80.00,N,N,A,-,Y,CC,,680," "," ",19.892,H,,L,Y,2,0,1,1,A,-,01,23152,A,N,E,I,A,A,H,-,C,A,0,,,,,Y,Y,A,01,1,0,0,0,0,0,0,0,0,"- ","- ",37.976398468017578,-122.06427764892578,"CONTRA COSTA","PLEASANT HILL",-122.06435394287109,37.976375579833984
94429324,2024,2024-10-14,9320,2024-10-02,1555,022462,,3,2,9,0700,0,3,5,,2,040,"SYCAMORE STREET","PLAZA DRIVE",0.00,,Y,A,-,N,,,,,,,,,,N,2,0,1,2,A,-,12,22450,A,N,H,G,A,A,H,-,A,A,0,,Y,,,Y,,L,04,1,0,0,0,0,0,1,0,0,"- ","- ",38.008480072021484,-122.11277770996094,"CONTRA COSTA",UNINCORPORATED,-122.11270904541016,38.008457183837891
9444203,2022,2022-05-18,0702,2022-02-19,1707,501M,309B,6,5,3,0702,0,0,0,,0,003,"WALNUT BL",BOUGANVILLIA,42.00,S,N,A,-,N,,,,,,,,,,Y,2,0,1,1,A,-,01,23152,A,N,E,I,A,A,H,-,A,D,0,,,,,Y,Y,A,01,1,0,0,0,0,0,0,0,0,"- ","- ",37.934898376464844,-121.70047760009766,"CONTRA COSTA",BRENTWOOD,-121.70039367675781,37.934879302978516
94442716,2024,2024-10-23,9320,2024-10-10,1805,022462,,4,2,9,0700,0,2,4,,2,011,"APPIAN WAY","SANTA RITA ROAD",385.00,S,N,A,-,N,,,,,,,,,,N,2,0,1,2,A,-,08,22107,,N,H,G,A,A,H,-,A,A,0,,Y,,,Y,,A,01,1,0,0,0,0,0,1,0,0,"- ","- ",37.96875,-122.30828094482422,"CONTRA COSTA",UNINCORPORATED,-122.30820465087891,37.968788146972656
94485457,2024,2025-03-28,9320,2024-11-07,2000,023982,,4,2,3,0702,0,1,3,,2,405,"STATE ROUTE 4","FAIRVIEW AVE",2802.00,W,N,A,-,Y,CC,,4," ",R,36.518,H,,R,Y,2,0,2,2,A,-,05,21460,,N,A,C,A,A,H,-,D,A,0,,,,,Y,,A,01,1,1,0,0,0,0,0,0,0,"- ","- ",37.912139892578125,-121.73114013671875,"CONTRA COSTA",BRENTWOOD,-121.73115539550781,37.912136077880859
94491784,2024,2024-12-04,9320,2024-05-19,2120,022486,,7,2,9,0700,0,2,4,,2,071,"WILLOW PASS ROAD","POINSETTIA AVENUE",108.00,W,N,A,-,N,,,,,,,,,,N,1,1,0,2,A,-,11,21954,A,N,G,B,D,A,H,-,C,A,0,Y,,,,Y,,N,60,0,0,0,1,0,0,0,0,0,"- ","- ",38.026779174804688,-121.93910217285156,"CONTRA COSTA",UNINCORPORATED,-121.93896484375,38.026760101318359
9449225,2022,2022-06-28,0705,2022-05-19,2314,E248,PATRO,4,5,3,0705,0,0,0,,0,012,"TERRACE DR","SEAVIEW DR",38.00,N,N,A,-,N,,,,,,,,,,Y,2,0,1,3,A,-,01,23152,A,N,C,E,A,A,H,-,C,D,0,,,,,Y,Y,A,01,1,0,0,0,0,0,0,0,0,"- ","- ",37.913368225097656,-122.29205322265625,"CONTRA COSTA","EL CERRITO",-122.29229736328125,37.913566589355469
94499684,2024,2024-12-13,9320,2024-11-16,1915,023953,,6,2,3,0715,0,1,3,,2,241,"SR-24 E/B","PLEASANT HILL RD",1056.00,E,N,A,-,Y,CC,,24," ",R,7.454,H,,R,N,2,0,1,2,A,-,08,22107,,M,F,A,A,A,H,-,C,A,0,,,Y,,Y,,C,02,1,0,0,0,0,0,0,0,1,"- ","- ",37.897251129150391,-122.09996032714844,"CONTRA COSTA",LAFAYETTE,-122.09995269775391,37.897232055664062
94506482,2024,2024-12-17,9320,2024-11-30,1132,023063,,6,1,9,0700,0,2,4,,2,023,"BEAR CREEK ROAD","BRIONES OVERLOOK STAGING AREA",239.00,W,N,A,-,N,,,,,,,,,,Y,2,0,1,1,A,-,08,22107,,N,E,I,A,A,H,-,A,A,0,,,Y,,Y,,C,02,1,0,0,0,0,0,0,0,1,"- ","- ",37.912410736083984,-122.20191955566406,"CONTRA COSTA",UNINCORPORATED,-122.16283416748047,37.926410675048828
94508477,2024,2024-12-18,9320,2024-06-30,2208,023480,,7,3,9,0700,0,2,4,,2,097,"VASCO RD N/B","MARSH CREEK RD",34.00,S,N,A,-,N,,,,,,,,,,Y,2,0,4,4,A,-,03,22350,,N,C,C,A,A,H,-,C,A,0,,,Y,,Y,,C,02,1,0,3,0,0,0,0,0,1,"- ","- ",37.89569091796875,-121.71235656738281,"CONTRA COSTA",UNINCORPORATED,-121.71261596679688,37.895736694335938
94529696,2024,2025-01-08,9320,2024-11-30,2214,022804,,6,3,9,0700,0,3,5,,2,039,"TULLIBEE RD","TULLIBEE CT",97.00,W,N,A,-,N,,,,,,,,,,N,2,0,1,1,A,-,03,22350,,F,H,A,A,A,H,-,C,A,0,,,,,Y,,-,99,1,0,0,0,0,0,0,0,0,"- ","- ",38.036251068115234,-122.26055145263672,"CONTRA COSTA",UNINCORPORATED,-122.26043701171875,38.036212921142578
94549060,2024,2025-01-24,9320,2024-12-01,"158 ",022928,,7,3,9,0700,0,2,4,,2,032,"SAN PABLO AVENUE","MERCHANT STREET",0.00,,Y,A,-,N,,,,,,,,,,N,2,0,1,2,A,-,08,22107,,F,G,B,E,A,H,-,C,A,0,Y,,,,Y,Y,-,99,1,0,0,0,1,0,0,0,0,"- ","- ",38.05487060546875,-122.23020935058594,"CONTRA COSTA",UNINCORPORATED,-122.23044586181641,38.05487060546875
94582218,2024,2025-02-18,9320,2024-12-07,2240,023768,,6,3,9,0700,0,2,4,,2,071,"EVORA RD","POMO STREET",916.00,W,N,A,-,N,,,,,,,,,,N,2,0,1,2,A,-,11,21954,A,F,G,B,E,A,H,-,D,A,0,Y,,,,Y,Y,N,60,1,0,0,0,1,0,0,0,0,"- ","- ",38.024600982666016,-121.96913909912109,"CONTRA COSTA",UNINCORPORATED,-121.96913909912109,38.024566650390625
94583682,2025,2025-02-19,9320,2025-01-31,1849,023953,,5,2,3,0715,0,1,3,,2,241,"SR-24 W/B","ALCALANES RD",4752.00,E,N,C,D,Y,CC,,24," ",R,5.330,H,,L,N,2,0,1,2,A,-,03,22350,,N,D,C,A,B,H,-,C,A,0,,,,,Y,,A,01,1,0,0,0,0,0,0,0,0,"- ","- ",37.89093017578125,-122.13806915283203,"CONTRA COSTA",LAFAYETTE,-122.1380615234375,37.890953063964844
94586116,2025,2025-02-21,9320,2025-02-09,2116,022505,,7,2,6,0704,0,1,3,,2,402,"SR-4 E/B","KINNE BOULEVARD",416.00,E,N,A,-,Y,CC,,4," ",R,16.148,H,,R,Y,2,0,1,1,A,-,08,22107,,N,F,8,A,A,H,-,D,A,0,,,,,Y,,A,01,1,0,0,0,0,0,0,0,0,"- ","- ",38.011508941650391,-122.01001739501953,"CONTRA COSTA",CONCORD,-122.01001739501953,38.011505126953125
94589753,2025,2025-02-25,9370,2025-02-09,1925,023900,,7,2,9,0700,0,3,5,,2,010,"WEST GERTRUDE AVENUE","RICHMOND PARKWAY",0.00,,Y,A,-,N,,,,,,,,,,Y,2,0,2,2,D,-,00,,,N,A,C,A,A,H,-,C,A,0,,,,,Y,,-,"- ",1,1,0,0,0,0,0,0,0,"- ","- ",37.954059600830078,-122.37354278564453,"CONTRA COSTA",UNINCORPORATED,-122.37364959716797,37.954063415527344
94598722,2025,2025-03-12,9320,2025-02-21,1525,022828,,5,2,9,0700,0,3,5,,2,020,"PINEHURST ROAD","SKYLINE BOULEVARD",2460.00,S,N,A,-,N,,,,,,,,,,N,2,0,1,1,A,-,08,22107,,N,H,A,A,A,B,-,A,A,0,,Y,,,Y,,L,04,1,0,0,0,0,0,1,0,0,"- ","- ",37.835758209228516,-122.17961883544922,"CONTRA COSTA",UNINCORPORATED,,
9460150,2022,2022-07-29,0702,2022-03-31,1750,549D,204B,4,5,3,0702,0,0,0,,0,002,"JENNIFER ST","GARIN PKWY",815.00,W,N,A,-,N,,,,,,,,,,N,2,0,1,2,C,-,18,,,N,G,B,D,A,H,-,A,D,0,Y,,,,Y,,-,"- ",1,0,0,0,1,0,0,0,0,"- ","- ",37.943260192871094,-121.68798065185547,"CONTRA COSTA",BRENTWOOD,-121.68997192382812,37.943519592285156
94601768,2025,2025-03-18,9320,2025-02-27,1735,023953,,4,2,9,0700,0,2,4,,2,086,"BYRON HIGHWAY","POINT OF TIMBER RD",0.00,,Y,A,-,N,,,,,,,,,,N,2,0,1,2,A,-,12,22450,A,N,D,C,A,A,H,-,A,A,0,,,Y,,Y,,C,02,1,0,0,0,0,0,0,0,1,"- ","- ",37.910980224609375,-121.64121246337891,"CONTRA COSTA",UNINCORPORATED,-121.64125823974609,37.910968780517578
94602504,2024,2025-03-18,9320,2024-10-05,2130,023756,,6,2,5,0701,0,1,3,,2,404,"SR-4 E/B TO LONE TREE WAY","LONE TREE WAY",100.00,W,N,A,-,Y,,,,,,,,,,N,2,0,2,3,A,-,01,23152,A,N,C,C,A,A,H,-,C,A,0,,,,,Y,Y,A,01,2,0,0,0,0,0,0,0,0,"- ","- ",37.997699737548828,-121.80654144287109,"CONTRA COSTA",ANTIOCH,-121.74349975585938,37.961318969726562
94609182,2025,2025-03-18,9320,2025-02-05,2210,023680,,3,3,9,0700,0,2,4,,2,013,"SAN PABLO DAM RD.","KENNEDY GROVE REGIONAL RECREATIONAL ACCESS RD.",0.00,,Y,A,-,N,,,,,,,,,,Y,2,0,4,3,A,-,05,21650,,N,A,2,A,A,H,-,D,A,0,,,,,Y,,A,01,1,0,3,0,0,0,0,0,0,"- ","- ",37.945301055908203,-122.2667236328125,"CONTRA COSTA",UNINCORPORATED,,
94641016,2025,2025-04-08,9320,2025-03-30,1825,022828,,7,2,6,0704,0,1,3,,2,242,"STATE ROUTE 242 NORTHBOUND TO GRANT STREET","GRANT STREET",175.00,S,N,A,-,Y,CC,,242," ",R,2.086,H,,R,N,2,0,1,1,A,-,08,22107,,N,F,0,A,A,H,-,A,A,0,,,Y,,Y,,C,02,1,0,0,0,0,0,0,0,1,"- ","- ",37.987339019775391,-122.04041290283203,"CONTRA COSTA",CONCORD,-122.04054260253906,37.987358093261719
94641875,2025,2025-04-08,9320,2025-03-27,2105,022486,,4,2,9,0700,0,2,4,,2,074,"DEER VALLEY ROAD","CHADBOURNE ROAD",3240.00,S,N,A,-,N,,,,,,,,,,Y,2,0,1,1,A,-,08,22107,,N,E,I,A,A,H,-,C,A,0,,,,,Y,,A,01,1,0,0,0,0,0,0,0,0,"- ","- ",37.914321899414062,-121.76856231689453,"CONTRA COSTA",UNINCORPORATED,-121.76878356933594,37.914405822753906
94649031,2024,2025-04-14,9320,2024-11-24,2224,023783,,7,3,9,0700,0,2,4,,2,073,"KIRKER PASS ROAD SOUTHBOUND","HESS ROAD",2568.00,N,N,A,-,N,,,,,,,,,,Y,1,1,0,1,A,-,01,23152,A,N,E,I,A,A,H,-,D,A,0,,,,,Y,Y,A,01,0,0,0,0,0,0,0,0,0,"- ","- ",37.974411010742188,-121.91587829589844,"CONTRA COSTA",UNINCORPORATED,-121.92568969726562,37.968170166015625
94676505,2025,2025-05-06,9320,2025-04-18,1900,023781,,5,2,3,0715,0,1,3,,2,241,"SR-24 WESTBOUND","ACALANES ROAD",1584.00,E,N,A,-,Y,CC,,24," ",R,4.717,H,,L,N,2,0,1,1,A,-,08,22107,,N,F,A,A,A,H,-,A,A,0,,,Y,,Y,,C,02,1,0,0,0,0,0,0,0,1,"- ","- ",37.891338348388672,-122.14919281005859,"CONTRA COSTA",LAFAYETTE,-122.14917755126953,37.891441345214844
94692190,2025,2025-05-19,9320,2025-05-06,1830,023781,,2,2,6,0704,0,1,3,,2,242,"SR-242 SOUTHBOUND","WILLOW PASS ROAD",2851.00,S,N,A,-,Y,CC,,242," ",R,0.349,H,,L,Y,2,0,1,2,A,-,07,21658,A,N,B,C,A,A,H,-,A,A,0,,,,,Y,,A,01,1,0,0,0,0,0,0,0,0,"- ","- ",37.963550567626953,-122.05040740966797,"CONTRA COSTA",CONCORD,-122.05039215087891,37.963542938232422
94711962,2025,2025-06-03,9320,2025-05-24,1340,023768,,6,1,9,0700,0,1,3,,2,400,"SR-4 E/B","CHRISTIE ROAD",177.00,E,N,A,-,Y,CC,,4," ",R,3.405,H,,R,N,2,0,1,1,A,-,08,22107,,N,E,I,A,A,H,-,A,D,0,,,,,Y,,A,01,1,0,0,0,0,0,0,0,0,"- ","- ",38.007869720458984,-122.20993804931641,"CONTRA COSTA",UNINCORPORATED,-122.20993041992188,38.007850646972656
94716706,2025,2025-08-15,9370,2025-05-24,2000,024343,,6,2,5,0710,0,1,1,,2,082,"I-80 W/B","BARRETT STREET",370.00,W,N,A,-,Y,CC,,80," "," ",2.762,H,,L,Y,2,0,4,6,A,-,01,23152,A,N,C,C,A,A,H,-,B,D,0,,,,,Y,Y,A,01,1,0,3,0,0,0,0,0,0,"- ","- ",37.934490203857422,-122.32694244384766,"CONTRA COSTA",RICHMOND,-122.32694244384766,37.934490203857422
94740323,2025,2025-06-26,9320,2025-05-21,"725 ",016094,,3,1,5,0708,0,1,3,,2,404,"SR-4 W/B","RAILROAD AVE",378.00,E,N,A,-,Y,CC,,4," "," ",23.135,H,,L,N,2,0,1,2,A,-,03,22350,,N,B,C,A,A,H,-,A,D,0,,,Y,,Y,,C,02,1,0,0,0,0,0,0,0,1,"- ","- ",38.016719818115234,-121.88796997070312,"CONTRA COSTA",PITTSBURG,-121.88794708251953,38.016780853271484
94742442,2025,2025-06-27,9320,2025-03-14,"820 ",016563,,5,1,3,0792,0,1,3,,2,240,"SR-24 E/B","WILDER ROAD",300.00,W,N,B,C,Y,CC,,24," "," ",1.143,H,,R,Y,1,1,0,2,A,-,01,23152,A,N,C,2,A,B,H,-,A,D,0,,,,,Y,Y,A,07,0,0,0,0,0,0,0,0,0,"- ","- ",37.867168426513672,-122.19911956787109,"CONTRA COSTA",ORINDA,-122.19911956787109,37.867229461669922
9478341,2022,2022-11-29,0712,2022-06-26,0132,P607,,7,5,5,0712,0,0,0,,0,002,"NORTH CALIFORNIA BL","N MAIN ST",0.00,,Y,A,-,N,,,,,,,,,,Y,2,0,2,2,A,-,01,23152,A,N,C,C,A,A,H,-,C,A,0,,,,,Y,Y,A,07,1,0,1,0,0,0,0,0,0,"- ","- ",,,"CONTRA COSTA","WALNUT CREEK",-122.065185546875,37.909801483154297
9504121,2022,2022-10-21,0712,2022-10-01,1857,P386,,6,5,5,0712,0,0,0,,0,002,"NORTH CALIFORNIA BL","TRINITY AV",0.00,,Y,A,-,N,,,,,,,,,,N,1,1,0,2,A,-,10,21950,A,N,G,B,B,A,H,-,A,A,0,Y,,,,Y,Y,A,01,0,0,0,1,0,0,0,0,0,"- ","- ",,,"CONTRA COSTA","WALNUT CREEK",-122.06436157226562,37.901340484619141
9509869,2022,2022-12-15,0709,2022-11-16,1408,407,3080,3,5,4,0709,0,0,0,,0,002,"CONTRA COSTA BL","ELLINWOOD DR",0.00,,Y,A,-,N,,,,,,,,,,Y,2,0,1,2,A,-,01,23152,,F,B,C,A,A,H,-,A,A,0,,,,,Y,Y,A,01,1,0,0,0,0,0,0,0,0,"- ","- ",37.958431243896484,-122.0609130859375,"CONTRA COSTA","PLEASANT HILL",-122.06105804443359,37.958381652832031
9513687,2022,2022-11-23,0740,2022-10-15,1329,SRA058,SR,6,5,4,0791,0,0,0,,0,4582,"CROW CANYON RD","DEERWOOD RD",0.00,,Y,A,-,N,,,,,,,,,,Y,2,0,2,2,A,-,12,21453,A,N,B,C,A,A,H,-,A,A,0,,,,,Y,,A,07,1,0,1,0,0,0,0,0,0,"- ","- ",37.773380279541016,-121.98832702636719,"CONTRA COSTA","SAN RAMON",-121.98835754394531,37.773468017578125
9535456,2022,2023-02-07,0700,2022-10-30,0852,032,OAKLE,7,5,3,0734,0,0,0,,0,051,"MAIN ST","LIVE OAK AV",30.00,W,N,A,-,N,,,,,,,,,,N,2,0,1,2,A,-,05,21650,,F,B,G,A,A,H,-,C,A,0,,Y,,,Y,,A,01,1,0,0,0,0,0,1,0,0,"- ","- ",38.005138397216797,-121.74149322509766,"CONTRA COSTA",OAKLEY,-121.74169158935547,38.005191802978516
9539726,2022,2023-02-07,0709,2022-12-26,1219,401,2170,1,5,4,0709,0,0,0,,0,001,"CONTRA COSTA BL","BOYD RD",0.00,,Y,A,-,N,,,,,,,,,,Y,2,0,1,2,A,-,12,21457,A,N,D,C,A,A,G,-,A,A,0,,,,,Y,,A,01,1,0,0,0,0,0,0,0,0,"- ","- ",37.942798614501953,-122.06124114990234,"CONTRA COSTA","PLEASANT HILL",-122.06055450439453,37.943477630615234
9554025,2023,2023-03-15,0704,2023-01-10,2340,0537,4,2,5,6,0704,0,0,0,,0,003,"TREAT BL","BLARNEY AV",3.00,E,N,C,-,N,,,,,,,,,,N,2,0,2,4,A,-,03,22350,,N,D,E,E,B,H,-,C,D,0,Y,,,,Y,,A,07,1,0,1,0,1,0,0,0,0,"- ","- ",37.941158294677734,-122.02139282226562,"CONTRA COSTA",CONCORD,-122.02135467529297,37.941173553466797
9574660,2023,2023-05-04,0709,2023-04-09,1348,443,3020,7,5,4,0709,0,0,0,,0,002,"CONTRA COSTA BL","GOLF CLUB RD",80.00,S,N,A,-,N,,,,,,,,,,N,2,0,1,1,A,-,03,22350,,N,H,A,A,A,H,-,A,D,0,,,Y,,Y,,C,02,1,0,0,0,0,0,0,0,1,"- ","- ",37.971549987792969,-122.06352996826172,"CONTRA COSTA","PLEASANT HILL",-122.06363677978516,37.97137451171875
9594297,2023,2023-07-03,0740,2023-05-22,1756,SR140,SR,1,5,4,0791,0,0,0,,0,4643,"WINDERMERE PKWY","HARCOURT WY",75.00,S,N,A,-,N,,,,,,,,,,Y,2,0,1,1,A,-,00,27602,A,N,A,I,A,A,H,-,A,D,0,,,,,Y,,A,01,1,0,0,0,0,0,0,0,0,"- ","- ",37.763160705566406,-121.90573120117188,"CONTRA COSTA","SAN RAMON",-121.89444732666016,37.762680053710938
9595973,2023,2023-08-02,0702,2023-06-23,1802,551J,431B,5,5,3,0702,0,0,0,,0,004,"BALFOUR RD","CORTONA WY",141.00,E,N,A,-,N,,,,,,,,,,Y,2,0,1,2,A,-,09,21804,A,N,D,C,A,A,H,-,A,A,0,,,,,Y,,A,01,1,0,0,0,0,0,0,0,0,"- ","- ",37.925220489501953,-121.73667144775391,"CONTRA COSTA",BRENTWOOD,-121.73618316650391,37.925388336181641
9607984,2023,2023-09-28,0702,2023-08-13,"756 ",478A,228B,7,5,3,0702,0,0,0,,0,002,"OHARA AV","LONE TREE WY",0.00,,Y,A,-,N,,,,,,,,,,Y,2,0,2,3,A,-,12,21453,A,N,D,C,A,A,H,-,A,A,0,,,,,Y,,A,01,1,1,0,0,0,0,0,0,0,"- ","- ",37.961578369140625,-121.71404266357422,"CONTRA COSTA",BRENTWOOD,-121.71407318115234,37.961578369140625
9625767,2023,2023-10-05,0740,2023-08-15,1108,SR131,SR,2,5,4,0791,0,0,0,,0,BEAT4,"DOUGHERTY RD","AUSTIN CREEK AV",0.00,,-,A,-,N,,,,,,,,,,N,2,0,1,1,C,-,18,,,N,E,J,A,A,C,-,A,D,0,,Y,,,Y,,-,"- ",1,0,0,0,0,0,1,0,0,"- ","- ",37.733158111572266,-121.91103363037109,"CONTRA COSTA","SAN RAMON",-121.91106414794922,37.733192443847656
9640172,2023,2024-02-14,0700,2023-09-05,"653 ",048,OAKLE,2,5,3,0734,0,0,0,,0,051,"NEROLY RD","ELM LN",0.00,,Y,A,-,N,,,,,,,,,,Y,1,1,1,2,A,-,05,21650,,N,A,C,A,A,H,-,A,D,0,,,Y,,Y,,C,06,0,0,1,0,0,0,0,1,0,"- ","- ",38.000850677490234,-121.75076293945312,"CONTRA COSTA",OAKLEY,-121.75080871582031,38.000755310058594