CASE_ID,ACCIDENT_YEAR,PROC_DATE,JURIS,COLLISION_DATE,COLLISION_TIME,OFFICER_ID,REPORTING_DISTRICT,DAY_OF_WEEK,CHP_SHIFT,POPULATION,CNTY_CITY_LOC,SPECIAL_COND,BEAT_TYPE,CHP_BEAT_TYPE,CITY_DIVISION_LAPD,CHP_BEAT_CLASS,BEAT_NUMBER,PRIMARY_RD,SECONDARY_RD,DISTANCE,DIRECTION,INTERSECTION,WEATHER_1,WEATHER_2,STATE_HWY_IND,CALTRANS_COUNTY,CALTRANS_DISTRICT,STATE_ROUTE,ROUTE_SUFFIX,POSTMILE_PREFIX,POSTMILE,LOCATION_TYPE,RAMP_INTERSECTION,SIDE_OF_HWY,TOW_AWAY,COLLISION_SEVERITY,NUMBER_KILLED,NUMBER_INJURED,PARTY_COUNT,PRIMARY_COLL_FACTOR,PCF_CODE_OF_VIOL,PCF_VIOL_CATEGORY,PCF_VIOLATION,PCF_VIOL_SUBSECTION,HIT_AND_RUN,TYPE_OF_COLLISION,MVIW,PED_ACTION,ROAD_SURFACE,ROAD_COND_1,ROAD_COND_2,LIGHTING,CONTROL_DEVICE,CHP_ROAD_TYPE,PEDESTRIAN_ACCIDENT,BICYCLE_ACCIDENT,MOTORCYCLE_ACCIDENT,TRUCK_ACCIDENT,NOT_PRIVATE_PROPERTY,ALCOHOL_INVOLVED,STWD_VEHTYPE_AT_FAULT,CHP_VEHTYPE_AT_FAULT,COUNT_SEVERE_INJ,COUNT_VISIBLE_INJ,COUNT_COMPLAINT_PAIN,COUNT_PED_KILLED,COUNT_PED_INJURED,COUNT_BICYCLIST_KILLED,COUNT_BICYCLIST_INJURED,COUNT_MC_KILLED,COUNT_MC_INJURED,PRIMARY_RAMP,SECONDARY_RAMP,LATITUDE,LONGITUDE,COUNTY,CITY,POINT_X,POINT_Y
9689424,2024,2024-05-13,0740,2024-03-19,1634,SR133,SR,2,5,4,0791,0,0,0,,0,003,"CROW CANYON PL","CROW CANYON RD",192.00,S,N,A,-,N,,,,,,,,,,N,2,0,1,2,A,-,12,21453,A,M,D,C,A,A,H,-,A,A,0,,,,,Y,,A,07,1,0,0,0,0,0,0,0,0,"- ","- ",37.7764892578125,-121.97255706787109,"CONTRA COSTA","SAN RAMON",-121.97130584716797,37.778152465820312
9696277,2024,2024-05-30,0705,2024-03-22,2146,E275,PATRO,5,5,3,0705,0,0,0,,0,011,"CUTTING BL","SAN PABLO AV",0.00,,Y,C,-,Y,CC,4,123,-,-,2.100,I,5,S,N,2,0,1,2,A,-,10,21950,A,F,G,B,B,B,H,-,C,A,0,Y,,,,Y,,A,07,1,0,0,0,1,0,0,0,0,"- ","- ",37.925411224365234,-122.31842803955078,"CONTRA COSTA","EL CERRITO",-122.31849670410156,37.9254150390625
9712180,2024,2024-09-11,0709,2024-07-29,"112 ",487,3120,1,5,4,0709,0,0,0,,0,001,"CONTRA COSTA BL","MONUMENT BL",0.00,,Y,A,-,N,,,,,,,,,,N,2,0,2,1,A,-,03,22350,,N,E,J,A,A,H,-,C,A,0,,,,,Y,Y,A,01,1,1,0,0,0,0,0,0,0,"- ","- ",37.945259094238281,-122.06046295166016,"CONTRA COSTA","PLEASANT HILL",-122.06024169921875,37.945350646972656
9713349,2024,2024-08-22,0740,2024-06-08,"553 ",SR151,SR72,6,5,4,0791,0,0,0,,0,001,"CROW CANYON RD","PARK PL",282.00,E,N,A,-,N,,,,,,,,,,Y,2,0,1,1,A,-,08,22107,,N,A,I,A,A,H,-,A,D,0,,,,,Y,,A,01,1,0,0,0,0,0,0,0,0,"- ","- ",37.771411895751953,-122.00225830078125,"CONTRA COSTA","SAN RAMON",-121.98995208740234,37.773078918457031
9714369,2024,2024-07-15,0740,2024-05-21,1621,SR131,SR72,2,5,4,0791,0,0,0,,0,BEAT5,"BOLLINGER CANYON RD","SONTELEAF RD",0.00,,Y,A,-,N,,,,,,,,,,Y,2,0,1,2,A,-,08,22101,D,N,D,C,A,A,H,-,A,A,0,,,,,Y,,A,07,1,0,0,0,0,0,0,0,0,"- ","- ",37.773319244384766,-121.91813659667969,"CONTRA COSTA","SAN RAMON",-121.91815185546875,37.773387908935547
9728377,2024,2024-09-18,0709,2024-07-25,1506,395,3010,4,5,4,0709,0,0,0,,0,002,"CHILPANCINGO PKWY","OLD QUARRY RD",280.00,E,N,A,-,N,,,,,,,,,,N,2,0,1,2,B,-,22,,,N,G,B,F,A,H,-,A,D,0,Y,,,,Y,,A,01,1,0,0,0,1,0,0,0,0,"- ","- ",37.973621368408203,-122.06730651855469,"CONTRA COSTA","PLEASANT HILL",-122.06714630126953,37.975070953369141
9728398,2024,2024-09-23,0709,2024-07-27,"438 ",487,2470,6,5,4,0709,0,0,0,,0,001,"CONTRA COSTA BL","RT 680",0.00,,N,A,-,N,,,,,,,,,,N,2,0,1,1,A,-,03,22350,,N,E,I,A,A,H,-,C,A,0,,,,,Y,,A,01,1,0,0,0,0,0,0,0,0,"- ",NF,37.9434814453125,-122.060546875,"CONTRA COSTA","PLEASANT HILL",-122.06040954589844,37.936092376708984
9746576,2024,2024-11-05,0740,2024-09-27,1445,SR120,SR72,5,5,4,0791,0,0,0,,0,001,"CROW CANYON RD","TWIN CREEKS DR",371.00,W,N,A,-,N,,,,,,,,,,N,2,0,1,2,A,-,08,22107,,N,D,G,A,A,H,-,A,D,0,,Y,,,Y,,A,01,1,0,0,0,0,0,1,0,0,"- ","- ",37.774219512939453,-121.98148345947266,"CONTRA COSTA","SAN RAMON",-121.98146057128906,37.774806976318359
9768973,2024,2025-01-30,0712,2024-12-21,1651,P613,,6,5,5,0712,0,0,0,,0,003,"TREAT BL","ARKELL RD",0.00,,Y,C,-,N,,,,,,,,,,N,2,0,1,2,A,-,09,21801,A,N,D,C,A,B,H,-,B,D,0,,,Y,,Y,,A,01,1,0,0,0,0,0,0,0,1,"- ","- ",,,"CONTRA COSTA","WALNUT CREEK",-122.03654479980469,37.932830810546875
9771209,2024,2025-01-16,0700,2024-06-06,"700 ",89327,33,4,5,4,0790,0,0,0,,0,061,"DIABLO RD","MATADERA WY",0.00,,Y,A,-,N,,,,,,,,,,N,2,0,1,2,D,-,00,,,N,G,B,B,A,H,-,A,A,0,Y,,,,Y,,-,"- ",1,0,0,0,1,0,0,0,0,"- ","- ",37.833278656005859,-121.981201171875,"CONTRA COSTA",DANVILLE,-121.98114013671875,37.833217620849609
9786044,2024,2025-03-18,0701,2024-04-14,1607,6392,,7,5,5,0701,0,0,0,,0,001,"AUTO CENTER DR","10TH ST",0.00,,Y,A,-,N,,,,,,,,,,Y,1,1,2,2,A,-,01,23152,A,N,D,C,A,A,H,-,A,A,0,,,,,Y,,A,01,2,0,0,0,0,0,0,0,0,"- ","- ",38.012561798095703,-121.82884216308594,"CONTRA COSTA",ANTIOCH,-121.82904052734375,38.012481689453125
9786213,2024,2025-05-03,0710,2024-07-15,"1   ",1749,SOUTH,1,5,5,0710,0,0,0,,0,002,"OHIO AV","S 20TH ST",110.00,E,N,A,-,N,,,,,,,,,,Y,1,1,1,7,A,-,01,23152,A,N,D,C,A,A,H,-,C,A,0,,,,,Y,Y,A,01,0,1,0,0,0,0,0,0,0,"- ","- ",,,"CONTRA COSTA",RICHMOND,-122.35002136230469,37.930747985839844
9786343,2024,2025-07-16,0712,2024-12-29,"225 ",P637,,7,5,5,0712,0,0,0,,0,001,"NEWELL AV","CIRCLE DR",180.00,E,N,B,-,N,,,,,,,,,,Y,1,1,4,1,A,-,03,22350,,F,E,I,A,A,H,-,C,D,0,,,,,Y,,A,01,0,4,0,0,0,0,0,0,0,"- ","- ",,,"CONTRA COSTA","WALNUT CREEK",-122.06285095214844,37.891464233398438
9831553,2025,2025-09-05,0706,2025-06-01,1930,228,,7,5,3,0706,0,0,0,,0,,"WILLOW AV","RT 80",14.00,W,N,A,-,Y,CC,,80," "," ",10.735,H,,L,N,2,0,6,5,A,-,03,22350,,N,A,C,F,A,H,-,B,A,0,Y,,,,Y,,A,01,2,2,2,0,2,0,0,0,0,"- ",WF,38.022998809814453,-122.26200103759766,"CONTRA COSTA",HERCULES,-122.26205444335938,38.023033142089844
9868532,2025,2025-08-06,0740,2025-06-02,1549,SR131,SR,1,5,4,0791,0,0,0,,0,BEAT4,"ALCOSTA BL","BROADMOOR DR",0.00,,Y,A,-,N,,,,,,,,,,Y,2,0,1,2,A,-,09,21801,A,F,D,C,A,A,H,-,A,A,0,,,Y,,Y,Y,A,01,1,0,0,0,0,0,0,0,1,"- ","- ",37.730098724365234,-121.93102264404297,"CONTRA COSTA","SAN RAMON",-121.9310302734375,37.730125427246094
6290046,2014,2014-02-24,9320,2014-02-11,2240,19743,,2,3,9,0700,0,2,4,,2,071,"WILLOW PASS RD","GOBLE DR",33.00,S,N,B,-,N,,,,,,,,,,Y,1,1,0,1,A,-,01,23152,A,N,E,I,A,A,H,-,C,D,0,,,,,Y,Y,A,01,0,0,0,0,0,0,0,0,0,"- ","- ",,,"CONTRA COSTA",UNINCORPORATED,-121.96226649,38.02525653
6290275,2014,2014-04-16,0708,2014-03-12,0448,157,,3,5,5,0708,0,0,0,,0,005,"LOVERIDGE RD","E LELAND",284.00,N,-,A,-,N,,,,,,,,,,Y,1,1,0,2,A,-,05,21651,B,N,H,G,A,A,H,-,C,D,0,,Y,,,Y,,L,04,0,0,0,0,0,1,0,0,0,"- ","- ",,,"CONTRA COSTA",PITTSBURG,-121.870684,38.008908720000001
6290358,2014,2015-12-21,0708,2014-02-27,2337,P247,,4,5,5,0708,0,0,0,,0,001,"W 10TH ST","ENTERPRISE CIR",123.00,E,N,B,-,N,,,,,,,,,,Y,1,1,0,1,A,-,03,22350,,N,B,I,A,A,H,-,C,A,0,,,,,Y,Y,D,22,0,0,0,0,0,0,0,0,0,"- ","- ",,,"CONTRA COSTA",PITTSBURG,-121.89737287,38.02946
6290444,2014,2015-12-29,0708,2014-04-02,2500,157,,3,5,5,0708,0,0,0,,0,003,"WEST LELAND RD","GOLF CLUB RD",864.00,W,N,B,C,N,,,,,,,,,,Y,1,1,0,1,A,-,07,21658,A,N,E,I,A,B,H,-,A,D,0,,,,,Y,Y,A,01,0,0,0,0,0,0,0,0,0,"- ","- ",38.004600000000003,-121.54525,"CONTRA COSTA",PITTSBURG,-121.91441905000001,38.012944070000003
6290655,2014,2014-12-15,9320,2014-05-06,2233,19559,,2,3,9,0700,0,1,1,,2,681,"RT 680","EL CERRO BL",2640.00,N,N,A,-,Y,CC,4,680,-,R,8.610,H,-,S,Y,1,1,0,1,A,-,08,22107,,N,E,I,A,A,H,-,C,D,6,,,,,Y,Y,A,01,0,0,0,0,0,0,0,0,0,"- ","- ",,,"CONTRA COSTA",UNINCORPORATED,-122.00705236,37.833563849999997
6291204,2014,2015-12-30,9320,2014-07-22,0250,18078,,2,3,9,0700,0,2,4,,2,072,"BAILEY RD","MYRTLE DR",9732.00,N,N,B,-,N,,,,,,,,,,Y,1,1,0,1,A,-,08,22107,,N,E,I,A,A,H,-,D,D,0,,,,,Y,,A,07,0,0,0,0,0,0,0,0,0,"- ","- ",,,"CONTRA COSTA",UNINCORPORATED,-121.94876202,37.992306110000001
6291740,2014,2014-12-16,0740,2014-10-16,0913,53,72,4,5,4,0791,0,0,0,,0,005,"ALBION RD","SILVA WY",299.00,E,N,A,-,N,,,,,,,,,,N,1,1,1,3,A,-,11,21954,A,N,G,B,D,A,H,-,A,D,0,Y,,,,Y,,N,60,1,0,0,1,1,0,0,0,0,"- ","- ",,,"CONTRA COSTA","SAN RAMON",-121.88808727999999,37.764815800000001
6291765,2014,2016-01-04,0711,2014-11-07,1846,S981,,5,5,4,0711,0,0,0,,0,003,"23RD ST","CALIFORNIA AV",0.00,,Y,A,-,N,,,,,,,,,,Y,1,1,0,2,A,-,10,21950,A,F,G,B,B,A,H,-,C,D,0,Y,,,,Y,,A,01,0,0,0,1,0,0,0,0,0,"- ","- ",,,"CONTRA COSTA","SAN PABLO",-122.34738996999999,37.953399939999997
6291890,2014,2016-01-07,9320,2014-09-26,0655,17342,,5,1,9,0700,0,1,1,,2,683,"RT 680","RT 4",3737.00,N,N,A,-,Y,CC,4,680,-,-,21.900,H,-,N,Y,1,1,1,2,A,-,07,21658,A,N,B,C,A,A,H,-,A,D,1,,,,,Y,Y,A,01,0,0,1,0,0,0,0,0,0,"- ","- ",,,"CONTRA COSTA",UNINCORPORATED,-122.07881368,38.002156650000003
6292070,2014,2015-04-13,9320,2014-11-18,1710,13800,,2,2,9,0700,0,1,1,,2,683,"RT 680","SANTA FE RR",740.00,S,N,B,-,Y,CC,4,680,-,-,22.060,H,-,S,Y,1,1,2,3,A,-,07,21658,A,N,B,C,A,A,H,-,C,D,1,,,,,Y,,A,07,0,1,1,0,0,0,0,0,0,"- ","- ",,,"CONTRA COSTA",UNINCORPORATED,-122.08088538,38.003857869999997
6292202,2015,2015-07-31,0710,2015-03-01,2005,1586,,7,5,5,0710,0,0,0,,0,,"RHEEM AV","36TH ST",27.00,W,N,A,-,N,,,,,,,,,,N,1,1,0,2,A,-,11,21954,A,N,G,B,D,A,H,-,C,D,0,Y,,,,Y,Y,N,60,0,0,0,1,0,0,0,0,0,"- ","- ",,,"CONTRA COSTA",RICHMOND,-122.33300364,37.9498417
6292420,2015,2017-05-09,0701,2015-05-11,1739,4265,104,1,5,5,0701,0,0,0,,0,001,"MEDANOS ST","W 11TH ST",0.00,,Y,A,-,N,,,,,,,,,,Y,1,1,0,2,A,-,00,23103,,F,G,B,E,A,H,-,A,D,0,Y,,,,Y,,D,22,0,0,0,1,0,0,0,0,0,"- ","- ",,,"CONTRA COSTA",ANTIOCH,-121.81803999,38.010189939999997
6292975,2017,2017-10-25,0700,2017-07-24,1330,70632,,1,5,3,0715,0,0,0,,0,040,"MORAGA RD","MORAGA BL",0.00,,Y,A,-,N,,,,,,,,,,Y,1,1,0,2,A,-,10,21950,A,N,G,B,B,A,H,-,A,A,0,Y,,,,Y,,D,22,0,0,0,1,0,0,0,0,0,"- ","- ",,,"CONTRA COSTA",LAFAYETTE,-122.11843991000001,37.890079900000003
6337653,2014,2014-06-04,9320,2014-01-06,2320,019752,,1,3,9,0700,0,2,4,,2,038,"ALHAMBRA VALLEY RD","BEAR CREEK RD",1584.00,E,N,A,-,N,,,,,,,,,,Y,2,0,1,1,A,-,01,23152,A,N,E,I,A,A,H,-,D,D,0,,,,,Y,Y,A,01,1,0,0,0,0,0,0,0,0,"- ","- ",,,"CONTRA COSTA",UNINCORPORATED,-122.19626525,37.96486737
6369629,2014,2015-01-09,0710,2014-01-17,1421,1324,NORTH,5,5,5,0710,0,0,0,,0,008,"PARKRIDGE DR","WOODLAND RD",0.00,,Y,A,-,N,,,,,,,,,,N,2,0,1,2,A,-,11,21956,,N,A,B,E,A,H,-,A,D,0,Y,,,,Y,Y,N,60,1,0,0,0,1,0,0,0,0,"- ","- ",,,"CONTRA COSTA",RICHMOND,-122.3433,37.991860000000003
6385327,2014,2016-03-03,9320,2014-02-06,2250,019559,,4,3,9,0700,0,1,3,,2,401,RT4,"FRANKLIN CANYON RD",1584.00,E,N,B,-,Y,CC,4,4,-,R,2.640,H,-,E,Y,2,0,1,1,A,-,01,23152,A,N,E,I,A,A,H,-,D,D,1,,,,,Y,Y,A,01,1,0,0,0,0,0,0,0,0,"- ","- ",38.007820000000002,-122.22056000000001,"CONTRA COSTA",UNINCORPORATED,-122.22351648,38.008090610000004
6398216,2014,2015-10-13,0701,2014-02-01,1357,4336,303,6,5,5,0701,0,0,0,,0,004,"DELTA FAIR BL","SOMERSVILLE RD",198.00,,N,A,-,N,,,,,,,,,,N,2,0,1,2,A,-,08,22107,,N,D,C,A,A,H,-,A,A,0,,,,,Y,,A,07,1,0,0,0,0,0,0,0,0,"- ","- ",,,"CONTRA COSTA",ANTIOCH,-121.83922991,38.002229890000002
6400014,2014,2015-11-20,0708,2014-03-07,2125,274,,5,5,5,0708,0,0,0,,0,,"RT 4","L ST",0.00,,Y,-,-,Y,CC,4,4,-,-,26.810,R,4,W,N,2,0,1,2,-,-,"- ",,,N,G,B,E,-,H,-,C,-,0,Y,,,,Y,,-,"- ",1,0,0,0,1,0,0,0,0,WO,"- ",,,"CONTRA COSTA",PITTSBURG,-121.82378756,38.000176140000001
6401550,2014,2014-06-09,9320,2014-01-15,1225,17271,,3,1,6,0704,0,3,5,,2,060,"CONCORD AV","MERIDIAN PARK BL",0.00,,Y,A,-,N,,,,,,,,,,Y,2,0,1,2,A,-,08,22107,,N,D,D,A,A,H,-,A,A,0,,,Y,,Y,,A,01,1,0,0,0,0,0,0,0,1,"- ","- ",37.978999999999999,-122.05898000000001,"CONTRA COSTA",CONCORD,-122.05893991000001,37.978989970000001
6413810,2014,2014-06-19,0711,2014-02-09,1056,HANNIS,,7,5,4,0711,0,0,0,,0,002,"SAN PABLO DAM RD","MIFFLIN DR",43.00,N,N,C,-,N,,,,,,,,,,Y,2,0,2,1,A,-,"- ",,,N,E,I,A,B,H,-,A,A,0,,,,,Y,,A,01,1,1,0,0,0,0,0,0,0,"- ","- ",,,"CONTRA COSTA","SAN PABLO",-122.32233511,37.963418169999997
6417184,2014,2014-06-25,9320,2014-03-06,2005,019099,,4,2,9,0700,0,2,4,,2,072,"BAILEY RD","PITTSBURG/BAY POINT BART STATION ENT",0.00,,Y,A,-,N,,,,,,,,,,Y,2,0,1,2,A,-,12,21453,A,N,D,C,A,A,H,-,C,A,0,,,,,Y,,A,07,1,0,0,0,0,0,0,0,0,"- ","- ",38.017800000000001,-121.9419,"CONTRA COSTA",UNINCORPORATED,-121.94191843,38.017799750000002
6417192,2014,2014-06-25,9320,2014-03-13,1936,019107,,4,2,9,0700,0,2,4,,1,042,"PACHECO BL","BLUM RD",360.00,N,N,A,-,N,,,,,,,,,,Y,2,0,1,2,A,-,21,22106,,N,B,C,A,A,H,-,C,D,0,,,Y,,Y,,A,07,1,0,0,0,0,0,0,0,1,"- ","- ",,,"CONTRA COSTA",UNINCORPORATED,-122.07475267,37.99455356
6420652,2014,2016-03-03,9320,2014-02-25,0953,16964,,2,1,3,0734,0,1,3,,2,405,"RT 4","LAUREL AV",3400.00,E,N,A,-,Y,CC,4,4,-,R,32.010,H,-,E,Y,2,0,1,1,A,-,08,22107,,N,F,A,A,A,H,-,A,D,1,,,,,Y,,A,07,1,0,0,0,0,0,0,0,0,"- ","- ",,,"CONTRA COSTA",OAKLEY,-121.74122446,37.974255599999999
6420893,2014,2014-06-24,0706,2014-03-02,1044,174,,7,5,3,0706,0,0,0,,0,001,"WILLOW AV","RT 80",0.00,,Y,C,-,Y,,,,,,,,,,N,2,0,1,2,A,-,10,21950,A,N,G,B,B,B,H,-,A,A,0,Y,,,,Y,,A,07,1,0,0,0,1,0,0,0,0,"- ",WF,,,"CONTRA COSTA",HERCULES,-122.27208994,38.012259980000003
6430952,2014,2014-06-20,0701,2014-02-25,2021,5321,305,2,5,5,0701,0,0,0,,0,001,"MAHOGANY WY","DOGWOOD WY",0.00,,Y,A,-,N,,,,,,,,,,N,2,0,1,2,A,-,11,21954,A,N,G,B,E,A,H,-,D,D,0,Y,,,,Y,Y,N,60,1,0,0,0,1,0,0,0,0,"- ","- ",,,"CONTRA COSTA",ANTIOCH,-121.82713997,38.00230998
6433022,2014,2014-06-30,0701,2014-03-13,2027,5324,103,4,5,5,0701,0,0,0,,0,002,"W 10TH ST","K ST",66.00,W,N,A,-,N,,,,,,,,,,N,2,0,1,2,A,-,08,22107,,N,B,G,A,A,H,-,C,D,0,,Y,,,Y,Y,L,04,1,0,0,0,0,0,1,0,0,"- ","- ",,,"CONTRA COSTA",ANTIOCH,-121.81863912999999,38.011189999999999
6438182,2014,2016-01-19,9320,2014-02-20,0705,16713,,4,1,6,0704,0,1,1,,2,683,"RT 680","RT 242",528.00,S,N,A,-,Y,CC,4,680,-,R,18.610,H,-,S,Y,2,0,1,2,A,-,07,21658,A,N,B,C,A,A,H,-,A,D,1,,,Y,,Y,,A,01,1,0,0,0,0,0,0,0,1,"- ","- ",,,"CONTRA COSTA",CONCORD,-122.05270803000001,37.957844420000001
6438264,2014,2014-07-03,0705,2014-02-23,1225,E127,,7,5,3,0705,0,0,0,,0,012,"TERRACE DR","STOCKTON AV",0.00,,Y,A,-,N,,,,,,,,,,N,2,0,1,1,A,-,03,22350,,N,H,-,A,A,H,-,A,A,0,,Y,,,Y,,L,04,1,0,0,0,0,0,1,0,0,"- ","- ",,,"CONTRA COSTA","EL CERRITO",-122.29805986,37.91172993
6448205,2014,2016-04-13,9320,2014-04-05,1935,19454,9320,6,2,5,0701,0,1,3,,2,404,RT4,"G ST",768.00,W,N,A,-,Y,CC,4,4,-,-,27.140,H,-,W,Y,2,0,2,1,A,-,01,23152,A,N,E,J,A,A,D,-,D,D,1,,,,,Y,Y,A,01,1,1,0,0,0,0,0,0,0,"- ","- ",,,"CONTRA COSTA",ANTIOCH,-121.81808564000001,37.998631979999999
6449498,2014,2014-07-07,0711,2014-03-31,1822,1055,,1,5,4,0711,0,0,0,,0,002,"EL PORTAL DR","LIGHT POLE #25681",0.00,,Y,A,-,N,,,80,,,,,,,Y,2,0,1,3,A,-,03,22350,,N,C,I,A,B,H,-,A,A,0,,,,,Y,,A,01,1,0,0,0,0,0,0,0,0,"- ","- ",37.963000000000001,-122.3291,"CONTRA COSTA","SAN PABLO",-122.32880403,37.962654700000002
6464833,2014,2014-06-24,0702,2014-02-15,1136,498P,2112B,6,5,3,0702,0,0,0,,0,0B1,"SAND CREEK RD","BYPASS HWY",56.00,E,N,B,-,N,,,,,,,,,,Y,2,0,1,1,A,-,03,22350,,N,H,A,A,A,B,-,A,A,0,,,Y,,Y,,-,"- ",1,0,0,0,0,0,0,0,1,"- ","- ",,,"CONTRA COSTA",BRENTWOOD,-121.74302815999999,37.946986709999997
6488135,2014,2016-03-30,9320,2014-04-29,0051,018078,,2,3,3,0734,0,1,3,,2,160,"RT 160","MAIN ST",634.00,S,N,A,-,Y,CC,4,160,-,L,1.153,R,2,N,Y,2,0,2,1,A,-,08,22107,,N,E,I,A,A,H,-,C,D,1,,,,,Y,,A,01,2,0,0,0,0,0,0,0,0,"- ","- ",,,"CONTRA COSTA",OAKLEY,-121.75435263,38.002097220000003
6498983,2014,2014-07-19,9320,2014-04-25,1625,20307,,5,2,9,0700,0,2,4,,2,012,"SAN PABLO DAM RD","CASTRO RANCH RD",23232.00,E,N,A,-,N,,,,,,,,,,Y,2,0,2,3,A,-,05,21460,A,N,B,C,A,B,H,-,A,D,0,,,,,Y,,A,01,1,0,1,0,0,0,0,0,0,"- ","- ",37.905160000000002,-122.2244,"CONTRA COSTA",UNINCORPORATED,-122.22614781,37.905303050000001
6500127,2014,2015-10-23,9320,2014-05-24,1705,020196,,6,2,9,0700,0,1,3,,1,406,"CAMINO DIABLO","BYRON HWY",3485.00,W,N,A,-,N,,,,,,,,,,Y,2,0,2,2,A,-,08,22107,,N,B,C,A,A,H,-,A,D,0,,,Y,,Y,,A,01,1,1,0,0,0,0,0,0,2,"- ","- ",37.867379999999997,-121.65439000000001,"CONTRA COSTA",UNINCORPORATED,-121.65047405999999,37.867458900000003
6519262,2014,2014-10-03,0704,2014-06-01,2149,528,MTDIA,7,5,6,0704,0,0,0,,0,003,"OAK GROVE RD","RISDON RD",0.00,,Y,A,-,N,,,,,,,,,,Y,2,0,2,3,A,-,03,22350,,N,D,C,A,A,H,-,C,D,0,,,,,Y,,A,01,1,0,1,0,0,0,0,0,0,"- ","- ",,,"CONTRA COSTA",CONCORD,-122.03055992,37.94466998
6524074,2014,2014-07-17,9320,2014-04-21,1000,16713,,1,1,9,0700,0,2,4,,2,031,"SAN PABLO AV","OLD COUNTY ROAD",74.00,N,N,A,-,N,,,,,,,,,,Y,2,0,1,1,A,-,08,22107,,N,F,A,A,A,H,-,A,D,0,,,,,Y,,A,07,1,0,0,0,0,0,0,0,0,"- ","- ",,,"CONTRA COSTA",UNINCORPORATED,-122.24748904,38.049138489999997
6524423,2014,2014-08-07,0740,2014-05-22,1752,501,"SR 72",4,5,4,0791,0,0,0,,0,003,"NORRIS CANYON RD","BISHOP DR",10.00,W,N,A,-,N,,,,,,,,,,N,2,0,1,2,A,-,10,21950,A,N,G,B,B,A,H,-,A,A,0,Y,,,,Y,,A,01,1,0,0,0,1,0,0,0,0,"- ","- ",37.772150000000003,-121.97077,"CONTRA COSTA","SAN RAMON",-121.97063102,37.772167809999999
6535564,2014,2014-08-21,0704,2014-06-23,2324,546,MTDIA,1,5,6,0704,0,0,0,,0,001,"CONCORD AV","MARKET ST",33.00,E,N,A,-,N,,,,,,,,,,Y,2,0,3,2,A,-,12,21453,A,N,D,C,A,A,H,-,C,A,0,,,,,Y,,D,22,1,1,1,0,0,0,0,0,0,"- ","- ",,,"CONTRA COSTA",CONCORD,-122.04178812000001,37.978640640000002
6537828,2014,2014-07-30,0701,2014-05-15,0131,5323,608,4,5,5,0701,0,0,0,,0,003,"HILLCREST AV","DEERFIELD DR",1000.00,S,N,A,-,N,,,,,,,,,,Y,2,0,1,1,A,-,"- ",,,N,E,I,A,A,H,-,C,D,0,,,,,Y,,A,07,1,0,0,0,0,0,0,0,0,"- ","- ",,,"CONTRA COSTA",ANTIOCH,-121.76175412000001,37.971184970000003
6538355,2014,2016-04-12,9320,2014-06-29,1528,019238,,7,2,5,0712,0,1,1,,2,681,"RT 680","S MAIN ST",500.00,S,N,A,-,Y,CC,4,680,-,-,12.990,H,-,S,Y,2,0,1,1,A,-,03,22350,,N,F,A,A,A,H,-,A,-,1,,,Y,,Y,,C,02,1,0,0,0,0,0,0,0,1,"- ","- ",,,"CONTRA COSTA","WALNUT CREEK",-122.05472002,37.884952730000002
6538455,2014,2016-04-12,9320,2014-06-07,2355,019747,,6,3,6,0704,0,1,3,,2,242,"RT 242","CLAYTON RD",100.00,S,N,A,-,Y,CC,4,242,-,R,0.760,H,-,N,Y,2,0,1,2,A,-,01,23152,A,N,B,C,A,A,H,-,D,D,1,,,,,Y,Y,A,01,1,0,0,0,0,0,0,0,0,"- ","- ",,,"CONTRA COSTA",CONCORD,-122.04801888999999,37.969579570000001
6553186,2014,2016-05-14,9320,2014-07-08,2340,019535,,2,3,5,0701,0,1,3,,2,404,"RT 4","CONTRA LOMA BL",1500.00,W,N,A,-,Y,CC,4,4,-,-,2.660,H,-,E,Y,2,0,1,1,A,-,08,22107,,N,F,A,A,A,H,-,C,D,1,,,Y,,Y,,C,02,1,0,0,0,0,0,0,0,1,"- ","- ",,,"CONTRA COSTA",ANTIOCH,-122.22476175,38.008364720000003
6569496,2014,2016-05-12,9390,2014-07-07,2053,019604,,1,2,4,0791,0,1,1,,2,068,"RT 680","GREENBROOK DR",500.00,S,N,A,-,Y,CC,4,680,-,R,5.240,H,-,S,N,2,0,1,2,A,-,07,21658,A,N,B,C,A,A,D,-,C,D,1,,,Y,Y,Y,,C,02,1,0,0,0,0,0,0,0,1,"- ","- ",37.791640000000001,-121.98298,"CONTRA COSTA","SAN RAMON",-121.98271934,37.791315089999998
6579145,2014,2014-08-25,9320,2014-07-13,1000,019458,,7,1,9,0700,0,3,5,,2,075,"WILLOW PASS RD","BELLA MONTE AV",0.00,,Y,A,-,N,,,,,,,,,,Y,2,0,4,4,A,-,12,21453,A,F,D,C,A,A,H,-,A,A,0,,,,,Y,,A,01,1,1,2,0,0,0,0,0,0,"- ","- ",,,"CONTRA COSTA",UNINCORPORATED,-121.93569988,38.026759939999998
6589384,2014,2016-04-26,9320,2014-08-06,2058,19454,9320,3,2,3,0707,0,1,1,,2,180,"RT 80","APPIAN WAY",1570.00,E,N,A,-,Y,CC,4,80,-,-,7.920,H,-,W,Y,2,0,2,3,A,-,07,21658,A,N,B,C,A,A,H,-,D,D,1,,,,,Y,,D,22,1,0,1,0,0,0,0,0,0,"- ","- ",,,"CONTRA COSTA",PINOLE,-122.29616382,37.994269379999999