CASE_ID,ACCIDENT_YEAR,PROC_DATE,JURIS,COLLISION_DATE,COLLISION_TIME,OFFICER_ID,REPORTING_DISTRICT,DAY_OF_WEEK,CHP_SHIFT,POPULATION,CNTY_CITY_LOC,SPECIAL_COND,BEAT_TYPE,CHP_BEAT_TYPE,CITY_DIVISION_LAPD,CHP_BEAT_CLASS,BEAT_NUMBER,PRIMARY_RD,SECONDARY_RD,DISTANCE,DIRECTION,INTERSECTION,WEATHER_1,WEATHER_2,STATE_HWY_IND,CALTRANS_COUNTY,CALTRANS_DISTRICT,STATE_ROUTE,ROUTE_SUFFIX,POSTMILE_PREFIX,POSTMILE,LOCATION_TYPE,RAMP_INTERSECTION,SIDE_OF_HWY,TOW_AWAY,COLLISION_SEVERITY,NUMBER_KILLED,NUMBER_INJURED,PARTY_COUNT,PRIMARY_COLL_FACTOR,PCF_CODE_OF_VIOL,PCF_VIOL_CATEGORY,PCF_VIOLATION,PCF_VIOL_SUBSECTION,HIT_AND_RUN,TYPE_OF_COLLISION,MVIW,PED_ACTION,ROAD_SURFACE,ROAD_COND_1,ROAD_COND_2,LIGHTING,CONTROL_DEVICE,CHP_ROAD_TYPE,PEDESTRIAN_ACCIDENT,BICYCLE_ACCIDENT,MOTORCYCLE_ACCIDENT,TRUCK_ACCIDENT,NOT_PRIVATE_PROPERTY,ALCOHOL_INVOLVED,STWD_VEHTYPE_AT_FAULT,CHP_VEHTYPE_AT_FAULT,COUNT_SEVERE_INJ,COUNT_VISIBLE_INJ,COUNT_COMPLAINT_PAIN,COUNT_PED_KILLED,COUNT_PED_INJURED,COUNT_BICYCLIST_KILLED,COUNT_BICYCLIST_INJURED,COUNT_MC_KILLED,COUNT_MC_INJURED,PRIMARY_RAMP,SECONDARY_RAMP,LATITUDE,LONGITUDE,COUNTY,CITY,POINT_X,POINT_Y
6606318,2014,2014-10-13,9320,2014-07-11,1530,19945,,5,2,9,0700,0,2,4,,2,043,"MARSH DR","WALNUT CREEK BR",344.00,W,N,A,-,N,,,,,,,,,,Y,1,1,0,3,A,-,09,21801,A,N,D,C,A,A,H,-,A,D,0,,,Y,,Y,,A,01,0,0,0,0,0,0,0,1,0,"- ","- ",,,"CONTRA COSTA",UNINCORPORATED,-122.05749661,37.998645549999999
6606387,2015,2016-02-05,0708,2015-11-05,1159,285,046,4,5,5,0708,0,0,0,,0,001,"POWER AV","CASE DR",180.00,E,N,A,-,N,,,,,,,,,,Y,1,1,1,1,A,-,03,22350,,N,E,I,A,A,H,-,A,A,0,,,,,Y,,A,01,1,0,0,0,0,0,0,0,0,"- ","- ",,,"CONTRA COSTA",PITTSBURG,-121.9049763,38.022185469999997
6609403,2014,2016-05-25,9320,2014-08-21,0830,018036,,4,1,4,0714,0,1,1,,2,684,"BENICIA BRIDGE","BAYSHORE RD",140.00,N,N,A,-,Y,SOL,4,680,-,-,0.740,H,-,S,N,2,0,1,2,A,-,"- ",,,N,C,G,A,A,H,-,A,D,0,,Y,,,Y,,L,04,1,0,0,0,0,0,1,0,0,"- ","- ",,,"CONTRA COSTA",MARTINEZ,-122.12842058,38.047418919999998
6613069,2014,2014-09-20,0704,2014-08-25,2327,436,03,1,5,6,0704,0,0,0,,0,,"BABEL LN","GAINSBOROUGH DR",86.00,S,N,A,-,N,,,,,,,,,,Y,2,0,1,1,A,-,08,22107,,N,A,I,A,A,H,-,C,A,0,,,,,Y,,A,01,1,0,0,0,0,0,0,0,0,"- ","- ",,,"CONTRA COSTA",CONCORD,-122.00821566,37.963516390000002
6620452,2014,2016-04-26,9320,2014-08-06,2300,019559,,3,3,9,0700,0,1,1,,2,180,RT80,"POMONA ST",0.00,E,N,A,-,Y,CC,4,80,-,-,13.456,R,2,E,Y,2,0,1,2,A,-,01,23152,A,N,C,C,A,A,H,-,C,D,1,,,,,Y,Y,A,01,1,0,0,0,0,0,0,0,0,TO,"- ",,,"CONTRA COSTA",UNINCORPORATED,-122.22872015,38.051735809999997
6622758,2014,2016-04-26,9370,2014-09-04,0625,14952,,4,1,5,0710,0,1,1,,2,083,"RT 80","HILLTOP DR",290.00,W,N,A,-,Y,CC,4,80,-,-,5.930,H,-,E,Y,2,0,1,2,A,-,03,22350,,N,C,C,A,A,H,-,C,D,6,,,,,Y,,D,22,1,0,0,0,0,0,0,0,0,"- ","- ",37.976480000000002,-122.31836,"CONTRA COSTA",RICHMOND,-122.31871954,37.975424830000001
6627259,2014,2014-10-03,0704,2014-09-08,1841,0435,CONCO,1,5,6,0704,0,0,0,,0,001,"PARK N SHOP","WILLOW PASS RD",61.00,E,N,A,-,N,,,,,,,,,,N,2,0,1,2,B,-,22,,,N,G,B,D,A,H,-,A,D,0,Y,,,,Y,,A,01,1,0,0,0,1,0,0,0,0,"- ","- ",,,"CONTRA COSTA",CONCORD,,
6630955,2014,2014-11-03,9320,2014-09-12,1620,018371,,5,2,9,0700,0,3,5,,2,015,"CASTRO RANCH RD","ALHAMBRA VALLEY RD",1056.00,S,N,A,-,N,,,,,,,,,,Y,2,0,1,1,A,-,03,22350,,N,E,I,A,A,H,-,A,D,0,,,Y,,Y,,C,02,1,0,0,0,0,0,0,0,1,"- ","- ",,,"CONTRA COSTA",UNINCORPORATED,-122.24307324,37.968212489999999
6636163,2014,2016-05-17,9370,2014-08-31,0200,020508,,7,3,5,0710,0,1,1,,2,058,"RT 580","BAYVIEW AV",2746.00,E,N,A,-,Y,CC,4,580,-,-,0.690,H,-,W,Y,2,0,2,1,A,-,01,23152,A,N,F,I,A,A,H,-,D,D,1,,,,,Y,Y,D,22,1,1,0,0,0,0,0,0,0,"- ","- ",37.906109999999998,-122.31878,"CONTRA COSTA",RICHMOND,-122.31849099,37.905611579999999
6640366,2014,2016-05-14,9320,2014-09-13,0800,17508,,6,1,9,0700,0,1,3,,2,401,RT4,"FRANKLIN CANYON",900.00,W,N,A,-,Y,CC,4,4,-,R,2.270,H,-,E,N,2,0,1,1,A,-,08,22107,,N,E,I,A,A,H,-,A,D,1,,,,,Y,,A,07,1,0,0,0,0,0,0,0,0,"- ","- ",38.014620000000001,-122.24182,"CONTRA COSTA",UNINCORPORATED,-122.22974508,38.01036019
6640382,2014,2016-05-11,9320,2014-09-17,0618,18525,,3,1,5,0701,0,1,3,,2,404,RT4,"RT 160",1056.00,W,N,A,-,Y,CC,4,4,-,-,30.930,H,-,W,Y,2,0,1,2,A,-,07,21658,A,N,B,C,A,A,H,-,A,D,1,,,Y,,Y,,A,01,1,0,0,0,0,0,0,0,1,"- ","- ",37.992339999999999,-121.76649,"CONTRA COSTA",ANTIOCH,-121.75803998000001,37.990530370000002
6659612,2014,2014-10-22,9320,2014-09-25,0855,018525,,4,1,5,0701,0,2,4,,2,095,"MARSH CREEK RD","DEER VALLEY LN",2640.00,E,N,C,-,N,,,,,,,,,,Y,2,0,1,1,A,-,03,22350,,N,F,A,A,B,H,-,A,D,0,,,,,Y,,A,01,1,0,0,0,0,0,0,0,0,"- ","- ",,,"CONTRA COSTA",ANTIOCH,-121.76935398000001,37.878595670000003
6678125,2015,2017-04-03,0712,2015-11-12,1758,P323,,4,5,5,0712,0,0,0,,0,001,"TICE VALLEY BL","ROSSMOOR PKWY",700.00,E,N,A,-,N,,,,,,,,,,N,1,1,0,2,A,-,10,21950,A,N,G,B,C,A,H,-,C,D,0,Y,,,,Y,,A,01,0,0,0,1,0,0,0,0,0,"- ","- ",,,"CONTRA COSTA","WALNUT CREEK",-122.06928673,37.87635788
6678171,2017,2018-01-18,0714,2017-01-11,0326,145,04-1,3,5,4,0714,0,0,0,,0,001,"GREEN ST","CARQUINEZ WY",15.00,N,N,C,-,N,,,,,,,,,,Y,1,1,0,1,A,-,08,22107,,N,E,I,A,A,H,-,C,D,0,,,,,Y,,A,01,0,0,0,0,0,0,0,0,0,"- ","- ",38.013159999999999,-122.14046999999999,"CONTRA COSTA",MARTINEZ,-122.14043507,38.013190559999998
6678185,2017,2019-04-05,0708,2017-07-31,0451,229,,1,5,5,0708,0,0,0,,0,005,"ATLANTIC AV","RAILROAD AV",400.00,E,N,A,-,N,,,,,,,,,,Y,1,1,0,2,A,-,11,21954,A,N,G,B,E,A,H,-,C,A,0,Y,,,,Y,,N,60,0,0,0,1,0,0,0,0,0,"- ","- ",,,"CONTRA COSTA",PITTSBURG,-121.8912993,38.007872069999998
6678394,2017,2018-01-23,0701,2017-05-20,1346,4265,208,6,5,5,0701,0,0,0,,0,002,"WILBUR AV","VIERA AV",0.00,,N,A,-,N,,,,,,,,,,Y,1,1,1,1,A,-,08,22107,,N,E,I,A,A,H,-,A,D,0,,,Y,,Y,,C,02,1,0,0,0,0,0,0,1,1,"- ","- ",,,"CONTRA COSTA",ANTIOCH,-121.77261994,38.012319910000002
6688341,2015,2016-09-26,9320,2015-03-15,0154,19605,,7,3,9,0700,0,1,1,,2,180,"RT 80","WILLOW AV",2000.00,E,N,A,-,Y,CC,4,80,-,-,11.080,H,-,E,Y,2,0,2,2,A,-,01,23152,A,N,C,C,A,A,H,-,D,D,1,,,,,Y,Y,A,01,1,0,1,0,0,0,0,0,0,"- ","- ",38.027030000000003,-122.25811,"CONTRA COSTA",UNINCORPORATED,-122.25810946,38.027047959999997
6702099,2014,2016-03-29,9320,2014-10-17,1915,19107,,5,2,9,0700,0,1,3,,2,240,"FISH RANCH RD","RT 24",1584.00,N,N,A,-,N,,,,,,,,,,Y,2,0,2,2,A,-,05,21460,A,N,A,C,A,A,H,-,D,D,0,,,,,Y,,A,01,2,0,0,0,0,0,0,0,0,"- ","- ",,,"CONTRA COSTA",UNINCORPORATED,-122.21069,37.861359999999998
6702290,2014,2016-06-04,9320,2014-11-06,0615,16824,,4,1,3,0706,0,1,1,,2,180,"RT 80","PINOLE VALLEY RD",4224.00,E,N,B,-,Y,CC,4,80,-,-,9.310,H,-,E,Y,2,0,1,1,A,-,08,22107,,N,F,A,A,A,H,-,B,D,1,,,,,Y,,A,07,1,0,0,0,0,0,0,0,0,"- ","- ",38.00611,-122.27743,"CONTRA COSTA",HERCULES,-122.27741434000001,38.006247459999997
6703423,2014,2014-12-03,0706,2014-10-31,1424,184,,5,5,3,0706,0,0,0,,0,001,"WILLOW AV","SYCAMORE AV",1056.00,E,N,B,-,N,,,,,,,,,,Y,2,0,1,1,A,-,"- ",,,N,F,A,A,B,H,-,A,D,0,,,,,Y,,A,01,1,0,0,0,0,0,0,0,0,"- ","- ",,,"CONTRA COSTA",HERCULES,-122.27052884,38.014452329999997
6711014,2014,2015-01-12,9320,2014-11-12,1415,16788,,3,2,9,0700,0,1,3,,1,406,"RT 4","BIXLER RD",105.00,W,N,A,-,Y,,,4,,,,,,,Y,2,0,3,5,A,-,03,22350,,N,C,C,A,A,H,-,A,A,0,,,,,Y,,A,07,1,1,1,0,0,0,0,0,0,"- ","- ",37.889020000000002,-121.62313,"CONTRA COSTA",UNINCORPORATED,-121.62313002,37.88927434
6718192,2014,2015-03-10,0700,2014-11-25,2154,65926,57,2,5,3,0734,0,0,0,,0,053,"MEHAFFEY WY","CHIANTI WY",0.00,,Y,A,-,N,,,,,,,,,,Y,1,1,0,1,A,-,03,22350,,N,F,I,A,A,H,-,C,D,0,,,Y,,Y,,C,02,0,0,0,0,0,0,0,1,0,"- ","- ",,,"CONTRA COSTA",OAKLEY,-121.72363991,37.987269980000001
6718376,2015,2015-09-15,9320,2015-01-29,0207,19743,,4,3,9,0700,0,2,4,,2,086,"SUNSET RD","BYRON HWY",1385.00,W,N,B,-,N,,,,,,,,,,Y,1,1,1,1,A,-,08,22107,,N,F,A,A,A,H,-,D,D,0,,,,,Y,Y,A,01,0,0,1,0,0,0,0,0,0,"- ","- ",,,"CONTRA COSTA",UNINCORPORATED,-121.64099,37.951329999999999
6718553,2014,2015-06-17,9390,2014-04-09,2205,18246,,3,3,4,0790,0,1,1,,2,069,"RT 680","SYCAMORE VALLEY RD",1533.00,S,N,A,-,Y,CC,4,680,-,R,6.060,H,-,S,Y,1,1,0,2,A,-,03,22350,,N,C,C,A,A,H,-,D,D,1,,,,Y,Y,,A,07,0,0,0,0,0,0,0,0,0,"- ","- ",37.81082,-121.99299000000001,"CONTRA COSTA",DANVILLE,-121.9889921,37.801951629999998
6727691,2014,2015-01-15,0709,2014-11-25,0854,432,2190,2,5,4,0709,0,0,0,,0,001,"COGGINS DR","OAK PARK BL",225.00,E,N,A,-,N,,,,,,,,,,N,2,0,1,2,A,-,10,21950,A,N,G,B,B,A,H,-,A,D,0,Y,,,,Y,,-,,1,0,0,0,1,0,0,0,0,"- ","- ",,,"CONTRA COSTA","PLEASANT HILL",-122.05820546,37.933190000000003
6748897,2014,2015-02-02,9320,2014-12-11,2305,020295,,4,3,6,0704,0,1,3,,2,402,"RT 4","PORT CHICAGO HWY",2640.00,E,N,C,-,Y,,,,,,,,,,Y,2,0,1,1,A,-,01,23152,A,N,E,I,A,B,H,-,C,D,0,,,,,Y,Y,A,01,1,0,0,0,0,0,0,0,0,"- ","- ",,,"CONTRA COSTA",CONCORD,-122.0138662,38.011272699999999
6752498,2014,2015-02-04,9320,2014-12-13,2018,019253,,6,2,9,0700,0,2,4,,2,011,"APPIAN WAY","RINCON RD",20.00,N,N,A,-,N,,,,,,,,,,N,2,0,1,2,A,-,10,21950,A,N,G,B,B,A,H,-,C,D,0,Y,,,,Y,,A,07,1,0,0,0,1,0,0,0,0,"- ","- ",,,"CONTRA COSTA",UNINCORPORATED,-122.29734132,37.976279339999998
6772333,2014,2015-01-27,0710,2014-11-30,0045,1582,NORTH,7,5,5,0710,0,0,0,,0,007,"23RD ST","HUMPHREY AV",0.00,,Y,C,-,N,,,,,,,,,,Y,2,0,1,2,A,-,01,23152,A,F,G,B,D,B,H,-,C,D,0,Y,,,,Y,Y,-,,1,0,0,0,1,0,0,0,0,"- ","- ",,,"CONTRA COSTA",RICHMOND,-122.34744996000001,37.948489930000001
6780463,2014,2016-05-14,9320,2014-12-14,1349,19253,,7,1,6,0704,0,1,3,,2,242,"RT 242 S","CONCORD AV",1000.00,S,N,A,-,Y,CC,4,242,-,R,1.280,H,-,S,Y,2,0,2,1,A,-,08,22107,,F,E,I,A,A,H,-,A,D,1,,,,,Y,,A,01,1,0,1,0,0,0,0,0,0,"- ","- ",,,"CONTRA COSTA",CONCORD,-122.04474152,37.976523579999999
6780945,2014,2015-02-17,0701,2014-08-29,0530,5228,103,5,5,5,0701,0,0,0,,0,002,"A ST","E 7TH ST",0.00,,Y,A,-,N,,,,,,,,,,Y,2,0,1,2,A,-,09,21804,A,N,D,C,A,A,H,-,C,A,0,,,Y,,Y,,A,01,1,0,0,0,0,0,0,0,1,"- ","- ",,,"CONTRA COSTA",ANTIOCH,-121.80626995999999,38.013329939999998
6782406,2014,2015-02-13,0704,2014-12-21,0345,0533,,7,5,6,0704,0,0,0,,0,,"N LARWIN AV","SMOKE TREE CT",0.00,,Y,A,-,N,,,,,,,,,,Y,2,0,1,1,A,-,01,23152,A,N,E,I,A,A,H,-,C,A,0,,,,,Y,Y,D,22,1,0,0,0,0,0,0,0,0,"- ","- ",,,"CONTRA COSTA",CONCORD,-121.98879989,37.952809889999997
6793977,2014,2015-02-11,0706,2014-12-19,1439,184,,5,5,3,0706,0,0,0,,0,002,"REFUGIO VALLEY RD","PHEASANT DR",210.00,S,N,C,-,N,,,,,,,,,,Y,2,0,4,1,A,-,08,22107,,N,E,I,A,B,H,-,A,D,0,,,,,Y,,A,01,2,1,1,0,0,0,0,0,0,"- ","- ",,,"CONTRA COSTA",HERCULES,-122.26868915,38.007225329999997
6794135,2015,2015-02-23,0704,2015-01-16,1705,542,0704,5,5,6,0704,0,0,0,,0,001,"OLIVERA RD","NORTHWOOD DR",0.00,,Y,A,-,N,,,,,,,,,,Y,2,0,3,2,A,-,09,21801,A,N,D,C,A,A,H,-,C,A,0,,,,,Y,,I,11,1,0,2,0,0,0,0,0,0,"- ","- ",,,"CONTRA COSTA",CONCORD,-122.04204977000001,37.997752179999999
6797595,2014,2015-02-06,0710,2014-12-06,2310,1380,STHRN,6,5,5,0710,0,0,0,,0,003,"BAYVIEW AV","RT 580",0.00,,Y,B,-,Y,,,,,,,,,,Y,2,0,1,1,A,-,03,22350,,N,E,I,A,A,H,-,C,A,0,,,Y,,Y,,C,02,1,0,0,0,0,0,0,0,1,"- ",WF,,,"CONTRA COSTA",RICHMOND,-122.32408999,37.912149990000003
6799299,2015,2015-04-01,0704,2015-01-24,2203,530,,6,5,6,0704,0,0,0,,0,003,"OAK GROVE RD","YGNACIO VALLEY HS",0.00,,Y,A,-,N,,,,,,,,,,N,2,0,1,2,A,-,00,21546,,N,G,B,B,A,H,-,C,A,0,Y,,,,Y,,N,60,1,0,0,0,1,0,0,0,0,"- ","- ",,,"CONTRA COSTA",CONCORD,-122.02359259000001,37.937118230000003
6817716,2015,2015-03-09,0712,2015-02-08,1747,P519,,7,5,5,0712,0,0,0,,0,002,"NORTH CALIFORNIA BL","YGNACIO VALLEY RD",246.00,S,N,B,-,N,,,,,,,,,,Y,2,0,1,1,A,-,03,22350,,N,G,B,A,A,H,-,A,D,0,,,,,Y,,A,07,1,0,0,0,0,0,0,0,0,"- ","- ",,,"CONTRA COSTA","WALNUT CREEK",-122.06549536999999,37.904327619999997
6826215,2015,2015-03-11,0740,2015-02-01,1946,SR078,72,7,5,4,0791,0,0,0,,0,001,"SAN RAMON VALLEY BL","HARNESS DR",700.00,S,N,A,-,N,,,,,,,,,,Y,2,0,1,2,A,-,03,22350,,F,H,A,A,A,H,-,C,D,0,,,Y,,Y,,A,01,1,0,0,0,0,0,0,0,1,"- ","- ",,,"CONTRA COSTA","SAN RAMON",-121.96403062,37.756607969999997
6827448,2014,2015-03-10,0701,2014-12-31,1001,5321,206,3,5,5,0701,0,0,0,,0,002,"E 18TH ST","ALHAMBRA DR",32.00,W,N,A,-,N,,,,,,,,,,N,2,0,1,2,A,-,03,22350,,N,B,C,A,A,H,-,A,D,0,,,,,Y,,A,01,1,0,0,0,0,0,0,0,0,"- ","- ",,,"CONTRA COSTA",ANTIOCH,-121.79404106,38.004901680000003
6842170,2015,2015-03-25,0709,2015-03-06,1648,400,1300,5,5,4,0709,0,0,0,,0,001,"BOYD RD","SOULE AV",0.00,,Y,A,-,N,,,,,,,,,,N,2,0,1,2,A,-,09,21801,A,N,D,G,A,A,H,-,A,D,0,,Y,,,Y,,-,,1,0,0,0,0,0,1,0,0,"- ","- ",,,"CONTRA COSTA","PLEASANT HILL",-122.0732,37.943479920000001
6854010,2014,2015-03-20,9320,2014-11-19,1853,19411,,3,2,9,0700,0,1,1,,2,683,"RT 680","MONUMENT BL",75.00,N,N,B,-,Y,CC,4,680,-,R,17.954,R,1,S,Y,1,1,2,2,A,-,01,23152,E,N,C,C,A,B,H,-,C,A,1,,,,,Y,,A,01,0,0,2,0,0,0,0,0,0,"- ","- ",37.94585,-122.05839,"CONTRA COSTA",UNINCORPORATED,-122.05668352000001,37.949171929999999
6854043,2015,2015-03-23,9320,2015-02-07,1023,17219,,6,1,9,0700,0,2,4,,2,096,"VASCO RD","ALAMEDA CO LINE",11088.00,N,N,B,C,N,,,,,,,,,,Y,1,1,1,3,A,-,08,22107,,N,B,C,A,B,H,-,A,D,0,,,,,Y,,A,01,1,0,0,0,0,0,0,0,0,"- ","- ",,,"CONTRA COSTA",UNINCORPORATED,,
6854135,2014,2015-03-25,0710,2014-11-29,2247,1380,NORTH,6,5,5,0710,0,0,0,,0,008,"RICHMOND PKWY","GOODRICK AV",442.00,N,N,C,-,N,,,,,,,,,,Y,1,1,2,1,A,-,01,23153,A,N,E,I,A,B,H,-,C,D,0,,,,,Y,Y,A,01,1,0,1,0,0,0,0,0,0,"- ","- ",,,"CONTRA COSTA",RICHMOND,-122.36523,37.974429999999998
6860458,2015,2016-10-21,9320,2015-03-05,1355,016636,,4,1,5,0701,0,1,3,,2,404,"RT 4","HILLCREST AV",1584.00,E,N,A,-,Y,CC,4,4,-,R,29.240,H,-,E,Y,2,0,1,2,A,-,07,21658,A,N,E,A,A,A,D,-,A,D,1,,,Y,,Y,,A,01,1,0,0,0,0,0,0,0,1,"- ","- ",,,"CONTRA COSTA",ANTIOCH,-121.78017104,37.995220609999997
6870665,2015,2016-10-21,9320,2015-03-30,1857,016584,,1,2,4,0714,0,1,3,,2,401,"RT 4","ALHAMBRA AV",100.00,W,N,A,-,Y,CC,4,4,-,R,8.530,H,-,W,Y,2,0,1,3,A,-,03,22350,,N,B,C,A,A,H,-,B,D,1,,,Y,,Y,,C,02,1,0,0,0,0,0,0,0,1,"- ","- ",37.99062,-122.13066000000001,"CONTRA COSTA",MARTINEZ,-122.13064785,37.990616690000003
6881705,2015,2016-09-26,9370,2015-01-17,0100,020644,,6,3,3,0707,0,1,1,,2,083,"RT 80","APPIAN WY",1500.00,W,N,A,-,Y,CC,4,80,-,-,7.340,H,-,W,Y,2,0,6,1,A,-,01,23152,A,N,F,A,A,A,H,-,C,D,6,,,,,Y,Y,A,07,2,4,0,0,0,0,0,0,0,"- ","- ",37.990600000000001,-122.31,"CONTRA COSTA",PINOLE,-122.30627341,37.992644390000002
6884736,2015,2016-10-26,9320,2015-03-24,0720,16964,,2,1,5,0701,0,1,3,,2,404,"RT 4","L ST",100.00,W,N,A,-,Y,CC,4,4,-,-,26.920,H,-,W,Y,2,0,1,2,A,-,03,22350,,N,C,C,A,A,D,-,A,D,1,,,Y,,Y,,C,02,1,0,0,0,0,0,0,0,1,"- ","- ",,,"CONTRA COSTA",ANTIOCH,-121.82188056,37.999649089999998
6884974,2015,2015-04-24,0704,2015-04-01,1114,380,,3,5,6,0704,0,0,0,,0,004,"BATES AV","COMMERCIAL CIR",0.00,,Y,A,-,N,,,,,,,,,,Y,2,0,1,2,A,-,09,21804,,N,D,C,A,A,H,-,A,A,0,,,,,Y,,D,22,1,0,0,0,0,0,0,0,0,"- ","- ",,,"CONTRA COSTA",CONCORD,-122.03083991,38.014289980000001
6885669,2015,2017-01-07,9370,2015-04-05,0555,20428,,7,3,4,0711,0,1,1,,2,083,"RT 80","SAN PABLO DAM RD",7.00,E,N,B,-,Y,CC,4,80,-,-,4.340,H,-,W,Y,2,0,1,2,A,-,03,22350,,N,G,B,E,A,H,-,D,D,6,Y,,,,Y,,A,01,1,0,0,0,1,0,0,0,0,"- ","- ",37.956029999999998,-122.33,"CONTRA COSTA","SAN PABLO",-122.32995673000001,37.955911860000001
6886789,2015,2015-04-27,0704,2015-04-03,0811,546,032,5,5,6,0704,0,0,0,,0,005,"CLAYTON WY","CONCORD BL",8.00,N,N,A,-,N,,,,,,,,,,N,2,0,1,2,A,-,05,21650,1,N,D,G,A,A,H,-,A,A,0,,Y,,,Y,,L,04,1,0,0,0,0,0,1,0,0,"- ","- ",,,"CONTRA COSTA",CONCORD,-122.00217053,37.977844789999999
6888718,2015,2016-10-21,9390,2015-01-17,0455,020188,,6,3,4,0791,0,1,1,,2,068,"RT 680","BOLLINGER CANYON RD",2112.00,S,N,B,-,Y,CC,4,680,-,R,2.370,H,-,S,Y,2,0,1,1,A,-,01,23152,A,N,E,I,A,A,H,-,D,D,1,,,,,Y,Y,A,01,1,0,0,0,0,0,0,0,0,"- ","- ",37.753349999999998,-121.96137,"CONTRA COSTA","SAN RAMON",-121.96130358000001,37.753468320000003
6889457,2015,2016-10-26,9320,2015-03-18,1225,16713,,3,1,6,0704,0,1,3,,2,402,"RT 4","GRAYSON CREEK BR",230.00,E,N,A,-,Y,CC,4,4,-,-,12.860,H,-,E,Y,2,0,2,2,A,-,07,21658,A,N,B,C,A,A,H,-,A,D,1,,,,,Y,,A,01,1,0,1,0,0,0,0,0,0,"- ","- ",,,"CONTRA COSTA",CONCORD,-122.06656482,37.995648469999999
6892580,2015,2015-05-19,9320,2015-04-04,1620,19914,,6,2,9,0700,0,2,4,,2,094,"BYRON HWY","HOLEY RD",1056.00,N,N,A,-,N,,,,,,,,,,N,2,0,1,1,A,-,01,23152,A,N,E,I,A,A,H,-,A,D,0,,,Y,,Y,Y,C,02,1,0,0,0,0,0,0,0,1,"- ","- ",,,"CONTRA COSTA",UNINCORPORATED,-121.60755210000001,37.833845779999997
6898430,2015,2017-04-11,9320,2015-04-05,0348,19151,,7,3,6,0704,0,1,3,,2,402,"RT 4","PORT CHICAGO HWY",2691.00,W,N,B,-,Y,CC,4,4,-,R,14.910,H,-,E,N,1,1,0,2,C,-,18,,,N,G,B,E,A,H,-,D,D,1,Y,,,,Y,,-,"- ",0,0,0,1,0,0,0,0,0,"- ","- ",,,"CONTRA COSTA",CONCORD,-122.03215375000001,38.007708280000003
6907223,2015,2016-06-15,9320,2015-04-27,1743,019299,,1,2,9,0700,0,2,4,,2,023,"BEAR CREEK RD","BEARINDA LN",1056.00,S,N,A,-,N,,,,,,,,,,Y,2,0,1,1,C,-,18,,,F,H,H,A,A,H,-,A,D,0,,,Y,,Y,,-,"- ",1,0,0,0,0,0,0,0,1,"- ","- ",,,"CONTRA COSTA",UNINCORPORATED,-122.18414335999999,37.93653226
6910217,2015,2015-05-13,9320,2015-04-04,1803,019605,,6,2,9,0700,0,2,4,,2,077,"MARSH CREEK RD","RUSSELMANN PARK RD",3696.00,E,N,A,-,N,,,,,,,,,,Y,2,0,3,1,A,-,08,22107,,N,E,I,A,A,H,-,A,D,0,,,,,Y,,A,01,1,2,0,0,0,0,0,0,0,"- ","- ",37.917549999999999,-121.89485999999999,"CONTRA COSTA",UNINCORPORATED,-121.89568432,37.918089960000003
6921775,2015,2015-05-21,0700,2015-04-29,1714,65926,57,3,5,3,0734,0,0,0,,0,052,"MAIN ST","EAST CYPRESS RD",0.00,,Y,A,-,N,,,,,,,,,,Y,2,0,1,2,A,-,10,21950,A,N,D,G,A,A,H,-,A,A,0,,Y,,,Y,,A,01,1,0,0,0,0,0,1,0,0,"- ","- ",,,"CONTRA COSTA",OAKLEY,-121.6972799,37.990629980000001
6924817,2015,2015-06-03,0701,2015-03-30,1649,5319,205,1,5,5,0701,0,0,0,,0,002,"A ST","SPUR WY",50.00,N,N,A,-,N,,,,,,,,,,Y,2,0,1,4,A,-,08,22100,B,N,A,C,A,A,H,-,A,D,0,,,,,Y,,A,01,1,0,0,0,0,0,0,0,0,"- ","- ",,,"CONTRA COSTA",ANTIOCH,,
6928496,2015,2016-11-05,9320,2015-05-03,0257,20196,,7,3,3,0715,0,1,3,,2,241,"RT 24","EL CURTOLA BL",770.00,W,N,A,-,Y,CC,4,24,-,R,8.130,H,-,E,Y,2,0,2,2,A,-,01,23152,A,N,A,C,A,A,H,-,D,D,1,,,,,Y,Y,A,08,2,0,0,0,0,0,0,0,0,"- ","- ",,,"CONTRA COSTA",LAFAYETTE,-122.08768016000001,37.897774239999997
6929034,2015,2016-11-05,9320,2015-05-03,0259,20196,,7,3,3,0715,0,1,3,,2,241,"RT 24","EL CURTOLA BL",780.00,W,N,A,-,Y,CC,4,24,-,R,8.130,H,-,E,Y,2,0,2,3,A,-,03,22350,,N,C,C,A,A,H,-,E,D,1,,,,,Y,Y,A,01,1,0,1,0,0,0,0,0,0,"- ","- ",37.89781,-122.08837,"CONTRA COSTA",LAFAYETTE,-122.08768016000001,37.897774239999997
6934070,2015,2015-06-09,0707,2015-04-27,2250,379,,1,5,3,0707,0,0,0,,0,001,"SAN PABLO AV","TENNENT AV",19.00,N,N,A,-,N,,,,,,,,,,Y,2,0,2,2,A,-,01,23152,A,N,B,C,A,A,H,-,C,A,0,,,,,Y,Y,-,"- ",1,1,0,0,0,0,0,0,0,"- ","- ",,,"CONTRA COSTA",PINOLE,-122.29085646,38.00558049
6943845,2015,2015-07-02,0708,2015-05-11,2110,P331,DELTA,1,5,5,0708,0,0,0,,0,004,"RAILROAD AV","LELAND RD",40.60,S,N,A,-,N,,,,,,,,,,Y,2,0,2,2,A,-,11,21954,A,N,G,B,D,A,H,-,C,D,0,Y,,,,Y,,N,60,1,1,0,0,1,0,0,0,0,"- ","- ",,,"CONTRA COSTA",PITTSBURG,-121.89124103,38.012093309999997