CASE_ID,ACCIDENT_YEAR,PROC_DATE,JURIS,COLLISION_DATE,COLLISION_TIME,OFFICER_ID,REPORTING_DISTRICT,DAY_OF_WEEK,CHP_SHIFT,POPULATION,CNTY_CITY_LOC,SPECIAL_COND,BEAT_TYPE,CHP_BEAT_TYPE,CITY_DIVISION_LAPD,CHP_BEAT_CLASS,BEAT_NUMBER,PRIMARY_RD,SECONDARY_RD,DISTANCE,DIRECTION,INTERSECTION,WEATHER_1,WEATHER_2,STATE_HWY_IND,CALTRANS_COUNTY,CALTRANS_DISTRICT,STATE_ROUTE,ROUTE_SUFFIX,POSTMILE_PREFIX,POSTMILE,LOCATION_TYPE,RAMP_INTERSECTION,SIDE_OF_HWY,TOW_AWAY,COLLISION_SEVERITY,NUMBER_KILLED,NUMBER_INJURED,PARTY_COUNT,PRIMARY_COLL_FACTOR,PCF_CODE_OF_VIOL,PCF_VIOL_CATEGORY,PCF_VIOLATION,PCF_VIOL_SUBSECTION,HIT_AND_RUN,TYPE_OF_COLLISION,MVIW,PED_ACTION,ROAD_SURFACE,ROAD_COND_1,ROAD_COND_2,LIGHTING,CONTROL_DEVICE,CHP_ROAD_TYPE,PEDESTRIAN_ACCIDENT,BICYCLE_ACCIDENT,MOTORCYCLE_ACCIDENT,TRUCK_ACCIDENT,NOT_PRIVATE_PROPERTY,ALCOHOL_INVOLVED,STWD_VEHTYPE_AT_FAULT,CHP_VEHTYPE_AT_FAULT,COUNT_SEVERE_INJ,COUNT_VISIBLE_INJ,COUNT_COMPLAINT_PAIN,COUNT_PED_KILLED,COUNT_PED_INJURED,COUNT_BICYCLIST_KILLED,COUNT_BICYCLIST_INJURED,COUNT_MC_KILLED,COUNT_MC_INJURED,PRIMARY_RAMP,SECONDARY_RAMP,LATITUDE,LONGITUDE,COUNTY,CITY,POINT_X,POINT_Y
6947999,2015,2015-06-29,0714,2015-05-24,1000,143,082,7,5,4,0714,0,0,0,,0,002,"ESTUDILLO ST","ALLEN ST",0.00,,Y,A,-,N,,,,,,,,,,N,2,0,1,2,A,-,00,14601,2,N,D,C,A,A,H,-,A,D,0,,,Y,,Y,Y,C,03,1,0,0,0,0,0,0,0,1,"- ","- ",38.019060000000003,-122.13513,"CONTRA COSTA",MARTINEZ,-122.12985992,38.010049979999998
6948192,2015,2015-06-11,0714,2015-03-13,2126,130,15,5,5,4,0714,0,0,0,,0,004,"MILANO WY","ROSEMARY CT",0.00,,Y,A,-,N,,,,,,,,,,Y,2,0,1,2,A,-,05,21650,,N,A,C,A,A,H,-,C,D,0,,,,,Y,,A,01,1,0,0,0,0,0,0,0,0,"- ","- ",,,"CONTRA COSTA",MARTINEZ,-122.08674993,37.993049929999998
6948379,2015,2015-06-18,0714,2015-04-03,2234,143,124,5,5,4,0714,0,0,0,,0,004,"ARNOLD DR","OLD ORCHARD RD",354.00,E,N,A,-,N,,,,,,,,,,Y,2,0,1,1,A,-,03,22350,A,N,E,I,A,A,H,-,C,C,0,,,,,Y,Y,A,01,1,0,0,0,0,0,0,0,0,"- ","- ",,,"CONTRA COSTA",MARTINEZ,-122.10977523,37.995853269999998
6952116,2015,2015-07-10,0704,2015-06-03,2118,541,,3,5,6,0704,0,0,0,,0,001,"MARKET ST","BROADWAY ST",20.00,S,N,C,-,N,,,,,,,,,,N,2,0,1,2,A,-,10,21950,A,N,A,B,D,A,H,-,A,D,0,Y,,,,Y,,N,60,1,0,0,0,1,0,0,0,0,"- ","- ",,,"CONTRA COSTA",CONCORD,-122.04276788,37.976919690000003
6962605,2015,2015-06-24,0701,2015-05-11,1636,3343,605,1,5,5,0701,0,0,0,,0,006,"DEER VALLEY RD","LONE TREE WY",0.00,,Y,A,-,N,,,,,,,,,,Y,2,0,4,2,A,-,09,21453,C,N,D,C,A,A,H,-,A,A,0,,,,,Y,,A,01,1,0,3,0,0,0,0,0,0,"- ","- ",,,"CONTRA COSTA",ANTIOCH,-121.78045987,37.965889910000001
6963337,2015,2015-07-10,0709,2015-06-04,1420,401,3080,4,5,4,0709,0,0,0,,0,002,"CONTRA COSTA BL","DEXTER DR",80.00,S,N,A,-,N,,,,,,,,,,Y,2,0,1,1,A,-,03,22350,I,N,H,I,A,A,H,-,A,D,0,,,,,Y,,-,,1,0,0,0,0,0,0,0,0,"- ","- ",,,"CONTRA COSTA","PLEASANT HILL",-122.06077419,37.95731473
6970128,2015,2015-07-09,9320,2015-06-09,1300,016503,,2,1,9,0700,0,2,4,,2,095,"MARSH CREEK RD",RT4,2112.00,E,N,A,-,N,,,,,,,,,,Y,2,0,3,2,A,-,01,23152,A,N,D,C,A,A,H,-,A,D,0,,,,,Y,Y,A,01,1,2,0,0,0,0,0,0,0,"- ","- ",,,"CONTRA COSTA",UNINCORPORATED,-121.63402945,37.896429560000001
6998223,2015,2015-07-20,0712,2015-06-13,2320,545,WALNU,6,5,5,0712,0,0,0,,0,003,"OAK GROVE RD","WALNUT AV",0.00,,-,A,-,N,,,,,,,,,,N,2,0,1,1,B,-,22,,,N,H,-,A,A,H,-,C,D,0,,Y,,,Y,Y,-,"- ",1,0,0,0,0,0,1,0,0,"- ","- ",,,"CONTRA COSTA","WALNUT CREEK",-122.00779575,37.914340500000002
7006256,2014,2015-11-12,0701,2014-12-05,0142,3343,209,5,5,5,0701,0,0,0,,0,002,"E 18TH ST","PHILLIPS LN",235.00,W,N,B,-,N,,,,,,,,,,Y,1,1,2,2,A,-,09,21804,A,N,C,C,A,A,H,-,C,D,0,,,,,Y,Y,A,01,0,0,2,0,0,0,0,0,0,"- ","- ",,,"CONTRA COSTA",ANTIOCH,-121.76079573,38.005073469999999
7006437,2015,2016-01-15,0711,2015-12-17,0740,S1053,BAY,4,5,4,0711,0,0,0,,0,003,"RUMRILL BL","EMERIC AV",10.00,N,N,A,-,N,,,,,,,,,,Y,1,1,0,2,A,-,03,22350,,N,D,C,A,A,H,-,A,D,0,,,Y,,Y,,C,02,0,0,0,0,0,0,0,1,0,"- ","- ",37.571489999999997,-122.21248,"CONTRA COSTA","SAN PABLO",-122.35694780999999,37.954207420000003
7006705,2015,2017-03-29,0708,2015-11-20,1724,229,,5,5,5,0708,0,0,0,,0,005,"RAILROAD AV","EL DORADO DR",25.00,N,N,A,-,N,,,,,,,,,,Y,1,1,0,2,A,-,11,21954,A,N,G,B,D,A,H,-,C,D,0,Y,,,,Y,Y,N,60,0,0,0,1,0,0,0,0,0,"- ","- ",,,"CONTRA COSTA",PITTSBURG,-121.89397513999999,38.004685790000003
7045644,2015,2015-09-10,0701,2015-05-22,1330,2372,201,5,5,5,0701,0,0,0,,0,002,"A ST","W 6TH ST",4.00,S,N,A,-,N,,,,,,,,,,N,2,0,1,2,A,-,09,21802,A,N,D,G,A,A,H,-,A,A,0,,Y,,,Y,Y,L,04,1,0,0,0,0,0,1,0,0,"- ","- ",,,"CONTRA COSTA",ANTIOCH,-121.80616087999999,38.014029030000003
7049181,2015,2015-09-18,0704,2015-08-24,1232,0451,,1,5,6,0704,0,0,0,,0,003,"MONUMENT BL","CAREY DR",0.00,,Y,A,-,N,,,,,,,,,,N,2,0,1,2,A,-,05,21650,1,N,D,G,A,A,H,-,A,A,0,,Y,,,Y,Y,L,04,1,0,0,0,0,0,1,0,0,"- ","- ",,,"CONTRA COSTA",CONCORD,-122.04962989000001,37.948919910000001
7054808,2015,2015-10-03,0711,2015-08-20,1635,1045,BAY,4,5,4,0711,0,0,0,,0,001,"EL PORTAL DR","FORDHAM ST",200.00,E,N,A,-,N,,,,,,,,,,N,2,0,1,2,A,-,05,21202,A,F,H,B,A,A,H,-,A,D,0,,Y,Y,,Y,,L,04,1,0,0,0,0,0,1,0,0,"- ","- ",37.96302,-122.33152,"CONTRA COSTA","SAN PABLO",-122.33195988999999,37.963073319999999
7055082,2015,2015-10-05,0711,2015-09-13,2024,S1039,,7,5,4,0711,0,0,0,,0,003,"21ST ST","ALFREDA AV",0.00,,Y,A,-,N,,,,,,,,,,N,2,0,1,2,A,-,10,21950,A,F,G,B,B,A,H,-,C,D,0,Y,,,,Y,Y,A,01,1,0,0,0,1,0,0,0,0,"- ","- ",,,"CONTRA COSTA","SAN PABLO",-122.34932993,37.952589949999997
7056985,2015,2015-10-03,0710,2015-08-21,1227,1494,,5,5,5,0710,0,0,0,,0,,CASTRO,"HENSLEY AV",0.00,S,N,A,-,N,,,,,,,,,,N,2,0,1,1,A,-,12,22451,A,N,E,I,A,A,H,-,A,A,0,,,Y,,Y,,C,02,1,0,0,0,0,0,0,0,1,"- ","- ",,,"CONTRA COSTA",RICHMOND,-122.37183989,37.946989979999998
7076044,2015,2015-10-06,0700,2015-08-26,1819,71772,DANVI,3,5,4,0790,0,0,0,,0,062,"SYCAMORE VALLEY RD","GREENBROOK DR",0.00,,Y,A,-,N,,,,,,,,,,Y,2,0,2,2,A,-,12,21453,A,N,D,C,A,A,H,-,A,A,0,,,,,Y,,-,,1,0,1,0,0,0,0,0,0,"- ","- ",,,"CONTRA COSTA",DANVILLE,-121.97673992999999,37.811899990000001
7076083,2015,2015-10-17,0704,2015-09-08,1844,497,032,2,5,6,0704,0,0,0,,0,001,"ARNOLD INDUSTRIAL WY","SOLANO WY",96.00,E,N,A,-,N,,,,,,,,,,N,2,0,1,2,A,-,08,22107,A,N,H,G,A,A,H,-,A,D,0,,Y,,Y,Y,,F,27,1,0,0,0,0,0,1,0,0,"- ","- ",,,"CONTRA COSTA",CONCORD,-122.05328735000001,38.002426
7092803,2015,2015-10-22,0712,2015-10-02,1645,P536,,5,5,5,0712,0,0,0,,0,001,"WALNUT BL","ECKLEY LN",15.00,,N,A,-,N,,,,,,,,,,N,2,0,2,2,A,-,03,22350,,N,C,G,A,A,H,-,A,D,0,,Y,,,Y,,A,01,1,0,1,0,0,0,1,0,0,"- ","- ",,,"CONTRA COSTA","WALNUT CREEK",-122.04761989000001,37.898139899999997
7094614,2015,2015-10-10,0709,2015-09-19,1519,440,3100,6,5,4,0709,0,0,0,,0,001,"CONTRA COSTA BL","WOODSWORTH LN",200.00,S,N,A,-,N,,,,,,,,,,Y,2,0,1,2,A,-,07,21658,A,N,B,C,A,A,H,-,A,A,0,,,,,Y,,-,,1,0,0,0,0,0,0,0,0,"- ","- ",,,"CONTRA COSTA","PLEASANT HILL",-122.06025545999999,37.949630630000001
7097329,2015,2015-10-21,0701,2015-10-03,0225,5430,107,6,5,5,0701,0,0,0,,0,001,"A ST","RAILROAD AV",0.00,,Y,A,-,N,,,,,,,,,,N,2,0,1,2,A,-,03,22350,,F,G,B,E,A,H,-,D,D,0,Y,,,,Y,Y,A,01,1,0,0,0,1,0,0,0,0,"- ","- ",,,"CONTRA COSTA",ANTIOCH,-121.806,38.002159929999998
7097553,2015,2015-10-21,0707,2015-10-08,1809,207,,4,5,3,0707,0,0,0,,0,003,"APPIAN WY","FITZGERALD DR",0.00,,Y,A,-,N,,,,,,,,,,N,2,0,1,2,A,-,12,21453,A,N,D,C,A,A,H,-,A,A,0,,,Y,,Y,,-,"- ",1,0,0,0,0,0,0,0,1,"- ","- ",,,"CONTRA COSTA",PINOLE,-122.30043995,37.991559989999999
7105799,2015,2015-11-07,0708,2015-10-13,0745,195,46,2,5,5,0708,0,0,0,,0,003,"WEST LELAND RD","OAKHILLS DR",299.00,W,N,A,-,N,,,,,,,,,,N,2,0,1,2,A,-,12,21453,A,N,G,B,B,A,H,-,A,A,0,Y,,,,Y,,-,,1,0,0,0,1,0,0,0,0,"- ","- ",,,"CONTRA COSTA",PITTSBURG,-121.94539758000001,38.015333419999997
7109418,2015,2015-11-19,0709,2015-09-25,1256,437,4430,5,5,4,0709,0,0,0,,0,001,"BOYD RD","POSHARD ST",132.00,E,N,A,-,N,,,,,,,,,,N,2,0,1,1,A,-,08,22107,,N,E,J,A,A,H,-,A,D,0,,Y,,,Y,,L,04,1,0,0,0,0,0,1,0,0,"- ","- ",,,"CONTRA COSTA","PLEASANT HILL",-122.07073213,37.943480000000001
7117380,2015,2015-11-20,0710,2015-10-26,2005,1667,SOUTH,1,5,5,0710,0,0,0,,0,003,"CUTTING BL","S 49TH ST",0.00,,Y,A,-,N,,,,,,,,,,Y,2,0,5,2,A,-,09,21801,A,N,D,C,A,A,H,-,C,A,0,,,,,Y,,A,01,1,0,4,0,0,0,0,0,0,"- ","- ",,,"CONTRA COSTA",RICHMOND,-122.32357992,37.925549889999999
7141656,2015,2016-01-05,0704,2015-12-20,2241,563,,7,5,6,0704,0,0,0,,0,003,"MONUMENT BL","VICTORY LN",21.00,W,N,C,-,N,,,,,,,,,,Y,2,0,1,1,D,-,00,,,N,E,I,A,B,H,-,C,A,0,,,,,Y,,-,"- ",1,0,0,0,0,0,0,0,0,"- ","- ",,,"CONTRA COSTA",CONCORD,-122.04748442,37.95041166
7141660,2015,2016-01-05,0704,2015-12-19,1405,561,,6,5,6,0704,0,0,0,,0,001,"MARKET ST","FRY WY",0.00,,Y,A,-,N,,,,,,,,,,Y,2,0,4,3,A,-,17,21451,A,N,A,C,A,A,H,-,A,A,0,,,,,Y,,A,01,1,2,1,0,0,0,0,0,0,"- ","- ",,,"CONTRA COSTA",CONCORD,-122.04363995999999,37.975319890000002
7144572,2015,2016-01-05,0701,2015-09-16,2107,5321,304,3,5,5,0701,0,0,0,,0,003,"BUCHANAN RD","STAPLETON DR",301.00,E,N,C,-,N,,,,,,,,,,Y,2,0,1,1,A,-,03,22350,,N,E,I,A,B,H,-,C,A,0,,,,,Y,,A,01,1,0,0,0,0,0,0,0,0,"- ","- ",,,"CONTRA COSTA",ANTIOCH,-121.84161597000001,37.998236419999998
7152140,2015,2016-01-15,0708,2015-12-05,1259,P324,,6,5,5,0708,0,0,0,,0,001,"NORTH PARKSIDE DR","ROSE ANN AV",0.00,,Y,A,-,N,,,,,,,,,,Y,2,0,1,2,A,-,03,22350,,N,C,C,A,A,H,-,A,A,0,,,,,Y,,A,01,1,0,0,0,0,0,0,0,0,"- ","- ",,,"CONTRA COSTA",PITTSBURG,-121.89376987,38.024769980000002
7152156,2015,2016-01-15,0708,2015-12-10,2312,P340,,4,5,5,0708,0,0,0,,0,001,"RAILROAD AV","E 7TH ST",50.00,S,N,C,-,N,,,,,,,,,,N,2,0,1,2,A,-,11,21954,A,N,G,B,E,B,H,-,C,A,0,Y,,,,Y,Y,N,60,1,0,0,0,1,0,0,0,0,"- ","- ",,,"CONTRA COSTA",PITTSBURG,-121.88425359,38.030229370000001
7153490,2015,2016-01-15,0701,2015-06-02,2059,2372,401,2,5,5,0701,0,0,0,,0,004,"GENTRYTOWN DR","JOHNSON DR",4.00,N,N,A,-,N,,,,,,,,,,Y,2,0,1,2,A,-,10,21950,A,N,G,B,B,A,H,-,C,A,0,Y,,,,Y,,A,01,1,0,0,0,1,0,0,0,0,"- ","- ",,,"CONTRA COSTA",ANTIOCH,-121.83898446000001,37.994550070000003
7155108,2015,2016-01-12,0712,2015-12-11,1925,545,,5,5,5,0712,0,0,0,,0,003,"WALNUT AV","HUTCHINSON RD",0.00,,Y,A,-,N,,,,,,,,,,N,2,0,2,3,A,-,10,21950,A,N,G,B,B,A,H,-,C,D,0,Y,,,,Y,,A,01,1,1,0,0,2,0,0,0,0,"- ","- ",,,"CONTRA COSTA","WALNUT CREEK",-122.01213985,37.914299999999997
7156764,2015,2016-08-10,0709,2015-12-03,1938,414,1110,4,5,4,0709,0,0,0,,0,002,"LINDA LN","LINDA CT",150.00,W,N,A,-,N,,,,,,,,,,N,2,0,1,2,A,-,00,26453,A,N,H,E,A,A,H,-,C,D,0,,,,,Y,,-,,1,0,0,0,0,0,0,0,0,"- ","- ",,,"CONTRA COSTA","PLEASANT HILL",-122.0880599,37.9497207
7156884,2015,2016-01-20,0701,2015-12-27,1033,5556,505,7,5,5,0701,0,0,0,,0,005,"FREDERICKSON LN","HANSEN DR",0.00,,Y,A,-,N,,,,,,,,,,Y,2,0,3,1,A,-,01,23152,A,N,A,J,A,A,H,-,C,D,0,,,,,Y,Y,A,01,1,0,2,0,0,0,0,0,0,"- ","- ",,,"CONTRA COSTA",ANTIOCH,-121.81188998,37.965719980000003
7174641,2016,2016-02-05,0712,2016-01-16,2243,P412,,6,5,5,0712,0,0,0,,0,003,"YGNACIO VALLEY RD",MONTEGO,0.00,,Y,C,-,N,,,,,,,,,,Y,2,0,1,1,A,-,03,22350,,N,E,I,A,B,H,-,C,D,0,,,Y,,Y,,C,02,1,0,0,0,0,0,0,0,1,"- ","- ",,,"CONTRA COSTA","WALNUT CREEK",-122.05011989,37.909239909999997
7181796,2015,2016-02-23,0700,2015-12-09,1951,61462,057,3,5,3,0734,0,0,0,,0,051,"NEROLY RD","NEROLY RD  5080",0.00,,N,B,-,N,,,,,,,,,,N,2,0,1,2,A,-,11,21954,A,N,A,B,E,A,H,-,D,D,0,Y,,,,Y,,N,60,1,0,0,0,1,0,0,0,0,"- ","- ",,,"CONTRA COSTA",OAKLEY,-121.75081104,37.998941459999998
7181851,2016,2016-02-18,0712,2016-01-24,1218,P531,,7,5,5,0712,0,0,0,,0,003,"OAK GROVE RD","ARBOLADO DR",0.00,,Y,A,-,N,,,,,,,,,,N,2,0,1,2,A,-,12,22450,A,N,D,G,A,A,H,-,A,D,0,,Y,,,Y,,-,"- ",1,0,0,0,0,0,1,0,0,"- ","- ",,,"CONTRA COSTA","WALNUT CREEK",-122.01043993,37.917839899999997
7184989,2016,2016-02-18,0704,2016-02-03,0900,380,,3,5,6,0704,0,0,0,,0,004,"WILLOW PASS RD","6TH ST",0.00,,Y,A,-,N,,,,,,,,,,Y,2,0,3,2,A,-,08,22107,,N,A,C,A,-,H,-,A,A,0,,,,,Y,,A,01,1,1,1,0,0,0,0,0,0,"- ","- ",,,"CONTRA COSTA",CONCORD,-122.01877992,37.981839919999999
7188291,2015,2016-08-08,0702,2015-12-16,1051,482M,431B,3,5,3,0702,0,0,0,,0,0B4,"CONCORD AV","VENTURA DR",0.00,,Y,A,-,N,,,,,,,,,,Y,2,0,1,1,A,-,03,22350,,N,F,I,A,A,H,-,C,D,0,,,,,Y,,A,01,1,0,0,0,0,0,0,0,0,"- ","- ",,,"CONTRA COSTA",BRENTWOOD,-121.73277988,37.918359979999998
7190548,2016,2016-11-17,0708,2016-07-27,1401,285,,3,5,5,0708,0,0,0,,0,004,"EAST LELAND RD","HARBOR ST",29.00,E,N,A,-,N,,,,,,,,,,Y,1,1,6,3,A,-,03,22350,,N,C,C,A,A,H,-,A,A,0,,,,,Y,,D,22,1,1,4,0,0,0,0,0,0,"- ","- ",,,"CONTRA COSTA",PITTSBURG,-121.88602322,38.010898050000002
7190569,2016,2016-11-22,0708,2016-06-20,1026,285,,1,5,5,0708,0,0,0,,0,004,"STONEMAN AV","MEADOWBROOK AV",6.00,E,N,A,-,N,,,,,,,,,,Y,1,1,0,2,A,-,10,21950,C,N,G,B,B,A,H,-,A,A,0,Y,,,,Y,,A,07,0,0,0,1,0,0,0,0,0,"- ","- ",38.004309999999997,-121.87917,"CONTRA COSTA",PITTSBURG,-121.87916014,38.004305029999998
7192647,2016,2016-02-26,0712,2016-01-29,0637,P479,,5,5,5,0712,0,0,0,,0,002,"CALIFORNIA BL","COLE AV",0.00,,Y,B,-,N,,,,,,,,,,Y,2,0,1,2,A,-,10,21950,A,N,G,B,B,B,H,-,C,D,0,Y,,,,Y,,D,22,1,0,0,0,1,0,0,0,0,"- ","- ",,,"CONTRA COSTA","WALNUT CREEK",-122.06477996,37.902609959999999
7199454,2015,2017-03-28,0712,2015-11-09,0750,P459,,1,5,5,0712,0,0,0,,0,003,"TREAT BL","CANDELERO DR",0.00,,Y,B,-,N,,,,,,,,,,Y,1,1,1,3,A,-,12,21453,A,N,G,B,B,A,H,-,A,A,0,Y,,,,Y,,I,11,0,0,1,1,0,0,0,0,0,"- ","- ",,,"CONTRA COSTA","WALNUT CREEK",-122.0451499,37.927629920000001
7199748,2015,2016-07-28,0701,2015-12-14,1442,5436,209,1,5,5,0701,0,0,0,,0,002,"E 18TH ST","VIERA AV",246.00,W,N,A,-,N,,,,,,,,,,N,1,1,0,2,A,-,09,21804,A,N,D,C,A,A,H,-,A,D,0,,,Y,,Y,,C,02,0,0,0,0,0,0,0,1,0,"- ","- ",,,"CONTRA COSTA",ANTIOCH,-121.77346383,38.004930000000002
7199769,2015,2016-07-28,0714,2015-10-03,1612,143,24,6,5,4,0714,0,0,0,,0,003,"ALHAMBRA AV","VIRGINIA HILLS DR",0.00,,Y,A,-,N,,,,,,,,,,Y,1,1,0,2,A,-,11,21461,5,F,A,B,B,A,H,-,A,A,0,Y,,,,Y,,N,60,0,0,0,1,0,0,0,0,0,"- ","- ",37.953600000000002,-122.08790999999999,"CONTRA COSTA",MARTINEZ,-122.09264999,37.95789997
7199826,2015,2017-03-29,0701,2015-12-15,0828,BAI,,2,5,5,0701,0,0,0,,0,051,"E 18TH ST","PHILLIPS LN",692.00,W,N,A,-,N,,,,,,,,,,Y,1,1,0,1,A,-,08,22107,,N,E,I,A,A,H,-,A,D,0,,,,,Y,,A,01,0,0,0,0,0,0,0,0,0,"- ","- ",,,"CONTRA COSTA",ANTIOCH,-121.76238205999999,38.005060749999998
7199840,2015,2017-03-29,0701,2015-12-22,0630,4265,409,2,5,5,0701,0,0,0,,0,004,"LONE TREE WY","DAVISON DR",40.00,S,N,B,C,N,,,,,,,,,,Y,1,1,1,3,A,-,00,21955,I,N,G,B,D,B,H,-,B,A,0,Y,,,,Y,,N,60,1,0,0,1,1,0,0,0,0,"- ","- ",,,"CONTRA COSTA",ANTIOCH,-121.80592962,37.984960440000002
7199983,2016,2017-04-12,0708,2016-09-07,2212,285,,3,5,5,0708,0,0,0,,0,002,"HARBOR ST","SCHOOL ST",15.00,S,N,A,-,N,,,,,,,,,,Y,1,1,0,2,A,-,10,21950,A,N,G,B,B,A,H,-,C,A,0,Y,,,,Y,Y,A,01,0,0,0,1,0,0,0,0,0,"- ","- ",38.019930000000002,-121.88106999999999,"CONTRA COSTA",PITTSBURG,-121.88114448,38.019840420000001
7199989,2016,2017-04-07,0716,2016-10-18,1403,171,R7,2,5,3,0716,0,0,0,,0,002,"CANYON RD","VALLE VISTA",300.00,S,N,A,-,N,,,,,,,,,,Y,1,1,0,1,A,-,08,22107,,N,H,I,A,A,H,-,A,D,0,,,,,Y,,A,01,0,0,0,0,0,0,0,0,0,"- ","- ",,,"CONTRA COSTA",MORAGA,,
7200014,2017,2019-04-08,0704,2017-02-10,0351,501,,5,5,6,0704,0,0,0,,0,003,"MONUMENT BL","REGANTI DR",118.00,W,N,C,-,N,,,,,,,,,,Y,1,1,0,2,A,-,11,21950,B,N,G,B,D,B,H,-,C,D,0,Y,,,,Y,Y,N,60,0,0,0,1,0,0,0,0,0,"- ","- ",,,"CONTRA COSTA",CONCORD,-122.04454714000001,37.952465719999999
7200051,2017,2017-06-15,0708,2017-01-05,1739,285,,4,5,5,0708,0,0,0,,0,004,"CRESTVIEW DR","KINGSBERRY PL",0.00,,Y,A,-,N,,,,,,,,,,Y,1,1,0,2,A,-,03,22350,,N,G,B,D,A,H,-,C,A,0,Y,,,,Y,,A,01,0,0,0,1,0,0,0,0,0,"- ","- ",38.003549999999997,-121.90285,"CONTRA COSTA",PITTSBURG,-121.90280994,38.003469979999998
7203290,2016,2016-03-21,0708,2016-01-23,0533,285,046,6,5,5,0708,0,0,0,,0,002,"LOVERIDGE RD","CALIFORNIA AV",431.00,N,N,B,-,N,,,,,,,,,,Y,2,0,1,2,A,-,11,21954,A,N,G,B,D,B,G,-,C,A,0,Y,,,,Y,,N,60,1,0,0,0,1,0,0,0,0,"- ","- ",,,"CONTRA COSTA",PITTSBURG,-121.86467383999999,38.012671320000003
8005917,2016,2016-03-24,0707,2016-02-27,1704,377,BAY,6,5,3,0707,0,0,0,,0,,"WALTER AV","SAN PABLO AV",168.00,N,N,A,-,N,,,,,,,,,,Y,2,0,1,1,A,-,03,22350,,M,E,I,A,A,H,-,A,D,0,,,,,Y,,A,07,1,0,0,0,0,0,0,0,0,"- ","- ",,,"CONTRA COSTA",PINOLE,-122.31226631,38.004896500000001
8015339,2016,2016-04-15,0740,2016-03-30,1505,501,SR72,3,5,4,0791,0,0,0,,0,004,"ALCOSTA BL","SAN RAMON VALLEY BL",17.00,E,N,A,-,N,,,,,,,,,,Y,2,0,1,1,A,-,08,22107,,N,E,I,A,A,H,-,A,A,0,,,,,Y,,A,08,1,0,0,0,0,0,0,0,0,"- ","- ",37.72289,-121.94213999999999,"CONTRA COSTA","SAN RAMON",-121.94224521,37.722946929999999
8019658,2016,2016-04-21,0704,2016-04-09,1726,514,,6,5,6,0704,0,0,0,,0,003,"WHITMAN RD","DETROIT AV",900.00,S,N,B,C,N,,,,,,,,,,Y,2,0,1,1,A,-,03,22350,,N,E,I,A,B,H,-,A,D,0,,,,,Y,,A,07,1,0,0,0,0,0,0,0,0,"- ","- ",,,"CONTRA COSTA",CONCORD,-122.03062481000001,37.951466179999997
8022328,2016,2016-04-20,0701,2016-02-24,0335,4164,601,3,5,5,0701,0,0,0,,0,006,"HILLCREST AV","TERRACE VIEW AV",60.00,N,N,A,-,N,,,,,,,,,,Y,2,0,1,2,A,-,01,23152,A,N,C,C,A,A,H,-,C,D,0,,,,,Y,Y,A,01,1,0,0,0,0,0,0,0,0,"- ","- ",,,"CONTRA COSTA",ANTIOCH,-121.77604133,37.984154189999998
8026596,2016,2016-04-26,0709,2016-03-26,1740,426,,6,5,4,0709,0,0,0,,0,,"PLEASANT HILL RD","BARNET TER",254.00,N,N,A,-,N,,,,,,,,,,Y,2,0,2,2,A,-,08,22107,,N,D,C,A,A,H,-,A,D,0,,,,,Y,,-,,1,0,1,0,0,0,0,0,0,"- ","- ",,,"CONTRA COSTA","PLEASANT HILL",-122.08644621000001,37.927767129999999
8052438,2016,2016-06-07,0701,2016-03-12,1435,5563,202,6,5,5,0701,0,0,0,,0,002,"W 12TH ST","G ST",0.00,,Y,B,-,N,,,,,,,,,,Y,2,0,1,5,A,-,08,22107,,N,B,C,A,A,H,-,A,D,0,,,,,Y,,A,01,1,0,0,0,0,0,0,0,0,"- ","- ",,,"CONTRA COSTA",ANTIOCH,-121.81376991,38.009529929999999
8055749,2016,2016-06-03,0700,2016-04-19,2239,67547,,2,5,3,0734,0,0,0,,0,051,"LAUREL RD","EMPIRE AV",0.00,,Y,A,-,N,,,,,,,,,,Y,2,0,2,2,A,-,12,21453,A,N,A,C,A,A,H,-,C,A,0,,,,,Y,,A,07,1,0,1,0,0,0,0,0,0,"- ","- ",,,"CONTRA COSTA",OAKLEY,-121.73250987,37.983019949999999
8058391,2016,2016-06-13,0704,2016-04-03,2225,361,,7,5,6,0704,0,0,0,,0,004,"CONCORD BL","MOUNT DIABLO ST",8.00,E,N,A,-,N,,,,,,,,,,N,2,0,1,2,A,-,11,21456,B,N,G,B,D,A,H,-,C,A,0,Y,,,,Y,,N,60,1,0,0,0,1,0,0,0,0,"- ","- ",,,"CONTRA COSTA",CONCORD,-122.03331638,37.97569154
8065407,2016,2016-06-20,0702,2016-02-21,0355,526J,18418,7,5,3,0702,0,0,0,,0,0B4,"BALFOUR RD","CLEARVIEW DR",0.00,,Y,A,-,N,,,,,,,,,,Y,2,0,3,2,A,-,01,23152,B,N,D,C,A,A,-,-,C,D,0,,,Y,,Y,Y,C,02,1,1,1,0,0,0,0,0,2,"- ","- ",,,"CONTRA COSTA",BRENTWOOD,-121.71977986,37.92542993
8073650,2016,2016-07-06,0701,2016-05-16,2357,5565,607,1,5,5,0701,0,0,0,,0,006,"LARKSPUR DR","WILDFLOWER DR",170.00,W,N,A,-,N,,,,,,,,,,Y,2,0,2,1,A,-,01,23152,A,N,E,I,A,A,H,-,C,A,0,,,,,Y,Y,A,01,1,0,1,0,0,0,0,0,0,"- ","- ",,,"CONTRA COSTA",ANTIOCH,-121.78161607,37.995131069999999
8077699,2016,2016-07-05,0701,2016-03-17,1819,3992,410,4,5,5,0701,0,0,0,,0,004,"G ST","GALLAGHER CIR",58.00,N,N,A,-,N,,,,,,,,,,Y,2,0,2,2,A,-,08,22107,I,N,B,E,A,A,H,-,A,D,0,,,Y,,Y,,C,02,2,0,0,0,0,0,0,0,2,"- ","- ",,,"CONTRA COSTA",ANTIOCH,-121.81422218,37.980539299999997
8082094,2016,2016-07-15,0704,2016-06-23,2249,523,,4,5,6,0704,0,0,0,,0,004,"NELSON AV","LAURA ALICE WY",1113.00,E,N,A,-,N,,,,,,,,,,Y,2,0,1,1,A,-,03,22350,,N,F,I,A,A,H,-,C,D,0,,,,,Y,Y,A,01,1,0,0,0,0,0,0,0,0,"- ","- ",,,"CONTRA COSTA",CONCORD,-122.04448019,38.007611740000002