CASE_ID,ACCIDENT_YEAR,PROC_DATE,JURIS,COLLISION_DATE,COLLISION_TIME,OFFICER_ID,REPORTING_DISTRICT,DAY_OF_WEEK,CHP_SHIFT,POPULATION,CNTY_CITY_LOC,SPECIAL_COND,BEAT_TYPE,CHP_BEAT_TYPE,CITY_DIVISION_LAPD,CHP_BEAT_CLASS,BEAT_NUMBER,PRIMARY_RD,SECONDARY_RD,DISTANCE,DIRECTION,INTERSECTION,WEATHER_1,WEATHER_2,STATE_HWY_IND,CALTRANS_COUNTY,CALTRANS_DISTRICT,STATE_ROUTE,ROUTE_SUFFIX,POSTMILE_PREFIX,POSTMILE,LOCATION_TYPE,RAMP_INTERSECTION,SIDE_OF_HWY,TOW_AWAY,COLLISION_SEVERITY,NUMBER_KILLED,NUMBER_INJURED,PARTY_COUNT,PRIMARY_COLL_FACTOR,PCF_CODE_OF_VIOL,PCF_VIOL_CATEGORY,PCF_VIOLATION,PCF_VIOL_SUBSECTION,HIT_AND_RUN,TYPE_OF_COLLISION,MVIW,PED_ACTION,ROAD_SURFACE,ROAD_COND_1,ROAD_COND_2,LIGHTING,CONTROL_DEVICE,CHP_ROAD_TYPE,PEDESTRIAN_ACCIDENT,BICYCLE_ACCIDENT,MOTORCYCLE_ACCIDENT,TRUCK_ACCIDENT,NOT_PRIVATE_PROPERTY,ALCOHOL_INVOLVED,STWD_VEHTYPE_AT_FAULT,CHP_VEHTYPE_AT_FAULT,COUNT_SEVERE_INJ,COUNT_VISIBLE_INJ,COUNT_COMPLAINT_PAIN,COUNT_PED_KILLED,COUNT_PED_INJURED,COUNT_BICYCLIST_KILLED,COUNT_BICYCLIST_INJURED,COUNT_MC_KILLED,COUNT_MC_INJURED,PRIMARY_RAMP,SECONDARY_RAMP,LATITUDE,LONGITUDE,COUNTY,CITY,POINT_X,POINT_Y
8091451,2016,2016-07-28,0701,2016-03-28,2009,5430,306,1,5,5,0701,0,0,0,,0,003,"BUCHANAN RD","LUCENA WY",0.00,,Y,A,-,N,,,,,,,,,,Y,2,0,2,2,A,-,03,22350,,N,C,C,A,A,H,-,C,D,0,,,,,Y,,A,01,1,0,1,0,0,0,0,0,0,"- ","- ",,,"CONTRA COSTA",ANTIOCH,-121.83490999,37.998989909999999
8110375,2016,2016-08-30,0701,2016-08-06,1549,5565,615,6,5,5,0701,0,0,0,,0,006,"COUNTRY HILLS DR","LEFEBVRE WY",80.00,W,N,A,-,N,,,,,,,,,,N,2,0,1,2,A,-,11,21955,,N,G,B,D,A,H,-,A,-,0,Y,,,,Y,,N,60,1,0,0,0,1,0,0,0,0,"- ","- ",,,"CONTRA COSTA",ANTIOCH,-121.75863045,37.96639596
8115407,2016,2016-11-03,0706,2016-08-19,1518,191,,5,5,3,0706,0,0,0,,0,,"GRISSOM ST","GRISSOM ST 260",0.00,,-,A,-,N,,,,,,,,,,N,2,0,1,2,-,-,"- ",,,N,G,B,E,A,H,-,A,D,0,Y,,,,Y,,-,"- ",1,0,0,0,1,0,0,0,0,"- ","- ",,,"CONTRA COSTA",HERCULES,-122.23878175,38.000627430000002
8133549,2016,2016-10-03,0701,2016-08-19,1610,5444,602,5,5,5,0701,0,0,0,,0,006,"HILLCREST AV","VIA DORA DR",414.00,S,N,A,-,N,,,,,,,,,,Y,2,0,4,2,A,-,03,22350,I,N,C,C,A,A,H,-,A,D,0,,,,,Y,,A,01,1,0,3,0,0,0,0,0,0,"- ","- ",,,"CONTRA COSTA",ANTIOCH,-121.77325,37.983269999999997
81412131,2021,2021-02-22,0708,2021-01-25,1045,285,8215,1,5,5,0708,0,0,0,,0,002,"CENTURY BOULEVARD","CENTURY WAY",584.00,E,N,A,-,N,,,,,,,,,,Y,2,0,1,1,A,-,08,22107,,N,E,I,A,A,H,-,A,A,0,,,,,Y,,D,22,1,0,0,0,0,0,0,0,0,"- ","- ",,,"CONTRA COSTA",PITTSBURG,-121.84754180908203,38.009262084960938
81431520,2021,2021-03-22,0708,2021-02-27,0555,355,8409,6,5,5,0708,0,0,0,,0,005,"LOVERIDGE ROAD","E LELAND ROAD",0.00,,Y,A,-,N,,,,,,,,,,Y,2,0,2,2,A,-,01,23152,G,N,D,C,A,A,H,-,C,A,0,,,,,Y,Y,A,01,2,0,0,0,0,0,0,0,0,"- ","- ",,,"CONTRA COSTA",PITTSBURG,-121.87096405029297,38.008159637451172
81453760,2021,2021-04-20,0704,2021-04-19,2025,0440,,1,5,6,0704,0,0,0,,0,006,"CLAYTON RD","THORNWOOD DR",1056.00,E,N,A,-,N,,,,,,,,,,N,2,0,1,2,A,-,11,21954,A,N,G,B,D,A,H,-,C,D,0,Y,,,,Y,,N,60,1,0,0,0,1,0,0,0,0,"- ","- ",37.962631225585938,-121.98680114746094,"CONTRA COSTA",CONCORD,-121.98357391357422,37.961452484130859
81473255,2021,2021-05-14,0708,2021-02-27,0448,373,,6,5,5,0708,0,0,0,,0,003,"W. LELAND ROAD","GOLF CLUB ROAD",899.00,W,N,A,-,N,,,,,,,,,,Y,2,0,1,1,A,-,08,22107,,N,E,I,A,A,H,-,C,D,0,,,,,Y,,A,07,1,0,0,0,0,0,0,0,0,"- ","- ",,,"CONTRA COSTA",PITTSBURG,-121.91453552246094,38.012924194335938
81510518,2021,2021-07-01,0704,2021-06-17,2215,0537,,4,5,6,0704,0,0,0,,0,001,"CONCORD AVE","ADOBE ST",66.00,S,N,A,-,N,,,,,,,,,,Y,2,0,1,2,A,-,06,21755,A,N,C,C,A,A,H,-,C,D,0,,,Y,,Y,Y,C,02,1,0,0,0,0,0,0,0,1,"- ","- ",,,"CONTRA COSTA",CONCORD,,
81525064,2021,2021-07-21,0704,2021-07-14,0750,0580,,3,5,6,0704,0,0,0,,0,005,"CONCORD BLVD","GROSS LN",202.00,E,N,A,-,N,,,,,,,,,,N,2,0,1,2,A,-,03,22350,,N,C,C,A,A,H,-,A,A,0,,,Y,,Y,,C,02,1,0,0,0,0,0,0,0,1,"- ","- ",37.977859497070312,-122.00135803222656,"CONTRA COSTA",CONCORD,-122.00058746337891,37.977855682373047
81540975,2021,2021-08-10,0704,2021-07-27,0522,0537,,2,5,6,0704,0,0,0,,0,004,"PORT CHICAGO HWY","BONIFACIO ST",0.00,,Y,A,-,N,,,,,,,,,,Y,2,0,1,2,A,-,12,21453,A,N,D,C,A,A,H,-,C,A,0,,,,Y,Y,,A,01,1,0,0,0,0,0,0,0,0,"- ","- ",37.98162841796875,-122.03090667724609,"CONTRA COSTA",CONCORD,-122.03108978271484,37.981601715087891
81568004,2021,2021-09-13,0704,2021-06-30,2100,0613,1,3,5,6,0704,0,0,0,,0,001,"WILLOW PASS RD","MARKET ST",0.00,,Y,A,-,N,,,,,,,,,,Y,2,0,2,2,A,-,01,23152,A,N,A,C,A,A,H,-,C,A,0,,,,,Y,Y,A,01,1,0,1,0,0,0,0,0,0,"- ","- ",37.970970153808594,-122.04592132568359,"CONTRA COSTA",CONCORD,-122.04595184326172,37.971073150634766
81577464,2021,2021-09-23,0704,2021-09-11,1308,0473,,6,5,6,0704,0,0,0,,0,,"FARM BUREAU RD","CLAYTON RD",84.00,N,N,A,-,N,,,,,,,,,,N,2,0,1,3,A,-,03,22350,,N,C,G,A,A,H,-,A,D,0,,Y,,,Y,,D,23,1,0,0,0,0,0,1,0,0,"- ","- ",37.96820068359375,-122.00559234619141,"CONTRA COSTA",CONCORD,-122.00552368164062,37.969127655029297
81622289,2021,2021-11-11,0704,2021-09-27,0722,0593,4,1,5,6,0704,0,0,0,,0,005,"CONCORD BLVD","REGAL DR",388.00,E,N,A,-,N,,,,,,,,,,Y,1,1,0,2,A,-,11,21955,,N,G,B,D,A,H,-,A,A,0,Y,,,,Y,,N,60,0,0,0,1,0,0,0,0,0,"- ","- ",37.975681304931641,-121.98600769042969,"CONTRA COSTA",CONCORD,-121.98476409912109,37.975334167480469
81640469,2021,2021-12-02,0704,2021-10-30,2033,0537,,6,5,6,0704,0,0,0,,0,,"MONUMENT BLVD","MEADOW LN",0.00,,Y,A,-,N,,,,,,,,,,Y,2,0,5,2,A,-,12,21453,A,N,A,C,A,A,H,-,C,A,0,,,,,Y,,A,01,2,1,2,0,0,0,0,0,0,"- ","- ",37.956211090087891,-122.03917694091797,"CONTRA COSTA",CONCORD,-122.03897857666016,37.956409454345703
81647210,2021,2021-12-09,0704,2021-11-29,1356,0593,4,1,5,6,0704,0,0,0,,0,004,"PORT CHICAGO HWY","N. SIXTH STREET",663.00,S,N,A,-,N,,,,,,,,,,Y,2,0,1,1,A,-,01,23152,A,N,E,I,A,A,H,-,A,D,0,,,,,Y,Y,A,01,1,0,0,0,0,0,0,0,0,"- ","- ",,,"CONTRA COSTA",CONCORD,-122.03363037109375,37.987682342529297
81649878,2021,2021-12-13,0708,2021-12-01,1132,247,8215,3,5,5,0708,0,0,0,,0,002,"CENTURY BOULEVARD","AUTO CENTER DRIVE",12.00,W,N,A,-,N,,,,,,,,,,Y,2,0,1,2,A,-,10,21950,A,N,G,B,B,A,H,-,A,A,0,Y,,,,Y,,D,22,1,0,0,0,1,0,0,0,0,"- ","- ",38.005290985107422,-121.83544921875,"CONTRA COSTA",PITTSBURG,-121.83541107177734,38.005710601806641
81655855,2021,2021-12-20,0710,2021-12-08,1954,1640,SOUTH,3,5,5,0710,0,0,0,,0,001,"STENMARK DRIVE","GRAYS CIRCLE",0.00,,Y,A,-,N,,,,,,,,,,Y,2,0,2,1,A,-,05,21650,,N,E,I,A,A,H,-,D,D,0,,,,,Y,,A,01,1,1,0,0,0,0,0,0,0,"- ","- ",,,"CONTRA COSTA",RICHMOND,-122.41407012939453,37.94610595703125
8166583,2015,2017-01-09,0701,2015-02-03,1952,3343,206,2,5,5,0701,0,0,0,,0,002,"EAST 13TH ST","SIMMONS ST",90.00,W,N,A,-,N,,,,,,,,,,Y,1,1,0,3,A,-,07,21658,A,N,D,C,A,A,H,-,C,D,0,,,Y,,Y,,C,02,0,0,0,0,0,0,0,1,0,"- ","- ",,,"CONTRA COSTA",ANTIOCH,-121.78881628000001,38.007729220000002
8166616,2016,2017-01-20,0711,2016-11-19,1138,S1044,BAY,6,5,4,0711,0,0,0,,0,001,"SAN PABLO AV","RIVERS ST",165.00,N,N,C,-,N,,,,,,,,,,Y,1,1,0,1,A,-,03,22350,,N,E,I,A,B,H,-,A,D,0,,,,,Y,,A,01,0,0,0,0,0,0,0,0,0,"- ","- ",37.582129999999999,-122.20350999999999,"CONTRA COSTA","SAN PABLO",-122.34308451,37.972508140000002
8166646,2016,2017-01-31,0710,2016-11-10,0807,1242,NORTH,4,5,5,0710,0,0,0,,0,008,"BLUME DR","AUTO PLZ",54.00,N,N,B,-,N,,,,,,,,,,Y,1,1,0,1,A,-,03,22350,,N,E,I,A,A,H,-,A,A,0,,,Y,,Y,,C,02,0,0,0,0,0,0,0,1,0,"- ","- ",,,"CONTRA COSTA",RICHMOND,-122.32236054000001,37.98297041
8166680,2016,2018-09-26,0714,2016-09-27,1936,145,233,2,5,4,0714,0,0,0,,0,003,"ALHAMBRA AV","BENHAM DR",250.00,S,N,A,-,N,,,,,,,,,,Y,1,1,0,1,A,-,01,23152,B,N,E,I,A,A,H,-,C,D,0,,,,,Y,Y,-,,0,0,0,0,0,0,0,0,0,"- ","- ",37.966050000000003,-122.0985,"CONTRA COSTA",MARTINEZ,-122.09814600999999,37.9654454
8166689,2016,2017-04-11,0710,2016-10-14,0501,1380,NORTH,5,5,5,0710,0,0,0,,0,008,"RICHMOND PKWY","GIANT HWY",0.00,,Y,C,-,N,,,,,,,,,,Y,1,1,0,1,A,-,03,22350,,N,-,A,A,B,H,-,C,D,0,,,Y,,Y,,C,02,0,0,0,0,0,0,0,1,0,"- ","- ",,,"CONTRA COSTA",RICHMOND,-122.35278991,37.9801
8166754,2016,2017-03-30,0700,2016-09-04,2002,OA013,59,7,5,3,0734,0,0,0,,0,051,"BIG BREAK RD","VINTAGE PKWY",0.00,N,N,A,-,N,,,,,,,,,,Y,1,1,0,2,A,-,05,21202,A,N,A,G,A,A,H,-,C,D,0,,Y,,,Y,,L,04,0,0,0,0,0,1,0,0,0,"- ","- ",,,"CONTRA COSTA",OAKLEY,-121.73229999,38.007219980000002
81668075,2021,2022-01-03,0710,2021-11-30,1630,1324,CENTR,2,5,5,0710,0,0,0,,0,005,"RICHMOND PKWY","W. BARRETT AVE",0.00,,Y,A,-,N,,,,,,,,,,Y,2,0,2,2,D,-,00,,,N,D,C,A,A,H,-,A,A,0,,,,,Y,,-,"- ",1,0,1,0,0,0,0,0,0,"- ","- ",,,"CONTRA COSTA",RICHMOND,-122.37139892578125,37.938697814941406
8166865,2016,2017-04-11,0704,2016-12-01,2100,0337,VALLE,4,5,6,0704,0,0,0,,0,005,"WILLOW PASS RD","AVILA RD",4850.00,S,N,A,-,N,,,,,,,,,,Y,1,1,0,1,A,-,01,23152,A,N,E,I,A,A,H,-,D,D,0,,,Y,,Y,Y,C,02,0,0,0,0,0,0,0,1,0,"- ","- ",38.011189999999999,-121.99697,"CONTRA COSTA",CONCORD,-121.99974,38.003149999999998
8167200,2017,2018-06-15,0704,2017-11-25,0155,563,,6,5,6,0704,0,0,0,,0,003,"MOHR LN","DEL RIO CIR",0.00,,Y,A,-,N,,,,,,,,,,Y,1,1,0,2,A,-,09,21801,A,N,D,C,A,A,H,-,C,D,0,,,Y,,Y,Y,A,07,0,0,0,0,0,0,0,1,0,"- ","- ",,,"CONTRA COSTA",CONCORD,-122.04785994,37.946099949999997
8167573,2018,2018-06-18,0701,2018-01-17,1251,4265,303,3,5,5,0701,0,0,0,,0,003,"SOMERSVILLE RD","RT 4",0.00,,Y,A,-,Y,CC,4,4,-,-,25.876,R,4,E,Y,1,2,3,3,A,-,12,21453,A,N,D,C,A,A,H,-,A,A,0,,,,,Y,,D,22,1,0,2,0,0,0,0,0,0,"- ","- ",,,"CONTRA COSTA",ANTIOCH,-121.84012603759766,38.004550933837891
81676992,2021,2022-01-13,0710,2021-12-24,1740,1716,CENTR,5,5,5,0710,0,0,0,,0,006,"RICHMOND PKWY","W BARRETT AVE",225.00,S,N,A,-,N,,,,,,,,,,N,2,0,5,3,A,-,05,21651,B,N,A,C,A,A,H,-,C,A,0,,,,,Y,Y,A,01,1,0,4,0,0,0,0,0,0,"- ","- ",,,"CONTRA COSTA",RICHMOND,-122.37167358398438,37.938121795654297
81680481,2022,2022-01-19,0704,2022-01-14,0802,0537,,5,5,6,0704,0,0,0,,0,005,"COWELL RD","SAINT FRANCIS DR",6.00,W,N,A,-,N,,,,,,,,,,N,2,0,1,2,A,-,10,21950,A,N,G,B,B,A,H,-,A,A,0,Y,,,,Y,,A,01,1,0,0,0,1,0,0,0,0,"- ","- ",37.963298797607422,-122.01289367675781,"CONTRA COSTA",CONCORD,-122.01297760009766,37.96319580078125
81688103,2021,2022-01-28,0708,2021-11-26,1554,357,8203,5,5,5,0708,0,0,0,,0,002,"10TH STREET","EAST STREET",6.00,E,N,A,-,N,,,,,,,,,,Y,2,0,1,2,A,-,12,22450,A,N,A,G,A,A,H,-,A,D,0,,Y,,,Y,,L,04,1,0,0,0,0,0,1,0,0,"- ","- ",38.027130126953125,-121.88162231445312,"CONTRA COSTA",PITTSBURG,-121.88176727294922,38.027095794677734
8170835,2016,2016-11-18,0704,2016-11-12,1317,0552,,6,5,6,0704,0,0,0,,0,006,"KIRKER PASS RD","CONCORD BL",530.00,E,N,A,-,N,,,,,,,,,,Y,2,0,1,1,A,-,08,22107,,N,A,I,A,A,H,-,A,A,0,,,,,Y,,A,08,1,0,0,0,0,0,0,0,0,"- ","- ",,,"CONTRA COSTA",CONCORD,-121.95007461,37.957768620000003
81747626,2021,2022-04-14,0701,2021-12-04,2346,4270,,6,5,5,0701,0,0,0,,0,002,"E. 18TH STREET","WILLOW AVE",0.00,,Y,E,-,N,,,,,,,,,,Y,2,0,1,1,A,-,03,22350,,N,E,I,A,A,H,-,C,D,0,,,,,Y,Y,A,01,1,0,0,0,0,0,0,0,0,"- ","- ",,,"CONTRA COSTA",ANTIOCH,-121.76909637451172,38.004947662353516
81758328,2022,2022-04-28,0701,2022-02-06,1830,5963,,7,5,5,0701,0,0,0,,0,005,"LONE TREE WAY","HILLCREST AVE",0.00,,Y,A,-,N,,,,,,,,,,N,2,0,2,3,A,-,12,21453,A,N,D,C,A,A,H,-,C,A,0,,,,,Y,,A,01,1,0,1,0,0,0,0,0,0,"- ","- ",,,"CONTRA COSTA",ANTIOCH,-121.76004791259766,37.961757659912109
81785817,2022,2022-06-01,0708,2022-04-07,2337,384,8214,4,5,5,0708,0,0,0,,0,002,"PITTSBURG ANTIOCH HWY","LOVERIDGE RD",920.00,W,N,A,-,N,,,,,,,,,,Y,2,0,1,1,A,-,08,22107,,N,E,I,A,A,H,-,C,D,0,,,,,Y,,A,01,1,0,0,0,0,0,0,0,0,"- ","- ",38.009788513183594,-121.85990142822266,"CONTRA COSTA",PITTSBURG,-121.86293792724609,38.016075134277344
81785818,2022,2022-06-01,0708,2022-04-09,0209,328,8213,6,5,5,0708,0,0,0,,0,002,"PITTSBURG ANTIOCH HWY","LOVERIDGE RD",2873.00,E,N,A,-,Y,CC,,4,,,24.741,H,,R,Y,2,0,1,2,A,-,01,23152,A,N,A,E,A,A,H,-,D,D,0,,,,,Y,Y,A,01,1,0,0,0,0,0,0,0,0,"- ","- ",38.009788513183594,-121.85990142822266,"CONTRA COSTA",PITTSBURG,-121.85984039306641,38.009937286376953
81796269,2022,2022-06-16,0701,2022-05-28,1522,6286,,6,5,5,0701,0,0,0,,0,003,"BUCHANAN RD","DEL ORO CIR (W)",0.00,,Y,A,-,N,,,,,,,,,,Y,2,0,4,2,A,-,01,23152,A,N,C,C,A,A,H,-,A,A,0,,,,,Y,Y,A,01,2,0,2,0,0,0,0,0,0,"- ","- ",,,"CONTRA COSTA",ANTIOCH,-121.82590484619141,37.999828338623047
81798255,2022,2022-06-20,0710,2022-04-24,1445,1324,SOUTH,7,5,5,0710,0,0,0,,0,003,"CARLSON BLVD","I80 WEST ONRAMP",50.00,E,Y,A,-,N,,,,,,,,,,Y,2,0,1,2,A,-,09,21801,A,N,D,C,A,A,H,-,A,A,0,,,Y,,Y,,A,07,1,0,0,0,0,0,0,0,1,"- ","- ",,,"CONTRA COSTA",RICHMOND,-122.31727600097656,37.910926818847656
8180799,2016,2016-12-14,0712,2016-11-05,1239,P527,,6,5,5,0712,0,0,0,,0,001,"AVENIDA SEVILLA","AVENIDA SEVILLA 1221",0.00,,N,A,-,N,,,,,,,,,,N,2,0,1,2,B,-,22,,,N,G,B,F,A,H,-,A,D,0,Y,,,,Y,,A,07,1,0,0,0,1,0,0,0,0,"- ","- ",,,"CONTRA COSTA","WALNUT CREEK",-122.06241846,37.852654620000003
8181364,2016,2018-09-24,0711,2016-11-09,1753,1038,BAY,3,5,4,0711,0,0,0,,0,003,"CHURCH LN","WILLOW RD",0.00,,Y,-,-,N,,,,,,,,,,N,1,1,0,2,A,-,10,21950,A,F,G,B,B,-,-,-,-,D,0,Y,,,,Y,Y,A,01,0,0,0,1,0,0,0,0,0,"- ","- ",37.959899999999998,-122.339,"CONTRA COSTA","SAN PABLO",-122.33902987,37.95982995
81818630,2022,2022-07-18,0708,2022-06-25,0003,374,8104,6,5,5,0708,0,0,0,,0,002,"10TH ST","CUMBERLAND ST",0.00,,Y,A,-,N,,,,,,,,,,Y,2,0,1,2,A,-,01,23152,A,N,A,C,A,A,H,-,C,D,0,,,,,Y,Y,A,07,1,0,0,0,0,0,0,0,0,"- ","- ",38.022590637207031,-121.88430023193359,"CONTRA COSTA",PITTSBURG,-121.88433074951172,38.027698516845703
81828554,2022,2022-07-29,0701,2022-06-16,1105,5455,,4,5,5,0701,0,0,0,,0,002,"E 18TH ST","WOODLAND DR",100.00,E,N,A,-,N,,,,,,,,,,Y,2,0,2,4,A,-,09,21801,A,N,D,B,F,A,H,-,A,D,0,Y,,,,Y,,A,01,2,0,0,0,2,0,0,0,0,"- ","- ",,,"CONTRA COSTA",ANTIOCH,-121.79775238037109,38.004901885986328
81834337,2022,2022-08-08,0710,2022-07-06,0206,1644,SOUTH,3,5,5,0710,0,0,0,,0,001,"S.2ND STREET","CUTTING BLVD",500.00,N,N,A,-,N,,,,,,,,,,Y,2,0,1,2,A,-,05,21651,A,N,E,E,A,A,H,-,C,D,0,,,,,Y,,-,99,1,0,0,0,0,0,0,0,0,"- ","- ",,,"CONTRA COSTA",RICHMOND,-122.36795806884766,37.926643371582031
81842008,2022,2022-08-17,0701,2022-07-31,0156,6370,,7,5,5,0701,0,0,0,,0,,"18TH ST","CRESTWOOD DR",0.00,,Y,A,-,N,,,,,,,,,,N,2,0,2,2,A,-,11,21956,,N,G,B,E,A,H,-,C,D,0,Y,,Y,,Y,Y,N,60,1,0,1,0,1,0,0,0,1,"- ","- ",,,"CONTRA COSTA",ANTIOCH,-121.79972076416016,38.004913330078125
81867519,2022,2022-09-19,0708,2022-08-17,2238,379,8104,3,5,5,0708,0,0,0,,0,002,"RAILROAD AVE","10TH ST",257.00,S,N,A,-,N,,,,,,,,,,Y,2,0,1,2,A,-,05,21202,A,N,C,G,A,A,H,-,C,A,0,,Y,,,Y,,L,04,1,0,0,0,0,0,1,0,0,"- ","- ",,,"CONTRA COSTA",PITTSBURG,-121.88547515869141,38.027256011962891
8187098,2016,2016-12-27,0701,2016-07-07,2500,4055,107,4,5,5,0701,0,0,0,,0,001,"WALTER WY","A ST",0.00,,Y,A,-,N,,,,,,,,,,N,2,0,1,1,A,-,13,22515,B,N,A,B,A,A,H,-,A,D,0,,,,,Y,,D,22,1,0,0,0,0,0,0,0,0,"- ","- ",,,"CONTRA COSTA",ANTIOCH,-121.80600987,38.003009970000001
8187768,2016,2016-12-28,0708,2016-11-18,1756,344,,5,5,5,0708,0,0,0,,0,005,"BUCHANAN RD","MEADOWS AV",86.00,E,N,A,-,N,,,,,,,,,,Y,2,0,1,1,A,-,08,22107,,N,E,I,A,A,H,-,C,A,0,,,,,Y,,D,22,1,0,0,0,0,0,0,0,0,"- ","- ",,,"CONTRA COSTA",PITTSBURG,-121.86350148,37.997999999999998
8188301,2016,2016-12-13,0708,2016-11-08,0748,229,046,2,5,5,0708,0,0,0,,0,004,"BUCHANAN RD","MEADOWS AV",2012.00,E,N,A,-,N,,,,,,,,,,Y,2,0,2,2,A,-,05,21651,A,N,A,C,A,A,H,-,A,A,0,,,,,Y,,A,01,1,0,1,0,0,0,0,0,0,"- ","- ",,,"CONTRA COSTA",PITTSBURG,-121.85681644,37.998030010000001
81886886,2022,2022-10-11,0701,2022-10-01,0300,6139,,6,5,5,0701,0,0,0,,0,,"HILLCREST AVE","WILD HORSE RD",150.00,S,N,A,-,N,,,,,,,,,,Y,2,0,1,1,A,-,03,22350,,N,E,I,A,A,H,-,C,A,0,,,,,Y,,A,01,1,0,0,0,0,0,0,0,0,"- ","- ",,,"CONTRA COSTA",ANTIOCH,-121.76617431640625,37.981662750244141
81898940,2022,2022-10-25,0711,2022-10-15,2043,S1093,21,6,5,4,0711,0,0,0,,0,0S1,"11TH ST","LAKE AVE",0.00,,Y,A,-,N,,,,,,,,,,N,2,0,1,2,A,-,09,21804,,N,B,C,A,A,H,-,C,A,0,,,Y,,Y,,C,02,1,0,0,0,0,0,0,0,1,"- ","- ",37.9722900390625,-122.35247039794922,"CONTRA COSTA","SAN PABLO",-122.35265350341797,37.972438812255859
8191455,2016,2016-12-22,0701,2016-10-26,2058,5322,106,3,5,5,0701,0,0,0,,0,001,"TEXAS ST","MITCHS LN",114.00,E,N,A,-,N,,,,,,,,,,N,2,0,1,2,A,-,11,21954,A,N,G,B,D,A,H,-,C,D,0,Y,,,,Y,Y,N,60,1,0,0,0,1,0,0,0,0,"- ","- ",,,"CONTRA COSTA",ANTIOCH,-121.81155429,37.999479999999998
81917758,2022,2022-11-15,0704,2022-11-14,1508,0377,,1,5,6,0704,0,0,0,,0,,"CLAYTON RD","FRY WAY",20.00,W,N,A,-,N,,,,,,,,,,N,1,1,0,2,A,-,08,22107,,M,B,C,A,A,H,-,A,A,0,,,,,Y,,A,01,0,0,0,0,0,0,0,0,0,"- ","- ",37.972011566162109,-122.04039001464844,"CONTRA COSTA",CONCORD,-122.04059600830078,37.971992492675781
81928359,2021,2022-11-29,0701,2021-12-20,0300,5319,PITTS,1,5,5,0701,0,0,0,,0,005,"SUNSET DR","HILLCREST AVE",422.00,W,N,A,-,N,,,,,,,,,,Y,1,1,0,2,D,-,00,,,F,G,B,E,A,H,-,D,D,0,Y,,,,Y,Y,-,"- ",0,0,0,1,0,0,0,0,0,"- ","- ",,,"CONTRA COSTA",ANTIOCH,-121.78765106201172,37.997661590576172
81928399,2022,2022-11-29,0701,2022-10-08,2216,ADMIN,,6,5,5,0701,0,0,0,,0,,"PREWETT RANCH DR","CEDAR RIDGE WAY",92.00,W,N,A,-,N,,,,,,,,,,Y,2,0,3,3,A,-,01,23152,A,N,C,E,A,A,H,-,A,D,0,,,,,Y,Y,A,01,1,1,1,0,0,0,0,0,0,"- ","- ",,,"CONTRA COSTA",ANTIOCH,-121.80108642578125,37.959915161132812
81931529,2022,2022-12-05,0711,2022-11-25,2306,S1070,23,5,5,4,0711,0,0,0,,0,0S2,"VALE RD","SAN PABLO AVE",20.00,W,-,A,-,N,,,,,,,,,,Y,2,0,1,1,A,-,03,22350,,N,F,I,A,A,H,-,C,A,0,,,,,Y,Y,-,"- ",1,0,0,0,0,0,0,0,0,"- ","- ",37.955528259277344,-122.33580017089844,"CONTRA COSTA","SAN PABLO",-122.33579254150391,37.955509185791016
8193239,2016,2016-12-23,0710,2016-11-14,1743,1667,SOUTH,1,5,5,0710,0,0,0,,0,003,"BERK AV","BERK PL",129.00,S,N,A,-,N,,,,,,,,,,Y,2,0,1,3,A,-,05,21650,,F,A,C,A,A,H,-,C,D,0,,,,,Y,Y,A,01,1,0,0,0,0,0,0,0,0,"- ","- ",,,"CONTRA COSTA",RICHMOND,-122.33168338,37.924205669999999
81950993,2022,2022-12-23,0704,2022-12-21,2225,0493,,3,5,6,0704,0,0,0,,0,005,"FARM BUREAU RD","CONCORD BLVD",0.00,,Y,A,-,N,,,,,,,,,,N,2,0,1,2,A,-,12,21453,A,F,D,G,A,A,H,-,C,A,0,,Y,,,Y,,L,04,1,0,0,0,0,0,1,0,0,"- ","- ",37.977699279785156,-122.01000213623047,"CONTRA COSTA",CONCORD,-122.00994110107422,37.977687835693359
81960529,2022,2023-01-05,0708,2022-10-13,1928,376,2091,4,5,5,0708,0,0,0,,0,001,"WILLOW PASS RD","LOFTUS RD",191.00,E,N,A,-,N,,,,,,,,,,Y,2,0,1,2,A,-,03,22350,,N,D,C,A,A,H,-,C,A,0,,,Y,,Y,,C,02,1,0,0,0,0,0,0,0,1,"- ","- ",,,"CONTRA COSTA",PITTSBURG,-121.92769622802734,38.026798248291016
81960532,2022,2023-01-05,0708,2022-12-15,1816,402,8212,4,5,5,0708,0,0,0,,0,002,"CALIFORNIA AVE","ROUTE 4 WB OFFRAMP (W)",0.00,,Y,A,-,N,,,,,,,,,,Y,2,0,1,2,A,-,12,21453,A,N,A,C,A,A,H,-,C,A,0,,,Y,,Y,,C,02,1,0,0,0,0,0,0,0,1,"- ","- ",,,"CONTRA COSTA",PITTSBURG,,
81965270,2022,2023-01-11,0704,2022-09-26,1453,0596,2270,1,5,6,0704,0,0,0,,0,005,"FARM BUREAU RD","CONCORD BLVD",90.00,S,N,-,-,N,,,,,,,,,,N,2,0,1,1,A,-,08,22107,,N,E,I,A,A,H,-,A,A,0,,Y,,,Y,,L,04,1,0,0,0,0,0,1,0,0,"- ","- ",37.977031707763672,-122.00971984863281,"CONTRA COSTA",CONCORD,-122.00978851318359,37.977474212646484