CASE_ID,ACCIDENT_YEAR,PROC_DATE,JURIS,COLLISION_DATE,COLLISION_TIME,OFFICER_ID,REPORTING_DISTRICT,DAY_OF_WEEK,CHP_SHIFT,POPULATION,CNTY_CITY_LOC,SPECIAL_COND,BEAT_TYPE,CHP_BEAT_TYPE,CITY_DIVISION_LAPD,CHP_BEAT_CLASS,BEAT_NUMBER,PRIMARY_RD,SECONDARY_RD,DISTANCE,DIRECTION,INTERSECTION,WEATHER_1,WEATHER_2,STATE_HWY_IND,CALTRANS_COUNTY,CALTRANS_DISTRICT,STATE_ROUTE,ROUTE_SUFFIX,POSTMILE_PREFIX,POSTMILE,LOCATION_TYPE,RAMP_INTERSECTION,SIDE_OF_HWY,TOW_AWAY,COLLISION_SEVERITY,NUMBER_KILLED,NUMBER_INJURED,PARTY_COUNT,PRIMARY_COLL_FACTOR,PCF_CODE_OF_VIOL,PCF_VIOL_CATEGORY,PCF_VIOLATION,PCF_VIOL_SUBSECTION,HIT_AND_RUN,TYPE_OF_COLLISION,MVIW,PED_ACTION,ROAD_SURFACE,ROAD_COND_1,ROAD_COND_2,LIGHTING,CONTROL_DEVICE,CHP_ROAD_TYPE,PEDESTRIAN_ACCIDENT,BICYCLE_ACCIDENT,MOTORCYCLE_ACCIDENT,TRUCK_ACCIDENT,NOT_PRIVATE_PROPERTY,ALCOHOL_INVOLVED,STWD_VEHTYPE_AT_FAULT,CHP_VEHTYPE_AT_FAULT,COUNT_SEVERE_INJ,COUNT_VISIBLE_INJ,COUNT_COMPLAINT_PAIN,COUNT_PED_KILLED,COUNT_PED_INJURED,COUNT_BICYCLIST_KILLED,COUNT_BICYCLIST_INJURED,COUNT_MC_KILLED,COUNT_MC_INJURED,PRIMARY_RAMP,SECONDARY_RAMP,LATITUDE,LONGITUDE,COUNTY,CITY,POINT_X,POINT_Y
82011145,2023,2023-03-13,0704,2023-01-10,2349,0537,4,2,5,6,0704,0,0,0,,0,003,"TREAT BLVD","BLARNEY AVE",3.00,E,N,C,-,N,,,,,,,,,,Y,2,0,2,4,A,-,03,22350,,N,D,E,E,B,H,-,C,D,0,Y,,,,Y,,A,07,1,0,1,0,1,0,0,0,0,"- ","- ",37.941158294677734,-122.02139282226562,"CONTRA COSTA",CONCORD,-122.02135467529297,37.941173553466797
82020656,2022,2023-03-17,0708,2022-12-05,1544,399,8108,1,5,5,0708,0,0,0,,0,001,"RAILROAD AVE","CENTRAL AVE",538.00,S,N,A,-,N,,,,,,,,,,N,2,0,1,2,A,-,17,21209,A,F,C,G,A,A,H,-,A,D,0,,Y,,,Y,,-,"- ",1,0,0,0,0,0,1,0,0,"- ","- ",38.020240783691406,-121.88641357421875,"CONTRA COSTA",PITTSBURG,-121.8870849609375,38.023860931396484
82052211,2023,2023-04-25,0710,2023-04-08,1830,1817,NORTH,6,5,5,0710,0,0,0,,0,008,"HILLTOP MALL RD","ROBERT H MILLER DR",0.00,,Y,A,-,N,,,,,,,,,,N,2,0,1,2,A,-,10,21950,A,F,H,B,B,A,H,-,A,D,0,Y,,,,Y,,A,01,1,0,0,0,1,0,0,0,0,"- ","- ",37.979129791259766,-122.33216857910156,"CONTRA COSTA",RICHMOND,-122.33193206787109,37.979190826416016
82061849,2023,2023-05-05,0710,2023-04-19,1440,1687,SOUTH,3,5,5,0710,0,0,0,,0,001,"WEST CUTTING BLVD","CANAL BLVD",799.00,W,N,A,-,N,,,,,,,,,,Y,2,0,1,2,A,-,03,22411,,N,D,C,A,A,G,H,A,A,0,,,Y,,Y,,C,03,1,0,0,0,0,0,0,0,1,"- ","- ",,,"CONTRA COSTA",RICHMOND,-122.38095092773438,37.925251007080078
82065394,2023,2023-05-10,0710,2023-04-11,"716 ",1829,SOUTH,2,5,5,0710,0,0,0,,0,003,"CENTRAL AV","BELMONT AV",21.00,E,N,A,-,N,,,,,,,,,,N,2,0,1,1,A,-,"- ",,,N,H,A,A,A,A,-,A,A,0,,,,,Y,,M,94,1,0,0,0,0,0,0,0,0,"- ","- ",37.901519775390625,-122.30735015869141,"CONTRA COSTA",RICHMOND,-122.30726623535156,37.901512145996094
82069559,2023,2023-05-17,0704,2023-05-14,1941,0616,,7,5,6,0704,0,0,0,,0,,"OAK GROVE RD","MONUMENT BLVD",0.00,,Y,A,-,N,,,,,,,,,,N,2,0,2,2,A,-,01,23152,F,N,D,C,A,A,H,-,A,A,0,,,,,Y,Y,A,01,2,0,0,0,0,0,0,0,0,"- ","- ",37.956459045410156,-122.03900909423828,"CONTRA COSTA",CONCORD,-122.03897857666016,37.956409454345703
82084198,2023,2023-06-02,0708,2023-04-28,1414,275,8206,5,5,5,0708,0,0,0,,0,002,"EAST 17TH STREET","NORTON STREET",154.00,W,N,A,-,N,,,,,,,,,,Y,2,0,1,2,A,-,11,21954,A,N,G,B,D,A,H,-,A,A,0,Y,,,,Y,,N,60,1,0,0,0,1,0,0,0,0,"- ","- ",,,"CONTRA COSTA",PITTSBURG,-121.88578033447266,38.021663665771484
82086600,2023,2023-06-06,0704,2023-05-29,1430,0493,4,1,5,6,0704,0,0,0,,0,001,"ARNOLD INDUSTRIAL PL","ARNOLD INDUSTRIAL PL TO SR 4 E RAMP",98.00,E,N,A,-,Y,,,,,,,,,,Y,2,0,1,1,A,-,03,22350,,N,E,I,A,A,B,-,A,D,0,,,Y,,Y,,C,02,1,0,0,0,0,0,0,0,1,"- ","- ",38.000198364257812,-122.04984283447266,"CONTRA COSTA",CONCORD,-122.05242919921875,37.999298095703125
82086603,2023,2023-06-08,0704,2023-06-02,1544,647,,5,5,6,0704,0,0,0,,0,002,"WILLOW PASS RD","FRY WAY",0.00,,Y,A,-,N,,,,,,,,,,Y,2,0,1,3,A,-,12,21453,A,N,G,B,F,A,H,-,A,A,0,Y,,,,Y,,A,01,1,0,0,0,1,0,0,0,0,"- ","- ",37.972949981689453,-122.04128265380859,"CONTRA COSTA",CONCORD,-122.04138946533203,37.973133087158203
82095356,2023,2023-07-20,0704,2023-06-13,1955,544,5,2,5,6,0704,0,0,0,,0,005,"WILLOW PASS RD","LYNWOOD DR",1692.00,N,N,A,-,N,,,,,,,,,,N,2,0,2,3,A,-,05,21651,B,F,B,C,A,A,H,-,A,D,0,,,,,Y,,A,01,1,1,0,0,0,0,0,0,0,"- ","- ",37.991230010986328,-122.00428771972656,"CONTRA COSTA",CONCORD,-122.00182342529297,37.995399475097656
82115645,2023,2023-07-13,0708,2023-05-07,2351,381,8312,7,5,5,0708,0,0,0,,0,002,"LOVERIDGE RD","CALIFORNIA AVE (W)",12.00,E,N,A,-,N,,,,,,,,,,Y,2,0,1,2,A,-,01,23152,A,F,B,C,A,A,H,-,C,A,0,,,,,Y,Y,A,08,1,0,0,0,0,0,0,0,0,"- ","- ",,,"CONTRA COSTA",PITTSBURG,-121.86605072021484,38.012302398681641
82146791,2023,2023-08-17,0711,2023-07-26,1257,S1079,22,3,5,4,0711,0,0,0,,0,0S3,"2618 MARKET","SAN PABLO AVE",0.00,,Y,A,-,N,,,,,,,,,,Y,2,0,1,2,A,-,03,22350,,F,D,D,A,A,H,-,A,D,0,,,,,Y,,-,"- ",1,0,0,0,0,0,0,0,0,"- ","- ",37.956581115722656,-122.34234619140625,"CONTRA COSTA","SAN PABLO",-122.27255249023438,38.014579772949219
82150459,2022,2023-08-23,0701,2022-03-20,0303,5444,,7,5,5,0701,0,0,0,,0,006,"HILLCREST AVE","LAUREL RD",738.00,N,N,A,-,N,,,,,,,,,,Y,1,1,0,1,A,-,01,23152,B,N,E,I,A,A,H,-,C,D,0,,,,,Y,Y,A,01,0,0,0,0,0,0,0,0,0,"- ","- ",,,"CONTRA COSTA",ANTIOCH,-121.76248931884766,37.972011566162109
82150471,2022,2023-08-23,0701,2022-07-14,1023,5444,ANTIO,4,5,5,0701,0,0,0,,0,004,"JAMES DONLON BLVD","CONTRA LOMA BLVD",250.00,W,N,A,-,N,,,,,,,,,,Y,1,1,1,2,A,-,03,22350,,N,E,I,A,A,H,-,A,A,0,,,,,Y,,A,01,0,0,1,0,0,0,0,0,0,"- ","- ",,,"CONTRA COSTA",ANTIOCH,-121.82631683349609,37.982810974121094
82150555,2022,2023-08-23,0701,2022-12-08,2212,6139,,4,5,5,0701,0,0,0,,0,007,"LONE TREE WAY","RAMP (W)",0.00,,Y,C,-,N,,,,,,,,,,N,2,0,1,2,A,-,11,21456,B,N,G,B,B,B,H,-,C,A,0,Y,,,,Y,,N,60,1,0,0,0,1,0,0,0,0,"- ","- ",,,"CONTRA COSTA",ANTIOCH,,
82150704,2023,2023-08-23,0701,2023-03-19,2028,6119,0701,7,5,5,0701,0,0,0,,0,006,"HILLCREST AVE","STERLING HILL DR",70.00,S,N,A,-,N,,,,,,,,,,N,2,0,1,2,A,-,11,21955,,N,G,B,E,A,H,-,C,A,0,Y,,,,Y,Y,N,60,1,0,0,0,1,0,0,0,0,"- ","- ",,,"CONTRA COSTA",ANTIOCH,-121.76051330566406,37.970405578613281
82150828,2023,2023-08-23,0701,2023-07-27,"923 ",3639,,4,5,5,0701,0,0,0,,0,,"CAVALLO RD","13TH ST (N)",0.00,,Y,A,-,N,,,,,,,,,,Y,2,0,1,2,A,-,09,21801,A,N,D,C,A,A,A,-,A,D,0,,,Y,,Y,,A,01,1,0,0,0,0,0,0,0,1,"- ","- ",,,"CONTRA COSTA",ANTIOCH,-121.79671478271484,38.008987426757812
82155102,2023,2023-08-28,0708,2023-08-10,1548,388,8400,4,5,5,0708,0,0,0,,0,004,"CENTRAL AVE","SOLARI AVE",187.00,E,N,A,-,N,,,,,,,,,,Y,2,0,1,4,A,-,03,22350,,N,C,E,A,A,H,-,A,D,0,,,,,Y,,A,01,1,0,0,0,0,0,0,0,0,"- ","- ",,,"CONTRA COSTA",PITTSBURG,-121.8812255859375,38.023983001708984
82156533,2023,2023-08-29,0710,2023-04-25,1740,1826,CENTR,2,5,5,0710,0,0,0,,0,005,"CASTRO ST","HENSLEY ST",856.00,N,N,A,-,N,,,,,,,,,,Y,2,0,1,2,A,-,04,21703,,N,C,D,A,A,H,-,A,D,0,,,Y,Y,Y,,-,"- ",1,0,0,0,0,0,0,0,1,"- ","- ",37.946048736572266,-122.37274932861328,"CONTRA COSTA",RICHMOND,-122.37059020996094,37.949024200439453
82156552,2023,2023-08-30,0710,2023-05-06,1159,1426,SOUTH,6,5,5,0710,0,0,0,,0,001,"HARBOUR WY S","VIRGINIA AV",0.00,,Y,A,-,N,,,,,,,,,,Y,2,0,2,2,A,-,09,21801,A,N,D,D,A,A,H,-,A,D,0,,,,,Y,Y,A,01,1,0,1,0,0,0,0,0,0,"- ","- ",37.926628112792969,-122.36016845703125,"CONTRA COSTA",RICHMOND,-122.36004638671875,37.926620483398438
82156666,2023,2023-08-29,0710,2023-06-19,"755 ",1707,NORTH,1,5,5,0710,0,0,0,,0,008,"RICHMOND PKWY","GOODRICK AV",40.00,W,N,A,-,N,,,,,,,,,,Y,2,0,2,2,A,-,04,21703,,N,C,C,A,A,H,-,A,A,0,,,,,Y,,A,01,1,0,1,0,0,0,0,0,0,"- ","- ",37.974330902099609,-122.36521148681641,"CONTRA COSTA",RICHMOND,-122.36537170410156,37.974201202392578
82156849,2023,2023-09-25,0704,2023-08-04,1249,0649,,5,5,6,0704,0,0,0,,0,002,"MEADOW LN","GELBKE LN",21.00,N,N,A,-,N,,,,,,,,,,Y,2,0,1,2,A,-,11,21955,,N,G,B,D,A,H,-,A,A,0,Y,,,,Y,,N,60,1,0,0,0,1,0,0,0,0,"- ","- ",37.960300445556641,-122.04276275634766,"CONTRA COSTA",CONCORD,-122.0426025390625,37.960494995117188
82156916,2023,2023-08-29,0708,2023-08-11,"800 ",402,8303,5,5,5,0708,0,0,0,,0,004,"CHATWORTH ST","CANTERBERRY PL",75.00,E,N,A,-,N,,,,,,,,,,Y,2,0,1,2,A,-,05,21650,,N,A,C,A,A,H,-,A,D,0,,,,,Y,,A,01,1,0,0,0,0,0,0,0,0,"- ","- ",,,"CONTRA COSTA",PITTSBURG,-121.90139770507812,38.004898071289062
82176372,2023,2023-09-21,0711,2023-04-11,1750,S1070,21,2,5,4,0711,0,0,0,,0,0S1,"EL PORTAL DR","ROLLINGWOOD DR",0.00,,Y,A,-,N,,,,,,,,,,N,2,0,1,2,A,-,08,22107,,N,D,C,A,A,H,-,A,A,0,,,Y,,Y,,A,01,1,0,0,0,0,0,0,0,1,"- ","- ",37.963111877441406,-122.33637237548828,"CONTRA COSTA","SAN PABLO",-122.33634185791016,37.963169097900391
82188505,2023,2023-10-04,0701,2023-09-14,2048,6139,,4,5,5,0701,0,0,0,,0,002,"HILLCREST AVE","SUNSET DR",230.00,N,N,A,-,N,,,,,,,,,,N,2,0,1,2,A,-,03,22350,,F,G,B,B,A,H,-,C,A,0,Y,,,,Y,,-,99,1,0,0,0,1,0,0,0,0,"- ","- ",,,"CONTRA COSTA",ANTIOCH,-121.78652191162109,37.998256683349609
82241339,2023,2023-11-21,0708,2023-08-15,1950,405,8208,2,5,5,0708,0,0,0,,0,002,"SCHOOL ST","BELLE HARBOR CIR",27.00,N,N,A,-,N,,,,,,,,,,Y,2,0,1,2,A,-,03,22350,,N,D,C,A,A,H,-,A,A,0,,,Y,,Y,,A,01,1,0,0,0,0,0,0,0,1,"- ","- ",,,"CONTRA COSTA",PITTSBURG,-121.88027954101562,38.019939422607422
82246001,2023,2023-11-28,0701,2023-11-03,1610,3639,,5,5,5,0701,0,0,0,,0,,"HANSEN DR","FREDERICKSON LN",0.00,,Y,A,-,N,,,,,,,,,,N,2,0,1,2,A,-,09,21801,A,N,D,G,A,A,H,-,A,A,0,,Y,,,Y,,A,01,1,0,0,0,0,0,1,0,0,"- ","- ",,,"CONTRA COSTA",ANTIOCH,-121.8118896484375,37.965717315673828
82266520,2023,2023-12-19,0711,2023-12-13,1340,S1184,22,3,5,4,0711,0,0,0,,0,0S3,"23RD ST","DOVER AVE",0.00,,Y,A,-,N,,,,,,,,,,N,2,0,1,2,A,-,10,21950,,N,A,B,B,A,H,-,A,A,0,Y,,,,Y,,A,01,1,0,0,0,1,0,0,0,0,"- ","- ",37.958858489990234,-122.34661865234375,"CONTRA COSTA","SAN PABLO",-122.34696960449219,37.958599090576172
82269938,2023,2023-12-25,0704,2023-12-17,1500,0572,"MT. D",7,5,6,0704,0,0,0,,0,005,"TREAT BLVD","BEL AIR DR",5.00,N,N,B,C,N,,,,,,,,,,Y,2,0,2,2,A,-,08,22107,,N,D,C,A,B,H,-,A,A,0,,,,Y,Y,,A,08,1,0,1,0,0,0,0,0,0,"- ","- ",37.962150573730469,-121.99429321289062,"CONTRA COSTA",CONCORD,-121.9942626953125,37.962123870849609
82269942,2023,2023-12-25,0708,2023-08-18,"826 ",357,8307,5,5,5,0708,0,0,0,,0,003,"WEST LELAND RD","GOLF CLUB DR",739.00,W,N,A,-,N,,,,,,,,,,Y,1,1,0,1,A,-,03,22350,,N,E,J,A,A,H,-,A,A,0,,,Y,,Y,,C,02,0,0,0,0,0,0,0,1,0,"- ","- ",,,"CONTRA COSTA",PITTSBURG,-121.91400909423828,38.013050079345703
82278896,2023,2024-01-05,0704,2023-12-17,1908,0493,4,7,5,6,0704,0,0,0,,0,003,"TREAT BLVD","NAVARONNE WAY",350.00,E,N,C,-,N,,,,,,,,,,Y,2,0,1,2,A,-,11,21954,A,N,G,B,D,B,H,-,C,D,0,Y,,,,Y,,N,60,1,0,0,0,1,0,0,0,0,"- ","- ",37.946708679199219,-122.01254272460938,"CONTRA COSTA",CONCORD,-122.01140594482422,37.947002410888672
82281096,2023,2024-01-08,0708,2023-11-04,"42  ",399,8314,6,5,5,0708,0,0,0,,0,003,"BAILEY RD","ROUTE 4 WB ONRAMP",0.00,,Y,A,-,N,,,,,,,,,,Y,2,0,1,2,A,-,03,22350,,N,D,C,A,A,H,-,C,A,0,,,,,Y,,A,01,1,0,0,0,0,0,0,0,0,"- ","- ",,,"CONTRA COSTA",PITTSBURG,,
82294113,2024,2024-01-22,0711,2024-01-02,1810,S1162,,2,5,4,0711,0,0,0,,0,0S1,"BROADWAY AVE","14TH ST",0.00,,Y,A,-,N,,,,,,,,,,N,2,0,1,2,A,-,00,21954,,F,G,B,E,B,H,-,C,D,0,Y,,,,Y,Y,A,01,1,0,0,0,1,0,0,0,0,"- ","- ",37.973110198974609,-122.34977722167969,"CONTRA COSTA","SAN PABLO",-122.34980010986328,37.973106384277344
82294245,2023,2024-01-24,0701,2023-03-17,2220,6169,,5,5,5,0701,0,0,0,,0,004,"LONE TREE WAY","E/B HWY 4 EXIT 28",0.00,,Y,A,-,Y,,,,,,,,,,Y,1,2,1,2,A,-,12,21453,A,N,D,C,A,A,H,-,C,A,0,,,,,Y,,D,22,1,0,0,0,0,0,0,0,0,"- ","- ",,,"CONTRA COSTA",ANTIOCH,-121.74336242675781,37.961566925048828
82302502,2024,2024-02-01,0704,2024-01-23,1513,0659,,2,5,6,0704,0,0,0,,0,002,"WILLOW PASS RD","I 680  N",0.00,,Y,A,B,N,,,,,,,,,,Y,2,0,3,3,A,-,12,21453,A,N,D,C,A,A,H,-,A,A,0,,,,,Y,,A,01,1,0,2,0,0,0,0,0,0,"- ","- ",37.966121673583984,-122.05599975585938,"CONTRA COSTA",CONCORD,-122.05606079101562,37.966148376464844
82314509,2024,2024-02-15,0704,2024-02-14,1630,0600,,3,5,6,0704,0,0,0,,0,,"PORT CHICAGO HWY","BONIFACIO ST",0.00,,Y,B,-,N,,,,,,,,,,N,2,0,1,2,A,-,12,21453,A,F,G,B,B,B,H,-,A,A,0,Y,,,,Y,,-,99,1,0,0,0,1,0,0,0,0,"- ","- ",37.981288909912109,-122.03061676025391,"CONTRA COSTA",CONCORD,-122.03108978271484,37.981601715087891
82314511,2024,2024-02-15,0704,2024-02-14,1952,0600,,3,5,6,0704,0,0,0,,0,004,"PACHECO ST","COLFAX ST",65.00,E,N,C,-,N,,,,,,,,,,N,2,0,1,2,A,-,11,21955,,N,G,B,D,B,H,-,C,A,0,Y,,,,Y,Y,N,60,1,0,0,0,1,0,0,0,0,"- ","- ",37.979400634765625,-122.03314208984375,"CONTRA COSTA",CONCORD,-122.03291320800781,37.979503631591797
82314513,2024,2024-02-15,0704,2024-02-14,2117,0588,5,3,5,6,0704,0,0,0,,0,005,"CLAYTON RD","SAN CARLOS AVE",15.00,E,N,C,-,N,,,,,,,,,,Y,2,0,1,2,A,-,09,21804,A,N,D,C,A,B,H,-,C,D,0,,,,,Y,,A,01,1,0,0,0,0,0,0,0,0,"- ","- ",37.97406005859375,-122.02397155761719,"CONTRA COSTA",CONCORD,-122.02400970458984,37.974105834960938
82330997,2024,2024-07-16,0711,2024-02-06,"307 ",S1169,,2,5,4,0711,0,0,0,,0,0S1,"14501 SAN PABLO AVE","EL PORTAL DR",0.00,,Y,A,-,N,,,,,,,,,,Y,1,1,0,2,A,-,00,21955,A,N,G,B,E,A,H,-,C,D,0,Y,,,,Y,,N,60,0,0,0,1,0,0,0,0,0,"- ","- ",37.967781066894531,-122.34417724609375,"CONTRA COSTA","SAN PABLO",-122.34416961669922,37.967418670654297
82350223,2024,2024-03-29,0708,2024-03-16,2105,399,8304,6,5,5,0708,0,0,0,,0,003,"WEST LELAND RD","DOVER WAY",617.00,W,N,A,-,N,,,,,,,,,,Y,2,0,1,1,A,-,01,23152,A,N,E,I,A,A,H,-,C,A,0,,,,,Y,Y,D,22,1,0,0,0,0,0,0,0,0,"- ","- ",,,"CONTRA COSTA",PITTSBURG,-121.90804290771484,38.015777587890625
82373651,2024,2024-04-24,0701,2024-04-14,1338,6174,,7,5,5,0701,0,0,0,,0,,"LONE TREE WAY","ROBERT ST",100.00,S,N,A,-,N,,,,,,,,,,N,2,0,1,2,A,-,11,21955,,N,G,B,E,A,H,-,A,D,0,Y,,,,Y,,N,60,1,0,0,0,1,0,0,0,0,"- ","- ",,,"CONTRA COSTA",ANTIOCH,-121.80779266357422,37.991474151611328
82388978,2024,2024-05-14,0704,2024-04-18,1835,0620,,4,5,6,0704,0,0,0,,0,001,"PORT CHICAGO HWY","HICKORY DR",184.00,N,N,A,-,N,,,,,,,,,,N,2,0,1,2,A,-,08,22107,,F,B,C,A,A,H,-,A,D,0,,,Y,,Y,,A,01,1,0,0,0,0,0,0,0,1,"- ","- ",37.989528656005859,-122.03370666503906,"CONTRA COSTA",CONCORD,-122.03369903564453,37.989994049072266
82392352,2024,2024-05-17,0704,2024-01-30,1030,0537,,2,5,6,0704,0,0,0,,0,002,"DIAMOND BLVD","CONCORD AVE",122.00,S,N,A,-,N,,,,,,,,,,Y,1,1,0,2,B,-,22,,,N,H,J,A,A,H,-,A,D,0,,,,,Y,,M,96,0,0,0,0,0,0,0,0,0,"- ","- ",37.978008270263672,-122.06098175048828,"CONTRA COSTA",CONCORD,-122.06111145019531,37.977821350097656
82397781,2024,2024-05-24,0704,2024-05-22,1555,0612,,3,5,6,0704,0,0,0,,0,,"PACHECO ST","GRANT ST",15.00,N,N,A,-,N,,,,,,,,,,N,2,0,1,2,A,-,10,21950,A,F,G,B,B,A,H,-,A,D,0,Y,,,,Y,,A,01,1,0,0,0,1,0,0,0,0,"- ","- ",37.978908538818359,-122.03427124023438,"CONTRA COSTA",CONCORD,-122.03420257568359,37.978931427001953
82430679,2024,2024-07-05,0704,2024-06-23,1835,0542,,7,5,6,0704,0,0,0,,0,005,"COWELL RD","SHAKESPEARE DR",25.00,W,N,A,-,N,,,,,,,,,,Y,2,0,1,2,A,-,09,21802,A,N,D,C,A,A,H,-,A,D,0,,,Y,,Y,,A,01,1,0,0,0,0,0,0,0,1,"- ","- ",37.956150054931641,-122.00321197509766,"CONTRA COSTA",CONCORD,-122.00302124023438,37.956935882568359
8282081,2016,2017-01-19,0701,2016-11-24,1955,4470,603,4,5,5,0701,0,0,0,,0,006,"COUNTRY HILLS DR","DEER VALLEY RD",0.00,,Y,A,-,N,,,,,,,,,,Y,2,0,3,2,A,-,12,21453,A,N,D,C,A,A,H,-,C,A,0,,,,,Y,,A,01,1,0,2,0,0,0,0,0,0,"- ","- ",,,"CONTRA COSTA",ANTIOCH,-121.78229999,37.971149959999998
8290845,2016,2017-01-31,0708,2016-12-30,0007,330,,5,5,5,0708,0,0,0,,0,002,"PITTSBURG  - ANTIOCH  HWY","HARBOR ST",4.00,E,N,A,-,N,,,,,,,,,,N,2,0,2,1,A,-,17,21658,B,N,E,I,A,B,H,-,C,A,0,,,,,Y,Y,A,01,1,1,0,0,0,0,0,0,0,"- ","- ",38.02514,-121.87875,"CONTRA COSTA",PITTSBURG,-121.87888612,38.025139609999997
8293622,2016,2017-02-02,0702,2016-12-21,1834,5490,416B,3,5,3,0702,0,0,0,,0,0B4,"MARSH CREEK RD","VINEYARDS PKWY",24.00,S,N,A,-,N,,,,,,,,,,Y,2,0,1,2,A,-,03,22350,,N,C,C,A,A,H,-,C,A,0,,,,,Y,,A,01,1,0,0,0,0,0,0,0,0,"- ","- ",,,"CONTRA COSTA",BRENTWOOD,-121.71976001,37.892932199999997
8311178,2016,2017-03-10,0700,2016-07-22,1835,OA026,,5,5,3,0734,0,0,0,,0,052,"MILLER DR","CLOVERBROOK AV",284.00,W,N,A,-,N,,,,,,,,,,N,2,0,1,2,A,-,03,22350,,N,C,E,A,A,H,-,A,D,0,,,Y,,Y,,C,02,1,0,0,0,0,0,0,0,1,"- ","- ",,,"CONTRA COSTA",OAKLEY,-121.70876556,37.982709999999997
8312139,2017,2017-02-27,0708,2017-02-07,0556,285,,2,5,5,0708,0,0,0,,0,001,"WILLOW PASS RD","NANTUCKET DR",11.00,W,N,C,-,N,,,,,,,,,,N,2,0,1,2,A,-,03,22350,,N,G,B,B,B,H,-,C,A,0,Y,,,,Y,,A,01,1,0,0,0,1,0,0,0,0,"- ","- ",38.029380000000003,-121.91076,"CONTRA COSTA",PITTSBURG,-121.9110082,38.029490330000002
8314398,2017,2017-03-06,0712,2017-01-17,2111,P484,WCPD,2,5,5,0712,0,0,0,,0,001,"CASTLE HILL RD","S MAIN ST",300.00,W,N,B,-,N,,,,,,,,,,Y,2,0,1,2,A,-,01,23152,A,M,B,E,A,A,H,-,C,D,0,,,,,Y,Y,A,01,1,0,0,0,0,0,0,0,0,"- ","- ",,,"CONTRA COSTA","WALNUT CREEK",-122.05311804,37.882094279999997
8316396,2016,2017-02-27,0709,2016-12-27,1355,439,1110,2,5,4,0709,0,0,0,,0,001,"GRAYSON RD","TAYLOR BL",692.00,S,N,A,-,N,,,,,,,,,,N,2,0,1,1,D,-,00,,,N,H,A,A,A,A,B,A,D,0,,Y,,,Y,,-,"- ",1,0,0,0,0,0,1,0,0,"- ","- ",,,"CONTRA COSTA","PLEASANT HILL",-122.09012,37.947740000000003
8322471,2016,2017-05-22,0704,2016-11-06,2011,563,,7,5,6,0704,0,0,0,,0,004,"OLIVERA RD","HILLSBOROUGH DR",148.00,W,N,A,-,Y,CC,4,242,-,R,2.625,R,4,N,Y,2,0,1,2,A,-,11,21954,A,N,G,B,D,A,H,-,C,A,0,Y,,,,Y,,N,60,1,0,0,0,1,0,0,0,0,"- ","- ",,,"CONTRA COSTA",CONCORD,-122.03900899999999,37.99527638
8323545,2017,2017-03-23,0714,2017-02-11,1210,152,1,6,5,4,0714,0,0,0,,0,001,"MARINA VISTA",MOCOCO,0.00,,Y,A,-,N,,,,,,,,,,Y,2,0,3,3,A,-,08,22107,,F,A,C,A,A,H,-,A,A,0,,,,,Y,,-,,2,0,1,0,0,0,0,0,0,"- ","- ",38.025390000000002,-122.11521,"CONTRA COSTA",MARTINEZ,-122.11518998,38.025349970000001
8328721,2017,2017-03-24,0700,2017-02-26,1250,49,EBRPD,7,5,3,0792,0,0,0,,0,006,"BEAR CREEK RD","OVERLOOK STAGING AREA",50.00,W,N,A,-,N,,,,,,,,,,Y,2,0,1,1,A,-,03,22350,,N,E,I,A,A,G,-,A,D,0,,,Y,,Y,,-,"- ",1,0,0,0,0,0,0,0,1,"- ","- ",37.544499999999999,-122.127,"CONTRA COSTA",ORINDA,,
8334234,2017,2017-03-29,0704,2017-03-11,1056,0510,,6,5,6,0704,0,0,0,,0,006,"BAILEY RD","BAILEY CT",120.00,S,N,A,-,N,,,,,,,,,,Y,2,0,3,2,A,-,01,23153,A,N,A,C,A,A,H,-,A,D,0,,,,,Y,Y,A,01,1,1,1,0,0,0,0,0,0,"- ","- ",,,"CONTRA COSTA",CONCORD,-121.97529763999999,37.967311670000001
8334639,2016,2017-04-08,0710,2016-01-02,1750,1662,0710,6,5,5,0710,0,0,0,,0,002,"S 23RD ST","CUTTING BL",0.00,,Y,B,-,N,,,,,,,,,,Y,2,0,2,2,C,-,18,,,N,D,C,A,A,H,-,C,A,0,,,,,Y,,-,"- ",1,0,1,0,0,0,0,0,0,"- ","- ",,,"CONTRA COSTA",RICHMOND,-122.34766987,37.925249970000003
8334778,2017,2017-04-03,0710,2017-02-19,0157,1712,SOU,7,5,5,0710,0,0,0,,0,003,"CUTTING BL","S 34TH ST",3.00,W,N,C,-,N,,,,,,,,,,N,2,0,1,2,A,-,10,21950,A,F,G,B,B,B,H,-,C,D,0,Y,,,,Y,,-,,1,0,0,0,1,0,0,0,0,"- ","- ",,,"CONTRA COSTA",RICHMOND,-122.33695040000001,37.925249739999998
8335458,2017,2017-04-08,0701,2017-03-23,2137,5568,206,4,5,5,0701,0,0,0,,0,002,"E 18TH ST","AMBER DR",0.00,,Y,A,-,N,,,,,,,,,,Y,2,0,2,2,A,-,01,23152,A,N,A,C,A,A,H,-,C,D,0,,,,,Y,Y,A,01,1,0,1,0,0,0,0,0,0,"- ","- ",,,"CONTRA COSTA",ANTIOCH,-121.79458993,38.004909920000003