CASE_ID,ACCIDENT_YEAR,PROC_DATE,JURIS,COLLISION_DATE,COLLISION_TIME,OFFICER_ID,REPORTING_DISTRICT,DAY_OF_WEEK,CHP_SHIFT,POPULATION,CNTY_CITY_LOC,SPECIAL_COND,BEAT_TYPE,CHP_BEAT_TYPE,CITY_DIVISION_LAPD,CHP_BEAT_CLASS,BEAT_NUMBER,PRIMARY_RD,SECONDARY_RD,DISTANCE,DIRECTION,INTERSECTION,WEATHER_1,WEATHER_2,STATE_HWY_IND,CALTRANS_COUNTY,CALTRANS_DISTRICT,STATE_ROUTE,ROUTE_SUFFIX,POSTMILE_PREFIX,POSTMILE,LOCATION_TYPE,RAMP_INTERSECTION,SIDE_OF_HWY,TOW_AWAY,COLLISION_SEVERITY,NUMBER_KILLED,NUMBER_INJURED,PARTY_COUNT,PRIMARY_COLL_FACTOR,PCF_CODE_OF_VIOL,PCF_VIOL_CATEGORY,PCF_VIOLATION,PCF_VIOL_SUBSECTION,HIT_AND_RUN,TYPE_OF_COLLISION,MVIW,PED_ACTION,ROAD_SURFACE,ROAD_COND_1,ROAD_COND_2,LIGHTING,CONTROL_DEVICE,CHP_ROAD_TYPE,PEDESTRIAN_ACCIDENT,BICYCLE_ACCIDENT,MOTORCYCLE_ACCIDENT,TRUCK_ACCIDENT,NOT_PRIVATE_PROPERTY,ALCOHOL_INVOLVED,STWD_VEHTYPE_AT_FAULT,CHP_VEHTYPE_AT_FAULT,COUNT_SEVERE_INJ,COUNT_VISIBLE_INJ,COUNT_COMPLAINT_PAIN,COUNT_PED_KILLED,COUNT_PED_INJURED,COUNT_BICYCLIST_KILLED,COUNT_BICYCLIST_INJURED,COUNT_MC_KILLED,COUNT_MC_INJURED,PRIMARY_RAMP,SECONDARY_RAMP,LATITUDE,LONGITUDE,COUNTY,CITY,POINT_X,POINT_Y
8341886,2017,2017-04-21,0704,2017-04-01,1149,0571,,6,5,6,0704,0,0,0,,0,006,"CLAYTON RD","RISHELL DR",0.00,,Y,A,-,N,,,,,,,,,,Y,2,0,1,2,A,-,09,21804,A,N,D,C,A,A,H,-,A,A,0,,,Y,,Y,,A,01,1,0,0,0,0,0,0,0,1,"- ","- ",,,"CONTRA COSTA",CONCORD,-121.98457997,37.96179996
8349721,2017,2017-05-01,0701,2017-04-03,2038,5582,0302,1,5,5,0701,0,0,0,,0,003,"BUCHANAN RD","SOMERSVILLE RD",10.00,W,N,A,-,N,,,,,,,,,,N,2,0,1,2,A,-,00,21955,I,N,G,B,D,A,H,-,C,A,0,Y,,,,Y,,N,60,1,0,0,0,1,0,0,0,0,"- ","- ",,,"CONTRA COSTA",ANTIOCH,-121.84424471,37.997950000000003
8362567,2017,2017-05-11,0710,2017-04-12,1657,1705,SOUTH,3,5,5,0710,0,0,0,,0,001,"CARLSON BL","SUTTER AV",20.00,N,N,A,-,N,,,,,,,,,,Y,2,0,1,2,A,-,03,22350,,N,C,D,A,A,H,-,A,D,0,,,,,Y,,A,01,1,0,0,0,0,0,0,0,0,"- ","- ",,,"CONTRA COSTA",RICHMOND,-122.30961567999999,37.908962750000001
8363481,2017,2017-05-16,0711,2017-04-24,1733,S1079,0711,1,5,4,0711,0,0,0,,0,001,"RUMRILL BL","SANFORD AV",0.00,,Y,A,-,N,,,,,,,,,,N,2,0,1,2,A,-,08,22107,,N,G,B,D,A,-,-,A,D,0,Y,,,,Y,,A,01,1,0,0,0,1,0,0,0,0,"- ","- ",37.95147,-122.3571,"CONTRA COSTA","SAN PABLO",-122.35709998999999,37.951009929999998
8365108,2017,2017-05-16,0740,2017-04-26,1552,SR501,SR72,3,5,4,0791,0,0,0,,0,001,"SAN RAMON VALLEY BL","CROW CANYON RD",0.00,,Y,B,-,N,,,,,,,,,,Y,2,0,1,2,A,-,09,21453,B,N,H,A,A,A,H,-,A,A,0,,,Y,,Y,,D,22,1,0,0,0,0,0,0,0,1,"- ","- ",,,"CONTRA COSTA","SAN RAMON",-121.97812995,37.775939979999997
8370973,2017,2018-03-22,0704,2017-04-26,2052,515,,3,5,6,0704,0,0,0,,0,002,"WILLOW PASS RD","RT 680",203.00,E,N,A,-,N,,,,,,,,,,N,2,0,1,2,A,-,11,21954,A,N,G,B,D,A,H,-,C,A,0,Y,,,,Y,Y,N,60,1,0,0,0,1,0,0,0,0,"- ",NF,,,"CONTRA COSTA",CONCORD,-122.05564826,37.966425399999999
8371145,2017,2017-06-19,0710,2017-03-15,1935,1426,NORTH,3,5,5,0710,0,0,0,,0,008,"HILLTOP MALL RD","HILLVIEW AV",0.00,,Y,A,-,N,,,,,,,,,,Y,2,0,3,2,A,-,03,22350,,F,A,C,A,A,H,-,C,D,0,,,,,Y,Y,-,,1,0,2,0,0,0,0,0,0,"- ","- ",,,"CONTRA COSTA",RICHMOND,-122.33218999,37.981989919999997
8375005,2017,2017-06-21,0711,2017-05-17,0550,1045,BAY,3,5,4,0711,0,0,0,,0,003,"BROOKSIDE DR","ROGELLO CT",81.00,E,N,A,-,N,,,,,,,,,,Y,2,0,2,2,A,-,03,22350,,N,E,E,A,A,-,-,B,D,0,,,,,Y,,A,08,1,1,0,0,0,0,0,0,0,"- ","- ",37.962400000000002,-122.34838000000001,"CONTRA COSTA","SAN PABLO",-122.34838000000001,37.962400000000002
8375085,2017,2017-06-02,0711,2017-05-20,0106,1045,BAY,6,5,4,0711,0,0,0,,0,002,"RHEEM AV","SAN PABLO AV",0.00,,Y,A,-,N,,,,,,,,,,N,2,0,1,2,A,-,10,21950,A,F,G,B,B,A,H,-,C,A,0,Y,,,,Y,Y,A,01,1,0,0,0,1,0,0,0,0,"- ","- ",37.9499,-122.33212,"CONTRA COSTA","SAN PABLO",-122.33198994999999,37.949829940000001
8376880,2017,2017-06-14,0740,2017-04-23,1229,SR047,SR72,7,5,4,0791,0,0,0,,0,BEAT3,"BOLLINGER CANYON RD","IRON HORSE TRAIL",0.00,,Y,A,-,N,,,,,,,,,,N,2,0,1,2,A,-,12,21453,A,N,H,G,A,A,H,-,A,A,0,,Y,,,Y,,A,01,1,0,0,0,0,0,1,0,0,"- ","- ",,,"CONTRA COSTA","SAN RAMON",-121.95501208,37.763846379999997
8391380,2017,2017-06-20,0704,2017-04-22,2134,497,032,6,5,6,0704,0,0,0,,0,004,"CLAYTON RD","GRANT ST",0.00,,Y,A,-,N,,,,,,,,,,Y,2,0,1,2,D,-,00,,,N,G,B,B,A,H,-,C,A,0,Y,,,,Y,,-,"- ",1,0,0,0,1,0,0,0,0,"- ","- ",37.974789999999999,-122.03355999999999,"CONTRA COSTA",CONCORD,-122.03159997,37.975299999999997
8391592,2017,2017-06-21,0712,2017-05-30,0805,P518,,2,5,5,0712,0,0,0,,0,003,"YGNACIO VALLEY RD","YGNACIO CT",0.00,,Y,A,-,N,,,,,,,,,,Y,2,0,1,2,D,-,00,,,N,D,C,A,A,H,-,A,D,0,,,Y,,Y,,-,"- ",1,0,0,0,0,0,0,0,1,"- ","- ",,,"CONTRA COSTA","WALNUT CREEK",-122.05084994000001,37.909309909999998
8391835,2017,2017-06-19,0701,2017-06-03,1450,5443,402,6,5,5,0701,0,0,0,,0,004,"JAMES DONLON BL","HUMMINGBIRD DR",200.00,W,N,A,-,N,,,,,,,,,,Y,2,0,1,1,A,-,03,22350,,N,E,I,A,A,H,-,A,D,0,,,Y,,Y,,C,02,1,0,0,0,0,0,0,0,1,"- ","- ",,,"CONTRA COSTA",ANTIOCH,-121.84430365999999,37.984651300000003
8395675,2017,2017-07-13,0701,2017-06-17,1218,5428,607,6,5,5,0701,0,0,0,,0,006,"WILDFLOWER DR","SUNFLOWER DR",0.00,,Y,A,-,N,,,,,,,,,,Y,2,0,1,2,A,-,08,22107,,N,A,C,A,A,H,-,A,D,0,,,Y,,Y,,A,01,1,0,0,0,0,0,0,0,1,"- ","- ",,,"CONTRA COSTA",ANTIOCH,-121.77981991999999,37.990699939999999
8397653,2017,2017-06-27,0704,2017-06-17,1218,380,,6,5,6,0704,0,0,0,,0,006,"MICHIGAN BL","PENNSYLVANIA BL",0.00,,Y,A,-,N,,,,,,,,,,N,2,0,1,2,A,-,12,22450,,N,D,C,A,A,H,-,A,A,0,,,Y,,Y,,C,02,1,0,0,0,0,0,0,0,1,"- ","- ",,,"CONTRA COSTA",CONCORD,-121.95485995999999,37.944079889999998
8404512,2017,2019-04-09,0714,2017-05-08,2321,101,01,1,5,4,0714,0,0,0,,0,001,"MARINA VISTA","MILLER AV",1500.00,E,N,A,-,N,,,,,,,,,,Y,1,1,0,1,A,-,01,23152,A,N,A,I,A,A,H,-,C,D,0,,,Y,,Y,Y,C,02,0,0,0,0,0,0,0,1,0,"- ","- ",38.020180000000003,-122.12542999999999,"CONTRA COSTA",MARTINEZ,-122.12509405,38.022767279999997
8404525,2017,2017-09-21,0704,2017-07-15,1955,568,,6,5,6,0704,0,0,0,,0,003,"MEADOW LN","ROBIN LN",125.00,S,N,A,-,N,,,,,,,,,,Y,1,1,0,5,A,-,01,23152,A,N,G,B,F,A,H,-,A,A,0,Y,,,,Y,Y,D,22,0,0,0,1,0,0,0,0,0,"- ","- ",,,"CONTRA COSTA",CONCORD,-122.04111871000001,37.958820150000001
8404750,2018,2018-06-15,0704,2018-02-18,1851,501,032,7,5,6,0704,0,0,0,,0,001,"WILLOW PASS RD","FRY WY",0.00,,Y,A,-,N,,,,,,,,,,Y,1,1,0,2,A,-,11,21456,B,N,G,G,A,A,H,-,C,A,0,,Y,,,Y,,L,04,0,0,0,0,0,1,0,0,0,"- ","- ",,,"CONTRA COSTA",CONCORD,-122.04138946533203,37.973129272460938
8407211,2017,2018-04-18,0709,2017-06-25,1709,443,3150,7,5,4,0709,0,0,0,,0,001,"MONUMENT BL","RT 680",0.00,,Y,A,-,Y,CC,4,680,-,R,17.865,R,4,N,Y,2,0,1,2,A,-,11,21955,,N,A,B,D,A,G,-,A,A,0,Y,,,,Y,,N,60,1,0,0,0,1,0,0,0,0,"- ","- ",,,"CONTRA COSTA","PLEASANT HILL",-122.05690795,37.9479477
8410595,2017,2018-05-31,0704,2017-07-05,1633,509,,3,5,6,0704,0,0,0,,0,003,"DETROIT AV","MONUMENT BL",57.00,S,N,A,-,N,,,,,,,,,,N,1,1,0,2,A,-,07,21658,A,N,D,G,A,A,H,-,A,A,0,,Y,,,Y,,L,04,0,0,0,0,0,1,0,0,0,"- ","- ",,,"CONTRA COSTA",CONCORD,-122.03353955,37.959955819999998
8414295,2017,2017-08-16,0701,2017-07-06,2209,5444,209,4,5,5,0701,0,0,0,,0,002,"EAST 18TH ST","PHILLIPS LN",535.00,W,N,A,-,N,,,,,,,,,,N,2,0,1,1,A,-,03,22350,,N,A,J,A,A,H,-,C,A,0,,,,,Y,,A,01,1,0,0,0,0,0,0,0,0,"- ","- ",,,"CONTRA COSTA",ANTIOCH,-121.76183709,38.005065119999998
8416442,2017,2017-08-17,0711,2017-06-12,0640,1079,BAY,1,5,4,0711,0,0,0,,0,002,"SAN PABLO DAM RD","DAM RD",81.00,N,N,A,-,N,,,,,,,,,,N,2,0,1,2,A,-,07,21658,A,F,B,G,A,-,-,-,-,D,0,,Y,,,Y,,-,,1,0,0,0,0,0,1,0,0,"- ","- ",37.57423,-122.19369,"CONTRA COSTA","SAN PABLO",,
8417845,2017,2017-08-01,0704,2017-07-20,0448,575,,4,5,6,0704,0,0,0,,0,001,"GALINDO ST","SALVIO ST",8.00,S,N,A,-,N,,,,,,,,,,N,2,0,1,2,A,-,12,21453,A,N,G,B,B,A,H,-,C,A,0,Y,,,,Y,,A,01,1,0,0,0,1,0,0,0,0,"- ","- ",,,"CONTRA COSTA",CONCORD,-122.03597938999999,37.976865279999998
8424913,2017,2017-08-16,0700,2017-08-01,1854,OA034,OAKLE,2,5,3,0734,0,0,0,,0,052,"BRAZIL CT","BEECHNUT LN",321.00,S,N,A,-,N,,,,,,,,,,N,2,0,1,1,A,-,03,22350,,N,H,I,A,A,H,-,A,A,0,,,Y,,Y,,C,02,1,0,0,0,0,0,0,0,1,"- ","- ",,,"CONTRA COSTA",OAKLEY,-121.69915,37.98827
8431805,2017,2018-06-14,0710,2017-07-05,2016,1662,0710,3,5,5,0710,0,0,0,,0,001,"CUTTING BL","RT 580",0.00,,Y,A,-,Y,CC,4,580,-,R,3.630,R,4,W,Y,2,0,1,2,A,-,12,21453,A,N,D,C,A,A,H,-,A,A,0,,,Y,,Y,,C,02,1,0,0,0,0,0,0,0,1,"- ",WF,,,"CONTRA COSTA",RICHMOND,-122.36064459000001,37.924051540000001
8436837,2017,2017-09-19,0701,2017-07-15,2300,5561,508,6,5,5,0701,0,0,0,,0,005,"ASPEN WY","EAGLERIDGE DR",20.00,W,N,A,-,N,,,,,,,,,,N,2,0,1,2,D,-,00,,,F,G,B,B,A,H,-,C,D,0,Y,,,,Y,,-,"- ",1,0,0,0,1,0,0,0,0,"- ","- ",,,"CONTRA COSTA",ANTIOCH,-121.79595643,37.97269198
84381936,2024,2024-09-05,0704,2024-08-15,"536 ",0403,,4,5,6,0704,0,0,0,,0,006,"YGNACIO VALLEY RD","AYERS RD",0.00,,Y,A,-,N,,,,,,,,,,Y,2,0,1,2,A,-,03,22350,,N,C,C,A,A,H,-,C,A,0,,,,,Y,,A,01,1,0,0,0,0,0,0,0,0,"- ","- ",,,"CONTRA COSTA",CONCORD,-121.97829437255859,37.948204040527344
84407074,2024,2024-09-25,0704,2024-09-16,"603 ",646,,1,5,6,0704,0,0,0,,0,001,"SOLANO WAY","GRANT ST",83.00,E,N,B,-,N,,,,,,,,,,Y,2,0,1,1,A,-,08,22107,,N,E,I,A,A,H,-,C,A,0,,,Y,,Y,,C,02,1,0,0,0,0,0,0,0,1,"- ","- ",37.989410400390625,-122.04129791259766,"CONTRA COSTA",CONCORD,-122.04108428955078,37.989292144775391
8441287,2017,2017-09-21,0711,2017-08-10,1837,S975,,4,5,4,0711,0,0,0,,0,001,"11TH ST","CONNECTICUT AV",0.00,,Y,A,-,N,,,,,,,,,,N,2,0,1,2,A,-,08,22107,,N,D,C,A,A,H,-,A,D,0,,,Y,,Y,,C,03,1,0,0,0,0,0,0,0,1,"- ","- ",37.583480000000002,-122.2105,"CONTRA COSTA","SAN PABLO",-122.35127998,37.976259939999998
8442828,2017,2017-09-05,0710,2017-07-15,1944,1586,,6,5,5,0710,0,0,0,,0,,"BURBECK AV","18TH ST",0.00,,Y,A,-,N,,,,,,,,,,Y,2,0,2,2,A,-,12,22450,A,N,-,C,A,A,H,-,B,A,0,,,,,Y,Y,A,01,1,0,1,0,0,0,0,0,0,"- ","- ",,,"CONTRA COSTA",RICHMOND,-122.35204998,37.943099930000002
8443075,2017,2017-09-05,0710,2017-07-20,0805,1242,NORTH,4,5,5,0710,0,0,0,,0,008,"HILLTOP MALL RD","HILLTOP MALL RD 3060",183.00,W,N,B,-,N,,,,,,,,,,Y,2,0,1,1,C,-,18,,,N,E,I,A,A,H,-,A,D,0,,,,,Y,,-,"- ",1,0,0,0,0,0,0,0,0,"- ","- ",,,"CONTRA COSTA",RICHMOND,,
8444061,2017,2017-09-14,0700,2017-08-02,1318,OA009,59,3,5,3,0734,0,0,0,,0,051,"NEROLY RD","OAKLEY RD",116.00,S,N,A,-,N,,,,,,,,,,N,2,0,1,2,A,-,05,21650,1,N,A,G,A,A,H,-,A,A,0,,Y,,,Y,,L,04,1,0,0,0,0,0,1,0,0,"- ","- ",37.997450000000001,-121.75064,"CONTRA COSTA",OAKLEY,-121.75078852,37.997501509999999
84452838,2024,2024-10-31,0711,2024-09-30,1826,S1156,,1,5,4,0711,0,0,0,,0,0S1,"14740 SAN PABLO AVE","S CURB PRO. OF RIVERS AVE",217.00,S,-,A,-,N,,,,,,,,,,N,2,0,1,2,A,-,17,22517,,N,B,G,A,A,H,-,A,A,0,,Y,,,Y,,A,01,1,0,0,0,0,0,1,0,0,"- ","- ",37.971000671386719,-122.34288024902344,"CONTRA COSTA","SAN PABLO",-122.34328460693359,37.971469879150391
84472055,2024,2024-11-18,0704,2024-10-14,2136,668,,1,5,6,0704,0,0,0,,0,,"YGNACIO VALLEY RD","CAMPUS DR",633.00,W,N,A,-,N,,,,,,,,,,Y,2,0,1,2,A,-,00,21760,C,N,B,G,A,A,H,-,E,D,0,,Y,,,Y,,L,04,1,0,0,0,0,0,1,0,0,"- ","- ",37.948040008544922,-121.97821807861328,"CONTRA COSTA",CONCORD,-121.98041534423828,37.948352813720703
84473075,2024,2024-11-18,0714,2024-11-10,1131,129,,7,5,4,0714,0,0,0,,0,002,"MUIR RD","ROMAN WY",0.00,,Y,A,-,N,,,,,,,,,,Y,2,0,1,1,A,-,07,21658,,N,E,J,A,A,H,-,A,A,0,,,,,Y,,A,01,1,0,0,0,0,0,0,0,0,"- ","- ",37.993869781494141,-122.10814666748047,"CONTRA COSTA",MARTINEZ,-122.10813140869141,37.993824005126953
8447319,2017,2017-09-12,0740,2017-08-10,0854,SR060,SR072,4,5,4,0791,0,0,0,,0,003,"CAMINO RAMON","NORRIS CANYON RD",0.00,,Y,A,-,N,,,,,,,,,,N,2,0,1,2,A,-,10,21950,A,N,G,B,B,A,H,-,A,A,0,Y,,,,Y,,A,01,1,0,0,0,1,0,0,0,0,"- ","- ",37.776400000000002,-121.96763,"CONTRA COSTA","SAN RAMON",-121.96486996,37.774569900000003
8447570,2017,2017-09-29,0711,2017-08-11,2141,1045,BAY,5,5,4,0711,0,0,0,,0,001,"17TH ST","BROADWAY AV",0.00,,Y,A,-,N,,,,,,,,,,N,2,0,1,2,A,-,10,21950,A,F,G,B,B,A,H,-,C,D,0,Y,,,,Y,,A,01,1,0,0,0,1,0,0,0,0,"- ","- ",37.97092,-122.3477,"CONTRA COSTA","SAN PABLO",-122.34764987,37.970939940000001
84477901,2024,2024-11-21,0704,2024-11-07,2331,646,,4,5,4,0709,0,0,0,,0,,"CONTRA COSTA BLVD","SUN VALLEY BLVD",155.00,N,N,A,-,N,,,,,,,,,,Y,2,0,1,1,A,-,03,22350,,F,E,I,A,A,H,-,C,D,0,,,,,Y,Y,A,01,1,0,0,0,0,0,0,0,0,"- ","- ",,,"CONTRA COSTA","PLEASANT HILL",-122.06179809570312,37.962841033935547
8448424,2017,2017-09-20,0704,2017-08-29,1553,0366,,2,5,6,0704,0,0,0,,0,006,"WASHINGTON BL","CLAYTON RD",6.00,S,N,A,-,N,,,,,,,,,,N,2,0,1,2,A,-,10,21950,A,N,G,B,B,A,H,-,A,A,0,Y,,,,Y,,A,01,1,0,0,0,1,0,0,0,0,"- ","- ",37.95147,-121.95591,"CONTRA COSTA",CONCORD,-121.95601292000001,37.951437079999998
84491545,2024,2024-12-04,0711,2024-11-30,2235,S1096,,6,5,4,0711,0,0,0,,0,0S1,"SAN PABLO AVE","RUMRILL BLVD",0.00,,Y,A,-,N,,,,,,,,,,N,2,0,1,5,A,-,11,21954,A,N,G,B,B,A,H,-,C,A,0,Y,,,,Y,,N,60,1,0,0,0,1,0,0,0,0,"- ","- ",37.9693603515625,-122.34320831298828,"CONTRA COSTA","SAN PABLO",-122.34410858154297,37.969047546386719
84495512,2024,2024-12-10,0704,2024-11-27,1157,0537,,3,5,6,0704,0,0,0,,0,004,"WILLOW PASS RD","ESPERANZA DR",5.00,E,N,A,-,N,,,,,,,,,,N,2,0,1,2,A,-,11,21955,,N,G,B,D,A,H,-,A,D,0,Y,,,,Y,,N,60,1,0,0,0,1,0,0,0,0,"- ","- ",37.980819702148438,-122.021240234375,"CONTRA COSTA",CONCORD,-122.02117156982422,37.980842590332031
84501025,2023,2024-12-13,0701,2023-05-28,1843,6171,,7,5,5,0701,0,0,0,,0,,"JAMES DONLON BLVD","NIGHTINGALE DR",0.00,,Y,A,-,N,,,,,,,,,,Y,2,0,1,1,A,-,03,22350,,N,E,I,A,A,H,-,A,D,0,,,,,Y,,A,01,1,0,0,0,0,0,0,0,0,"- ","- ",,,"CONTRA COSTA",ANTIOCH,-121.81697082519531,37.980270385742188
84501039,2023,2024-12-19,0701,2023-12-26,"247 ",3639,,2,5,5,0701,0,0,0,,0,,"WILBUR AVE","APOLLO CT",176.00,E,N,A,-,N,,,,,,,,,,Y,1,1,0,1,A,-,01,23152,A,N,E,I,A,A,H,-,C,D,0,,,,,Y,,A,01,0,0,0,0,0,0,0,0,0,"- ","- ",,,"CONTRA COSTA",ANTIOCH,-121.78959655761719,38.012302398681641
84504172,2024,2025-03-31,0704,2024-12-13,1800,644,,5,5,6,0704,0,0,0,,0,003,"MONUMENT BLVD","MI CASA COURT",12.00,E,N,A,-,N,,,,,,,,,,N,2,0,1,2,A,-,10,21950,A,N,G,B,B,A,H,-,C,A,0,Y,,,,Y,,A,01,1,0,0,0,1,0,0,0,0,"- ","- ",,,"CONTRA COSTA",CONCORD,-122.04139709472656,37.954681396484375
84518799,2024,2024-12-30,0708,2024-11-22,2113,388,,5,5,5,0708,0,0,0,,0,001,"WILLOW PASS RD","1534 WILLOW PASS RD",49.00,W,N,B,C,N,,,,,,,,,,N,1,1,0,2,A,-,11,21956,A,N,G,B,E,B,H,-,C,D,0,Y,,,,Y,Y,A,01,0,0,0,1,0,0,0,0,0,"- ","- ",,,"CONTRA COSTA",PITTSBURG,-121.89865112304688,38.029460906982422
8452925,2017,2017-09-21,0712,2017-09-06,1647,P518,,3,5,5,0712,0,0,0,,0,003,"YGNACIO VALLEY RD","OAK GROVE RD",0.00,,Y,A,-,N,,,,,,,,,,N,2,0,1,2,A,-,11,21950,B,N,G,B,B,A,H,-,A,D,0,Y,,,,Y,,N,60,1,0,0,0,1,0,0,0,0,"- ","- ",,,"CONTRA COSTA","WALNUT CREEK",-122.01470997,37.927529900000003
84553549,2025,2025-03-18,0704,2025-01-23,"612 ",664,,4,5,6,0704,0,0,0,,0,003,"TREAT BLVD","SAN SIMEON DR",85.00,E,N,A,-,N,,,,,,,,,,N,2,0,1,2,A,-,03,22350,,F,B,G,A,A,H,-,C,A,0,,Y,,,Y,,A,01,1,0,0,0,0,0,1,0,0,"- ","- ",37.943260192871094,-122.0181884765625,"CONTRA COSTA",CONCORD,-122.01812744140625,37.943359375
84555081,2024,2025-01-30,0700,2024-04-29,"29  ",048,,1,5,3,0734,0,0,0,,0,052,"BETHEL ISLAND RD","CYPRESS RD",740.00,N,N,A,-,N,,,,,,,,,,Y,1,1,0,1,A,-,01,23152,B,N,E,I,A,A,H,-,C,D,0,,,,,Y,Y,A,01,0,0,0,0,0,0,0,0,0,"- ","- ",37.991340637207031,-121.64109802246094,"CONTRA COSTA",OAKLEY,-121.641357421875,37.993392944335938
84560131,2024,2025-02-03,0701,2024-05-26,1027,6594,,7,5,5,0701,0,0,0,,0,004,"JAMES DONLON BOULEVARD AND SUMMIT WAY","OF THE WEST CURBLINE OF JAMES DONLON BOULEVARD",17.00,W,Y,A,-,N,,,,,,,,,,Y,2,0,2,2,A,-,08,22107,,N,D,C,A,A,H,-,A,D,0,,,,,Y,,A,01,1,0,1,0,0,0,0,0,0,"- ","- ",,,"CONTRA COSTA",ANTIOCH,-121.85564422607422,37.988376617431641
84560889,2024,2025-02-03,0701,2024-07-27,"10  ",3639,,6,5,5,0701,0,0,0,,0,006,"LONE TREE WAY","SAGEBRUSH DR",750.00,E,N,A,-,N,,,,,,,,,,Y,1,1,0,2,A,-,01,23152,A,N,C,G,A,A,H,-,C,D,0,,Y,,,Y,Y,A,01,0,0,0,0,0,1,0,0,0,"- ","- ",,,"CONTRA COSTA",ANTIOCH,-121.77008819580078,37.963249206542969
84561193,2024,2025-02-03,0701,2024-09-09,1221,6600,,1,5,5,0701,0,0,0,,0,006,"DEER VALLEY RD","ROCKY POINT DR",478.00,N,N,A,-,N,,,,,,,,,,Y,2,0,1,1,A,-,03,22350,,N,E,I,A,A,H,-,A,D,0,,,,,Y,,A,07,1,0,0,0,0,0,0,0,0,"- ","- ",37.978828430175781,-121.78636169433594,"CONTRA COSTA",ANTIOCH,-121.78634643554688,37.978771209716797
84561308,2024,2025-02-03,0701,2024-10-18,1300,6846,,5,5,5,0701,0,0,0,,0,002,"A ST","16TH ST",0.00,,Y,A,-,N,,,,,,,,,,Y,2,0,2,2,A,-,09,21802,A,N,D,C,A,A,H,-,A,A,0,,,,,Y,,A,01,2,0,0,0,0,0,0,0,0,"- ","- ",,,"CONTRA COSTA",ANTIOCH,-121.8060302734375,38.006378173828125
84565567,2024,2025-02-05,0701,2024-05-27,2125,3639,,1,5,5,0701,0,0,0,,0,,"10TH ST","F ST",0.00,,Y,A,-,N,,,,,,,,,,Y,2,0,1,3,A,-,03,22350,,F,B,C,A,A,H,-,C,D,0,,,Y,,Y,,C,02,1,0,0,0,0,0,0,0,1,"- ","- ",,,"CONTRA COSTA",ANTIOCH,-121.81252288818359,38.011203765869141
84565643,2024,2025-02-05,0701,2024-11-02,1955,3639,,6,5,5,0701,0,0,0,,0,,"N LAKE DR","N LAKE CIR",0.00,,Y,A,-,N,,,,,,,,,,Y,2,0,1,2,A,-,03,22350,,N,A,E,A,A,H,-,C,D,0,,,,,Y,,M,96,1,0,0,0,0,0,0,0,0,"- ","- ",,,"CONTRA COSTA",ANTIOCH,-121.79441833496094,38.010257720947266
8458308,2017,2017-10-02,0701,2017-08-27,0931,4055,209,7,5,5,0701,0,0,0,,0,002,"E 18TH ST","WILSON ST",0.00,,Y,A,-,N,,,,,,,,,,Y,2,0,1,2,A,-,09,21801,A,N,D,C,A,A,H,-,A,D,0,,,Y,,Y,,A,01,1,0,0,0,0,0,0,0,1,"- ","- ",,,"CONTRA COSTA",ANTIOCH,-121.76463990000001,38.005049960000001
84585787,2025,2025-02-21,0701,2025-01-07,1631,6618,,2,5,5,0701,0,0,0,,0,007,"LAUREL RD","RT 4",0.00,,Y,A,-,Y,,,,,,,,,,Y,2,0,2,2,A,-,12,21453,A,N,D,C,A,A,H,-,A,A,0,,,,,Y,,D,22,2,0,0,0,0,0,0,0,0,"- ","- ",37.977901458740234,-121.74578857421875,"CONTRA COSTA",ANTIOCH,-121.74404907226562,37.979000091552734
84625784,2025,2025-03-25,0704,2025-03-14,"804 ",670,,5,5,6,0704,0,0,0,,0,005,"WILLOW PASS RD","GRANADA DR",11.00,S,N,A,C,N,,,,,,,,,,Y,2,0,2,3,A,-,08,22107,,N,D,C,A,B,H,-,A,D,0,,,,,Y,,A,01,1,0,1,0,0,0,0,0,0,"- ","- ",37.985618591308594,-122.01017761230469,"CONTRA COSTA",CONCORD,-122.01063537597656,37.986259460449219
84647207,2025,2025-04-14,0704,2025-03-22,1033,594,,6,5,6,0704,0,0,0,,0,001,"ARNOLD INDUSTRIAL PL","ARNOLD INDUSTRIAL PL TO SR 4 E RAMP",31.00,S,N,A,-,Y,,,,,,,,,,Y,2,0,3,3,A,-,08,22107,,N,A,C,A,A,H,-,A,A,0,,,,,Y,,A,01,1,0,2,0,0,0,0,0,0,"- ","- ",38.000141143798828,-122.04914855957031,"CONTRA COSTA",CONCORD,-122.05284881591797,37.999176025390625
84647601,2025,2025-04-15,0708,2025-03-08,1249,423,,6,5,5,0708,0,0,0,,0,002,"PITTSBURG ANTIOCH HWY","LOVERIDGE RD",3606.00,E,N,A,-,N,,,,,,,,,,Y,2,0,4,2,A,-,03,22350,,N,A,C,A,A,H,-,A,A,0,,,,,Y,,A,01,1,3,0,0,0,0,0,0,0,"- ","- ",38.009788513183594,-121.85990142822266,"CONTRA COSTA",PITTSBURG,-121.84813690185547,38.012493133544922
8465556,2018,2019-01-25,0710,2018-03-04,0159,1662,0710,7,5,5,0710,0,0,0,,0,008,"RICHMOND PKWY","LAKESIDE DR",0.00,,Y,B,-,N,,,,,,,,,,Y,1,1,0,1,A,-,03,22350,,N,E,I,A,B,H,-,C,A,0,,,,,Y,,A,01,0,0,0,0,0,0,0,0,0,"- ","- ",37.989921569824219,-122.32865905761719,"CONTRA COSTA",RICHMOND,-122.32872009277344,37.990039825439453