CASE_ID,ACCIDENT_YEAR,PROC_DATE,JURIS,COLLISION_DATE,COLLISION_TIME,OFFICER_ID,REPORTING_DISTRICT,DAY_OF_WEEK,CHP_SHIFT,POPULATION,CNTY_CITY_LOC,SPECIAL_COND,BEAT_TYPE,CHP_BEAT_TYPE,CITY_DIVISION_LAPD,CHP_BEAT_CLASS,BEAT_NUMBER,PRIMARY_RD,SECONDARY_RD,DISTANCE,DIRECTION,INTERSECTION,WEATHER_1,WEATHER_2,STATE_HWY_IND,CALTRANS_COUNTY,CALTRANS_DISTRICT,STATE_ROUTE,ROUTE_SUFFIX,POSTMILE_PREFIX,POSTMILE,LOCATION_TYPE,RAMP_INTERSECTION,SIDE_OF_HWY,TOW_AWAY,COLLISION_SEVERITY,NUMBER_KILLED,NUMBER_INJURED,PARTY_COUNT,PRIMARY_COLL_FACTOR,PCF_CODE_OF_VIOL,PCF_VIOL_CATEGORY,PCF_VIOLATION,PCF_VIOL_SUBSECTION,HIT_AND_RUN,TYPE_OF_COLLISION,MVIW,PED_ACTION,ROAD_SURFACE,ROAD_COND_1,ROAD_COND_2,LIGHTING,CONTROL_DEVICE,CHP_ROAD_TYPE,PEDESTRIAN_ACCIDENT,BICYCLE_ACCIDENT,MOTORCYCLE_ACCIDENT,TRUCK_ACCIDENT,NOT_PRIVATE_PROPERTY,ALCOHOL_INVOLVED,STWD_VEHTYPE_AT_FAULT,CHP_VEHTYPE_AT_FAULT,COUNT_SEVERE_INJ,COUNT_VISIBLE_INJ,COUNT_COMPLAINT_PAIN,COUNT_PED_KILLED,COUNT_PED_INJURED,COUNT_BICYCLIST_KILLED,COUNT_BICYCLIST_INJURED,COUNT_MC_KILLED,COUNT_MC_INJURED,PRIMARY_RAMP,SECONDARY_RAMP,LATITUDE,LONGITUDE,COUNTY,CITY,POINT_X,POINT_Y
8465599,2018,2019-02-08,0700,2018-04-17,0510,OA030,2234,2,5,3,0734,0,0,0,,0,053,"LAUREL RD","OHARA AV",0.00,,Y,A,-,N,,,,,,,,,,Y,1,2,1,2,A,-,12,21453,A,N,D,C,A,A,H,-,C,A,0,,,,,Y,,A,01,1,0,0,0,0,0,0,0,0,"- ","- ",,,"CONTRA COSTA",OAKLEY,-121.71417999267578,37.983299255371094
8465742,2018,2019-04-16,0700,2018-11-03,1104,52142,,6,5,4,0790,0,0,0,,0,061,"DIABLO RD","FRONT ST",70.00,E,N,A,-,N,,,,,,,,,,Y,1,1,1,2,A,-,08,22107,,N,A,C,A,A,H,-,A,D,0,,,,,Y,,A,01,0,0,1,0,0,0,0,0,0,"- ","- ",37.823001861572266,-121.99839782714844,"CONTRA COSTA",DANVILLE,-121.99855041503906,37.823043823242188
8465747,2018,2019-04-18,0714,2018-12-27,2200,158,"12 2",4,5,4,0714,0,0,0,,0,002,"HOWE RD","HOWE RD 855",0.00,,Y,A,-,N,,,,,,,,,,Y,1,1,0,1,A,-,01,23152,B,N,C,E,A,A,H,-,C,D,0,,,,,Y,Y,A,01,0,0,0,0,0,0,0,0,0,"- ","- ",38.007999420166016,-122.10987091064453,"CONTRA COSTA",MARTINEZ,-122.110748,38.006141999999997
8465860,2018,2019-06-14,0710,2018-02-15,1955,1705,CENTR,4,5,5,0710,0,0,0,,0,005,"RICHMOND PKWY","W OHIO AV",908.00,N,N,A,-,N,,,,,,,,,,Y,1,1,0,2,A,-,11,21955,,N,G,B,E,A,H,-,C,D,0,Y,,,,Y,,N,60,0,0,0,1,0,0,0,0,0,"- ","- ",,,"CONTRA COSTA",RICHMOND,-122.37623596191406,37.932910919189453
8465922,2019,2021-05-25,0714,2019-01-07,2047,123,"04 1",1,5,4,0714,0,0,0,,0,001,"GREEN ST","BERRELLESSA ST",0.00,,Y,A,-,N,,,,,,,,,,Y,1,1,0,2,A,-,11,21954,A,N,G,B,D,A,H,-,C,D,0,Y,,,,Y,Y,N,60,0,0,0,1,0,0,0,0,0,"- ","- ",38.014858245849609,-122.13780975341797,"CONTRA COSTA",MARTINEZ,-122.13777923583984,38.014858245849609
8465923,2019,2021-05-25,0701,2019-01-11,2102,2372,604,5,5,5,0701,0,0,0,,0,006,"LONE TREE WY","INDIAN HILL DR",292.00,E,N,B,C,N,,,,,,,,,,N,1,2,4,1,A,-,03,22350,,N,E,I,A,B,H,-,C,A,0,,,,,Y,Y,A,07,4,0,0,0,0,0,0,0,0,"- ","- ",,,"CONTRA COSTA",ANTIOCH,-121.76248168945312,37.961639404296875
84659993,2025,2025-04-23,0704,2025-04-17,1541,672,,4,5,6,0704,0,0,0,,0,001,"PERALTA RD","OLIVERA RD",112.00,N,N,A,-,N,,,,,,,,,,Y,2,0,1,1,A,-,03,22350,,N,E,I,A,A,H,-,A,D,0,,,,,Y,Y,A,01,1,0,0,0,0,0,0,0,0,"- ","- ",37.998580932617188,-122.04779052734375,"CONTRA COSTA",CONCORD,-122.0478515625,37.998897552490234
8467371,2017,2017-10-26,0701,2017-09-05,0759,2500,207,2,5,5,0701,0,0,0,,0,002,"HILLCREST AV","E 18TH ST",50.00,N,N,A,-,N,,,,,,,,,,Y,2,0,1,1,A,-,03,22350,,N,E,I,A,A,H,-,A,A,0,,,,,Y,,A,01,1,0,0,0,0,0,0,0,0,"- ","- ",,,"CONTRA COSTA",ANTIOCH,-121.78757367999999,38.004284730000002
8467464,2017,2017-10-20,0705,2017-08-02,2053,E212,0705,3,5,3,0705,0,0,0,,0,010,"COLUSA AV","LYNN AV",15.00,S,N,A,-,N,,,,,,,,,,N,2,0,1,2,A,-,10,21950,A,N,G,B,B,A,H,-,C,D,0,Y,,,,Y,Y,D,22,1,0,0,0,1,0,0,0,0,"- ","- ",,,"CONTRA COSTA","EL CERRITO",-122.28835925,37.901019679999997
84684651,2025,2025-05-14,0734,2025-04-17,"259 ",046,,4,5,3,0734,0,0,0,,0,052,"LAUREL RD","MAIN ST",0.00,,Y,A,-,N,,,,,,,,,,Y,2,0,3,2,A,-,03,22350,,N,D,C,A,A,H,-,C,A,0,,,,,Y,Y,A,01,1,0,2,0,0,0,0,0,0,"- ","- ",37.982868194580078,-121.69613647460938,"CONTRA COSTA",OAKLEY,-121.69591522216797,37.983329772949219
84687144,2025,2025-07-07,0704,2025-04-28,2343,0589,,1,5,6,0704,0,0,0,,0,001,"CONCORD AVE","NEW DR",0.00,E,N,A,-,N,,,,,,,,,,Y,1,1,0,2,A,-,01,23153,A,N,C,G,A,A,H,-,C,A,0,,Y,,,Y,Y,A,01,0,0,0,0,0,1,0,0,0,"- ","- ",37.980701446533203,-122.05352020263672,"CONTRA COSTA",CONCORD,-122.05380249023438,37.980808258056641
84691031,2024,2025-05-19,0701,2024-06-23,2232,6169,,7,5,5,0701,0,0,0,,0,005,"LONE TREE WAY","BLACK DIAMOND DR",0.00,,Y,A,-,N,,,,,,,,,,Y,1,1,0,2,A,-,11,21950,B,N,G,B,B,A,H,-,C,A,0,Y,,,,Y,,N,60,0,0,0,1,0,0,0,0,0,"- ","- ",,,"CONTRA COSTA",ANTIOCH,-121.79065704345703,37.969631195068359
84694915,2024,2025-05-21,0701,2024-10-29,"930 ",6166,,2,5,5,0701,0,0,0,,0,003,"SYCAMORE DR","SPANOS ST",88.00,W,N,A,-,N,,,,,,,,,,Y,2,0,1,2,A,-,09,21801,A,N,D,C,A,A,H,-,A,D,0,,,,,Y,,A,08,1,0,0,0,0,0,0,0,0,"- ","- ",,,"CONTRA COSTA",ANTIOCH,-121.82822418212891,38.005313873291016
84703537,2025,2025-05-28,0704,2025-05-14,"109 ",645,,3,5,6,0704,0,0,0,,0,003,"TREAT BLVD","NAVARONNE WAY",2112.00,E,N,A,-,N,,,,,,,,,,N,2,0,1,1,A,-,05,21651,A,N,E,J,A,A,H,-,D,A,0,,,,,Y,,A,01,1,0,0,0,0,0,0,0,0,"- ","- ",37.946708679199219,-122.01254272460938,"CONTRA COSTA",CONCORD,-122.00616455078125,37.949241638183594
84725431,2024,2025-06-16,0701,2024-12-10,1821,6618,,2,5,5,0701,0,0,0,,0,001,"MADILL ST","CREED AVE",0.00,,Y,A,-,N,,,,,,,,,,N,2,0,1,3,A,-,06,21750,,N,C,C,A,A,H,-,C,D,0,,,,,Y,,M,96,1,0,0,0,0,0,0,0,0,"- ","- ",37.999538421630859,-121.81710815429688,"CONTRA COSTA",ANTIOCH,-121.8173828125,38.000907897949219
84738300,2024,2025-06-25,0701,2024-10-28,1058,6600,,1,5,5,0701,0,0,0,,0,007,"HILLCREST AVE","WILD HORSE RD",1296.00,S,N,A,-,N,,,,,,,,,,Y,1,1,0,1,A,-,03,22350,,N,E,I,A,A,H,-,A,D,0,,,Y,,Y,,C,02,0,0,0,0,0,0,0,1,0,"- ","- ",,,"CONTRA COSTA",ANTIOCH,-121.76296997070312,37.979846954345703
84746002,2025,2025-07-07,0704,2025-06-14,"204 ",0537,,6,5,6,0704,0,0,0,,0,005,"TREAT BLVD","TURTLE CREEK RD",0.00,,Y,A,-,N,,,,,,,,,,Y,1,1,0,1,A,-,01,23152,B,N,E,I,A,A,H,-,E,A,0,,,,,Y,Y,D,22,0,0,0,0,0,0,0,0,0,"- ","- ",37.959590911865234,-121.99633026123047,"CONTRA COSTA",CONCORD,-121.99640655517578,37.959480285644531
84747956,2025,2025-07-07,0711,2025-04-17,"751 ",S1066,,4,5,4,0711,0,0,0,,0,0S2,"SAN PABLO AVE","RHEEM AVE",0.00,,Y,B,-,N,,,,,,,,,,Y,2,0,1,2,A,-,12,21453,,N,A,D,A,A,H,-,A,A,0,,,,,Y,,A,01,1,0,0,0,0,0,0,0,0,"- ","- ",37.949920654296875,-122.33199310302734,"CONTRA COSTA","SAN PABLO",-122.33199310302734,37.949832916259766
84766552,2025,2025-07-21,0704,2025-06-27,1638,0598,,5,5,6,0704,0,0,0,,0,006,"YGNACIO VALLEY RD","PINE HOLLOW RD",399.00,E,N,A,-,N,,,,,,,,,,Y,2,0,1,1,A,-,08,22107,,N,E,I,A,A,H,-,A,D,0,,,Y,,Y,,C,02,1,0,0,0,0,0,0,0,1,"- ","- ",37.946048736572266,-121.96951293945312,"CONTRA COSTA",CONCORD,,
8477533,2017,2017-11-08,0708,2017-09-20,1226,285,,3,5,5,0708,0,0,0,,0,004,"ATLANTIC AV","ATLANTIC CIR",6.00,W,N,A,-,N,,,,,,,,,,Y,2,0,2,2,A,-,10,21950,A,N,G,B,B,A,H,-,A,A,0,Y,,,,Y,,A,01,1,0,1,0,1,0,0,0,0,"- ","- ",,,"CONTRA COSTA",PITTSBURG,-121.89068028,38.007743759999997
8477834,2017,2018-01-06,0710,2017-08-07,0752,1242,,1,5,5,0710,0,0,0,,0,001,"CUTTING BL","SOUTH 11TH",24.00,E,N,B,-,N,,,,,,,,,,Y,2,0,1,2,A,-,09,21802,A,N,D,C,A,A,H,-,A,A,0,,,Y,Y,Y,,C,02,1,0,0,0,0,0,0,0,1,"- ","- ",,,"CONTRA COSTA",RICHMOND,-122.35898677,37.92521
8479018,2017,2017-11-08,0740,2017-10-04,0758,SR067,"SR 72",3,5,4,0791,0,0,0,,0,"BEAT 6","DOUGHERTY RD","BOLLINGER CANYON RD",0.00,,Y,A,-,N,,,,,,,,,,Y,2,0,1,2,A,-,03,22350,,N,D,C,A,A,H,-,A,A,0,,,Y,,Y,,C,03,1,0,0,0,0,0,0,0,1,"- ","- ",37.749429999999997,-121.91394,"CONTRA COSTA","SAN RAMON",-121.92510987,37.773559880000001
84792568,2025,2025-08-07,0701,2025-06-25,"942 ",6996,,3,5,5,0701,0,0,0,,0,,"LAUREL RD","KIRK LN",0.00,,Y,A,-,N,,,,,,,,,,N,2,0,2,2,A,-,12,22450,A,N,D,C,A,A,H,-,A,D,0,,,,,Y,,A,01,1,1,0,0,0,0,0,0,0,"- ","- ",,,"CONTRA COSTA",ANTIOCH,-121.75237274169922,37.976139068603516
8482281,2017,2017-11-21,0704,2017-10-27,1637,511,,5,5,6,0704,0,0,0,,0,006,"PINE HOLLOW RD","NEW HAMPSHIRE DR",0.00,,Y,A,-,N,,,,,,,,,,Y,2,0,1,2,A,-,12,22450,A,N,D,C,A,A,H,-,A,A,0,,,,,Y,,A,01,1,0,0,0,0,0,0,0,0,"- ","- ",,,"CONTRA COSTA",CONCORD,-121.96837995,37.944479889999997
8482484,2017,2017-11-09,0704,2017-10-29,2000,0567,,7,5,6,0704,0,0,0,,0,001,"GALINDO ST","CLAYTON RD",0.00,,Y,A,-,N,,,,,,,,,,Y,2,0,1,2,A,-,12,21453,A,N,D,C,A,A,-,-,C,A,0,,,Y,,Y,,C,02,1,0,0,0,0,0,0,0,1,"- ","- ",,,"CONTRA COSTA",CONCORD,-122.03377989000001,37.974259949999997
84826447,2025,2025-09-10,0704,2025-06-20,1351,0537,,5,5,6,0704,0,0,0,,0,006,"KIRKER PASS RD","CLEARBROOK DR",176.00,N,N,A,-,N,,,,,,,,,,Y,1,1,0,1,A,-,07,21658,A,N,E,I,A,A,H,-,A,D,0,,,,,Y,,A,01,0,0,0,0,0,0,0,0,0,"- ","- ",37.962818145751953,-121.94142913818359,"CONTRA COSTA",CONCORD,-121.94083404541016,37.962944030761719
8483764,2017,2017-11-06,0710,2017-07-07,1714,1705,SOUHT,5,5,5,0710,0,0,0,,0,001,"CUTTING BL","S 1ST ST",0.00,,Y,A,-,N,,,,,,,,,,Y,2,0,3,2,A,-,09,21802,A,N,D,C,A,A,H,-,A,A,0,,,,,Y,,A,01,2,0,1,0,0,0,0,0,0,"- ","- ",,,"CONTRA COSTA",RICHMOND,-122.36892992999999,37.925269960000001
8484242,2017,2017-11-14,0740,2017-10-26,1059,SR067,"SR 72",4,5,4,0791,0,0,0,,0,"BEAT 4","ALCOSTA BL","STAGECOACH RD",137.00,S,N,A,-,N,,,,,,,,,,Y,2,0,1,2,A,-,17,22109,,N,C,C,A,A,H,-,A,D,0,,,Y,,Y,,A,01,1,0,0,0,0,0,0,0,1,"- ","- ",37.732950000000002,-121.92447,"CONTRA COSTA","SAN RAMON",-121.92478685,37.732702099999997
8492945,2017,2017-12-04,0702,2017-10-27,2127,558T,311B,5,5,3,0702,0,0,0,,0,003,"BALFOUR RD","GRIFFITH LN",22.00,W,N,A,-,N,,,,,,,,,,N,2,0,5,2,A,-,03,22350,,N,B,C,A,A,H,-,C,A,0,,,,,Y,,A,08,1,4,0,0,0,0,0,0,0,"- ","- ",37.92539,-121.70493,"CONTRA COSTA",BRENTWOOD,-121.70498628999999,37.925519999999999
8502134,2017,2017-12-13,0701,2017-09-24,2300,5565,107,7,5,5,0701,0,0,0,,0,001,"LINDBERG ST","TEXAS ST",0.00,,Y,A,-,N,,,,,,,,,,N,2,0,1,2,A,-,12,22450,A,F,D,G,A,A,H,-,C,A,0,,Y,,,Y,,L,04,1,0,0,0,0,0,1,0,0,"- ","- ",,,"CONTRA COSTA",ANTIOCH,-121.80792995,37.999479940000001
8510344,2017,2017-12-29,0711,2017-11-15,1617,1053,BAY,3,5,4,0711,0,0,0,,0,003,"RUMRILL BL","SUTTER AV",0.00,,N,B,-,N,,,,,,,,,,N,2,0,1,2,A,-,11,21953,,N,G,B,D,A,H,-,A,D,0,Y,,,,Y,,N,60,1,0,0,0,1,0,0,0,0,"- ","- ",,,"CONTRA COSTA","SAN PABLO",-122.35676988,37.957349919999999
8510348,2017,2018-01-11,0711,2017-11-28,1209,S1053,BAY,2,5,4,0711,0,0,0,,0,001,"EL PORTAL DR","MISSION BELL DR",0.00,,Y,A,-,N,,,,,,,,,,N,2,0,2,3,A,-,00,21960,A,N,G,B,B,-,-,-,A,D,0,Y,,,,Y,,A,01,1,1,0,0,2,0,0,0,0,"- ","- ",,,"CONTRA COSTA","SAN PABLO",-122.34353989,37.966859890000002
8511540,2017,2017-12-28,0714,2017-01-27,1900,145,"11  2",5,5,4,0714,0,0,0,,0,002,"PINE ST","PALOMA CT",6.00,N,N,A,-,N,,,,,,,,,,Y,2,0,1,2,A,-,00,21353,B,N,A,G,A,A,H,-,C,D,0,,Y,,,Y,Y,A,01,1,0,0,0,0,0,1,0,0,"- ","- ",37.999569999999999,-122.12251000000001,"CONTRA COSTA",MARTINEZ,-122.12254063,38.000346469999997
8511544,2017,2018-02-01,0714,2017-03-28,1000,101,02,2,5,4,0714,0,0,0,,0,001,"FERRY ST","FERRY ST 400",0.00,,-,A,-,N,,,,,,,,,,N,2,0,1,2,A,-,17,21451,B,N,B,B,E,A,H,-,A,A,0,Y,,,,Y,,N,60,1,0,0,0,1,0,0,0,0,"- ","- ",38.019089999999998,-122.13883,"CONTRA COSTA",MARTINEZ,-122.13701785000001,38.019390190000003
8517165,2017,2017-12-22,0704,2017-11-28,1227,0488,,2,5,6,0704,0,0,0,,0,003,"MOHR LN","DEL RIO CIR",260.00,S,N,A,-,N,,,,,,,,,,N,2,0,1,2,A,-,11,21954,A,N,-,B,D,A,H,-,A,D,0,Y,,,,Y,,N,60,1,0,0,0,1,0,0,0,0,"- ","- ",,,"CONTRA COSTA",CONCORD,-122.04697612,37.945957999999997
8517857,2017,2017-12-18,0710,2017-11-27,0632,1710,CENTR,1,5,5,0710,0,0,0,,0,004,"MACDONALD AV","21ST ST",0.00,,Y,A,-,N,,,,,,,,,,N,2,0,1,2,A,-,10,21950,,N,G,B,D,A,H,-,A,D,0,Y,,,,Y,,-,,1,0,0,0,1,0,0,0,0,"- ","- ",,,"CONTRA COSTA",RICHMOND,-122.34955988999999,37.935739959999999
8518414,2017,2017-12-22,0701,2017-11-27,0810,4265,503,1,5,5,0701,0,0,0,,0,005,"DAVISON DR","SUNSET LN",10.00,E,N,A,-,N,,,,,,,,,,Y,2,0,1,2,A,-,10,21950,A,N,G,B,B,A,H,-,A,A,0,Y,,,,Y,,A,01,1,0,0,0,1,0,0,0,0,"- ","- ",,,"CONTRA COSTA",ANTIOCH,-121.80425535000001,37.985161480000002
8525385,2017,2018-01-17,0705,2017-12-03,1323,E214,PATRO,7,5,3,0705,0,0,0,,0,011,"SAN PABLO AV","CONLON AV",12.00,N,N,A,-,N,,,,,,,,,,Y,2,0,1,2,A,-,08,22107,,N,B,C,A,A,H,-,A,A,0,,,Y,,Y,,A,01,1,0,0,0,0,0,0,0,0,"- ","- ",,,"CONTRA COSTA","EL CERRITO",-122.3215399,37.92957895
8531097,2017,2018-01-19,0704,2017-12-22,1537,0552,,5,5,6,0704,0,0,0,,0,005,"WILLOW PASS RD","KINNEY BL",1404.00,N,N,A,-,N,,,,,,,,,,Y,2,0,3,3,A,-,03,22350,,N,B,C,A,A,H,-,A,A,0,,,,,Y,,A,08,1,0,2,0,0,0,0,0,0,"- ","- ",,,"CONTRA COSTA",CONCORD,-121.99853028,38.006885869999998
8531665,2017,2018-01-19,0701,2017-12-03,2234,2372,408,7,5,5,0701,0,0,0,,0,004,"LONE TREE WY","W TREGALLAS RD",0.00,,Y,A,-,N,,,,,,,,,,N,2,0,3,2,A,-,01,23152,A,N,D,C,A,A,H,-,C,A,0,,,,,Y,Y,A,01,1,1,1,0,0,0,0,0,0,"- ","- ",,,"CONTRA COSTA",ANTIOCH,-121.80723999,37.995589889999998
8537165,2018,2018-01-30,0708,2018-01-06,1723,323,046,6,5,5,0708,0,0,0,,0,001,"WILLOW PASS RD","BAYVIEW AV",107.00,E,N,A,-,N,,,,,,,,,,N,2,0,1,3,A,-,08,22107,,N,G,B,E,A,H,-,B,A,0,Y,,,,Y,,A,01,1,0,0,0,1,0,0,0,0,"- ","- ",,,"CONTRA COSTA",PITTSBURG,-121.93171691894531,38.026798248291016
8539052,2018,2018-02-13,0711,2018-01-16,2130,1101,,2,5,4,0711,0,0,0,,0,002,"EL PORTAL DR","FORDHAM ST",801.00,E,N,-,-,N,,,,,,,,,,Y,2,0,3,2,A,-,01,23153,A,N,C,C,A,-,-,-,-,D,0,,,,,Y,Y,D,22,1,2,0,0,0,0,0,0,0,"- ","- ",,,"CONTRA COSTA","SAN PABLO",-122.32988739013672,37.962894439697266
8544157,2017,2018-08-16,0709,2017-12-11,1730,436,3020,1,5,4,0709,0,0,0,,0,002,"CONTRA COSTA BL","VIKING DR",0.00,,Y,A,-,N,,,,,,,,,,N,1,1,0,2,A,-,03,22350,,N,G,B,D,A,H,-,C,A,0,Y,,,,Y,,D,22,0,0,0,1,0,0,0,0,0,"- ","- ",,,"CONTRA COSTA","PLEASANT HILL",-122.06277991,37.96709998
8547227,2018,2018-02-12,0711,2018-01-27,1822,S1070,,6,5,4,0711,0,0,0,,0,001,"SAN PABLO AV","RIVERS ST",0.00,,Y,A,-,N,,,,,,,,,,N,2,0,1,2,A,-,11,21456,B,F,G,B,B,A,H,-,C,A,0,Y,,,,Y,,N,60,1,0,0,0,1,0,0,0,0,"- ","- ",,,"CONTRA COSTA","SAN PABLO",-122.34317016601562,37.972061157226562
8551999,2018,2018-02-14,0704,2018-02-04,1527,0561,,7,5,6,0704,0,0,0,,0,001,"CONCORD AV","MARKET ST",0.00,,Y,A,-,N,,,,,,,,,,Y,2,0,2,2,A,-,12,21453,A,N,D,C,A,A,H,-,A,A,0,,,Y,,Y,,A,01,1,0,1,0,0,0,0,0,1,"- ","- ",,,"CONTRA COSTA",CONCORD,-122.04190063476562,37.978660583496094
8564377,2018,2018-03-12,0708,2018-02-10,2230,342,046,6,5,5,0708,0,0,0,,0,003,"BAILEY RD","WILLOW AV",7286.00,S,N,A,-,N,,,,,,,,,,Y,2,0,1,1,A,-,08,22107,,N,E,J,A,A,H,-,D,A,0,,,,,Y,,A,07,1,0,0,0,0,0,0,0,0,"- ","- ",,,"CONTRA COSTA",PITTSBURG,-121.94819641113281,37.994983673095703
8570243,2018,2018-03-29,0708,2018-03-03,1316,328,,6,5,5,0708,0,0,0,,0,005,"EAST LELAND RD","STONERIDGE DR",373.00,W,N,C,-,N,,,,,,,,,,Y,2,0,2,1,A,-,08,22107,,N,E,I,A,B,H,-,A,D,0,,,,,Y,,A,01,2,0,0,0,0,0,0,0,0,"- ","- ",,,"CONTRA COSTA",PITTSBURG,-121.87782287597656,38.009239196777344
8598647,2018,2018-04-20,0701,2018-02-11,0155,5561,309,7,5,5,0701,0,0,0,,0,003,"LEMONTREE WY","LEMONTREE CT",150.00,N,N,A,-,N,,,,,,,,,,N,2,0,1,2,D,-,00,,,F,G,B,E,A,H,-,C,D,0,Y,,,,Y,,-,"- ",1,0,0,0,1,0,0,0,0,"- ","- ",,,"CONTRA COSTA",ANTIOCH,-121.82283782958984,38.001945495605469
8602620,2018,2018-05-21,0701,2018-02-04,0418,5730,602,7,5,5,0701,0,0,0,,0,006,"ROCKY POINT DR","DEER VALLEY RD",0.00,,Y,A,-,N,,,,,,,,,,Y,2,0,1,1,A,-,03,22350,,N,A,I,A,A,H,-,D,-,0,,,,,Y,,A,01,1,0,0,0,0,0,0,0,0,"- ","- ",,,"CONTRA COSTA",ANTIOCH,-121.78648376464844,37.97747802734375
8604682,2018,2018-05-09,0704,2018-04-22,2044,573,,7,5,6,0704,0,0,0,,0,002,"DETROIT AV","CLAYTON RD",3.00,S,N,A,-,N,,,,,,,,,,N,2,0,1,2,A,-,10,21950,A,N,G,B,B,A,H,-,C,A,0,Y,,,,Y,,A,01,1,0,0,0,1,0,0,0,0,"- ","- ",,,"CONTRA COSTA",CONCORD,-122.04308319091797,37.970821380615234
8624777,2018,2018-07-30,0706,2018-04-28,2032,146,84,6,5,3,0706,0,0,0,,0,,"SAN PABLO AV","SYCAMORE AV",0.00,,Y,A,-,N,,,,,,,,,,Y,2,0,2,3,B,-,22,,,N,D,C,A,A,H,-,C,A,0,,,,,Y,,J,48,1,0,1,0,0,0,0,0,0,"- ","- ",,,"CONTRA COSTA",HERCULES,-122.27329254150391,38.013301849365234
8626752,2017,2018-06-05,0701,2017-09-30,1409,2500,203,6,5,5,0701,0,0,0,,0,002,"BART AV","MARIE AV",50.00,W,N,A,-,N,,,,,,,,,,N,2,0,1,2,A,-,03,22350,,F,C,G,A,A,H,-,A,D,0,,Y,,,Y,,A,01,1,0,0,0,0,0,1,0,0,"- ","- ",,,"CONTRA COSTA",ANTIOCH,-121.79951358,38.0105
8629450,2018,2018-07-30,0706,2018-04-26,0824,150,BAY,4,5,3,0706,0,0,0,,0,002,"LUPINE RD","SEQUOIA RD",247.00,W,N,B,-,N,,,,,,,,,,N,2,0,1,2,A,-,11,21950,B,N,G,B,D,A,H,-,A,D,0,Y,,,,Y,,N,60,1,0,0,0,1,0,0,0,0,"- ","- ",,,"CONTRA COSTA",HERCULES,-122.25511932373047,38.00701904296875
8630246,2018,2018-06-06,0709,2018-05-16,2053,436,3120,3,5,4,0709,0,0,0,,0,001,"CLEAVELAND RD","GREGORY LN",128.00,N,N,A,-,N,,,,,,,,,,N,2,0,1,2,A,-,05,21650,,F,C,G,A,A,H,-,C,D,0,,Y,,,Y,,-,,1,0,0,0,0,0,1,0,0,"- ","- ",,,"CONTRA COSTA","PLEASANT HILL",-122.06423187255859,37.948329925537109
8638354,2018,2018-06-21,0704,2018-05-01,1945,559,,2,5,6,0704,0,0,0,,0,003,"VIRGINIA LN","ROBIN LN",0.00,,Y,A,-,N,,,,,,,,,,N,2,0,1,2,A,-,03,22350,,F,B,G,A,A,H,-,B,A,0,,Y,,,Y,,A,01,1,0,0,0,0,0,1,0,0,"- ","- ",,,"CONTRA COSTA",CONCORD,-122.04392242431641,37.957408905029297
8641250,2018,2018-07-03,0711,2018-06-17,2138,1085,BAY,7,5,4,0711,0,0,0,,0,ONE,"RUMRILL BL","ROAD 20",0.00,,Y,A,-,N,,,,,,,,,,Y,2,0,1,2,A,-,01,23152,A,F,A,B,B,A,H,-,D,D,0,Y,,,,Y,Y,A,01,1,0,0,0,1,0,0,0,0,"- ","- ",37.965129852294922,-122.35382080078125,"CONTRA COSTA","SAN PABLO",-122.35389709472656,37.965198516845703
8644068,2018,2018-06-28,0702,2018-05-05,0119,550D,310B,6,5,3,0702,0,0,0,,0,003,"DAINTY AV","LINCOLN AV",62.00,W,N,A,-,N,,,,,,,,,,Y,2,0,2,3,A,-,01,23152,,N,A,E,A,A,H,-,C,D,0,,,,,Y,Y,A,01,2,0,0,0,0,0,0,0,0,"- ","- ",37.932418823242188,-121.69989776611328,"CONTRA COSTA",BRENTWOOD,-121.69916534423828,37.932628631591797
8648009,2018,2018-07-17,0701,2018-03-16,2106,5609,503,5,5,5,0701,0,0,0,,0,005,"DAVISON DR","HARRIS DR",10.00,W,N,A,-,N,,,,,,,,,,N,1,1,0,2,A,-,00,21955,I,N,G,B,D,A,H,-,C,D,0,Y,,,,Y,,N,60,0,0,0,1,0,0,0,0,0,"- ","- ",,,"CONTRA COSTA",ANTIOCH,-121.78710174560547,37.990341186523438
8648217,2018,2018-10-08,0701,2018-01-14,2138,4265,207,7,5,5,0701,0,0,0,,0,002,"BLOSSOM DR","E 18TH ST",0.00,,Y,A,-,N,,,,,,,,,,Y,1,1,0,1,A,-,01,23152,B,N,E,I,A,A,B,-,C,D,0,,,Y,,Y,Y,C,02,0,0,0,0,0,0,0,1,0,"- ","- ",,,"CONTRA COSTA",ANTIOCH,-121.78932189941406,38.004669189453125
8648387,2018,2018-11-30,0740,2018-10-23,0649,SR033,"SR 72",2,5,4,0791,0,0,0,,0,"BEAT 3","CROW CANYON RD","IRON HORSE TRL",0.00,E,N,A,-,N,,,,,,,,,,Y,1,1,0,2,A,-,00,21456,1,N,G,B,B,A,H,-,C,A,0,Y,,,,Y,,N,60,0,0,0,1,0,0,0,0,0,"- ","- ",37.780479431152344,-121.96691131591797,"CONTRA COSTA","SAN RAMON",-121.96685791015625,37.780437469482422
8648462,2018,2020-05-26,0704,2018-05-05,2223,0482,,6,5,6,0704,0,0,0,,0,003,"MONUMENT BL","MEADOW LN",320.00,W,N,A,-,N,,,,,,,,,,Y,1,1,0,2,A,-,10,21954,,N,G,B,D,A,H,-,C,D,0,Y,,,,Y,Y,N,60,0,0,0,1,0,0,0,0,0,"- ","- ",,,"CONTRA COSTA",CONCORD,-122.03980255126953,37.955818176269531