CASE_ID,ACCIDENT_YEAR,PROC_DATE,JURIS,COLLISION_DATE,COLLISION_TIME,OFFICER_ID,REPORTING_DISTRICT,DAY_OF_WEEK,CHP_SHIFT,POPULATION,CNTY_CITY_LOC,SPECIAL_COND,BEAT_TYPE,CHP_BEAT_TYPE,CITY_DIVISION_LAPD,CHP_BEAT_CLASS,BEAT_NUMBER,PRIMARY_RD,SECONDARY_RD,DISTANCE,DIRECTION,INTERSECTION,WEATHER_1,WEATHER_2,STATE_HWY_IND,CALTRANS_COUNTY,CALTRANS_DISTRICT,STATE_ROUTE,ROUTE_SUFFIX,POSTMILE_PREFIX,POSTMILE,LOCATION_TYPE,RAMP_INTERSECTION,SIDE_OF_HWY,TOW_AWAY,COLLISION_SEVERITY,NUMBER_KILLED,NUMBER_INJURED,PARTY_COUNT,PRIMARY_COLL_FACTOR,PCF_CODE_OF_VIOL,PCF_VIOL_CATEGORY,PCF_VIOLATION,PCF_VIOL_SUBSECTION,HIT_AND_RUN,TYPE_OF_COLLISION,MVIW,PED_ACTION,ROAD_SURFACE,ROAD_COND_1,ROAD_COND_2,LIGHTING,CONTROL_DEVICE,CHP_ROAD_TYPE,PEDESTRIAN_ACCIDENT,BICYCLE_ACCIDENT,MOTORCYCLE_ACCIDENT,TRUCK_ACCIDENT,NOT_PRIVATE_PROPERTY,ALCOHOL_INVOLVED,STWD_VEHTYPE_AT_FAULT,CHP_VEHTYPE_AT_FAULT,COUNT_SEVERE_INJ,COUNT_VISIBLE_INJ,COUNT_COMPLAINT_PAIN,COUNT_PED_KILLED,COUNT_PED_INJURED,COUNT_BICYCLIST_KILLED,COUNT_BICYCLIST_INJURED,COUNT_MC_KILLED,COUNT_MC_INJURED,PRIMARY_RAMP,SECONDARY_RAMP,LATITUDE,LONGITUDE,COUNTY,CITY,POINT_X,POINT_Y
8648466,2018,2019-01-25,0704,2018-07-11,0005,539,,3,5,6,0704,0,0,0,,0,003,"SAN MIGUEL RD","SYSTRON DR",515.00,S,N,A,-,N,,,,,,,,,,Y,1,1,0,2,A,-,01,21200,5,N,C,G,A,A,H,-,C,D,0,,Y,,,Y,Y,L,04,0,0,0,0,0,1,0,0,0,"- ","- ",,,"CONTRA COSTA",CONCORD,-122.03002166748047,37.962924957275391
8669106,2018,2018-08-02,0709,2018-06-18,0821,457,3210,1,5,4,0709,0,0,0,,0,001,"OAK PARK BL","PUTNAM BL",75.00,E,N,A,-,N,,,,,,,,,,Y,2,0,1,4,A,-,03,22350,,N,C,C,A,A,H,-,A,A,0,,,,,Y,,-,,1,0,0,0,0,0,0,0,0,"- ","- ",,,"CONTRA COSTA","PLEASANT HILL",-122.07325744628906,37.933708190917969
8669355,2018,2018-08-16,0708,2018-05-29,1138,247,,2,5,5,0708,0,0,0,,0,003,"WEST LELAND RD","BAILEY RD",261.00,W,N,A,-,N,,,,,,,,,,Y,2,0,4,2,A,-,09,21804,A,N,D,C,A,A,H,-,A,A,0,,,,,Y,,A,01,3,1,0,0,0,0,0,0,0,"- ","- ",,,"CONTRA COSTA",PITTSBURG,-121.94282531738281,38.015331268310547
8675345,2018,2018-10-04,0740,2018-07-27,1854,SR501,SR72,5,5,4,0791,0,0,0,,0,005,"WINDERMERE PKWY","LONGLEAF CIR",242.00,S,N,A,-,N,,,,,,,,,,Y,2,0,1,1,A,-,03,22350,,N,E,I,A,A,H,-,A,A,0,,,Y,,Y,,C,02,1,0,0,0,0,0,0,0,1,"- ","- ",37.762908935546875,-121.90495300292969,"CONTRA COSTA","SAN RAMON",-121.88712310791016,37.757045745849609
8688596,2018,2018-09-13,0701,2018-06-29,1152,5319,401,5,5,5,0701,0,0,0,,0,004,"GENTRYTOWN DR","JOHNSON DR",0.00,,Y,A,-,N,,,,,,,,,,Y,2,0,1,2,A,-,08,22107,I,N,D,C,A,A,A,H,A,D,0,,,,,Y,,A,01,1,0,0,0,0,0,0,0,0,"- ","- ",,,"CONTRA COSTA",ANTIOCH,-121.8389892578125,37.994541168212891
8694892,2018,2018-09-18,0704,2018-08-24,1338,0426,,5,5,6,0704,0,0,0,,0,003,"DETROIT AV","SHARY CIR N",77.00,E,N,A,-,N,,,,,,,,,,Y,2,0,1,2,A,-,09,21801,A,N,D,C,A,A,H,-,A,D,0,,,Y,,Y,,A,01,1,0,0,0,0,0,0,0,1,"- ","- ",37.956378936767578,-122.02995300292969,"CONTRA COSTA",CONCORD,-122.02986907958984,37.956218719482422
8703456,2018,2018-10-08,0702,2018-08-07,2148,522R,415B,2,5,3,0702,0,0,0,,0,004,"CENTRAL BL","MINNESOTA AV",0.00,,Y,A,C,N,,,,,,,,,,Y,2,0,3,2,A,-,12,21453,A,N,D,C,A,A,H,-,C,A,0,,,,,Y,Y,A,01,2,1,0,0,0,0,0,0,0,"- ","- ",37.93267822265625,-121.71456909179688,"CONTRA COSTA",BRENTWOOD,-121.71450805664062,37.932689666748047
8714884,2018,2018-11-05,0708,2018-09-20,0831,341,046,4,5,5,0708,0,0,0,,0,005,"STONEMAN AV","MEADOWBROOK AV",9.00,E,N,A,-,N,,,,,,,,,,N,2,0,1,2,A,-,03,22350,,N,G,B,B,A,H,-,A,A,0,Y,,,,Y,,A,01,1,0,0,0,1,0,0,0,0,"- ","- ",,,"CONTRA COSTA",PITTSBURG,-121.879150390625,38.004302978515625
8716701,2018,2018-10-17,0704,2018-05-12,2101,572,,6,5,6,0704,0,0,0,,0,005,"CLAYTON RD","DAVIS AV",120.00,E,N,A,-,N,,,,,,,,,,Y,2,0,1,1,A,-,01,23152,A,N,-,I,A,A,H,-,C,D,0,,,,,Y,Y,A,01,1,0,0,0,0,0,0,0,0,"- ","- ",,,"CONTRA COSTA",CONCORD,-122.01709747314453,37.972148895263672
8719688,2018,2018-10-26,0701,2018-08-14,2215,5557,48,2,5,5,0701,0,0,0,,0,004,"FITZUREN RD","G ST",151.00,E,N,A,-,N,,,,,,,,,,Y,2,0,1,2,A,-,08,22107,,N,D,C,A,A,H,-,C,D,0,,,Y,,Y,,A,01,1,0,0,0,0,0,0,0,1,"- ","- ",,,"CONTRA COSTA",ANTIOCH,-121.81575012207031,37.997539520263672
8725413,2018,2018-10-26,0711,2018-10-09,0703,S1110,BAY,2,5,4,0711,0,0,0,,0,001,"RUMRILL BL","20TH ST",0.00,,Y,A,-,N,,,,,,,,,,Y,2,0,1,2,A,-,08,22107,,N,A,C,A,A,H,-,A,D,0,,,,,Y,,A,01,1,0,0,0,0,0,0,0,0,"- ","- ",37.9681396484375,-122.34678649902344,"CONTRA COSTA","SAN PABLO",-122.34676361083984,37.967990875244141
8737672,2018,2018-12-04,0711,2018-10-17,1224,S1111,PATRO,3,5,4,0711,0,0,0,,0,071,"RUMRILL BL","MERRITT AV",188.00,S,N,A,-,N,,,,,,,,,,N,2,0,1,2,A,-,10,21950,A,F,G,B,B,A,H,-,A,D,0,Y,,,Y,Y,,F,55,1,0,0,0,1,0,0,0,0,"- ","- ",,,"CONTRA COSTA","SAN PABLO",-122.34976959228516,37.967014312744141
8737713,2018,2018-11-26,0709,2018-10-28,0300,455,3240,7,5,4,0709,0,0,0,,0,002,"ELLINWOOD WY","ELLINWOOD DR",0.00,,Y,A,-,N,,,,,,,,,,Y,2,0,4,1,A,-,03,22350,,F,F,I,A,A,H,-,C,A,0,,,,,Y,Y,-,,1,2,1,0,0,0,0,0,0,"- ","- ",,,"CONTRA COSTA","PLEASANT HILL",-122.05474853515625,37.959381103515625
8739275,2018,2019-01-17,0704,2018-11-15,0650,380,,4,5,6,0704,0,0,0,,0,004,"PORT CHICAGO HWY","SALVIO ST",0.00,,Y,A,-,N,,,,,,,,,,N,2,0,1,2,A,-,12,21453,A,N,D,G,A,A,H,-,A,A,0,,Y,,,Y,,D,22,1,0,0,0,0,0,1,0,0,"- ","- ",,,"CONTRA COSTA",CONCORD,-122.03015899658203,37.979698181152344
8739626,2018,2019-01-22,0704,2018-11-08,1354,556,,4,5,6,0704,0,0,0,,0,006,"BAILEY RD","MYRTLE RD",5808.00,N,N,A,G,N,,,,,,,,,,Y,2,0,1,1,A,-,03,22350,,N,E,I,A,A,H,-,A,D,0,,,Y,,Y,,C,02,1,0,0,0,0,0,0,0,1,"- ","- ",,,"CONTRA COSTA",CONCORD,-121.95236968994141,37.982376098632812
8742058,2018,2018-11-29,0708,2018-08-14,0707,323,046,2,5,5,0708,0,0,0,,0,001,"RAILROAD AV","EAST 17TH ST",4.00,N,N,A,-,N,,,,,,,,,,Y,2,0,1,2,A,-,05,21650,1,N,G,B,B,A,H,-,A,A,0,Y,,,,Y,,N,60,1,0,0,0,1,0,0,0,0,"- ","- ",,,"CONTRA COSTA",PITTSBURG,-121.88749694824219,38.022079467773438
8750367,2018,2019-01-11,0712,2018-11-13,1800,P530,WALNU,2,5,5,0712,0,0,0,,0,003,"YGNACIO VALLEY RD","WALNUT AV",0.00,,Y,A,-,N,,,,,,,,,,Y,2,0,1,2,A,-,12,21453,A,N,D,C,A,A,H,-,C,A,0,,,Y,,Y,,A,01,1,0,0,0,0,0,0,0,1,"- ","- ",,,"CONTRA COSTA","WALNUT CREEK",-122.03421020507812,37.920761108398438
8754313,2018,2018-12-13,0701,2018-11-01,1848,5321,101,4,5,5,0701,0,0,0,,0,001,"W 10TH ST","O ST",160.00,W,N,A,-,N,,,,,,,,,,N,2,0,1,2,A,-,09,21801,A,N,D,G,A,A,H,-,C,D,0,,Y,,,Y,,L,04,1,0,0,0,0,0,1,0,0,"- ","- ",,,"CONTRA COSTA",ANTIOCH,-121.82398223876953,38.011260986328125
8757750,2018,2019-01-29,0704,2018-10-05,0347,461,,5,5,6,0704,0,0,0,,0,006,"KIRKER PASS RD","MYRTLE DR",95.00,S,N,A,-,N,,,,,,,,,,Y,2,0,1,1,C,-,18,,,N,A,H,A,A,H,-,C,A,0,,,,,Y,,-,"- ",1,0,0,0,0,0,0,0,0,"- ","- ",,,"CONTRA COSTA",CONCORD,-121.94644165039062,37.959632873535156
8758232,2018,2019-01-18,0704,2018-11-22,1845,579,CONCO,4,5,6,0704,0,0,0,,0,004,"EAST ST","CONCORD BL",0.00,,Y,C,-,N,,,,,,,,,,Y,2,0,1,2,A,-,08,22107,,N,B,C,A,B,H,-,C,A,0,,,,,Y,,A,01,1,0,0,0,0,0,0,0,0,"- ","- ",,,"CONTRA COSTA",CONCORD,-122.02999877929688,37.977291107177734
8767463,2018,2019-01-30,0711,2018-11-19,1551,1112,RICHM,1,5,4,0711,0,0,0,,0,001,"SAN PABLO AV","LAKE ST",0.00,,Y,A,-,N,,,,,,,,,,Y,2,0,1,2,A,-,09,21804,A,N,D,C,A,A,H,-,A,D,0,,,,,Y,,A,01,1,0,0,0,0,0,0,0,0,"- ","- ",,,"CONTRA COSTA","SAN PABLO",-122.34352874755859,37.970279693603516
8767897,2018,2019-02-01,0704,2018-12-17,2341,0591,,1,5,6,0704,0,0,0,,0,003,"MONUMENT BL","MOHR LN",153.00,W,N,C,-,N,,,,,,,,,,Y,2,0,2,3,A,-,01,23153,B,N,A,C,A,B,H,-,C,A,0,,,,,Y,Y,D,22,1,1,0,0,0,0,0,0,0,"- ","- ",,,"CONTRA COSTA",CONCORD,-122.05128479003906,37.947788238525391
8771738,2018,2019-01-08,0704,2018-09-14,1629,0581,,5,5,6,0704,0,0,0,,0,006,"CLAYTON RD","THORNWOOD DR",75.00,E,N,A,-,N,,,,,,,,,,Y,2,0,1,2,A,-,10,21952,,N,G,B,E,A,H,-,A,D,0,Y,,,,Y,,A,01,1,0,0,0,1,0,0,0,0,"- ","- ",,,"CONTRA COSTA",CONCORD,-121.98661041259766,37.962543487548828
8773500,2018,2019-01-08,0702,2018-12-03,1346,526J,422B,1,5,3,0702,0,0,0,,0,004,"WALNUT BL","CONTINENTE AV",0.00,,Y,-,-,N,,,,,,,,,,Y,2,0,1,2,A,-,09,21801,A,N,-,-,A,-,-,-,-,-,0,,,Y,,Y,,A,07,1,0,0,0,0,0,0,0,1,"- ","- ",37.921619415283203,-121.69683837890625,"CONTRA COSTA",BRENTWOOD,-121.69628143310547,37.921977996826172
8785797,2018,2019-02-01,0701,2018-10-08,0520,5228,205,1,5,5,0701,0,0,0,,0,002,"A ST","E MADILL ST",0.00,,Y,A,-,N,,,,,,,,,,N,2,0,1,2,A,-,08,22107,,N,G,B,F,A,H,-,C,D,0,Y,,,,Y,,A,07,1,0,0,0,1,0,0,0,0,"- ","- ",,,"CONTRA COSTA",ANTIOCH,-121.80606842041016,38.000911712646484
8793439,2019,2019-02-25,0704,2019-01-08,1355,533,,2,5,6,0704,0,0,0,,0,002,"DIAMOND BL","WILLOW WY",312.00,S,N,A,-,N,,,,,,,,,,Y,2,0,3,2,A,-,12,21453,A,F,D,C,A,A,H,-,A,A,0,,,,,Y,,A,07,1,0,2,0,0,0,0,0,0,"- ","- ",,,"CONTRA COSTA",CONCORD,-122.05528259277344,37.970718383789062
8801564,2019,2019-11-14,0705,2019-01-10,1852,E196,TRAFF,4,5,3,0705,0,0,0,,0,011,"CUTTING BL","PEERLESS AV",0.00,,Y,A,-,Y,CC,4,123,-,-,2.130,I,5,N,N,2,0,1,2,A,-,10,21950,A,F,G,B,B,A,H,-,C,D,0,Y,,,,Y,,-,99,1,0,0,0,1,0,0,0,0,"- ","- ",,,"CONTRA COSTA","EL CERRITO",-122.31944274902344,37.925411224365234
8801773,2019,2019-03-04,0702,2019-01-29,2245,500K,431B,2,5,3,0702,0,0,0,,0,004,"EAGLE ROCK AV","JOHN MUIR PKY",0.00,,Y,A,-,N,,,,,,,,,,Y,2,0,1,2,A,-,01,23152,,N,D,C,A,A,H,-,C,D,0,,,,,Y,Y,A,07,1,0,0,0,0,0,0,0,0,"- ","- ",37.925220489501953,-121.73661804199219,"CONTRA COSTA",BRENTWOOD,-121.7381591796875,37.923431396484375
8802151,2018,2019-03-04,0701,2018-11-21,1753,5936,402,3,5,5,0701,0,0,0,,0,004,"JAMES DONLON BL","NIGHTINGALE DR",250.00,W,N,B,C,N,,,,,,,,,,Y,2,0,4,1,A,-,03,22350,,N,E,I,A,B,H,-,C,D,0,,,,,Y,,A,07,1,1,2,0,0,0,0,0,0,"- ","- ",,,"CONTRA COSTA",ANTIOCH,-121.81781768798828,37.980159759521484
8803037,2018,2019-04-03,0714,2018-08-28,0404,126,184,2,5,4,0714,0,0,0,,0,004,"ELDERWOOD DR","BERNARD WY",89.00,W,N,A,-,N,,,,,,,,,,N,2,0,1,2,A,-,03,22350,,N,C,E,A,A,H,-,C,D,0,,Y,,,Y,,L,04,1,0,0,0,0,0,1,0,0,"- ","- ",37.976829528808594,-122.09690856933594,"CONTRA COSTA",MARTINEZ,-122.09721374511719,37.977016448974609
8808037,2019,2019-03-26,0704,2019-01-02,1519,377,,3,5,6,0704,0,0,0,,0,006,"AYERS RD","CLAYTON RD",260.00,S,N,A,-,N,,,,,,,,,,Y,1,1,0,2,A,-,11,21955,,N,G,B,D,A,H,-,A,D,0,Y,,,,Y,,N,60,0,0,0,1,0,0,0,0,0,"- ","- ",,,"CONTRA COSTA",CONCORD,-121.96950531005859,37.955596923828125
8808346,2018,2019-06-26,0701,2018-11-02,1643,4265,301,5,5,5,0701,0,0,0,,0,003,"REIMCHE DR","DESRYS BL",0.00,,Y,A,-,N,,,,,,,,,,Y,1,1,4,4,A,-,09,21803,A,N,D,C,A,A,H,-,A,A,0,,,,,Y,,D,22,1,2,1,0,0,0,0,0,0,"- ","- ",,,"CONTRA COSTA",ANTIOCH,-121.85359954833984,38.000358581542969
8820535,2019,2019-04-03,0704,2019-03-16,1804,0575,,6,5,6,0704,0,0,0,,0,005,"WILLOW PASS RD","LYNWOOD DR",1540.00,N,N,A,-,N,,,,,,,,,,Y,2,0,3,3,C,-,18,,,N,A,C,A,A,H,-,A,A,0,,,,,Y,,-,"- ",1,1,1,0,0,0,0,0,0,"- ","- ",,,"CONTRA COSTA",CONCORD,-122.00191497802734,37.994987487792969
8834170,2019,2019-04-11,0704,2019-03-25,0202,0583,,1,5,6,0704,0,0,0,,0,002,"LEXINGTON RD","BEDFORD RD",27.00,S,N,A,-,N,,,,,,,,,,Y,2,0,2,1,A,-,08,22107,,M,E,I,A,A,H,-,C,D,0,,,,,Y,Y,A,01,2,0,0,0,0,0,0,0,0,"- ","- ",,,"CONTRA COSTA",CONCORD,-122.04537963867188,37.966197967529297
8838475,2018,2019-05-23,0710,2018-04-07,1730,1709,NORTH,6,5,5,0710,0,0,0,,0,007,"GARVIN AV","24TH ST",0.00,,Y,A,-,N,,,,,,,,,,Y,2,0,7,2,A,-,09,21802,A,N,D,C,A,A,H,-,A,A,0,,,,,Y,,A,08,2,0,5,0,0,0,0,0,0,"- ","- ",,,"CONTRA COSTA",RICHMOND,-122.34544372558594,37.943649291992188
8838484,2018,2019-05-07,0710,2018-06-02,1204,1624,CENTR,6,5,5,0710,0,0,0,,0,005,"BARRETT AV","2ND ST",0.00,,Y,A,-,N,,,,,,,,,,Y,2,0,1,2,A,-,12,22450,A,N,D,C,A,A,H,-,A,A,0,,,Y,,Y,,C,03,1,0,0,0,0,0,0,0,1,"- ","- ",,,"CONTRA COSTA",RICHMOND,-122.36766815185547,37.938430786132812
8842876,2018,2019-05-16,0710,2018-08-11,1709,1426,CENTR,6,5,5,0710,0,0,0,,0,004,"ROOSEVELT AV","22ND ST",30.00,W,N,A,-,N,,,,,,,,,,Y,2,0,3,5,A,-,03,22350,,N,C,C,A,A,H,-,A,A,0,,,,,Y,,A,01,1,0,2,0,0,0,0,0,0,"- ","- ",37.93994140625,-122.34880828857422,"CONTRA COSTA",RICHMOND,-122.34864044189453,37.939960479736328
8843420,2018,2019-05-14,0710,2018-09-29,2030,1717,CENTR,6,5,5,0710,0,0,0,,0,006,"MACDONALD AV","16TH ST",0.00,,Y,A,-,N,,,,,,,,,,N,2,0,1,2,A,-,03,22350,,F,G,B,-,A,H,-,C,A,0,Y,,,,Y,,A,01,1,0,0,0,1,0,0,0,0,"- ","- ",37.935630798339844,-122.35411834716797,"CONTRA COSTA",RICHMOND,-122.35423278808594,37.935710906982422
8843456,2018,2019-05-08,0710,2018-07-16,0801,1380,,1,5,5,0710,0,0,0,,0,,"MARINA BAY PKWY","MEEKER AV",0.00,,Y,A,B,N,,,,,,,,,,N,2,0,1,2,A,-,09,21801,A,N,A,C,A,A,H,-,A,A,0,,,Y,,Y,,C,02,1,0,0,0,0,0,0,0,1,"- ","- ",37.920009613037109,-122.34687805175781,"CONTRA COSTA",RICHMOND,-122.34671020507812,37.919750213623047
8846433,2019,2019-05-16,0706,2019-03-12,0938,212,84,2,5,3,0706,0,0,0,,0,001,"SAN PABLO AV","HERCULES AV",466.00,S,N,A,-,N,,,,,,,,,,Y,2,0,1,2,A,-,03,22350,A,N,C,C,A,A,H,-,A,D,0,,,,,Y,,A,07,1,0,0,0,0,0,0,0,0,"- ","- ",,,"CONTRA COSTA",HERCULES,-122.28426361083984,38.009445190429688
8851586,2019,2019-05-03,0708,2019-03-17,0252,368,0708,7,5,5,0708,0,0,0,,0,002,"RAILROAD AV","CENTRAL AV",506.00,S,N,A,-,N,,,,,,,,,,Y,2,0,1,1,A,-,01,23152,A,N,E,I,A,A,H,-,C,D,0,,,,,Y,Y,A,01,1,0,0,0,0,0,0,0,0,"- ","- ",,,"CONTRA COSTA",PITTSBURG,-121.88692474365234,38.023994445800781
8852451,2019,2019-05-13,0702,2019-04-04,0100,597A,305B,4,5,3,0702,0,0,0,,0,003,"OAK ST","LOTT DR",0.00,,Y,A,-,N,,,,,,,,,,Y,2,0,3,1,A,-,01,23153,A,N,A,I,A,A,H,-,C,A,0,,,,,Y,Y,A,01,1,2,0,0,0,0,0,0,0,"- ","- ",37.934379577636719,-121.69171905517578,"CONTRA COSTA",BRENTWOOD,-121.684775,37.934564999999999
8853460,2018,2019-05-15,0710,2018-10-29,0505,1740,NORTH,1,5,5,0710,0,0,0,,0,008,"RICHMOND PKWY","ATLAS RD",0.00,,Y,A,-,N,,,,,,,,,,N,2,0,1,2,A,-,11,21950,B,N,G,B,B,A,H,-,A,A,0,Y,,,,Y,,N,60,1,0,0,0,1,0,0,0,0,"- ","- ",37.991081237792969,-122.33625793457031,"CONTRA COSTA",RICHMOND,-122.33629608154297,37.991111755371094
8853587,2018,2019-05-17,0710,2018-11-01,1830,1760,CENTR,4,5,5,0710,0,0,0,,0,004,"23RD ST","BROOKS AV",0.00,,Y,A,-,N,,,,,,,,,,Y,2,0,1,2,A,-,08,22107,,F,G,B,D,A,H,-,B,D,0,Y,,,,Y,Y,D,22,1,0,0,0,1,0,0,0,0,"- ","- ",37.940761566162109,-122.34773254394531,"CONTRA COSTA",RICHMOND,-122.34748077392578,37.940769195556641
8861930,2018,2019-09-24,0701,2018-10-31,1250,4265,104,3,5,5,0701,0,0,0,,0,001,"L ST","W 14TH ST",0.00,,Y,A,-,N,,,,,,,,,,N,2,0,1,2,A,-,10,21950,A,F,G,B,B,A,H,-,C,A,0,Y,,,,Y,,-,99,1,0,0,0,1,0,0,0,0,"- ","- ",,,"CONTRA COSTA",ANTIOCH,-121.81968688964844,38.008380889892578
8872851,2019,2019-06-10,0704,2019-05-22,1705,539,,3,5,6,0704,0,0,0,,0,005,"CLAYTON RD","LUCKY DR",0.00,,Y,A,-,N,,,,,,,,,,N,2,0,1,2,A,-,08,22107,,F,D,G,A,A,H,-,A,A,0,,Y,,,Y,,A,01,1,0,0,0,0,0,1,0,0,"- ","- ",,,"CONTRA COSTA",CONCORD,-122.00965118408203,37.970149993896484
8880586,2019,2019-06-21,0711,2019-06-07,1948,S1110,,5,5,4,0711,0,0,0,,0,003,"BROOKSIDE DR","TELEPHONE POLE #1011",104.00,W,N,A,-,N,,,,,,,,,,N,2,0,1,2,A,-,11,21954,A,N,A,B,D,A,H,-,A,D,0,Y,,,,Y,,N,60,1,0,0,0,1,0,0,0,0,"- ","- ",,,"CONTRA COSTA","SAN PABLO",,
8883885,2019,2019-08-19,0704,2019-06-13,0442,598,,4,5,6,0704,0,0,0,,0,002,"WILLOW PASS RD",FRANQUETTE,0.00,,Y,A,-,N,,,,,,,,,,N,2,0,1,2,A,-,11,21954,A,N,-,-,-,A,-,-,C,-,0,Y,,,,Y,Y,N,60,1,0,0,0,1,0,0,0,0,"- ","- ",,,"CONTRA COSTA",CONCORD,-122.05085754394531,37.969581604003906
8888969,2019,2019-07-09,0701,2019-05-23,1946,5730,402,4,5,5,0701,0,0,0,,0,004,"GENTRYTOWN DR","JAMES DONLON BL",0.00,,Y,A,-,N,,,,,,,,,,N,2,0,1,2,A,-,11,21950,B,N,A,B,B,A,H,-,A,A,0,Y,,,,Y,,A,01,1,0,0,0,1,0,0,0,0,"- ","- ",,,"CONTRA COSTA",ANTIOCH,-121.83563232421875,37.983230590820312
8891367,2018,2019-07-19,0710,2018-11-05,1433,1380,CENTR,1,5,5,0710,0,0,0,,0,004,"NEVIN AV","20TH ST",0.00,,Y,A,-,N,,,,,,,,,,Y,2,0,1,2,A,-,12,22450,A,N,D,C,A,A,H,-,A,D,0,,,Y,,Y,,C,06,1,0,0,0,0,0,0,0,1,"- ","- ",,,"CONTRA COSTA",RICHMOND,-122.35054016113281,37.936840057373047
8891525,2018,2019-07-18,0710,2018-07-04,0224,1343,SOUTH,3,5,5,0710,0,0,0,,0,002,"MARINA WAY SOUTH","POTRERO AV",0.00,,Y,A,-,N,,,,,,,,,,Y,2,0,1,2,A,-,12,22450,A,N,D,C,A,A,H,-,C,A,0,,,,Y,Y,,A,01,1,0,0,0,0,0,0,0,0,"- ","- ",,,"CONTRA COSTA",RICHMOND,-122.35587310791016,37.923988342285156
8891530,2018,2019-07-18,0710,2018-07-03,2135,1667,SOUTH,2,5,5,0710,0,0,0,,0,001,"SEACLIFF DR","CANAL BL",34.00,W,N,A,-,N,,,,,,,,,,Y,2,0,2,2,A,-,01,23153,A,F,A,C,A,A,H,-,C,A,0,,,,,Y,Y,A,01,1,0,1,0,0,0,0,0,0,"- ","- ",37.918060302734375,-122.37268829345703,"CONTRA COSTA",RICHMOND,-122.37171936035156,37.916828155517578
8892697,2019,2019-07-24,0740,2019-06-26,1456,SR501,SR/72,3,5,4,0791,0,0,0,,0,001,"CROW CANYON RD","CREEKSIDE DR",24.00,E,N,A,-,N,,,,,,,,,,Y,2,0,1,1,-,-,"- ",,,N,E,I,A,A,H,-,A,A,0,,,,,Y,,-,"- ",1,0,0,0,0,0,0,0,0,"- ","- ",37.770378112792969,-121.99385833740234,"CONTRA COSTA","SAN RAMON",-121.99311828613281,37.772605895996094
8895413,2019,2019-07-15,0700,2019-06-16,0520,OA032,OAK,7,5,3,0734,0,0,0,,0,053,"LAUREL RD","MELLOWOOD DR",480.00,W,N,A,-,N,,,,,,,,,,Y,2,0,2,2,A,-,05,21650,,N,A,C,A,A,D,-,C,D,0,,,,,Y,,A,01,1,1,0,0,0,0,0,0,0,"- ","- ",,,"CONTRA COSTA",OAKLEY,-121.70214080810547,37.983341217041016
8895449,2019,2019-08-14,0700,2019-07-01,1949,OA029,,1,5,3,0734,0,0,0,,0,051,"LIVE OAK AV","NEROLY RD",0.00,,Y,A,-,N,,,,,,,,,,Y,2,0,2,2,A,-,01,23152,A,N,D,C,A,A,H,-,A,D,0,,,,,Y,Y,A,01,1,1,0,0,0,0,0,0,0,"- ","- ",,,"CONTRA COSTA",OAKLEY,-121.74150848388672,37.983268737792969
8910995,2019,2020-05-05,0701,2019-08-23,2319,4265,402,5,5,5,0701,0,0,0,,0,004,"JAMES DONLON BL","RIO GRANDE DR",405.00,E,N,A,-,N,,,,,,,,,,Y,1,1,0,1,A,-,03,22350,,N,E,I,A,A,H,-,C,A,0,,,,,Y,,A,01,0,0,0,0,0,0,0,0,0,"- ","- ",,,"CONTRA COSTA",ANTIOCH,-121.82740020751953,37.983062744140625
8911057,2020,2020-05-20,0701,2020-03-25,2145,4265,406,3,5,5,0701,0,0,0,,0,004,"CONTRA LOMA BL","RT 4",0.00,,Y,A,-,Y,CC,4,4,-,-,26.826,R,4,E,Y,1,1,1,2,A,-,12,21453,A,N,D,C,A,A,H,-,C,A,0,,,,,Y,,A,07,0,1,0,0,0,0,0,0,0,"- ","- ",,,"CONTRA COSTA",ANTIOCH,-121.82361602783203,37.999954223632812
8911309,2020,2020-07-14,0710,2020-02-07,1701,1692,CENTR,5,5,5,0710,0,0,0,,0,004,"COALINGA AV","23RD ST",173.00,W,N,A,-,N,,,,,,,,,,N,1,1,0,2,A,-,11,21954,A,F,G,B,E,A,H,-,A,D,0,Y,,,,Y,,N,60,0,0,0,1,0,0,0,0,0,"- ","- ",37.947360992431641,-122.34754943847656,"CONTRA COSTA",RICHMOND,-122.34806060791016,37.947399139404297
8911324,2020,2020-07-17,0700,2020-02-21,1100,81305,W.C,5,5,3,0792,0,0,0,,0,082,"BROOKWOOD RD","CAMINO PABLO",50.00,E,N,A,-,N,,,,,,,,,,Y,1,1,0,2,A,-,07,21658,,N,A,I,A,A,H,-,A,A,0,,,,,Y,,-,,0,0,0,0,0,0,0,0,0,"- ","- ",,,"CONTRA COSTA",ORINDA,-122.18180847167969,37.877716064453125
8911417,2020,2022-06-11,0708,2020-05-30,1115,355,8214,6,5,5,0708,0,0,0,,0,002,"PITTSBURG-ANTIOCH HWY","LOVERIDGE RD",1795.00,E,N,B,-,N,,,,,,,,,,Y,1,1,1,2,A,-,01,23152,G,N,A,C,A,A,H,-,A,A,0,,,,,Y,Y,A,01,1,0,0,0,0,0,0,0,0,"- ","- ",,,"CONTRA COSTA",PITTSBURG,-121.85427856445312,38.013137817382812
8911512,2020,2020-09-02,0703,2020-03-24,0936,C042,042,2,5,3,0703,0,0,0,,0,007,"CLAYTON RD","WASHINGTON BL",193.00,E,N,B,-,N,,,,,,,,,,Y,1,1,1,2,A,-,01,23153,G,N,C,E,A,A,D,E,A,A,0,,,,Y,Y,Y,A,01,0,1,0,0,0,0,0,0,0,"- ","- ",37.951438903808594,-121.95594024658203,"CONTRA COSTA",CLAYTON,-121.95545959472656,37.951137542724609