CASE_ID,ACCIDENT_YEAR,PROC_DATE,JURIS,COLLISION_DATE,COLLISION_TIME,OFFICER_ID,REPORTING_DISTRICT,DAY_OF_WEEK,CHP_SHIFT,POPULATION,CNTY_CITY_LOC,SPECIAL_COND,BEAT_TYPE,CHP_BEAT_TYPE,CITY_DIVISION_LAPD,CHP_BEAT_CLASS,BEAT_NUMBER,PRIMARY_RD,SECONDARY_RD,DISTANCE,DIRECTION,INTERSECTION,WEATHER_1,WEATHER_2,STATE_HWY_IND,CALTRANS_COUNTY,CALTRANS_DISTRICT,STATE_ROUTE,ROUTE_SUFFIX,POSTMILE_PREFIX,POSTMILE,LOCATION_TYPE,RAMP_INTERSECTION,SIDE_OF_HWY,TOW_AWAY,COLLISION_SEVERITY,NUMBER_KILLED,NUMBER_INJURED,PARTY_COUNT,PRIMARY_COLL_FACTOR,PCF_CODE_OF_VIOL,PCF_VIOL_CATEGORY,PCF_VIOLATION,PCF_VIOL_SUBSECTION,HIT_AND_RUN,TYPE_OF_COLLISION,MVIW,PED_ACTION,ROAD_SURFACE,ROAD_COND_1,ROAD_COND_2,LIGHTING,CONTROL_DEVICE,CHP_ROAD_TYPE,PEDESTRIAN_ACCIDENT,BICYCLE_ACCIDENT,MOTORCYCLE_ACCIDENT,TRUCK_ACCIDENT,NOT_PRIVATE_PROPERTY,ALCOHOL_INVOLVED,STWD_VEHTYPE_AT_FAULT,CHP_VEHTYPE_AT_FAULT,COUNT_SEVERE_INJ,COUNT_VISIBLE_INJ,COUNT_COMPLAINT_PAIN,COUNT_PED_KILLED,COUNT_PED_INJURED,COUNT_BICYCLIST_KILLED,COUNT_BICYCLIST_INJURED,COUNT_MC_KILLED,COUNT_MC_INJURED,PRIMARY_RAMP,SECONDARY_RAMP,LATITUDE,LONGITUDE,COUNTY,CITY,POINT_X,POINT_Y
8911526,2020,2020-09-09,0704,2020-08-08,2148,0537,,6,5,6,0704,0,0,0,,0,006,"CLAYTON RD","WHARTON WY",124.00,E,N,A,-,N,,,,,,,,,,Y,1,1,0,2,A,-,11,21955,,N,G,B,E,A,H,-,C,D,0,Y,,,,Y,Y,N,60,0,0,0,1,0,0,0,0,0,"- ","- ",37.962379455566406,-121.98613739013672,"CONTRA COSTA",CONCORD,-121.98577880859375,37.962238311767578
8911595,2020,2020-09-23,0702,2020-06-29,2211,5671,308B,1,5,3,0702,0,0,0,,0,003,"BRENTWOOD BL","HARVEST DR",0.00,N,N,A,-,N,,,,,,,,,,Y,1,1,0,4,A,-,11,21954,A,F,G,B,E,A,H,-,D,D,0,Y,,,,Y,,N,60,0,0,0,1,0,0,0,0,0,"- ","- ",37.923488616943359,-121.68872833251953,"CONTRA COSTA",BRENTWOOD,-121.688720703125,37.923492431640625
8911736,2020,2020-10-22,0708,2020-07-21,0921,355,8303,2,5,5,0708,0,0,0,,0,005,"KIRKER PASS RD","BUCHANAN RD",0.00,,Y,A,-,N,,,,,,,,,,Y,1,1,2,2,A,-,01,23152,F,N,D,C,A,A,H,-,A,A,0,,,,,Y,Y,A,01,1,1,0,0,0,0,0,0,0,"- ","- ",,,"CONTRA COSTA",PITTSBURG,-121.89649963378906,37.998100280761719
8911786,2020,2020-11-06,0709,2020-10-17,1646,467,,6,5,4,0709,0,0,0,,0,002,"CONTRA COSTA BL","2ND AV",105.00,S,N,A,-,N,,,,,,,,,,Y,1,1,0,2,A,-,09,21804,A,N,D,C,A,A,H,-,A,D,0,,,Y,,Y,,A,07,0,0,0,0,0,0,0,1,0,"- ","- ",37.981651306152344,-122.06726837158203,"CONTRA COSTA","PLEASANT HILL",-122.06720733642578,37.981346130371094
8911858,2020,2020-12-01,0704,2020-09-11,2019,0593,4T,5,5,6,0704,0,0,0,,0,005,"CLAYTON RD","DENKINGER CT",44.00,W,N,A,-,N,,,,,,,,,,Y,1,1,0,2,A,-,11,21955,,N,G,B,D,A,H,-,D,A,0,Y,,,,Y,,N,60,0,0,0,1,0,0,0,0,0,"- ","- ",37.965438842773438,-121.99436950683594,"CONTRA COSTA",CONCORD,-121.99459838867188,37.965423583984375
8911865,2020,2020-12-04,0710,2020-08-20,1558,1705,,4,5,5,0710,0,0,0,,0,004,"23RD ST","BARRETT AV",506.00,N,N,A,-,N,,,,,,,,,,N,1,1,0,2,A,-,11,21950,B,F,G,B,D,A,H,-,A,A,0,Y,,,,Y,,N,60,0,0,0,1,0,0,0,0,0,"- ","- ",37.938411712646484,-122.34783172607422,"CONTRA COSTA",RICHMOND,-122.34751129150391,37.939830780029297
8921436,2019,2019-09-25,0710,2019-07-03,2243,1586,SOUTH,3,5,5,0710,0,0,0,,0,003,"CUTTING BL","49TH ST",54.00,W,N,B,-,N,,,,,,,,,,Y,2,0,2,6,A,-,01,23153,B,F,G,B,E,A,H,-,C,D,0,Y,,,,Y,Y,D,22,1,1,0,0,1,0,0,0,0,"- ","- ",,,"CONTRA COSTA",RICHMOND,-122.32376861572266,37.925548553466797
8922323,2019,2019-08-30,0710,2019-05-27,1904,1730,NORTH,1,5,5,0710,0,0,0,,0,008,"RICHMOND PKWY","GIANT HWY",0.00,,Y,A,-,N,,,,,,,,,,Y,2,0,3,1,A,-,03,22350,,N,F,I,A,A,H,-,A,A,0,,,,,Y,,A,01,2,0,1,0,0,0,0,0,0,"- ","- ",,,"CONTRA COSTA",RICHMOND,-122.35279083251953,37.980098724365234
8925139,2019,2019-08-28,0710,2019-03-29,1025,1593,SOUTH,5,5,5,0710,0,0,0,,0,001,"HARBOR WY",CUTTING,89.00,S,N,A,-,N,,,,,,,,,,Y,2,0,2,2,A,-,05,21650,,N,A,C,A,A,H,-,A,D,0,,,,,Y,,A,01,2,0,0,0,0,0,0,0,0,"- ","- ",,,"CONTRA COSTA",RICHMOND,-122.36005401611328,37.924976348876953
8938137,2019,2019-09-23,0701,2019-07-10,1802,3361,202,3,5,5,0701,0,0,0,,0,002,"A ST","PARK LN",0.00,,Y,A,-,N,,,,,,,,,,N,2,0,1,4,A,-,03,22350,,N,C,C,A,A,H,-,A,A,0,,,Y,,Y,Y,C,02,1,0,0,0,0,0,0,0,1,"- ","- ",,,"CONTRA COSTA",ANTIOCH,-121.8060302734375,38.009681701660156
8939215,2019,2019-12-17,0702,2019-09-05,1209,490M,431B,4,5,3,0702,0,0,0,,0,004,"BALFOUR RD","RT 4",0.00,E,N,A,-,Y,CC,4,4,-,R,35.520,R,4,E,Y,1,1,0,2,A,-,12,21453,A,N,B,J,A,A,H,-,A,A,0,,,,Y,Y,,F,27,0,0,0,0,0,0,0,0,0,"- ",EO,37.925369262695312,-121.73866271972656,"CONTRA COSTA",BRENTWOOD,-121.73328399658203,37.926383972167969
8939419,2019,2019-12-26,0712,2019-09-29,1133,P537,,7,5,5,0712,0,0,0,,0,001,"TICE VALLEY RD","CHIVES WY",100.00,W,N,A,-,N,,,,,,,,,,N,1,1,0,2,A,-,10,21950,A,N,G,B,C,A,H,-,A,A,0,Y,,,,Y,,A,07,0,0,0,1,0,0,0,0,0,"- ","- ",,,"CONTRA COSTA","WALNUT CREEK",,
8939665,2019,2020-03-18,0710,2019-12-28,1235,1549,,6,5,5,0710,0,0,0,,0,001,"BIKE TRL","STANDARD LN",416.00,N,N,A,-,N,,,,,,,,,,N,1,1,0,1,A,-,03,22350,,N,H,G,A,A,H,-,A,D,0,,Y,,,Y,,L,04,0,0,0,0,0,1,0,0,0,"- ","- ",,,"CONTRA COSTA",RICHMOND,,
8941579,2019,2019-10-03,0740,2019-08-19,1138,SR078,SR72,1,5,4,0791,0,0,0,,0,001,"DEERWOOD RD","PROMONTORY TER",22.00,E,N,A,-,N,,,,,,,,,,N,2,0,1,1,D,-,00,,,N,E,J,A,A,B,-,A,D,0,,Y,,,Y,,-,"- ",1,0,0,0,0,0,1,0,0,"- ","- ",,,"CONTRA COSTA","SAN RAMON",-121.98770141601562,37.776561737060547
8953966,2019,2019-10-18,0704,2019-09-24,1915,609,VALLE,2,5,6,0704,0,0,0,,0,006,"CLAYTON RD","BAILEY RD",322.00,W,N,A,-,N,,,,,,,,,,Y,2,0,1,2,A,-,09,21801,A,N,H,A,A,A,H,-,B,A,0,,,Y,,Y,,A,01,1,0,0,0,0,0,0,0,1,"- ","- ",,,"CONTRA COSTA",CONCORD,-121.98367309570312,37.96148681640625
8961867,2019,2019-10-30,0704,2019-10-12,1931,0551,,6,5,6,0704,0,0,0,,0,006,"CONCORD BL","CRESTWOOD CIR",253.00,W,N,A,-,N,,,,,,,,,,Y,2,0,1,2,D,-,00,,,N,C,G,A,A,H,-,C,A,0,,Y,,,Y,,-,"- ",1,0,0,0,0,0,1,0,0,"- ","- ",,,"CONTRA COSTA",CONCORD,-121.98313903808594,37.974845886230469
8970831,2019,2019-11-08,0740,2019-09-19,1852,SR056,SR72,4,5,4,0791,0,0,0,,0,"BEAT 1","BOLLINGER CANYON RD","SAN RAMON VALLEY BL/ TALAVERA",621.00,W,N,A,-,N,,,,,,,,,,Y,2,0,2,2,A,-,05,21651,B,N,A,C,A,A,H,-,A,D,0,,,,,Y,,A,01,1,1,0,0,0,0,0,0,0,"- ","- ",37.758628845214844,-121.97058868408203,"CONTRA COSTA","SAN RAMON",-121.97018432617188,37.759361267089844
8972371,2019,2019-11-12,0704,2019-10-23,1207,605,,3,5,6,0704,0,0,0,,0,001,"OLIVERA RD","GRANT ST",0.00,,Y,A,-,N,,,,,,,,,,N,2,0,1,2,A,-,11,21461,5,N,G,B,D,A,H,-,A,A,0,Y,,,,Y,,N,60,1,0,0,0,1,0,0,0,0,"- ","- ",,,"CONTRA COSTA",CONCORD,-122.04205322265625,37.997760772705078
8972507,2019,2019-11-18,0708,2019-10-12,2331,373,0406,6,5,5,0708,0,0,0,,0,001,"RAILROAD AV","SCHOOL ST",0.00,,Y,A,-,N,,,,,,,,,,Y,2,0,1,2,A,-,01,23152,A,F,A,C,A,A,H,-,C,D,0,,,,,Y,Y,D,22,1,0,0,0,0,0,0,0,0,"- ","- ",,,"CONTRA COSTA",PITTSBURG,-121.88773345947266,38.021480560302734
8976627,2019,2020-01-03,0714,2019-10-30,1256,111,10-2,3,5,4,0714,0,0,0,,0,002,"ALHAMBRA AV","H ST",0.00,,Y,A,-,N,,,,,,,,,,Y,2,0,2,2,A,-,09,21801,,N,D,C,A,A,H,-,A,D,0,,,,,Y,,A,01,1,1,0,0,0,0,0,0,0,"- ","- ",37.998378753662109,-122.13217163085938,"CONTRA COSTA",MARTINEZ,-122.13217163085938,37.998401641845703
8977535,2019,2019-11-20,0710,2019-09-27,1030,1619,CENTR,5,5,5,0710,0,0,0,,0,006,"NEVIN AV","11TH ST",36.00,S,N,A,-,N,,,,,,,,,,Y,2,0,2,2,A,-,03,22350,,N,A,J,-,A,H,-,A,D,0,Y,,,,Y,,-,"- ",1,0,1,0,1,0,0,0,0,"- ","- ",,,"CONTRA COSTA",RICHMOND,-122.35903167724609,37.93682861328125
8977584,2019,2019-11-19,0710,2019-09-18,1600,1687,CENTR,3,5,5,0710,0,0,0,,0,006,"MACDONALD AV","8TH ST",0.00,,Y,A,-,N,,,,,,,,,,Y,2,0,2,5,A,-,12,21453,A,F,D,C,A,A,H,-,A,A,0,,,,,Y,,A,01,1,0,1,0,0,0,0,0,0,"- ","- ",37.935741424560547,-122.36173248291016,"CONTRA COSTA",RICHMOND,-122.36186218261719,37.935710906982422
8979297,2019,2019-12-16,0701,2019-09-16,1518,4695,101,1,5,5,0701,0,0,0,,0,001,"W 10TH ST","O ST",15.00,,N,A,-,N,,,,,,,,,,N,2,0,2,3,A,-,"- ",,,N,G,B,B,A,H,-,A,D,0,Y,,,,Y,,A,01,1,1,0,0,2,0,0,0,0,"- ","- ",,,"CONTRA COSTA",ANTIOCH,-121.82343292236328,38.011260986328125
8991221,2019,2020-01-28,0708,2019-11-18,1720,330,046,1,5,5,0708,0,0,0,,0,002,"EAST 10TH ST","CUMBERLAND ST",15.00,E,N,A,-,N,,,,,,,,,,N,2,0,1,2,A,-,09,21804,A,F,F,A,A,A,H,-,C,A,0,,,Y,,Y,Y,D,22,1,0,0,0,0,0,0,0,1,"- ","- ",,,"CONTRA COSTA",PITTSBURG,-121.88427734375,38.027687072753906
8991390,2019,2020-01-28,0708,2019-11-12,1625,355,0708,2,5,5,0708,0,0,0,,0,001,"NORTH PARKSIDE DR","WARREN WY",16.00,E,N,A,-,N,,,,,,,,,,Y,2,0,1,1,A,-,03,22350,,N,E,I,A,A,H,-,A,A,0,,,Y,,Y,,C,02,1,0,0,0,0,0,0,0,1,"- ","- ",,,"CONTRA COSTA",PITTSBURG,-121.89647674560547,38.025016784667969
8999487,2018,2019-12-07,0710,2018-12-20,1813,1407,SOUTH,4,5,5,0710,0,0,0,,0,001,"OHIO AV","SOUTH 8TH ST",84.00,W,N,A,-,N,,,,,,,,,,N,2,0,1,2,A,-,11,21953,,N,A,B,D,A,H,-,C,A,0,Y,,,,Y,,A,01,1,0,0,0,1,0,0,0,0,"- ","- ",,,"CONTRA COSTA",RICHMOND,-122.36224365234375,37.930820465087891
90015935,2015,2016-03-17,9320,2015-09-02,0855,017342,,3,1,9,0700,0,2,4,,2,038,"BEAR CREEK RD N/B","ALHAMBRA VALLEY RD.",61.00,S,N,A,-,N,,,,,,,,,,N,2,0,1,1,A,-,03,22350,,N,F,A,A,A,H,-,A,D,0,,Y,,,Y,,L,04,1,0,0,0,0,0,1,0,0,"- ","- ",,,"CONTRA COSTA",UNINCORPORATED,-122.20075239000001,37.963022719999998
90042920,2015,2015-11-02,9320,2015-10-16,1430,020667,,5,2,9,0700,0,3,5,,2,063,"SUMMIT ROAD (S/B)","SOUTH GATE ROAD",2640.00,N,N,A,-,N,,,,,,,,,,N,2,0,1,1,C,-,18,,,N,E,I,A,A,H,-,A,D,0,,Y,,,Y,,-,"- ",1,0,0,0,0,0,1,0,0,"- ","- ",37.863010000000003,-121.92775,"CONTRA COSTA",UNINCORPORATED,-121.93219999999999,37.866860000000003
90045416,2015,2015-11-05,9390,2015-10-06,1310,017135,,2,1,9,0700,0,3,5,,2,100,"NOTTINGHAM DRIVE (4200 BLOCK)","TROWBRIDGE WAY",238.00,N,N,A,-,N,,,,,,,,,,Y,2,0,1,1,A,-,03,22350,,N,F,A,A,A,H,-,A,D,0,,,Y,,Y,,C,02,1,0,0,0,0,0,0,0,1,"- ","- ",37.804259999999999,-121.91074,"CONTRA COSTA",UNINCORPORATED,-121.91087954,37.804461629999999
90046008,2015,2015-11-06,9320,2015-10-22,1515,019086,,4,2,9,0700,0,3,5,,2,039,"WINDWARD DR","CORAL DR",423.00,S,N,A,-,N,,,,,,,,,,N,2,0,1,2,A,-,08,22107,,N,D,C,A,A,H,-,A,D,0,,,Y,,Y,,A,01,1,0,0,0,0,0,0,0,1,"- ","- ",38.020429999999998,-122.24983,"CONTRA COSTA",UNINCORPORATED,-122.25380623,38.017433140000001
90046186,2015,2015-12-30,9320,2015-08-16,0042,019535,,7,3,5,0701,0,1,3,,2,404,"SR-4 E/B","A"" ST.""",490.00,E,N,A,-,Y,,,,,,,,,,Y,1,1,0,2,A,-,11,21954,A,N,G,B,D,A,D,-,D,D,0,Y,,,,Y,,N,60,0,0,0,1,0,0,0,0,0,"- ","- ",,,"CONTRA COSTA",ANTIOCH,,
90054481,2015,2015-11-19,9320,2015-10-30,2325,020222,,5,3,3,0702,0,1,3,,1,406,"MARSH CREEK RD W/B","WALNUT BLVD",40.00,E,N,A,-,N,,,,,,,,,,Y,2,0,6,4,A,-,01,23152,A,N,C,C,A,A,H,-,C,A,0,,,,,Y,Y,D,22,2,0,4,0,0,0,0,0,0,"- ","- ",37.896410000000003,-121.69620999999999,"CONTRA COSTA",BRENTWOOD,-121.69615134999999,37.896380000000001
90057776,2015,2015-11-23,9320,2015-11-13,1725,019914,,5,2,5,0708,0,1,3,,2,404,"SR-4 WB","LOVERIDGE O/C",2500.00,W,N,A,-,Y,,,,,,,,,,Y,2,0,4,3,A,-,03,22350,,N,C,D,A,A,H,-,C,D,0,,,,,Y,,A,01,1,0,3,0,0,0,0,0,0,"- ","- ",,,"CONTRA COSTA",PITTSBURG,-121.87548895,38.013768849999998
9006854,2019,2020-02-15,0704,2019-12-27,2225,579,CONCO,5,5,6,0704,0,0,0,,0,003,"MONUMENT BL","VICTORY LN",18.00,E,N,A,-,N,,,,,,,,,,Y,2,0,1,2,A,-,05,21650,,F,A,C,A,A,H,-,C,A,0,,,,,Y,,A,01,1,0,0,0,0,0,0,0,0,"- ","- ",,,"CONTRA COSTA",CONCORD,-122.04738616943359,37.950481414794922
9007110,2019,2020-02-12,0740,2019-12-23,0555,SR078,SR725,1,5,4,0791,0,0,0,,0,001,"CROW CANYON RD","BOLLINGER CANYON RD",421.00,W,N,B,E,N,,,,,,,,,,Y,2,0,2,2,A,-,05,21650,A,N,A,C,A,A,H,-,C,D,0,,,,,Y,,A,01,2,0,0,0,0,0,0,0,0,"- ","- ",,,"CONTRA COSTA","SAN RAMON",-121.99740600585938,37.772663116455078
9007797,2019,2020-01-07,0708,2019-10-30,2123,369,,3,5,5,0708,0,0,0,,0,004,"RAILROAD AV","ALVARADO AV",0.00,,Y,A,-,N,,,,,,,,,,Y,2,0,1,2,A,-,12,21453,A,N,H,G,A,A,H,-,C,C,0,,Y,,,Y,,L,04,1,0,0,0,0,0,1,0,0,"- ","- ",,,"CONTRA COSTA",PITTSBURG,-121.89199829101562,38.009891510009766
90090363,2015,2016-01-07,9320,2015-08-05,1447,010179,,3,2,3,0792,0,1,3,,2,240,"S/R 24 E/B","WILDER ROAD.",361.00,E,N,A,-,Y,,,,,,,,,,Y,1,1,1,2,A,-,01,23152,,N,B,C,A,A,H,-,A,D,0,,,,,Y,Y,A,01,0,1,0,0,0,0,0,0,0,"- ","- ",,,"CONTRA COSTA",ORINDA,,
90094337,2015,2016-01-13,9320,2015-11-30,0016,020196,,1,3,5,0708,0,1,3,,2,403,"E/B SR-4","RAILROAD AVE",1320.00,W,N,A,-,Y,,,4,,,,,,,Y,2,0,1,2,A,-,01,23152,A,F,C,C,A,A,H,-,E,D,0,,,,,Y,Y,A,01,1,0,0,0,0,0,0,0,0,"- ","- ",38.019739999999999,-121.90285,"CONTRA COSTA",PITTSBURG,-121.90284766000001,38.019803940000003
90098313,2016,2016-01-19,9320,2016-01-12,0030,019747,,2,3,9,0700,0,2,4,,2,037,"FRANKLIN CANYON ROAD","WOLCUTT LANE",14.00,E,N,A,-,N,,,,,,,,,,Y,2,0,1,1,A,-,08,22107,,F,E,I,A,A,H,-,D,D,0,,,,,Y,,A,07,1,0,0,0,0,0,0,0,0,"- ","- ",,,"CONTRA COSTA",UNINCORPORATED,-122.15558163,37.997816280000002
90106776,2016,2016-02-01,9320,2016-01-18,0108,019850,,1,3,5,0701,0,1,3,,2,404,"SR-4 E/B",SR-160,2800.00,W,N,B,C,Y,,,,,,,,,,Y,2,0,1,1,A,-,08,22107,,N,E,I,A,B,H,-,D,D,0,,,,,Y,,A,01,1,0,0,0,0,0,0,0,0,"- ","- ",,,"CONTRA COSTA",ANTIOCH,-121.77527480000001,37.994289430000002
90107369,2015,2017-06-07,9320,2015-09-14,0716,019411,,1,1,9,0700,0,1,1,,2,180,"I-80 W/B","WILLOW AVE",1266.00,E,N,B,-,Y,,,80,,,,,,W,Y,1,1,0,2,A,-,03,22350,,F,G,B,E,A,H,-,B,D,0,Y,,,,Y,,A,07,0,0,0,1,0,0,0,0,0,"- ","- ",38.025640000000003,-122.25954,"CONTRA COSTA",UNINCORPORATED,-122.25958199999999,38.02567904
90115747,2016,2016-02-16,9320,2016-02-08,1325,019086,,1,1,9,0700,0,1,3,,2,400,"SR-4 W/B","FRANKLIN CANYON RD",5280.00,E,N,A,-,Y,,,4,,,,,,W,Y,2,0,2,1,A,-,08,22107,,N,E,I,A,A,H,-,A,D,0,,,,,Y,,A,07,1,1,0,0,0,0,0,0,0,"- ","- ",38.008290000000002,-122.21263,"CONTRA COSTA",UNINCORPORATED,-122.2126301,38.008243059999998
90116626,2016,2016-02-25,9390,2016-01-22,2226,019612,,5,3,4,0791,0,1,1,,2,068,"I-680 NORTHBOUND","ALCOSTA BOULEVARD",1500.00,N,N,B,C,Y,,,,,,,,,,Y,1,1,0,2,C,-,18,,,N,H,A,A,B,H,-,D,D,0,,,,,Y,,-,"- ",0,0,0,0,0,0,0,0,0,"- ","- ",37.434699999999999,-121.5642,"CONTRA COSTA","SAN RAMON",-121.94277366999999,37.72700202
90118262,2015,2016-02-18,9320,2015-11-27,0240,020222,,5,3,9,0700,0,1,1,,2,681,"I-680 SOUTHBOUND","LIVORNA RD",795.00,N,N,A,-,Y,,,680,,,,,,S,Y,1,1,0,1,A,-,01,23152,A,N,E,I,A,A,H,-,C,D,0,,,,,Y,Y,A,01,0,0,0,0,0,0,0,0,0,"- ","- ",37.863630000000001,-122.03668,"CONTRA COSTA",UNINCORPORATED,-122.03641046,37.863968569999997
90121678,2016,2016-02-23,9320,2016-02-15,1228,018553,,1,1,9,0700,0,1,3,,2,241,"SR-24 EASTBOUND","ACALANES RD. U/C",1056.00,E,N,A,-,Y,,,,,,,,,,Y,2,0,2,2,A,-,01,23152,E,N,B,C,A,A,H,-,A,D,0,,,,,Y,,A,01,1,1,0,0,0,0,0,0,0,"- ","- ",,,"CONTRA COSTA",UNINCORPORATED,-122.15080383,37.891289049999997
9012561,2019,2020-01-03,0705,2019-11-16,1717,E233,PATRO,6,5,3,0705,0,0,0,,0,010,"WALDO AV","NORVELL ST",0.00,,Y,A,-,N,,,,,,,,,,N,2,0,1,2,A,-,10,21950,A,N,G,B,D,A,H,-,B,A,0,Y,,,,Y,,A,01,1,0,0,0,1,0,0,0,0,"- ","- ",37.911811828613281,-122.30169677734375,"CONTRA COSTA","EL CERRITO",-122.30146789550781,37.912101745605469
90125984,2016,2016-02-29,9320,2016-02-19,1710,018371,BAY,5,2,3,0707,0,1,1,,2,180,"INTERSTATE 80 EASTBOUND (I-80 E/B)","APPIAN WAY",1300.00,E,N,A,-,Y,,,,,,,,,,Y,2,0,1,2,A,-,07,21658,A,N,C,C,A,B,H,-,B,D,0,,,Y,,Y,,A,01,1,0,0,0,0,0,0,0,1,"- ","- ",,,"CONTRA COSTA",PINOLE,,
90131745,2016,2016-03-08,9320,2016-03-06,1013,018525,,7,1,9,0700,0,3,5,,2,075,"BAILEY RD","CANAL RD",0.00,,Y,B,-,N,,,,,,,,,,Y,2,0,2,2,A,-,12,21453,A,N,D,C,A,B,H,-,A,A,0,,,,,Y,,A,01,1,0,1,0,0,0,0,0,0,"- ","- ",,,"CONTRA COSTA",UNINCORPORATED,-121.94187986,38.021559969999998
90136642,2016,2017-04-25,9320,2016-02-10,1800,016636,,3,2,5,0708,0,1,3,,2,404,"SR-4 EB FROM LOVERIDGE RD NB","LOVERIDGE RD",679.00,E,N,A,-,Y,,,,,,,,,,Y,2,0,1,2,A,-,03,22350,,N,C,C,A,A,H,-,C,D,0,,,Y,,Y,,C,02,1,0,0,0,0,0,0,0,1,"- ","- ",,,"CONTRA COSTA",PITTSBURG,-121.86727,38.011679999999998
90140163,2015,2016-03-21,9320,2015-11-28,2258,019546,,6,3,9,0700,0,2,4,,2,012,"SAN PABLO DAM ROAD","CAMINO PABLO",8976.00,N,N,A,-,N,,,,,,,,,,Y,1,1,0,1,A,-,01,23152,A,N,E,I,A,A,H,-,D,D,0,,,,,Y,Y,D,22,0,0,0,0,0,0,0,0,0,"- ","- ",37.91431,-122.23417000000001,"CONTRA COSTA",UNINCORPORATED,-122.23387814,37.91309863
9014156,2019,2020-02-18,0709,2019-12-21,0133,440,3020,6,5,4,0709,0,0,0,,0,002,"CONTRA COSTA BL","GOLF CLUB RD",175.00,N,N,E,-,N,,,,,,,,,,Y,2,0,2,1,A,-,01,23152,,N,E,I,A,B,G,-,C,D,0,,,,,Y,Y,A,01,1,1,0,0,0,0,0,0,0,"- ","- ",37.948329925537109,-122.06565856933594,"CONTRA COSTA","PLEASANT HILL",-122.06380462646484,37.972061157226562
90146772,2016,2016-03-29,9320,2016-03-23,1015,013800,,3,1,6,0704,0,1,3,,2,402,"S.R. 4 W/B","PERALTA ROAD",1710.00,E,N,A,-,Y,,,,,,,,,,Y,2,0,2,2,A,-,03,22350,,N,C,C,A,A,H,-,A,D,0,,,,,Y,,D,22,1,0,1,0,0,0,0,0,0,"- ","- ",,,"CONTRA COSTA",CONCORD,,
90167085,2016,2016-04-27,9390,2016-04-17,1603,020368,,7,2,9,0700,0,2,4,,2,110,"DOUGHERTY ROAD","IVY LEAF SPRINGS ROAD",1056.00,S,N,A,-,N,,,,,,,,,,Y,2,0,3,3,A,-,05,21460,A,N,A,C,A,A,H,-,A,D,0,,,,,Y,,A,01,1,2,0,0,0,0,0,0,0,"- ","- ",37.756239999999998,-121.91428000000001,"CONTRA COSTA",UNINCORPORATED,-121.91430867,37.756260619999999
90173057,2016,2016-05-04,9320,2016-03-09,0528,016713,,3,3,9,0700,0,2,4,,1,042,"PACHECO BLVD.","CAMINO DEL SOL",697.00,E,N,B,C,N,,,,,,,,,,Y,1,1,1,2,A,-,08,22107,,N,A,C,A,B,H,-,C,D,0,,,,,Y,,A,01,0,0,1,0,0,0,0,0,0,"- ","- ",,,"CONTRA COSTA",UNINCORPORATED,-122.09368215000001,38.007586140000001
90186369,2016,2016-05-24,9320,2016-05-02,0233,020295,,1,3,9,0700,0,1,1,,2,683,"I-680 N/B","PACHECO BLVD.",1398.00,N,N,A,-,Y,,,680,,,,,,N,Y,1,1,0,1,A,-,05,21651,B,N,E,I,A,A,H,-,D,D,0,,,,,Y,,A,01,0,0,0,0,0,0,0,0,0,"- ","- ",38.015239999999999,-122.09263,"CONTRA COSTA",UNINCORPORATED,-122.09258312,38.015285030000001
90191794,2016,2016-06-07,9320,2016-03-13,1510,019423,,7,2,4,0714,0,1,1,,2,684,"I-680 SOUTHBOUND","MARINA VISTA AVENUE U/C",3168.00,N,N,C,-,Y,,,,,,,,,,Y,1,1,0,1,A,-,08,22107,,N,E,I,A,B,H,-,A,D,0,,,,,Y,,A,07,0,0,0,0,0,0,0,0,0,"- ","- ",,,"CONTRA COSTA",MARTINEZ,,
9019323,2019,2020-02-06,0708,2019-12-21,1230,350,046,6,5,5,0708,0,0,0,,0,001,"E TRIDENT DR","BALCLUTHA WY",448.00,E,N,B,-,N,,,,,,,,,,Y,2,0,1,2,A,-,03,22350,,N,F,A,A,A,H,-,A,D,0,,,Y,,Y,,C,02,1,0,0,0,0,0,0,0,1,"- ","- ",,,"CONTRA COSTA",PITTSBURG,-121.92231750488281,38.026203155517578
90193317,2016,2016-06-02,9320,2016-06-01,1835,016636,,3,2,5,0701,0,1,3,,2,404,"SR-4 WB","G ST O/C",150.00,E,N,A,-,Y,,,,,,,,,,Y,2,0,1,1,C,-,18,,,N,E,I,A,A,D,-,A,D,0,,,,,Y,,-,"- ",1,0,0,0,0,0,0,0,0,"- ","- ",,,"CONTRA COSTA",ANTIOCH,-121.81474971999999,37.998406230000001
90193610,2016,2016-06-02,9320,2016-04-24,2134,020192,,7,2,9,0700,0,2,4,,2,072,"BAILEY ROAD","W. LELAND ROAD",6389.00,S,N,A,-,Y,,,,,,,,,,Y,2,0,1,2,A,-,05,21460,A,F,A,C,A,A,H,-,D,D,0,,,,,Y,,A,01,1,0,0,0,0,0,0,0,0,"- ","- ",,,"CONTRA COSTA",UNINCORPORATED,-121.94694641,38.00005307
9019921,2019,2020-02-04,0712,2019-12-13,2209,P583,,5,5,5,0712,0,0,0,,0,003,"YGNACIO VALLEY RD","SAN CARLOS DR",390.00,E,N,C,-,N,,,,,,,,,,Y,2,0,1,2,A,-,09,21801,A,N,D,C,A,B,H,-,C,A,0,,,,,Y,Y,A,01,1,0,0,0,0,0,0,0,0,"- ","- ",,,"CONTRA COSTA","WALNUT CREEK",-122.03854370117188,37.918354034423828