CASE_ID,ACCIDENT_YEAR,PROC_DATE,JURIS,COLLISION_DATE,COLLISION_TIME,OFFICER_ID,REPORTING_DISTRICT,DAY_OF_WEEK,CHP_SHIFT,POPULATION,CNTY_CITY_LOC,SPECIAL_COND,BEAT_TYPE,CHP_BEAT_TYPE,CITY_DIVISION_LAPD,CHP_BEAT_CLASS,BEAT_NUMBER,PRIMARY_RD,SECONDARY_RD,DISTANCE,DIRECTION,INTERSECTION,WEATHER_1,WEATHER_2,STATE_HWY_IND,CALTRANS_COUNTY,CALTRANS_DISTRICT,STATE_ROUTE,ROUTE_SUFFIX,POSTMILE_PREFIX,POSTMILE,LOCATION_TYPE,RAMP_INTERSECTION,SIDE_OF_HWY,TOW_AWAY,COLLISION_SEVERITY,NUMBER_KILLED,NUMBER_INJURED,PARTY_COUNT,PRIMARY_COLL_FACTOR,PCF_CODE_OF_VIOL,PCF_VIOL_CATEGORY,PCF_VIOLATION,PCF_VIOL_SUBSECTION,HIT_AND_RUN,TYPE_OF_COLLISION,MVIW,PED_ACTION,ROAD_SURFACE,ROAD_COND_1,ROAD_COND_2,LIGHTING,CONTROL_DEVICE,CHP_ROAD_TYPE,PEDESTRIAN_ACCIDENT,BICYCLE_ACCIDENT,MOTORCYCLE_ACCIDENT,TRUCK_ACCIDENT,NOT_PRIVATE_PROPERTY,ALCOHOL_INVOLVED,STWD_VEHTYPE_AT_FAULT,CHP_VEHTYPE_AT_FAULT,COUNT_SEVERE_INJ,COUNT_VISIBLE_INJ,COUNT_COMPLAINT_PAIN,COUNT_PED_KILLED,COUNT_PED_INJURED,COUNT_BICYCLIST_KILLED,COUNT_BICYCLIST_INJURED,COUNT_MC_KILLED,COUNT_MC_INJURED,PRIMARY_RAMP,SECONDARY_RAMP,LATITUDE,LONGITUDE,COUNTY,CITY,POINT_X,POINT_Y
90199249,2016,2016-06-10,9320,2016-04-21,0320,020498,,4,3,9,0700,0,1,1,,2,180,"I-80 E/B","CUMMINGS SKWY O/C",746.00,W,N,B,-,Y,,,80,,,,,,E,Y,1,1,2,5,A,-,03,22350,,N,B,C,A,A,D,-,C,D,0,,,,Y,Y,,G,25,0,2,0,0,0,0,0,0,0,"- ","- ",38.043289999999999,-122.24072,"CONTRA COSTA",UNINCORPORATED,-122.24072786000001,38.04330126
90202184,2016,2016-06-15,9320,2016-05-31,0005,020295,,2,3,3,0792,0,1,3,,2,240,"SR-24 W/B","CAMINO PABLO",118.00,E,N,A,-,Y,,,24,,,,,,W,Y,2,0,1,1,A,-,01,23152,A,M,E,I,A,A,H,-,C,D,0,,,,,Y,Y,A,01,1,0,0,0,0,0,0,0,0,"- ","- ",37.879640000000002,-122.1844,"CONTRA COSTA",ORINDA,-122.18432974,37.879546310000002
90204188,2016,2016-06-17,9390,2016-05-28,1137,021262,,6,1,9,0700,0,3,5,,2,100,"MORGAN TERRITORY ROAD (11000 BLOCK)","TWINS OAKS LANE",3696.00,N,N,A,-,N,,,,,,,,,,N,1,1,0,1,A,-,08,22107,,N,F,A,A,A,H,-,A,D,0,,Y,,,Y,,L,04,0,0,0,0,0,1,0,0,0,"- ","- ",37.783709999999999,-121.77155,"CONTRA COSTA",UNINCORPORATED,-121.77191363999999,37.783138479999998
90211688,2016,2016-08-25,9320,2016-06-12,0103,020667,,7,3,5,0701,0,1,3,,2,404,"SR-4 (E/B)","G STREET",214.00,E,N,A,-,Y,,,4,,,,,,,Y,1,1,0,1,A,-,08,22107,,N,E,I,A,A,H,-,D,D,0,,,,,Y,Y,A,01,0,0,0,0,0,0,0,0,0,"- ","- ",37.997979999999998,-121.81041,"CONTRA COSTA",ANTIOCH,-121.81041131000001,37.998111530000003
90212782,2016,2016-06-30,9320,2016-06-18,0350,019535,,6,3,4,0709,0,1,1,,2,683,"I-680 N/B","MONUMENT BLVD U/C",500.00,S,N,A,-,Y,,,,,,,,,,Y,2,0,1,1,A,-,01,23152,A,N,E,I,A,A,H,-,C,D,0,,,,,Y,Y,A,01,1,0,0,0,0,0,0,0,0,"- ","- ",,,"CONTRA COSTA","PLEASANT HILL",-122.0585909,37.94404308
90217908,2016,2016-07-07,9320,2016-07-03,0154,019535,,7,3,6,0704,0,1,1,,2,683,"I-680 N/B","SR-242 N/B",675.00,N,N,A,-,Y,,,,,,,,,,Y,2,0,1,1,A,-,01,23152,A,N,E,I,A,A,H,-,C,D,0,,,Y,,Y,Y,C,02,1,0,0,0,0,0,0,0,1,"- ","- ",,,"CONTRA COSTA",CONCORD,,
9023784,2019,2020-01-22,0710,2019-11-19,1848,1592,SOUTH,2,5,5,0710,0,0,0,,0,002,"MARINA BAY PKWY","MARINA BAY PKWY 535",0.00,,N,A,-,N,,,,,,,,,,N,2,0,1,2,A,-,11,21954,A,N,G,B,D,A,-,-,C,D,0,Y,,,,Y,Y,N,60,1,0,0,0,1,0,0,0,0,"- ","- ",,,"CONTRA COSTA",RICHMOND,-122.347679,37.924402999999998
90241017,2016,2016-08-09,9320,2016-08-04,0345,018525,,4,3,4,0709,0,1,1,,2,683,"I-680 N/B","MONUMENT BLVD",600.00,N,N,A,-,Y,,,,,,,,,,Y,2,0,2,2,A,-,03,22350,,N,C,E,A,A,H,-,C,D,0,,,,,Y,,A,01,1,1,0,0,0,0,0,0,0,"- ","- ",,,"CONTRA COSTA","PLEASANT HILL",-122.05733117,37.946895269999999
90262769,2016,2016-09-07,9320,2016-09-02,1205,017508,,5,1,9,0700,0,2,4,,2,012,"SAN PABLO DAM ROAD W/B","TRI LANE",1409.00,E,N,A,-,N,,,,,,,,,,Y,2,0,1,2,A,-,09,21801,A,N,D,G,A,A,H,-,A,D,0,,Y,,,Y,,A,07,1,0,0,0,0,0,1,0,0,"- ","- ",37.945219999999999,-122.26672000000001,"CONTRA COSTA",UNINCORPORATED,-122.26673125000001,37.945292070000001
90272363,2016,2016-09-21,9320,2016-09-03,0420,020010,,6,3,9,0700,0,1,3,,2,240,"SR-24 E/B","ST. STEPHENS O/C",528.00,W,N,A,-,Y,,,,,,,,,,Y,2,0,1,1,A,-,01,23152,A,N,E,I,A,A,H,-,C,D,0,,,,,Y,Y,A,01,1,0,0,0,0,0,0,0,0,"- ","- ",37.888770000000001,-122.1759,"CONTRA COSTA",UNINCORPORATED,-122.17271919,37.890781959999998
90277758,2015,2016-09-28,9320,2015-08-30,0250,019151,,7,3,9,0700,0,2,4,,2,073,"KIRKER PASS RD","NORTONVILLE RD",3168.00,S,N,A,-,N,,,,,,,,,,Y,2,0,2,1,A,-,08,22107,,F,F,A,A,A,H,-,D,D,0,,,,,Y,,A,01,2,0,0,0,0,0,0,0,0,"- ","- ",,,"CONTRA COSTA",UNINCORPORATED,-121.90605462000001,37.977152240000002
90295037,2016,2017-02-01,9320,2016-08-20,2105,019465,,6,2,9,0700,0,3,5,,2,060,"BOULEVARD WAY","SARANAP AVENUE",209.00,N,N,A,-,N,,,,,,,,,,Y,1,1,0,3,A,-,08,22107,,N,A,E,A,A,H,-,C,D,0,,,,,Y,,A,01,0,0,0,0,0,0,0,0,0,"- ","- ",,,"CONTRA COSTA",UNINCORPORATED,-122.07709868000001,37.893525400000001
90302809,2016,2017-01-19,9320,2016-09-25,1922,019559,,7,2,9,0700,0,3,5,,2,075,"NICHOLS RD.","PORT CHICAGO HIGHWAY",1505.00,N,N,A,-,N,,,,,,,,,,N,1,1,0,1,A,-,03,22350,,N,F,A,A,A,H,-,B,D,0,,,Y,,Y,,C,02,0,0,0,0,0,0,0,1,0,"- ","- ",38.04609,-121.98827,"CONTRA COSTA",UNINCORPORATED,-121.98804017,38.045392100000001
90312737,2016,2016-11-07,9320,2016-11-05,1846,017219,,6,2,9,0700,0,2,4,,2,077,"MARSH CREEK RD","MORGAN TERRITORY RD",3000.00,W,N,A,-,N,,,,,,,,,,Y,2,0,1,1,A,-,08,22107,,N,E,I,A,A,H,-,D,D,0,,,Y,,Y,,C,02,1,0,0,0,0,0,0,0,1,"- ","- ",,,"CONTRA COSTA",UNINCORPORATED,-121.88119909,37.911531230000001
9031426,2019,2020-01-31,0740,2019-12-25,1637,SR103,,3,5,4,0791,0,0,0,,0,"BEAT 4","OLD RANCH RD","DOUGHERTY RD",0.00,,Y,B,-,N,,,,,,,,,,Y,2,0,1,1,A,-,03,22350,,N,E,I,A,B,G,H,A,A,0,,,,,Y,,A,01,1,0,0,0,0,0,0,0,0,"- ","- ",37.739711761474609,-121.91397857666016,"CONTRA COSTA","SAN RAMON",-121.91403961181641,37.739780426025391
90318674,2016,2016-12-08,9320,2016-11-10,2049,017211,,4,2,9,0700,0,1,3,,2,401,"STATE ROUTE 4 W/B","FRANKLIN CANYON RD",3480.00,E,N,B,-,Y,,,4,,,,,,W,Y,2,0,1,2,A,-,11,21954,A,N,G,B,D,A,H,-,D,D,0,Y,,,,Y,,N,60,1,0,0,0,1,0,0,0,0,"- ","- ",38.008240000000001,-122.21492000000001,"CONTRA COSTA",UNINCORPORATED,-122.21491998,38.008247740000002
90319393,2016,2016-11-15,9320,2016-11-06,1645,017211,,7,2,9,0700,0,2,4,,2,032,"MCEWEN ROAD","STATE ROUTE 4",7392.00,N,N,B,-,N,,,,,,,,,,Y,2,0,1,1,A,-,08,22107,,N,E,I,A,A,H,-,B,D,0,,,Y,,Y,,C,02,1,0,0,0,0,0,0,0,1,"- ","- ",38.03152,-122.19143,"CONTRA COSTA",UNINCORPORATED,-122.18909949,38.030083390000001
9032860,2019,2020-02-07,0701,2019-11-03,1407,4306,406,7,5,5,0701,0,0,0,,0,004,"CONTRA LOMA BL","SAN JOSE DR",100.00,,N,A,-,N,,,,,,,,,,Y,2,0,1,1,A,-,08,22107,,N,E,I,A,A,H,-,A,A,0,,,,,Y,,A,01,1,0,0,0,0,0,0,0,0,"- ","- ",,,"CONTRA COSTA",ANTIOCH,-121.82282257080078,37.994609832763672
90333749,2016,2016-11-30,9320,2016-10-15,1155,017271,,6,1,5,0712,0,3,5,,2,050,"NORTHGATE RD","NORTH GATE ENTERANCE",21120.00,S,N,A,B,N,,,,,,,,,,N,2,0,1,1,A,-,03,22350,,N,E,I,A,A,H,-,A,D,0,,Y,,,Y,,L,04,1,0,0,0,0,0,1,0,0,"- ","- ",37.872399999999999,-121.9495,"CONTRA COSTA","WALNUT CREEK",,
90370284,2016,2017-01-17,9370,2016-12-11,2200,021271,,7,3,5,0710,0,1,1,,2,058,"I-580 E/B","CANAL STREET",470.00,W,N,A,-,Y,,,580,,,,,,E,N,2,0,1,2,D,-,00,,,N,G,B,E,A,H,-,D,D,0,Y,,,,Y,Y,-,"- ",1,0,0,0,1,0,0,0,0,"- ","- ",37.927109999999999,-122.37882999999999,"CONTRA COSTA",RICHMOND,-122.37883004,37.927109389999998
90375829,2017,2017-01-24,9320,2017-01-02,2310,021472,,1,3,3,0706,0,1,1,,2,180,"SR-4 E/B",I-80,693.00,E,N,B,-,Y,,,4,,,,,,E,Y,2,0,2,1,A,-,01,23152,A,N,E,I,A,B,H,-,C,D,0,,,,,Y,,A,01,1,0,1,0,0,0,0,0,0,"- ","- ",38.014110000000002,-122.26643,"CONTRA COSTA",HERCULES,-122.26639333,38.014236629999999
90382685,2016,2017-05-09,9320,2016-10-18,1543,016584,,2,2,9,0700,0,1,1,,2,180,"I-80 W/B FROM POMONA ST. ON-RAMP","POMONA ST.",870.00,W,N,A,-,Y,,,80,,,,R,,W,Y,1,1,0,1,A,-,03,22350,,N,E,I,A,A,H,-,A,D,0,,,Y,,Y,,C,02,0,0,0,0,0,0,0,1,0,"- ","- ",38.054040000000001,-122.22767,"CONTRA COSTA",UNINCORPORATED,-122.22767,38.054040000000001
90385809,2017,2017-02-03,9320,2017-01-21,0721,021440,,6,1,6,0704,0,1,3,,2,242,"SR-242 N/B TO SR-4 E/B","SR-242 N/B TO SR-4 W/B",360.00,N,N,C,-,Y,,,,,,,,,,Y,2,0,1,1,A,-,01,23152,A,N,F,A,A,B,H,-,A,D,0,,,,,Y,Y,A,01,1,0,0,0,0,0,0,0,0,"- ","- ",,,"CONTRA COSTA",CONCORD,,
9040805,2019,2020-02-06,0740,2019-12-21,0100,SR030,,6,5,4,0791,0,0,0,,0,006,"BOLLINGER CANYON RD","E BRANCH PKWY",355.00,S,N,E,-,N,,,,,,,,,,Y,2,0,1,1,A,-,01,23152,A,N,E,I,A,B,H,-,C,A,0,,,,,Y,Y,-,,1,0,0,0,0,0,0,0,0,"- ","- ",37.753318786621094,-121.90912628173828,"CONTRA COSTA","SAN RAMON",-121.90982818603516,37.752449035644531
90408847,2017,2017-03-09,9320,2017-01-25,0544,014859,,3,3,9,0700,0,2,4,,2,093,"WALNUT BLVD.","VASCO RD",0.00,,Y,A,-,N,,,,,,,,,,Y,2,0,1,1,A,-,08,22107,,N,F,A,A,A,H,-,D,D,0,,,Y,,Y,,C,03,1,0,0,0,0,0,0,0,1,"- ","- ",37.887560000000001,-121.69653,"CONTRA COSTA",UNINCORPORATED,-121.69647995,37.887499949999999
90410917,2017,2017-03-13,9320,2017-03-04,2128,020789,,6,2,6,0704,0,1,3,,2,402,"SR-4 E/B","WILLOW PASS ROAD",350.00,W,N,B,C,Y,,,4,,,,,,E,Y,2,0,1,1,A,-,03,22350,,N,B,I,A,B,H,-,D,D,0,,,,,Y,,A,01,1,0,0,0,0,0,0,0,0,"- ","- ",38.013190000000002,-121.99857,"CONTRA COSTA",CONCORD,-121.99859253,38.013298050000003
90423541,2016,2017-05-09,9320,2016-12-28,1957,016584,,3,2,6,0704,0,1,3,,2,402,"SR-4 W/B","KINNE BL.",120.00,E,N,A,-,Y,,,4,,,,,,W,Y,1,1,0,2,A,-,08,22107,,N,B,C,A,A,H,-,C,D,0,,,,,Y,,A,01,0,0,0,0,0,0,0,0,0,"- ","- ",38.011670000000002,-122.01124,"CONTRA COSTA",CONCORD,-122.01124206,38.011682970000003
90429184,2017,2017-04-06,9390,2017-03-27,2000,016137,,1,2,9,0700,0,2,4,,2,111,"BLACKHAWK RD.  (2200 BLK.)","STILL CREEK RD.",15.00,N,N,A,-,N,,,,,,,,,,N,2,0,1,2,A,-,11,21954,A,N,G,B,D,A,H,-,C,A,0,Y,,,,Y,,N,60,1,0,0,0,1,0,0,0,0,"- ","- ",37.829219999999999,-121.94359,"CONTRA COSTA",UNINCORPORATED,-121.94346839000001,37.829374979999997
9043007,2020,2020-02-20,0708,2020-01-23,1904,362,0708,4,5,5,0708,0,0,0,,0,004,"WEST LELAND RD","BURTON AV",303.00,E,N,A,-,N,,,,,,,,,,Y,2,0,1,2,A,-,11,21950,B,N,G,B,E,A,H,-,C,D,0,Y,,,,Y,Y,N,60,1,0,0,0,1,0,0,0,0,"- ","- ",,,"CONTRA COSTA",PITTSBURG,-121.89897918701172,38.014755249023438
90435855,2017,2017-04-17,9320,2017-04-15,1805,017211,,6,2,9,0700,0,3,5,,2,039,"STIRLING DRIVE","DONALD DRIVE",0.00,,Y,B,-,N,,,,,,,,,,Y,2,0,1,1,A,-,03,22350,,N,E,I,A,A,H,-,A,D,0,,,Y,,Y,,C,02,1,0,0,0,0,0,0,0,1,"- ","- ",38.026060000000001,-122.24345,"CONTRA COSTA",UNINCORPORATED,-122.24349985000001,38.026069960000001
90436487,2017,2017-04-18,9320,2017-04-11,1645,019299,,2,2,3,0792,0,1,3,,2,240,"SR-24 EASTBOUND","CAMINO PABLO U/C",467.00,W,N,B,-,Y,,,,,,,,,,Y,2,0,1,3,A,-,03,22350,,N,D,C,A,A,H,-,B,D,0,,,Y,,Y,,C,02,1,0,0,0,0,0,0,0,1,"- ","- ",,,"CONTRA COSTA",ORINDA,-122.18426866999999,37.877317669999996
90441489,2016,2017-07-24,9320,2016-11-28,1108,019195,,1,1,9,0700,0,2,4,,2,034,"CUMMINGS SKYWAY",SR-4,4300.00,N,N,B,-,N,,,,,,,,,,Y,2,0,2,1,A,-,01,23152,A,N,F,I,A,A,H,-,A,D,0,,,,,Y,Y,D,22,2,0,0,0,0,0,0,0,0,"- ","- ",38.02505,-122.19837,"CONTRA COSTA",UNINCORPORATED,-122.1983309,38.025024500000001
90446522,2017,2017-05-01,9320,2017-04-13,1600,016788,,4,2,9,0700,0,2,4,,2,093,"CAMINO DIABLO RD","VASCO RD",528.00,E,N,B,-,N,,,,,,,,,,Y,2,0,1,1,A,-,08,22107,,N,E,I,A,A,H,-,A,D,0,,,Y,,Y,,C,02,1,0,0,0,0,0,0,0,1,"- ","- ",,,"CONTRA COSTA",UNINCORPORATED,-121.66597332000001,37.865804169999997
90453789,2017,2017-05-11,9320,2017-05-06,1425,020981,,6,2,9,0700,0,2,4,,2,097,"VASCO ROAD","WALNUT BOULEVARD",5280.00,S,N,A,-,N,,,,,,,,,,Y,2,0,3,2,A,-,09,21804,A,N,D,C,A,A,H,-,A,D,0,,,,,Y,,A,08,1,1,1,0,0,0,0,0,0,"- ","- ",37.881450000000001,-121.68725000000001,"CONTRA COSTA",UNINCORPORATED,-121.69647999999999,37.887500000000003
90454606,2017,2017-05-12,9320,2017-04-22,2335,021088,,6,3,4,0709,0,1,3,,2,242,"SR-242 N/B","WILLOW PASS RD U/C",4061.00,S,N,B,-,Y,,,242,,,,,,N,Y,2,0,1,2,A,-,01,23152,A,N,B,C,A,A,H,-,C,D,0,,,,,Y,Y,D,22,1,0,0,0,0,0,0,0,0,"- ","- ",37.958069999999999,-122.05212,"CONTRA COSTA","PLEASANT HILL",-122.05205481,37.958408120000001
90454671,2017,2017-05-12,9370,2017-04-13,1645,021506,,4,2,5,0710,0,1,1,,2,083,"I-80 W/B","RICHMOND PKWY",2000.00,W,N,B,-,Y,,,80,,,,,,W,Y,2,0,1,2,A,-,07,21658,A,F,B,C,A,A,H,-,A,D,0,,,,,Y,Y,-,99,1,0,0,0,0,0,0,0,0,"- ","- ",37.98142,-122.31681,"CONTRA COSTA",RICHMOND,-122.31682266,37.981423300000003
90455736,2017,2017-05-15,9320,2017-05-07,0455,021373,,7,3,5,0712,0,3,5,,2,060,"OLYMPIC BLVD.","NEWELL AVE.",1.00,E,N,A,-,N,,,,,,,,,,Y,2,0,1,1,A,-,08,22107,,N,E,I,A,A,H,-,B,A,0,,,,,Y,,A,01,1,0,0,0,0,0,0,0,0,"- ","- ",37.888379999999998,-122.07098000000001,"CONTRA COSTA","WALNUT CREEK",-122.07098716,37.888331579999999
90470091,2017,2017-06-02,9320,2017-05-14,0054,021440,,7,3,9,0700,0,2,4,,2,062,"GREEN VALLEY RD","KIMBERWICKE CT",373.00,S,N,A,-,N,,,,,,,,,,Y,2,0,2,1,A,-,01,23152,A,N,E,I,A,A,H,-,D,D,0,,,,,Y,Y,A,01,1,1,0,0,0,0,0,0,0,"- ","- ",37.849299999999999,-121.97799999999999,"CONTRA COSTA",UNINCORPORATED,-121.97790913,37.849407139999997
90477771,2017,2017-06-14,9390,2017-06-06,1935,016137,,2,2,4,0790,0,1,1,,2,068,"I-680 SOUTHBOUND","FOSTORIA WAY OVERCROSSING",400.00,N,N,A,-,Y,,,680,,,,,,S,Y,2,0,1,2,A,-,07,21658,A,N,C,C,A,A,H,-,A,D,0,,,,Y,Y,,A,01,1,0,0,0,0,0,0,0,0,"- ","- ",37.783099999999997,-121.97790000000001,"CONTRA COSTA",DANVILLE,-121.97831913,37.782865200000003
90486456,2017,2017-06-23,9370,2017-06-02,1735,020356,,5,2,5,0710,0,1,1,,2,082,"I-80 E/B","SOLANO AVE. O/C",580.00,E,N,A,-,Y,,,80,,,,,,E,Y,2,0,1,3,A,-,03,22350,,N,B,C,A,A,H,-,A,D,0,,,Y,,Y,,C,02,1,0,0,0,0,0,0,0,1,"- ","- ",37.945039999999999,-122.32428,"CONTRA COSTA",RICHMOND,-122.32426408000001,37.945047539999997
90488914,2017,2017-06-27,9320,2017-06-23,2020,017211,,5,2,3,0706,0,1,3,,2,401,"STATE ROUTE 4 W/B","WILLOW AVENUE",345.00,W,N,A,-,Y,,,4,,,,,,W,Y,2,0,2,1,A,-,08,22107,,N,E,I,A,A,H,-,B,D,0,,,,,Y,,A,01,1,1,0,0,0,0,0,0,0,"- ","- ",38.013550000000002,-122.25808000000001,"CONTRA COSTA",HERCULES,-122.25809169999999,38.013641849999999
90499585,2017,2017-07-13,9320,2017-07-05,2215,020222,,3,3,9,0700,0,2,4,,2,093,"CAMINO DIABLO","48 CAMINO DIABLO",100.00,E,N,A,-,N,,,,,,,,,,Y,2,0,2,1,A,-,03,22350,,N,F,A,A,A,H,-,D,D,0,,,,,Y,,A,07,1,1,0,0,0,0,0,0,0,"- ","- ",37.874589999999998,-121.69327,"CONTRA COSTA",UNINCORPORATED,-121.69329286,37.87469531
90502821,2017,2017-07-25,9320,2017-07-14,2133,021472,,5,2,9,0700,0,2,4,,1,061,"DANVILLE BLVD","PASEO NOGALES ROAD",0.00,,Y,A,-,N,,,,,,,,,,Y,2,0,3,2,A,-,01,23153,A,N,A,C,A,A,H,-,D,D,0,,,,,Y,Y,A,01,3,0,0,0,0,0,0,0,0,"- ","- ",37.865839999999999,-122.04250999999999,"CONTRA COSTA",UNINCORPORATED,-122.0423499,37.865789939999999
90503235,2017,2017-07-18,9320,2017-06-30,2255,021423,,5,3,6,0704,0,1,3,,2,402,"SR-4 W/B TO SOLANO WAY","PERALTA RD",689.00,W,N,A,-,Y,,,4,,,,R,,W,Y,1,2,3,3,A,-,03,22350,,F,D,C,A,A,H,-,C,D,0,,,,,Y,,A,07,3,0,0,0,0,0,0,0,0,"- ","- ",38.002319999999997,-122.05055,"CONTRA COSTA",CONCORD,-122.05055,38.002319999999997
9050692,2020,2020-03-09,0714,2020-01-25,1030,163,01,6,5,4,0714,0,0,0,,0,001,"MARINA VISTA AV","MILLER AV",0.00,,Y,A,-,N,,,,,,,,,,N,2,0,1,1,A,-,03,22350,,N,E,I,A,A,B,-,A,D,0,,,Y,,Y,,C,02,1,0,0,0,0,0,0,0,1,"- ","- ",38.021980285644531,-122.12911987304688,"CONTRA COSTA",MARTINEZ,-122.12911224365234,38.022010803222656
90518057,2017,2017-08-07,9320,2017-07-23,0205,021352,,7,3,9,0700,0,2,4,,1,042,"PACHECO BLVD","LADYBUG LANE",217.00,N,N,A,-,N,,,,,,,,,,Y,2,0,1,2,A,-,01,23152,A,N,B,E,A,A,H,-,C,D,0,,,Y,Y,Y,Y,C,02,1,0,0,0,0,0,0,0,1,"- ","- ",38.003399999999999,-122.08336,"CONTRA COSTA",UNINCORPORATED,-122.08348924000001,38.003383550000002
90518095,2017,2017-08-07,9370,2017-04-19,1248,021519,,3,1,3,0707,0,1,1,,2,083,"I-80 E/B","APPIAN WAY",1320.00,W,N,A,-,Y,,,80,,,,,,E,Y,1,1,0,1,A,-,08,22107,,N,E,I,A,A,H,-,A,D,0,,,,,Y,,A,01,0,0,0,0,0,0,0,0,0,"- ","- ",37.992289999999997,-122.30647,"CONTRA COSTA",PINOLE,-122.30651165,37.992376870000001
90520968,2017,2017-08-10,9370,2017-05-13,0140,021357,,6,3,5,0710,0,1,1,,2,082,"I-80 E/B","CUTTING BOULEVARD",1371.00,E,N,A,-,Y,,,,,,,,,,Y,1,1,0,3,A,-,01,23152,A,F,C,C,A,A,H,-,D,D,0,,,Y,,Y,Y,A,07,0,0,0,0,0,0,0,1,0,"- ","- ",37.55433,-122.19226999999999,"CONTRA COSTA",RICHMOND,-122.31841606,37.922101290000001
9052875,2019,2020-02-27,0701,2019-12-28,1534,5846,201,6,5,5,0701,0,0,0,,0,002,"W 8TH ST","D ST",0.00,,Y,A,-,N,,,,,,,,,,N,2,0,1,2,A,-,12,22450,A,N,A,C,A,A,H,-,B,D,0,,,,,Y,,A,01,1,0,0,0,0,0,0,0,0,"- ","- ",,,"CONTRA COSTA",ANTIOCH,-121.81004333496094,38.012611389160156
9052951,2020,2020-02-27,0701,2020-01-26,2027,5330,308,7,5,5,0701,0,0,0,,0,003,"SYCAMORE DR","MANZANITA WY",53.00,E,N,A,-,N,,,,,,,,,,N,2,0,1,2,A,-,11,21955,,N,G,B,D,A,H,-,C,A,0,Y,,,,Y,,N,60,1,0,0,0,1,0,0,0,0,"- ","- ",,,"CONTRA COSTA",ANTIOCH,-121.82349395751953,38.004604339599609
90540445,2017,2017-09-05,9320,2017-08-19,2353,020196,,6,3,6,0704,0,1,3,,2,403,"EVORA RD","WILLOW PASS RD",528.00,E,N,A,-,N,,,,,,,,,,Y,2,0,2,2,A,-,01,23152,A,N,A,C,A,A,H,-,D,D,0,,,,,Y,Y,A,01,1,0,1,0,0,0,0,0,0,"- ","- ",38.016500000000001,-121.9941,"CONTRA COSTA",CONCORD,-121.99731964,38.015561310000002
90542522,2017,2017-11-29,9320,2017-08-18,0035,018803,,5,3,5,0712,0,1,1,,2,681,"I-680 S/B","LIVORNA RD",1200.00,N,N,A,-,Y,,,680,,,,,,S,Y,2,0,4,2,C,-,18,,,N,C,C,A,A,H,-,D,D,0,,,,,Y,Y,-,"- ",1,0,3,0,0,0,0,0,0,"- ","- ",37.869109999999999,-122.04071,"CONTRA COSTA","WALNUT CREEK",-122.04075772,37.869074230000003
90542665,2017,2017-09-26,9320,2017-07-22,1012,018959,,6,1,9,0700,0,2,4,,2,026,"TAYLOR BLVD","GLORIA TERRACE",552.00,N,N,A,-,Y,,,,,,,,,,Y,1,1,2,2,A,-,08,22107,,N,B,C,A,A,H,-,A,D,0,,,,,Y,,A,08,0,1,1,0,0,0,0,0,0,"- ","- ",,,"CONTRA COSTA",UNINCORPORATED,-122.09144195,37.935189080000001
90542944,2017,2017-09-07,9370,2017-07-03,0620,020258,,1,1,4,0711,0,1,1,,2,083,"I-80 W/B","EL PORTAL DRIVE",865.00,W,N,B,-,Y,,,80,,,,,,W,Y,1,1,0,3,A,-,07,21658,A,F,B,C,A,A,H,-,A,D,0,,,Y,Y,Y,,G,25,0,0,0,0,0,0,0,1,0,"- ","- ",37.964750000000002,-122.32519000000001,"CONTRA COSTA","SAN PABLO",-122.32515983,37.964689659999998
90544216,2017,2017-09-11,9370,2017-09-03,1836,021364,,7,2,4,0711,0,1,1,,2,082,"I-80 E/B","SAN PABLO DAM ROAD",200.00,W,N,A,-,Y,,,,,,,,,,Y,2,0,2,2,A,-,01,23152,A,N,B,C,A,A,H,-,A,D,0,,,,,Y,Y,A,01,1,1,0,0,0,0,0,0,0,"- ","- ",37.57199,-122.19461,"CONTRA COSTA","SAN PABLO",-122.33013072,37.95654236
90544397,2017,2017-09-11,9370,2017-07-03,0402,021426,,1,3,5,0710,0,1,1,,2,083,"I-80 WESTBOUND","EL PORTAL DRIVE",370.00,E,N,B,-,Y,,,80,,,,,,W,Y,1,1,2,3,A,-,08,22107,,N,E,I,A,A,H,-,D,D,0,,,,,Y,,A,01,0,0,2,0,0,0,0,0,0,"- ","- ",37.967199999999998,-122.32170000000001,"CONTRA COSTA",RICHMOND,-122.32167748000001,37.967184869999997
90545545,2017,2017-09-12,9320,2017-08-29,1738,020026,,2,2,9,0700,0,1,1,,2,180,"I-80 EASTBOUND","CUMMINGS SKWY",2640.00,W,N,A,-,Y,,,,,,,,,,Y,2,0,1,2,A,-,07,21658,A,N,F,A,A,A,H,-,A,D,0,,,Y,,Y,,M,50,1,0,0,0,0,0,0,0,1,"- ","- ",,,"CONTRA COSTA",UNINCORPORATED,-122.24486726000001,38.040335239999997