CASE_ID,ACCIDENT_YEAR,PROC_DATE,JURIS,COLLISION_DATE,COLLISION_TIME,OFFICER_ID,REPORTING_DISTRICT,DAY_OF_WEEK,CHP_SHIFT,POPULATION,CNTY_CITY_LOC,SPECIAL_COND,BEAT_TYPE,CHP_BEAT_TYPE,CITY_DIVISION_LAPD,CHP_BEAT_CLASS,BEAT_NUMBER,PRIMARY_RD,SECONDARY_RD,DISTANCE,DIRECTION,INTERSECTION,WEATHER_1,WEATHER_2,STATE_HWY_IND,CALTRANS_COUNTY,CALTRANS_DISTRICT,STATE_ROUTE,ROUTE_SUFFIX,POSTMILE_PREFIX,POSTMILE,LOCATION_TYPE,RAMP_INTERSECTION,SIDE_OF_HWY,TOW_AWAY,COLLISION_SEVERITY,NUMBER_KILLED,NUMBER_INJURED,PARTY_COUNT,PRIMARY_COLL_FACTOR,PCF_CODE_OF_VIOL,PCF_VIOL_CATEGORY,PCF_VIOLATION,PCF_VIOL_SUBSECTION,HIT_AND_RUN,TYPE_OF_COLLISION,MVIW,PED_ACTION,ROAD_SURFACE,ROAD_COND_1,ROAD_COND_2,LIGHTING,CONTROL_DEVICE,CHP_ROAD_TYPE,PEDESTRIAN_ACCIDENT,BICYCLE_ACCIDENT,MOTORCYCLE_ACCIDENT,TRUCK_ACCIDENT,NOT_PRIVATE_PROPERTY,ALCOHOL_INVOLVED,STWD_VEHTYPE_AT_FAULT,CHP_VEHTYPE_AT_FAULT,COUNT_SEVERE_INJ,COUNT_VISIBLE_INJ,COUNT_COMPLAINT_PAIN,COUNT_PED_KILLED,COUNT_PED_INJURED,COUNT_BICYCLIST_KILLED,COUNT_BICYCLIST_INJURED,COUNT_MC_KILLED,COUNT_MC_INJURED,PRIMARY_RAMP,SECONDARY_RAMP,LATITUDE,LONGITUDE,COUNTY,CITY,POINT_X,POINT_Y
90556112,2017,2017-09-26,9320,2017-08-13,0409,021423,,7,3,4,0714,0,1,3,,2,402,"SR-4 W/B","ALHAMBRA AVE U/C",300.00,E,N,A,-,Y,,,4,,,,,,W,Y,1,1,0,1,A,-,08,22107,,N,E,I,A,A,H,-,D,D,0,,,,,Y,Y,A,01,0,0,0,0,0,0,0,0,0,"- ","- ",37.99098,-122.12927999999999,"CONTRA COSTA",MARTINEZ,-122.12926127999999,37.990886029999999
90557217,2017,2017-09-27,9320,2017-09-16,0825,019086,,6,1,9,0700,0,2,4,,1,042,"PACHECO BLVD","WYGAL DR",137.00,E,N,A,-,N,,,,,,,,,,N,2,0,1,2,A,-,08,22107,,N,F,A,A,A,H,-,A,D,0,,,Y,,Y,,A,01,1,0,0,0,0,0,0,0,1,"- ","- ",38.01193,-122.10495,"CONTRA COSTA",UNINCORPORATED,-122.10513018,38.011988819999999
90557637,2017,2017-09-28,9370,2017-09-06,0602,021674,,3,1,5,0710,0,1,1,,2,083,"I-80 W/B","EL PORTAL DRIVE",1400.00,E,N,A,-,Y,,,80,,,,,,W,Y,2,0,1,2,A,-,07,21658,A,F,B,C,A,A,H,-,B,D,0,,,Y,,Y,,-,99,1,0,0,0,0,0,0,0,1,"- ","- ",37.969889999999999,-122.32062999999999,"CONTRA COSTA",RICHMOND,-122.32059765,37.969879419999998
90560249,2017,2017-10-04,9320,2017-07-23,1611,021496,,7,2,9,0700,0,2,4,,2,095,"VASCO ROAD","MARSH CREEK ROAD",0.00,,Y,A,-,Y,,,,,,,,,,Y,1,1,3,3,A,-,12,21453,A,N,D,C,A,A,H,-,A,A,0,,,,,Y,,-,"- ",0,2,1,0,0,0,0,0,0,"- ","- ",37.895769999999999,-121.71283,"CONTRA COSTA",UNINCORPORATED,-121.71270988000001,37.895789999999998
90561420,2017,2017-10-02,9320,2017-09-24,2350,020834,,7,3,4,0714,0,1,3,,2,402,"SR-4 W/B","CENTER AVE",614.00,E,N,A,-,Y,,,4,,,,,,W,Y,2,0,1,1,A,-,08,22107,,N,F,A,A,A,H,-,D,D,0,,,,,Y,,D,22,1,0,0,0,0,0,0,0,0,"- ","- ",37.996740000000003,-122.11315,"CONTRA COSTA",MARTINEZ,-122.11317078,37.99656847
90563787,2017,2017-10-05,9320,2017-09-29,1535,019238,,5,2,9,0700,0,2,4,,1,061,"DANVILLE BLVD","LA SERENA AVE",1.00,N,N,A,-,Y,,,,,,,,,,N,2,0,1,2,A,-,09,21801,A,N,D,G,A,A,H,-,A,D,0,,Y,,,Y,,A,01,1,0,0,0,0,0,1,0,0,"- ","- ",37.844239999999999,-122.02785,"CONTRA COSTA",UNINCORPORATED,-122.02783218,37.844222129999999
90565419,2017,2017-10-09,9320,2017-09-23,0048,021546,,6,3,9,0700,0,2,4,,1,042,"PACHECO BLVD","SECOND AVE.",10.00,N,N,A,-,N,,,,,,,,,,N,2,0,1,1,A,-,01,23152,A,N,F,A,A,A,H,-,C,D,0,,,Y,,Y,Y,C,02,1,0,0,0,0,0,0,0,1,"- ","- ",37.918019999999999,-122.06713999999999,"CONTRA COSTA",UNINCORPORATED,-122.06726552000001,37.981657120000001
90578345,2017,2017-10-25,9320,2017-10-21,1342,020656,,6,1,6,0704,0,1,3,,2,402,"SR-4 E/B","WILLOW PASS RD",1649.00,W,N,A,-,Y,,,,,,,,,,Y,2,0,4,3,A,-,05,21651,B,F,A,C,A,A,H,-,A,D,0,,,,,Y,,D,22,1,3,0,0,0,0,0,0,0,"- ","- ",38.004480000000001,-122.00115,"CONTRA COSTA",CONCORD,-122.00301475000001,38.012512039999997
90585211,2017,2017-11-01,9320,2017-10-26,1920,021088,,4,2,9,0700,0,1,1,,2,682,"I-680 N/B","NORTH MAIN STREET",1056.00,N,N,A,-,Y,,,,,,,,,,N,2,0,1,2,A,-,07,21658,A,F,B,C,A,A,H,-,C,D,0,,,Y,,Y,Y,-,99,1,0,0,0,0,0,0,0,1,"- ","- ",37.917720000000003,-122.06375,"CONTRA COSTA",UNINCORPORATED,-122.0636638,37.917730290000002
90585607,2017,2017-11-02,9320,2017-10-26,0001,018973,,4,3,3,0715,0,1,3,,2,240,"SR-24 WESTBOUND","ACALANES ROAD",1500.00,W,N,A,-,Y,,,24,,,,,,W,Y,2,0,2,2,A,-,01,23152,A,N,B,C,A,A,H,-,C,D,0,,,,,Y,Y,A,01,2,0,0,0,0,0,0,0,0,"- ","- ",37.893030000000003,-122.15819999999999,"CONTRA COSTA",LAFAYETTE,-122.15823536000001,37.89279844
90586271,2017,2017-11-02,9320,2017-10-28,1755,021157,,6,2,9,0700,0,3,5,,2,015,"5868 ROBINHOOD DRIVE","MARION WAY",0.00,,Y,A,-,N,,,,,,,,,,Y,2,0,1,2,A,-,08,22107,,F,G,B,F,A,H,-,A,D,0,Y,,Y,,Y,Y,C,02,1,0,0,0,1,0,0,0,0,"- ","- ",37.954509999999999,-122.27191000000001,"CONTRA COSTA",UNINCORPORATED,-122.27210998,37.954659980000002
90587669,2017,2017-11-06,9320,2017-10-26,1105,017271,,4,1,9,0700,0,1,1,,2,681,"I-680 N/B","EL CERRO BLVD",1400.00,N,N,A,-,Y,,,,,,,,,,Y,2,0,3,4,A,-,03,22350,,N,C,C,A,A,H,-,A,D,0,,,,,Y,,A,01,1,0,2,0,0,0,0,0,0,"- ","- ",37.832889999999999,-122.00568,"CONTRA COSTA",UNINCORPORATED,-122.00454035,37.832167769999998
90589071,2017,2017-11-07,9320,2017-10-31,2135,021710,,2,2,9,0700,0,3,5,,2,075,"PACIFICA AVE","MARINERS COVE DR.",360.00,W,N,A,-,N,,,,,,,,,,Y,2,0,2,1,A,-,08,22107,,N,E,I,A,A,H,-,C,D,0,,,,,Y,,A,01,1,1,0,0,0,0,0,0,0,"- ","- ",38.033999999999999,-121.97398,"CONTRA COSTA",UNINCORPORATED,-121.97392016000001,38.033968979999997
9059151,2020,2020-03-18,0710,2020-01-17,0610,1747,CENTR,5,5,5,0710,0,0,0,,0,005,"RICHMOND PKWY","WEST BARRETT AV",26.00,N,N,A,-,N,,,,,,,,,,Y,2,0,3,3,A,-,06,21755,,N,C,C,A,A,H,-,B,A,0,,,,,Y,,A,01,2,0,1,0,0,0,0,0,0,"- ","- ",,,"CONTRA COSTA",RICHMOND,-122.37136077880859,37.938762664794922
90592141,2017,2017-11-10,9320,2017-11-09,1845,019742,,4,2,5,0701,0,1,3,,2,405,"SR-4 E/B","LAUREL RD.",1530.00,W,N,A,-,Y,,,4,,,,,,E,Y,2,0,1,1,A,-,08,22107,,N,E,I,A,A,H,-,C,D,0,,,,,Y,,A,07,1,0,0,0,0,0,0,0,0,"- ","- ",37.982469999999999,-121.7471,"CONTRA COSTA",ANTIOCH,-121.74698029,37.98255082
90596960,2017,2017-11-17,9320,2017-11-09,1910,016584,,4,2,9,0700,0,2,4,,2,037,"ALHAMBRA VALLEY RD.","FERNDALE RD.",4752.00,E,N,B,-,N,,,,,,,,,,Y,2,0,3,1,A,-,08,22107,,N,E,I,A,B,H,-,C,D,0,,,,,Y,,A,07,1,2,0,0,0,0,0,0,0,"- ","- ",37.96942,-122.15807,"CONTRA COSTA",UNINCORPORATED,-122.16022766,37.969905560000001
90620229,2017,2017-12-19,9320,2017-11-25,0057,021472,,6,3,9,0700,0,2,4,,2,013,"SAN PABLO DAM RD.","CASTRO RANCH RD",10560.00,S,N,A,-,N,,,,,,,,,,Y,2,0,1,1,A,-,01,23152,A,N,F,A,A,A,H,-,D,D,0,,,,,Y,Y,A,08,1,0,0,0,0,0,0,0,0,"- ","- ",37.927889999999998,-122.25442,"CONTRA COSTA",UNINCORPORATED,-122.25475453,37.92903227
90626836,2017,2017-12-26,9320,2017-12-14,1700,019742,,4,2,3,0702,0,1,3,,2,405,"SR-4 E/B","SAN JOSE AVE.",255.00,W,N,A,-,Y,,,4,,,,,,E,Y,2,0,2,4,A,-,01,23152,A,N,C,C,A,A,H,-,B,D,0,,,,,Y,Y,A,01,1,0,1,0,0,0,0,0,0,"- ","- ",37.940330000000003,-121.74033,"CONTRA COSTA",BRENTWOOD,-121.73995488,37.940522340000001
90628334,2017,2017-12-28,9320,2017-11-29,2312,021423,,3,3,6,0704,0,1,1,,2,683,"I-680 N/B","SR-242 S/B OVERCROSSING",250.00,S,N,A,-,Y,,,680,,,,,,N,Y,2,0,1,2,A,-,07,21658,A,F,F,A,A,A,H,-,C,D,0,,,Y,,Y,Y,-,99,1,0,0,0,0,0,0,0,1,"- ","- ",37.958579999999998,-122.05226,"CONTRA COSTA",CONCORD,-122.05247098,37.958562069999999
90630027,2017,2017-12-29,9320,2017-12-17,2110,020656,,7,2,3,0715,0,1,3,,2,241,"SR-24 W/B","PLEASANT HILL RD",165.00,W,N,A,-,Y,,,,,,,,,,Y,2,0,2,2,A,-,08,22107,,N,E,I,A,A,H,-,C,D,0,,,,,Y,,A,01,1,0,1,0,0,0,0,0,0,"- ","- ",37.535220000000002,-122.05459,"CONTRA COSTA",LAFAYETTE,-122.09653165,37.89790455
90632610,2017,2018-01-04,9320,2017-12-23,2330,019546,,6,3,9,0700,0,2,4,,2,046,"JONES ROAD","OAK ROAD",85.00,W,N,A,-,N,,,,,,,,,,Y,2,0,1,1,A,-,01,23152,A,N,E,I,A,A,H,-,C,D,0,,,,,Y,Y,A,07,1,0,0,0,0,0,0,0,0,"- ","- ",37.924930000000003,-122.05812,"CONTRA COSTA",UNINCORPORATED,-122.05799476,37.92492
90634409,2017,2018-01-08,9320,2017-12-31,0145,019546,,7,3,9,0700,0,1,1,,2,681,"I-680 S/B","MT. DIABLO BOULEVARD",145.00,S,N,A,-,Y,,,680,,,,,,S,Y,2,0,2,1,A,-,08,22107,,N,E,I,A,A,H,-,C,D,0,,,,,Y,,A,01,2,0,0,0,0,0,0,0,0,"- ","- ",37.896030000000003,-122.07067000000001,"CONTRA COSTA",UNINCORPORATED,-122.0707046,37.896002500000002
90639813,2017,2018-01-15,9370,2017-09-18,0608,021674,,1,1,9,0700,0,3,5,,2,012,"SAN PABLO AVENUE (15800 BLOCK)","SHAMROCK DRIVE",742.00,N,N,A,-,Y,,,,,,,,,,Y,1,1,0,2,A,-,11,21954,A,N,G,B,E,A,H,-,C,D,0,Y,,,,Y,Y,N,60,0,0,0,1,0,0,0,0,0,"- ","- ",37.997300000000003,-122.32547,"CONTRA COSTA",UNINCORPORATED,-122.32565705,37.997281950000001
90641367,2018,2018-01-17,9320,2018-01-04,1150,018959,,4,1,4,0709,0,1,1,,2,682,"I-680 NB","MONUMENT BLVD.",800.00,S,N,B,-,Y,,,,,,,,,,Y,2,0,2,3,A,-,03,22350,,N,C,C,A,A,H,-,A,D,0,,,,Y,Y,,A,07,1,1,0,0,0,0,0,0,0,"- ","- ",,,"CONTRA COSTA","PLEASANT HILL",-122.05893707275391,37.943264007568359
90645245,2018,2018-01-23,9320,2018-01-09,0810,019086,,2,1,9,0700,1,2,4,,2,012,"SAN PABLO DAM RD","LOIS LN",86.00,S,N,B,C,N,,,,,,,,,,Y,2,0,16,4,A,-,03,22350,,N,C,C,A,B,H,-,A,D,0,,,,,Y,,D,22,2,7,7,0,0,0,0,0,0,"- ","- ",37.956840515136719,-122.27848815917969,"CONTRA COSTA",UNINCORPORATED,-122.27855682373047,37.956863403320312
9065627,2020,2020-10-29,0706,2020-05-14,2100,202,84,4,5,3,0706,0,0,0,,0,001,"PHEASANT DR","EAGLE CT",0.00,,Y,A,-,N,,,,,,,,,,Y,2,0,1,2,A,-,08,22107,,N,A,E,A,A,H,-,C,D,0,,,Y,,Y,,C,02,1,0,0,0,0,0,0,0,1,"- ","- ",,,"CONTRA COSTA",HERCULES,-122.27005004882812,38.002269744873047
90661013,2018,2018-02-14,9320,2018-01-28,0510,020834,,7,3,5,0708,0,1,3,,2,403,"SR-4 E/B","BAILEY RD",1469.00,E,N,A,-,Y,,,4,,,,,,E,Y,2,0,1,1,A,-,01,23152,A,N,E,I,A,A,H,-,D,D,0,,,,,Y,Y,A,01,1,0,0,0,0,0,0,0,0,"- ","- ",38.018718719482422,-121.93769836425781,"CONTRA COSTA",PITTSBURG,-121.93769836425781,38.018791198730469
90661524,2018,2018-03-22,9320,2018-02-02,1825,020026,,5,2,5,0708,0,1,3,,2,404,"SR-4 WESTBOUND","HARBOR AVE O/C",2480.00,E,N,A,-,Y,,,,,,,,,,Y,2,0,1,2,A,-,07,21658,A,N,B,C,A,A,H,-,C,D,0,,,Y,,Y,Y,D,22,1,0,0,0,0,0,0,0,1,"- ","- ",,,"CONTRA COSTA",PITTSBURG,-121.87464141845703,38.013591766357422
90669286,2018,2018-02-26,9390,2018-02-16,2100,020494,,5,2,4,0791,0,1,1,,2,068,"I-680 NORTHBOUND TO BOLLINGER CANYON RD","BOLLINGER CANYON ROAD",770.00,S,N,A,-,Y,,,680,,,,R,,N,Y,2,0,1,1,A,-,01,23152,F,N,E,I,A,A,H,-,C,D,0,,,,,Y,,A,01,1,0,0,0,0,0,0,0,0,"- ","- ",37.757881164550781,-121.96379089355469,"CONTRA COSTA","SAN RAMON",-121.96379089355469,37.757881164550781
90680766,2018,2018-03-13,9320,2018-03-05,2259,021423,,1,3,6,0704,0,1,1,,2,683,"I-680 S/B","MONUMENT BLVD U/C",1212.00,N,N,A,-,Y,,,,,,,,,,Y,2,0,1,2,A,-,03,22350,,N,C,C,A,A,H,-,C,D,0,,,,,Y,,A,01,1,0,0,0,0,0,0,0,0,"- ","- ",37.948329925537109,-122.05693817138672,"CONTRA COSTA",CONCORD,-122.05694580078125,37.948482513427734
90688386,2018,2018-03-23,9320,2018-03-03,0505,020192,,6,3,9,0700,0,2,4,,2,071,"WILLOW PASS ROAD","WELDON DRIVE",0.00,,Y,A,-,Y,,,,,,,,,,Y,2,0,4,2,A,-,08,22107,,F,A,C,A,A,H,-,C,A,0,,,,,Y,,A,01,1,3,0,0,0,0,0,0,0,"- ","- ",38.026809692382812,-121.95722198486328,"CONTRA COSTA",UNINCORPORATED,-121.95731353759766,38.026779174804688
9069561,2020,2020-07-03,0700,2020-03-01,1106,OA032,OAK,7,5,3,0734,0,0,0,,0,053,"OHARA AV","FRANCISCO VILLA DR",17.00,S,N,A,-,N,,,,,,,,,,Y,2,0,1,1,A,-,05,21650,,N,A,I,A,A,H,-,A,A,0,,,,,Y,,A,01,1,0,0,0,0,0,0,0,0,"- ","- ",,,"CONTRA COSTA",OAKLEY,-121.71399688720703,37.992263793945312
90699684,2018,2018-04-05,9320,2018-03-30,1956,019759,,5,2,9,0700,0,2,4,,2,093,"CAMINO DIABLO","MCCABE DR.",365.00,W,N,A,-,N,,,,,,,,,,Y,2,0,6,2,A,-,09,21801,A,N,D,C,A,A,H,-,D,D,0,,,,,Y,,A,07,1,1,4,0,0,0,0,0,0,"- ","- ",37.867458343505859,-121.64621734619141,"CONTRA COSTA",UNINCORPORATED,-121.64619445800781,37.867481231689453
90700692,2018,2018-04-09,9320,2018-04-01,1930,021088,,7,2,9,0700,0,2,4,,2,074,"DEER VALLEY ROAD S/B","MARSH CREEK ROAD",8448.00,N,N,A,-,N,,,,,,,,,,Y,2,0,1,1,A,-,03,22350,,N,F,A,A,A,H,-,B,D,0,,,Y,,Y,,C,02,1,0,0,0,0,0,0,0,1,"- ","- ",37.898841857910156,-121.76477813720703,"CONTRA COSTA",UNINCORPORATED,-121.76454925537109,37.901058197021484
90700775,2018,2018-04-09,9320,2018-03-31,2334,021433,,6,3,9,0700,0,2,4,,2,072,"BAILEY RD N/B","CANAL RD",30.00,N,N,A,-,Y,,,,,,,,,,N,2,0,1,2,A,-,11,21950,B,N,G,B,D,A,H,-,C,A,0,Y,,,,Y,Y,N,60,1,0,0,0,1,0,0,0,0,"- ","- ",38.020359039306641,-121.94178771972656,"CONTRA COSTA",UNINCORPORATED,-121.94185638427734,38.021640777587891
90704563,2018,2018-04-12,9320,2018-04-04,1808,019759,,3,2,3,0702,0,1,3,,1,406,"SR-4 E/B","SAND CREEK BRIDGE",250.00,W,N,A,-,Y,,,4,,,,,,E,Y,2,0,1,1,A,-,01,23152,A,N,E,I,A,A,H,-,A,D,0,,,,,Y,Y,A,01,1,0,0,0,0,0,0,0,0,"- ","- ",37.947181701660156,-121.74324035644531,"CONTRA COSTA",BRENTWOOD,-121.74314117431641,37.947231292724609
90705542,2018,2018-04-16,9320,2018-04-05,0810,020026,,4,1,9,0700,0,2,4,,2,037,"FRANKLIN CANYON RD","MCHARRY RANCH RD",2640.00,E,N,B,-,N,,,,,,,,,,N,2,0,1,2,A,-,09,21801,A,N,D,G,A,A,H,-,A,D,0,,Y,,,Y,,A,01,1,0,0,0,0,0,1,0,0,"- ","- ",37.997779846191406,-121.15788269042969,"CONTRA COSTA",UNINCORPORATED,-122.15740203857422,37.997787475585938
90724944,2018,2018-05-11,9320,2018-05-05,1330,020810,,6,1,5,0701,0,1,3,,2,404,"SR-4 E/B","L ST",1000.00,W,N,B,-,Y,,,4,,,,,,E,Y,2,0,1,1,C,-,18,,,N,F,A,A,A,H,-,A,D,0,,,Y,,Y,,-,"- ",1,0,0,0,0,0,0,0,1,"- ","- ",38.000259399414062,-121.82511138916016,"CONTRA COSTA",ANTIOCH,-121.82506561279297,38.000411987304688
90725526,2018,2018-05-14,9320,2018-05-07,2045,020810,,1,2,9,0700,0,2,S,,2,080,"BRENTWOOD BLVD","SELLERS AVE",550.00,E,N,A,-,N,,,,,,,,,,Y,2,0,3,2,A,-,01,23153,A,N,A,C,A,A,H,-,B,D,0,,,,,Y,Y,A,01,2,0,1,0,0,0,0,0,0,"- ","- ",37.911098480224609,-121.67601013183594,"CONTRA COSTA",UNINCORPORATED,-121.67628479003906,37.911163330078125
90726886,2018,2018-05-15,9320,2018-05-11,0400,021472,,5,3,4,0790,0,1,1,,2,681,"I-680 N/B","EL PINTADO ROAD",3168.00,N,N,A,-,Y,,,680,,,,,,N,Y,2,0,1,1,A,-,08,22107,,N,F,A,A,A,H,-,D,D,0,,,,,Y,,A,01,1,0,0,0,0,0,0,0,0,"- ","- ",37.840290069580078,-122.01773071289062,"CONTRA COSTA",DANVILLE,-122.01776885986328,37.840221405029297
90729599,2018,2018-05-18,9320,2018-05-12,0750,020026,,6,1,9,0700,0,2,4,,2,096,"VASCO RD","DYER RD",9504.00,N,N,A,-,N,,,,,,,,,,Y,2,0,1,1,A,-,08,22107,,N,E,I,A,A,H,-,A,D,0,,,,,Y,,A,01,1,0,0,0,0,0,0,0,0,"- ","- ",37.7989501953125,-121.67606353759766,"CONTRA COSTA",UNINCORPORATED,-121.67617034912109,37.798999786376953
90731827,2018,2018-05-23,9370,2018-05-16,2350,021309,,3,3,9,0700,0,3,5,,2,010,"RICHMOND PARKWAY S/B","SAN PABLO AVE",0.00,,Y,A,-,N,,,,,,,,,,N,2,0,1,2,A,-,10,21950,A,N,G,B,B,A,H,-,C,A,0,Y,,,,Y,,A,01,1,0,0,0,1,0,0,0,0,"- ","- ",37.990779876708984,-122.33315277099609,"CONTRA COSTA",UNINCORPORATED,-122.33290863037109,37.990760803222656
90736026,2018,2018-05-29,9320,2018-05-18,0810,021352,,5,1,9,0700,0,2,4,,2,012,"SAN PABLO DAM ROAD","TRI LANE",13.00,N,N,A,-,N,,,,,,,,,,Y,2,0,1,1,A,-,08,22107,,N,E,I,A,A,H,-,A,D,0,,,,,Y,,A,01,1,0,0,0,0,0,0,0,0,"- ","- ",37.948650360107422,-122.26876831054688,"CONTRA COSTA",UNINCORPORATED,-122.26886749267578,37.948802947998047
90744480,2018,2018-10-12,9320,2018-05-13,1345,021088,,7,1,9,0700,0,3,5,,2,075,"ALVES LANE","HILL SREET",0.00,,Y,A,G,N,,,,,,,,,,Y,1,1,0,2,A,-,09,21801,A,N,D,C,A,A,H,-,A,D,0,,,Y,,Y,,A,01,0,0,0,0,0,0,0,1,0,"- ","- ",38.022880554199219,-121.95127868652344,"CONTRA COSTA",UNINCORPORATED,-121.951228,38.022905000000002
90750857,2018,2018-06-19,9320,2018-06-12,0608,020889,,2,1,4,0790,0,1,1,,2,681,"I-680 N/B","EL CERRO BLVD. UNDER CROSSING",1402.00,N,N,A,-,Y,,,680,,,,,,N,Y,2,0,2,2,A,-,03,22350,,N,C,C,A,A,H,-,A,D,0,,,,,Y,,A,01,1,0,1,0,0,0,0,0,0,"- ","- ",37.832241058349609,-122.00472259521484,"CONTRA COSTA",DANVILLE,-122.00470733642578,37.832263946533203
90756740,2018,2018-06-27,9320,2018-06-22,1525,020129,,5,2,9,0700,0,1,3,,2,240,"SR-24 E/B","WILDER ROAD",1200.00,W,N,A,-,Y,,,24,,,,,,E,Y,2,0,2,3,A,-,03,22350,,N,B,C,A,A,H,-,A,D,0,,,Y,,Y,,C,02,1,1,0,0,0,0,0,0,1,"- ","- ",37.867179870605469,-122.20210266113281,"CONTRA COSTA",UNINCORPORATED,-122.20209503173828,37.867168426513672
90757850,2018,2018-07-06,9320,2018-04-29,0402,021460,,7,3,5,0712,0,1,1,,2,682,"I-680 N/B","OAKVALE RD",354.00,S,N,A,-,Y,,,680,,,,,,N,Y,1,1,0,1,A,-,01,23152,A,N,E,I,A,A,H,-,D,D,0,,,,,Y,Y,A,01,0,0,0,0,0,0,0,0,0,"- ","- ",37.901191711425781,-122.07018280029297,"CONTRA COSTA","WALNUT CREEK",-122.07023620605469,37.901199340820312
90772958,2018,2018-07-19,9320,2018-07-13,0316,021499,,5,3,9,0700,0,1,3,,2,402,"SR-4 E/B","WILLOW PASS RD",2150.00,W,N,A,-,Y,,,,,,,,,,Y,2,0,1,5,C,-,18,,,N,C,C,A,A,C,-,D,D,0,,,,,Y,,-,"- ",1,0,0,0,0,0,0,0,0,"- ","- ",38.044120788574219,-122.01718902587891,"CONTRA COSTA",UNINCORPORATED,-122.00472259521484,38.012252807617188
90773427,2018,2018-07-20,9320,2018-07-15,0305,021246,,7,3,3,0702,0,1,3,,2,405,"SR-4 E/B","LONE TREE WAY",300.00,W,N,A,-,Y,,,,,,,,,,Y,2,0,4,2,A,-,01,23152,A,N,A,C,A,A,H,-,D,D,0,,,,,Y,Y,A,01,2,2,0,0,0,0,0,0,0,"- ","- ",37.965091705322266,-121.74033355712891,"CONTRA COSTA",BRENTWOOD,-121.7437744140625,37.9608154296875
90773564,2018,2018-10-19,9320,2018-04-20,0640,021546,,5,1,6,0704,0,1,3,,2,242,"SR-242 SOUTHBOUND","WILLOW PASS RD U/C",1200.00,N,N,A,-,Y,,,242,,,,,,S,Y,1,1,1,2,A,-,08,22107,,N,B,C,A,A,H,-,B,D,0,,,Y,,Y,,C,02,0,0,1,0,0,0,0,1,0,"- ","- ",37.974258422851562,-122.04650115966797,"CONTRA COSTA",CONCORD,-122.04611206054688,37.974052429199219
90781851,2018,2018-08-01,9320,2018-07-17,0635,015509,,2,1,9,0700,0,2,4,,2,097,"WALNUT AVE","VASCO ROAD",34.00,S,N,A,-,N,,,,,,,,,,Y,2,0,1,2,A,-,06,21755,,N,D,C,A,A,H,-,B,A,0,,,Y,,Y,,C,02,1,0,0,0,0,0,0,0,1,"- ","- ",37.582378387451172,-121.41790771484375,"CONTRA COSTA",UNINCORPORATED,-121.69647979736328,37.887405395507812
90785577,2018,2018-08-07,9320,2018-07-23,2305,021318,,1,3,9,0700,0,2,4,,2,077,"MARSH CREEK RD","DEER VALLEY ROAD",0.00,,Y,A,-,Y,,,,,,,,,,Y,2,0,1,1,A,-,01,23152,A,N,E,I,A,A,H,-,C,A,0,,,,,Y,Y,A,01,1,0,0,0,0,0,0,0,0,"- ","- ",37.881999969482422,-122.77732086181641,"CONTRA COSTA",UNINCORPORATED,-121.77735137939453,37.88201904296875
90787474,2018,2018-08-09,9320,2018-08-05,1425,021496,,7,2,9,0700,0,1,3,,1,406,"BYRON HWY","MARSH CREEK ROAD",0.00,,Y,A,-,N,,,4,,,,,,,Y,2,0,1,3,A,-,12,21453,A,N,A,C,A,A,H,-,A,A,0,,,,,Y,,A,01,1,0,0,0,0,0,0,0,0,"- ","- ",37.896438598632812,-121.64140319824219,"CONTRA COSTA",UNINCORPORATED,-121.64140319824219,37.896408081054688
90796449,2018,2018-08-23,9320,2018-06-11,0850,021318,,1,1,9,0700,0,1,1,,2,681,"INTERSTATE 680 NORTHBOUND","EL CERRO BLVD",900.00,N,N,A,-,Y,,,,,,,,,,Y,1,1,0,1,C,-,18,,,N,H,J,A,A,H,-,A,D,0,,,,,Y,,-,"- ",0,0,0,0,0,0,0,0,0,"- ","- ",37.832130432128906,-122.00437164306641,"CONTRA COSTA",UNINCORPORATED,-122.00319671630859,37.831298828125
90798362,2018,2018-10-18,9320,2018-08-19,1520,021710,,7,2,9,0700,0,2,4,,2,023,"BEAR CREEK ROAD","SAN PABLO DAM RD",11616.00,E,N,A,-,N,,,,,,,,,,Y,2,0,3,2,A,-,03,22350,,N,D,C,A,A,H,-,A,D,0,,,,,Y,Y,A,01,1,1,1,0,0,0,0,0,0,"- ","- ",37.918838500976562,-122.1982421875,"CONTRA COSTA",UNINCORPORATED,-122.19664001464844,37.921707153320312
90803307,2018,2018-08-31,9320,2018-08-26,0140,021472,,7,3,9,0700,0,2,4,,2,013,"SAN PABLO DAM ROAD","TRI LANE",3168.00,S,N,A,-,N,,,,,,,,,,Y,2,0,1,1,A,-,01,23152,A,N,E,I,A,A,H,-,D,D,0,,,,,Y,Y,A,01,1,0,0,0,0,0,0,0,0,"- ","- ",37.941368103027344,-122.26217651367188,"CONTRA COSTA",UNINCORPORATED,-122.26357269287109,37.941768646240234