CASE_ID,ACCIDENT_YEAR,PROC_DATE,JURIS,COLLISION_DATE,COLLISION_TIME,OFFICER_ID,REPORTING_DISTRICT,DAY_OF_WEEK,CHP_SHIFT,POPULATION,CNTY_CITY_LOC,SPECIAL_COND,BEAT_TYPE,CHP_BEAT_TYPE,CITY_DIVISION_LAPD,CHP_BEAT_CLASS,BEAT_NUMBER,PRIMARY_RD,SECONDARY_RD,DISTANCE,DIRECTION,INTERSECTION,WEATHER_1,WEATHER_2,STATE_HWY_IND,CALTRANS_COUNTY,CALTRANS_DISTRICT,STATE_ROUTE,ROUTE_SUFFIX,POSTMILE_PREFIX,POSTMILE,LOCATION_TYPE,RAMP_INTERSECTION,SIDE_OF_HWY,TOW_AWAY,COLLISION_SEVERITY,NUMBER_KILLED,NUMBER_INJURED,PARTY_COUNT,PRIMARY_COLL_FACTOR,PCF_CODE_OF_VIOL,PCF_VIOL_CATEGORY,PCF_VIOLATION,PCF_VIOL_SUBSECTION,HIT_AND_RUN,TYPE_OF_COLLISION,MVIW,PED_ACTION,ROAD_SURFACE,ROAD_COND_1,ROAD_COND_2,LIGHTING,CONTROL_DEVICE,CHP_ROAD_TYPE,PEDESTRIAN_ACCIDENT,BICYCLE_ACCIDENT,MOTORCYCLE_ACCIDENT,TRUCK_ACCIDENT,NOT_PRIVATE_PROPERTY,ALCOHOL_INVOLVED,STWD_VEHTYPE_AT_FAULT,CHP_VEHTYPE_AT_FAULT,COUNT_SEVERE_INJ,COUNT_VISIBLE_INJ,COUNT_COMPLAINT_PAIN,COUNT_PED_KILLED,COUNT_PED_INJURED,COUNT_BICYCLIST_KILLED,COUNT_BICYCLIST_INJURED,COUNT_MC_KILLED,COUNT_MC_INJURED,PRIMARY_RAMP,SECONDARY_RAMP,LATITUDE,LONGITUDE,COUNTY,CITY,POINT_X,POINT_Y
90804195,2018,2018-09-03,9320,2018-08-28,1755,018371,,2,2,9,0700,0,3,5,,2,039,"HAWTHORNE DRIVE","EDWARD WERTH DRIVE",100.00,E,N,A,-,N,,,,,,,,,,N,2,0,1,2,A,-,10,21950,A,F,G,B,C,A,H,-,A,A,0,Y,,,,Y,,D,22,1,0,0,0,1,0,0,0,0,"- ","- ",38.024631500244141,-122.26322174072266,"CONTRA COSTA",UNINCORPORATED,-122.26325988769531,38.024612426757812
90806880,2018,2018-09-06,9320,2018-09-05,1125,016503,,3,1,5,0708,0,1,3,,2,403,"SR-4 E/B","RAILROAD AVE. O/C",2112.00,W,N,A,-,Y,,,4,,,,,,E,Y,2,0,1,1,A,-,08,22107,,N,E,I,A,A,H,-,A,D,0,,,,,Y,,A,01,1,0,0,0,0,0,0,0,0,"- ","- ",38.018848419189453,-121.89698028564453,"CONTRA COSTA",PITTSBURG,-121.89700317382812,38.018772125244141
90807582,2018,2018-09-07,9370,2018-08-26,0310,021937,,7,3,5,0710,0,1,1,,2,082,"I-80 EB","SOLANO AVE",850.00,E,N,A,-,Y,,,,,,,,,,Y,2,0,1,2,A,-,01,23152,A,N,C,C,A,A,D,-,D,D,0,,,Y,,Y,Y,C,02,1,0,0,0,0,0,0,0,1,"- ","- ",37.564468383789062,-122.19286346435547,"CONTRA COSTA",RICHMOND,-122.32369232177734,37.943439483642578
90810087,2018,2018-09-11,9320,2018-07-06,0058,020009,,5,3,5,0701,0,1,3,,2,404,"SR-4 W/B","HILLCREST AVE O/C",0.00,,N,A,-,Y,,,4,,,,,,W,N,1,1,0,2,C,-,18,,,N,G,B,E,A,C,-,D,D,0,Y,,,,Y,Y,-,"- ",0,0,0,1,0,0,0,0,0,"- ","- ",37.996341705322266,-121.78545379638672,"CONTRA COSTA",ANTIOCH,-121.78545379638672,37.996330261230469
90810847,2018,2018-09-12,9320,2018-08-30,1605,016584,,4,2,9,0700,0,2,4,,2,031,"SAN PABLO AVE.","REFINERY RD.",0.00,,Y,A,-,N,,,,,,,,,,Y,2,0,1,1,A,-,08,22107,,N,E,I,A,A,H,-,A,A,0,,,,,Y,,A,01,1,0,0,0,0,0,0,0,0,"- ","- ",38.042758941650391,-122.26048278808594,"CONTRA COSTA",UNINCORPORATED,-122.260328,38.042751000000003
90811388,2018,2018-09-12,9320,2018-07-10,1950,019238,,2,2,9,0700,0,1,1,,2,681,"I-680 S/B","LIVORNA RD U/C",670.00,N,N,A,-,Y,,,,,,,,,,Y,1,1,0,1,A,-,01,23152,A,N,E,I,A,A,H,-,B,D,0,,,,,Y,Y,A,01,0,0,0,0,0,0,0,0,0,"- ","- ",,,"CONTRA COSTA",UNINCORPORATED,-122.03720092773438,37.864578247070312
90819522,2018,2018-09-24,9320,2018-09-10,0638,014859,,1,1,3,0702,0,1,3,,2,405,"SR-4 W/B","SAND CREEK RD",528.00,W,N,A,-,Y,,,4,,,,,,W,Y,2,0,1,1,A,-,08,22107,,N,F,A,A,A,H,-,A,D,0,,,Y,,Y,,C,02,1,0,0,0,0,0,0,0,1,"- ","- ",37.950351715087891,-121.74430084228516,"CONTRA COSTA",BRENTWOOD,-121.74436950683594,37.950336456298828
90826229,2018,2018-10-02,9320,2018-09-26,2133,021710,,3,2,9,0700,0,1,1,,2,681,"I-680 N/B","STONE VALLEY ROAD",2400.00,S,N,A,-,Y,,,680,,,,,,N,Y,2,0,1,2,A,-,01,23152,A,N,B,C,A,A,H,-,C,D,0,,,,,Y,Y,A,07,1,0,0,0,0,0,0,0,0,"- ","- ",37.846000671386719,-122.02564239501953,"CONTRA COSTA",UNINCORPORATED,-122.02565765380859,37.845977783203125
90829987,2018,2018-10-05,9320,2018-09-27,2125,021246,,4,2,9,0700,0,2,4,,2,083,"TAYLOR ROAD E/B","BETHEL ISLAND ROAD",7920.00,W,N,A,-,N,,,,,,,,,,Y,2,0,1,1,A,-,01,23152,A,N,F,A,A,A,H,-,D,D,0,,,Y,,Y,Y,C,02,1,0,0,0,0,0,0,0,1,"- ","- ",38.018398284912109,-121.65270233154297,"CONTRA COSTA",UNINCORPORATED,-121.66062927246094,38.026634216308594
90830380,2018,2019-10-14,9370,2018-10-04,2010,021913,,4,2,9,0700,0,3,5,,2,010,"SAN PABLO AVE","KAY RD",15.00,N,N,B,-,N,,,,,,,,,,Y,2,0,1,2,A,-,01,23152,A,N,C,C,A,A,H,-,C,A,0,,,,,Y,Y,D,22,1,0,0,0,0,0,0,0,0,"- ","- ",37.9918212890625,-122.33170318603516,"CONTRA COSTA",UNINCORPORATED,-122.33180236816406,37.991668701171875
90831738,2018,2018-10-09,9320,2018-09-15,0700,021546,,6,1,6,0704,0,1,3,,2,242,"SR-242 N/B","CLAYTON RD/ MARKET ST O/C",800.00,S,N,A,-,Y,,,,,,,,,,Y,2,0,1,1,A,-,01,23152,A,N,F,I,A,A,H,-,B,D,0,,,,,Y,Y,A,01,1,0,0,0,0,0,0,0,0,"- ","- ",,,"CONTRA COSTA",CONCORD,,
90843432,2018,2018-11-13,9370,2018-10-15,1724,021946,,1,2,5,0710,0,1,1,,2,083,"I-80 E/B","FITZGERALD DRIVE",750.00,W,N,A,-,Y,,,,,,,,,,Y,2,0,1,2,A,-,03,22350,,N,F,A,A,A,H,-,A,D,0,,,Y,,Y,,C,02,1,0,0,0,0,0,0,0,1,"- ","- ",37.595298767089844,-122.18556213378906,"CONTRA COSTA",RICHMOND,-122.31537628173828,37.984947204589844
90843986,2018,2018-10-24,9320,2018-06-17,0940,021546,,7,1,5,0708,0,1,3,,2,404,"SR-4 E/B","LOVERIDGE RD O/C",679.00,W,N,A,-,Y,,,4,,,,,,E,Y,1,1,2,1,A,-,08,22107,,N,E,I,A,A,H,-,A,D,0,,,,,Y,,A,07,1,0,1,0,0,0,0,0,0,"- ","- ",38.012310028076172,-121.87017059326172,"CONTRA COSTA",PITTSBURG,-121.87012481689453,38.012496948242188
90846961,2018,2018-10-29,9370,2018-10-16,1823,021946,,2,2,3,0705,0,1,1,,2,082,"I-80 E/B","POTRERO AVENUE",300.00,W,N,A,-,Y,,,,,,,,,,Y,2,0,1,2,A,-,07,21658,A,N,B,C,A,A,H,-,A,D,0,,,Y,,Y,,A,01,1,0,0,0,0,0,0,0,1,"- ","- ",37.551200866699219,-122.19283294677734,"CONTRA COSTA","EL CERRITO",-122.31812286376953,37.921623229980469
90849400,2018,2018-10-31,9320,2018-10-21,1430,016788,,7,2,9,0700,0,3,5,,2,039,"SECOND STREET","RAILROAD AVE",60.00,W,N,A,-,N,,,,,,,,,,N,2,0,1,2,A,-,08,22107,,N,B,C,A,A,H,-,A,D,0,,,Y,,Y,,A,01,1,0,0,0,0,0,0,0,1,"- ","- ",38.036209106445312,-122.26683807373047,"CONTRA COSTA",UNINCORPORATED,-122.26683807373047,38.036170959472656
90853710,2018,2018-11-06,9320,2018-10-30,0045,020010,,2,3,4,0714,0,1,3,,2,402,"SR-4 W/B","ALHAMBRA AVE O/C",60.00,E,N,A,-,Y,,,4,,,,,,W,Y,2,0,1,1,A,-,08,22107,,N,E,I,A,A,H,-,C,D,0,,,,,Y,,A,01,1,0,0,0,0,0,0,0,0,"- ","- ",37.990638732910156,-122.13021850585938,"CONTRA COSTA",MARTINEZ,-122.13023376464844,37.990695953369141
90858890,2018,2018-11-13,9320,2018-11-05,1005,017271,,1,1,9,0700,0,3,5,,2,060,"CONCORD AVE","JOHN GLEN BLVD",75.00,E,N,A,-,N,,,,,,,,,,N,2,0,1,1,A,-,08,22107,,N,F,I,A,A,H,-,A,D,0,,,Y,,Y,,C,02,1,0,0,0,0,0,0,0,1,"- ","- ",37.980541229248047,-122.05548095703125,"CONTRA COSTA",UNINCORPORATED,-122.05579376220703,37.980499267578125
90860618,2018,2018-11-15,9320,2018-11-05,1710,019238,,1,2,5,0712,0,1,1,,2,681,"I-680 N/B","OLYMPIC BLVD U/C",1320.00,S,N,A,-,Y,,,,,,,,,,Y,2,0,1,1,A,-,03,22350,,N,F,A,A,A,H,-,B,D,0,,,Y,,Y,,C,02,1,0,0,0,0,0,0,0,1,"- ","- ",,,"CONTRA COSTA","WALNUT CREEK",-122.06285858154297,37.892040252685547
90861492,2018,2018-11-16,9320,2018-11-07,2240,020192,,3,3,9,0700,0,2,4,,2,086,"BYRON HIGHWAY","BYRON HWY",1320.00,N,N,A,-,Y,,,,,,,,,,Y,2,0,2,1,A,-,01,23152,A,N,F,I,A,A,H,-,D,D,0,,,,,Y,Y,A,01,1,1,0,0,0,0,0,0,0,"- ","- ",37.834571838378906,-121.60823059082031,"CONTRA COSTA",UNINCORPORATED,-121.64096069335938,37.968818664550781
90868138,2018,2018-11-27,9320,2018-11-17,1158,019283,,6,1,9,0700,0,1,1,,2,180,"I-80 W/B","CALIFORNIA ST. O/C",3696.00,E,N,A,-,Y,,,,,,,,,,Y,2,0,1,2,A,-,08,22107,,N,C,C,A,A,H,-,A,D,0,,,,,Y,,A,08,1,0,0,0,0,0,0,0,0,"- ","- ",,,"CONTRA COSTA",UNINCORPORATED,-122.24791717529297,38.038261413574219
90870236,2018,2018-11-29,9320,2018-11-20,1220,016563,,2,1,9,0700,0,1,1,,2,681,"I-680 N/B","LA GONDA WAY",50.00,S,N,A,-,Y,,,680,,,,,,N,Y,2,0,2,4,A,-,03,22350,,N,C,C,A,A,H,-,A,D,0,,,,,Y,,A,07,1,0,1,0,0,0,0,0,0,"- ","- ",37.838981628417969,-122.0157470703125,"CONTRA COSTA",UNINCORPORATED,-122.0157470703125,37.8389892578125
9087576,2019,2020-05-16,0710,2019-12-22,0315,1764,CENTR,7,5,5,0710,0,0,0,,0,004,"23RD ST","RHEEM AV",0.00,,Y,B,-,N,,,,,,,,,,Y,2,0,1,3,A,-,03,22350,,N,D,C,A,A,H,-,C,A,0,,,,,Y,,A,01,1,0,0,0,0,0,0,0,0,"- ","- ",,,"CONTRA COSTA",RICHMOND,-122.34745025634766,37.949760437011719
90878681,2018,2018-12-10,9320,2018-11-27,2350,022013,,2,3,9,0700,0,2,4,,2,022,"WILDCAT CANYON RD","S PARK DR",4066.00,N,N,A,C,N,,,,,,,,,,Y,2,0,1,1,A,-,03,22350,,N,E,I,A,B,H,-,D,B,0,,,,,Y,,A,01,1,0,0,0,0,0,0,0,0,"- ","- ",37.900600433349609,-122.25050354003906,"CONTRA COSTA",UNINCORPORATED,-122.25002288818359,37.900169372558594
90884443,2018,2018-12-17,9320,2018-10-01,1519,019759,,1,2,9,0700,0,2,4,,2,088,"CHESTNUT ST.","LAVENDER FARMS LN.",635.00,W,N,A,-,N,,,,,,,,,,Y,1,1,2,2,A,-,08,22107,,N,C,C,A,A,H,-,A,D,0,,,,,Y,,A,07,1,1,0,0,0,0,0,0,0,"- ","- ",37.932769775390625,-121.65248107910156,"CONTRA COSTA",UNINCORPORATED,,
90888519,2018,2018-12-24,9320,2018-12-17,0915,021203,,1,1,3,0702,0,1,3,,2,405,"SR-4 WESTBOUND","LAUREL ROAD",700.00,W,N,A,-,Y,,,,,,,,,,Y,2,0,1,2,A,-,03,22350,,N,C,C,A,A,H,-,A,A,0,,,,,Y,,A,01,1,0,0,0,0,0,0,0,0,"- ","- ",37.980968475341797,-121.74508666992188,"CONTRA COSTA",BRENTWOOD,-121.74521636962891,37.980686187744141
90895563,2018,2019-01-02,9320,2018-11-20,0625,016563,,2,1,5,0712,0,1,1,,2,682,"I-680 S/B","TREAT BLVD",800.00,S,N,A,-,Y,,,680,,,,,,S,N,2,0,1,3,A,-,03,22350,,M,C,C,A,A,H,-,D,D,0,,,,,Y,,-,99,1,0,0,0,0,0,0,0,0,"- ","- ",37.919040679931641,-122.06320953369141,"CONTRA COSTA","WALNUT CREEK",-122.06313323974609,37.918994903564453
90899300,2018,2019-01-07,9320,2018-12-29,1100,022123,,6,1,9,0700,0,2,4,,2,013,"SAN PABLO DAM RD.","TRI LN",800.00,E,N,A,-,N,,,,,,,,,,N,2,0,1,2,A,-,09,21801,A,N,H,G,A,A,H,-,A,D,0,,Y,,,Y,,A,01,1,0,0,0,0,0,1,0,0,"- ","- ",37.945209503173828,-122.26657867431641,"CONTRA COSTA",UNINCORPORATED,-122.26760864257812,37.946807861328125
90899766,2019,2019-01-08,9320,2019-01-01,0110,021293,,2,3,9,0700,0,1,3,,2,403,"SR4 WB","BAILEY RD UNDERCROSSING",1351.00,E,N,A,G,Y,,,4,,,,,,W,Y,2,0,1,2,A,-,01,23152,A,N,B,C,A,A,H,-,D,D,0,,,,,Y,Y,A,01,1,0,0,0,0,0,0,0,0,"- ","- ",38.019100189208984,-121.93699645996094,"CONTRA COSTA",UNINCORPORATED,-121.93699645996094,38.019126892089844
90901242,2019,2019-01-10,9370,2019-01-06,1335,022098,,7,1,3,0707,0,1,1,,2,083,"I-80 W/B","APPIAN WAY",1340.00,W,N,C,-,Y,,,,,,,,,,Y,2,0,2,1,A,-,03,22350,,N,E,I,A,B,H,-,C,D,0,,,,,Y,,A,01,2,0,0,0,0,0,0,0,0,"- ","- ",37.593349456787109,-122.18238830566406,"CONTRA COSTA",PINOLE,-122.30655670166016,37.992538452148438
90906969,2019,2019-01-18,9370,2019-01-10,2305,022054,,4,3,4,0711,0,1,1,,2,083,"I-80 E/B","EL PORTAL DRIVE",175.00,W,N,A,-,Y,,,80,,,,,,E,Y,2,0,1,1,A,-,08,22107,,N,E,I,A,A,H,-,C,A,0,,,,,Y,,A,01,1,0,0,0,0,0,0,0,0,"- ","- ",37.965850830078125,-122.32274627685547,"CONTRA COSTA","SAN PABLO",-122.32284545898438,37.965991973876953
90909584,2018,2019-01-23,9320,2018-11-01,1830,018371,,4,2,9,0700,0,2,4,,2,011,"APPIAN WAY","FRAN WAY",0.00,,Y,A,-,N,,,,,,,,,,N,1,1,0,2,A,-,10,21950,A,N,G,B,B,A,H,-,B,A,0,Y,,,,Y,,A,01,0,0,0,1,0,0,0,0,0,"- ","- ",37.976669311523438,-122.29618835449219,"CONTRA COSTA",UNINCORPORATED,-122.29606628417969,37.976779937744141
90912412,2019,2019-01-25,9390,2019-01-16,0646,014771,,3,1,9,0700,0,2,4,,2,112,"CAMINO TASSAJARA (7300 BLK.)","HIGHLAND RD.",4752.00,S,N,B,-,N,,,,,,,,,,Y,2,0,1,1,A,-,08,22107,,N,E,I,A,B,H,-,D,D,0,,,,,Y,Y,A,01,1,0,0,0,0,0,0,0,0,"- ","- ",37.763801574707031,-121.86679840087891,"CONTRA COSTA",UNINCORPORATED,-121.86690521240234,37.763500213623047
90913790,2019,2019-01-28,9320,2019-01-19,2108,021440,,6,2,9,0700,0,1,3,,2,403,"SR-4 W/B","SAN MARCO BLVD",2323.00,E,N,A,-,Y,,,,,,,,,,Y,2,0,1,1,A,-,01,23152,A,N,E,I,A,A,H,-,C,D,0,,,,,Y,Y,A,01,1,0,0,0,0,0,0,0,0,"- ","- ",38.117279052734375,-121.57277679443359,"CONTRA COSTA",UNINCORPORATED,-121.96559906005859,38.023048400878906
9092038,2020,2020-08-06,0704,2020-04-13,0250,599,,1,5,6,0704,0,0,0,,0,001,"MARSH DR","SOLANO WAY",660.00,W,N,A,-,N,,,,,,,,,,Y,2,0,1,1,A,-,01,23153,A,N,A,I,A,A,H,-,C,D,0,,,,,Y,Y,A,01,1,0,0,0,0,0,0,0,0,"- ","- ",,,"CONTRA COSTA",CONCORD,-122.05518341064453,37.999374389648438
90921762,2019,2019-02-07,9320,2019-02-06,0750,021499,,3,1,9,0700,0,3,5,,2,040,"ASPEN DR","BROWN DR",111.00,S,N,A,-,N,,,,,,,,,,N,1,1,0,2,A,-,03,22350,,N,G,B,E,A,H,-,A,D,0,Y,,,,Y,,A,01,0,0,0,1,0,0,0,0,0,"- ","- ",37.596439361572266,-122.49449920654297,"CONTRA COSTA",UNINCORPORATED,-122.06932067871094,37.985416412353516
90926870,2019,2019-02-14,9320,2019-01-30,0850,016563,,3,1,3,0792,0,1,3,,2,240,"SR-24 W/B","ST STEPHENS DRIVE",1170.00,E,N,A,-,Y,,,24,,,,,,W,Y,2,0,1,2,A,-,07,21658,A,N,B,C,A,A,H,-,A,D,0,,,Y,,Y,,A,01,1,0,0,0,0,0,0,0,1,"- ","- ",37.892688751220703,-122.16728210449219,"CONTRA COSTA",ORINDA,-122.16729736328125,37.892791748046875
90930069,2019,2019-02-20,9320,2019-02-17,1000,020949,,7,1,9,0700,0,1,3,,2,401,"E/B SR-4","ALHAMBRA AVE",2640.00,W,N,A,-,Y,,,4,,,,,,,N,2,0,1,1,A,-,08,22107,,N,E,I,A,A,H,-,A,D,0,,,,,Y,,A,07,1,0,0,0,0,0,0,0,0,"- ","- ",37.994979858398438,-122.14457702636719,"CONTRA COSTA",UNINCORPORATED,-122.14454650878906,37.9949951171875
90931037,2019,2019-02-21,9320,2019-02-16,1435,021590,,6,2,9,0700,0,2,4,,2,011,"APPIAN WAY","APPIAN VILLAGE DRIVE",100.00,S,N,A,-,N,,,,,,,,,,Y,2,0,2,2,A,-,09,21801,A,N,D,C,A,A,H,-,A,D,0,,,,,Y,,A,01,1,0,1,0,0,0,0,0,0,"- ","- ",37.979099273681641,-122.29599761962891,"CONTRA COSTA",UNINCORPORATED,-122.29586029052734,37.978919982910156
90932102,2019,2019-02-22,9320,2019-02-20,1155,018525,,3,1,5,0708,0,1,3,,2,403,"SR-4 E/B","RAILROAD AVE",20.00,W,N,A,-,Y,,,,,,,,,,Y,2,0,1,2,A,-,03,22350,,N,C,C,A,A,D,-,A,A,0,,,,Y,Y,,A,01,1,0,0,0,0,0,0,0,0,"- ","- ",,,"CONTRA COSTA",PITTSBURG,-121.88970947265625,38.016826629638672
90932982,2019,2019-02-25,9320,2019-02-16,1644,021496,,6,2,5,0708,0,1,3,,2,404,"SR-4 EASTBOUND TO LOVERIDGE","CALIFORNA AVE",3.00,S,N,C,-,Y,,,4,,,,R,,E,N,2,0,1,1,A,-,08,22107,,N,E,I,A,B,H,-,A,A,0,,,,,Y,,A,01,1,0,0,0,0,0,0,0,0,"- ","- ",38.012828826904297,-121.86862945556641,"CONTRA COSTA",PITTSBURG,-121.86862945556641,38.012828826904297
90933024,2019,2019-02-25,9320,2019-02-17,0544,019283,,7,3,9,0700,0,2,4,,2,073,"KIRKER PASS RD. NORTHBOUND","SOUTH HESS RD.",1570.00,N,N,A,-,N,,,,,,,,,,Y,2,0,1,2,A,-,11,21956,A,N,G,B,E,B,H,-,D,D,0,Y,,,,Y,,N,60,1,0,0,0,1,0,0,0,0,"- ","- ",37.967609405517578,-121.92633056640625,"CONTRA COSTA",UNINCORPORATED,-121.92765808105469,37.965976715087891
90938305,2019,2019-03-04,9320,2019-02-22,0300,021203,,5,3,3,0792,0,1,3,,2,240,"SR-24 EASTBOUND","CAMINO PABLO",1056.00,W,N,A,-,Y,,,24,,,,,,E,Y,2,0,1,2,A,-,11,21954,A,F,E,B,E,A,H,-,D,D,0,Y,,,,Y,,N,60,1,0,0,0,1,0,0,0,0,"- ","- ",37.874698638916016,-122.18659973144531,"CONTRA COSTA",ORINDA,-122.18666839599609,37.874771118164062
90938411,2019,2019-03-04,9320,2019-02-24,1905,021423,,7,2,9,0700,0,2,4,,2,013,"SAN PABLO DAM RD","OLD SAN PABLO DAM RD",1100.00,S,N,A,-,N,,,,,,,,,,Y,2,0,1,1,A,-,01,23152,A,N,E,I,A,A,H,-,D,D,0,,,,,Y,Y,A,07,1,0,0,0,0,0,0,0,0,"- ","- ",37.931591033935547,-122.25582885742188,"CONTRA COSTA",UNINCORPORATED,-122.25537109375,37.931156158447266
90939332,2019,2019-03-05,9370,2019-02-26,0245,021519,,2,3,5,0710,0,1,1,,2,082,"I-80 E/B","SOLANO AVE",860.00,E,N,C,-,Y,,,80,,,,,,E,Y,2,0,1,1,A,-,03,22350,,N,F,A,A,B,H,-,D,D,0,,,,,Y,,A,01,1,0,0,0,0,0,0,0,0,"- ","- ",37.945819854736328,-122.324462890625,"CONTRA COSTA",RICHMOND,-122.32460021972656,37.945755004882812
90941186,2018,2019-03-08,9320,2018-10-07,0213,021440,,7,3,9,0700,0,2,4,,2,086,"BYRON HWY N/B","BRENTWOOD BLVD",0.00,,Y,A,-,N,,,,,,,,,,Y,1,1,1,1,A,-,01,23152,A,N,E,I,A,A,H,-,C,A,0,,,,,Y,Y,A,01,0,1,0,0,0,0,0,0,0,"- ","- ",37.910148620605469,-121.64185333251953,"CONTRA COSTA",UNINCORPORATED,-121.64182281494141,37.909938812255859
90944733,2019,2019-03-12,9320,2019-03-06,1808,019759,,3,2,9,0700,0,2,4,,2,097,"WALNUT BLVD.","EUREKA AVE.",207.00,S,N,C,-,N,,,,,,,,,,Y,2,0,1,1,A,-,01,23152,A,N,E,I,A,B,H,-,D,D,0,,,,,Y,Y,A,01,1,0,0,0,0,0,0,0,0,"- ","- ",37.913810729980469,-121.69622039794922,"CONTRA COSTA",UNINCORPORATED,-121.69626617431641,37.913803100585938
90945175,2019,2019-03-13,9320,2019-03-09,0735,021433,,6,1,9,0700,0,1,3,,2,404,"SR-4 EB","LOVERIDGE RD O/C",400.00,E,N,B,-,Y,,,,,,,,,,Y,2,0,1,2,A,-,03,22350,,F,C,C,A,A,H,-,A,D,0,,,,,Y,,-,99,1,0,0,0,0,0,0,0,0,"- ","- ",,,"CONTRA COSTA",UNINCORPORATED,-121.86727142333984,38.011680603027344
90946239,2019,2019-06-26,9320,2019-02-02,0115,021609,,6,3,9,0700,0,2,4,,2,012,"SAN PABLO DAM ROAD","APPIAN WAY",300.00,E,N,C,-,N,,,,,,,,,,N,1,1,0,2,A,-,05,21650,,N,D,G,A,B,H,-,C,D,0,,Y,,,Y,Y,L,04,0,0,0,0,0,1,0,0,0,"- ","- ",37.96630859375,-122.30825042724609,"CONTRA COSTA",UNINCORPORATED,-122.30836486816406,37.966316223144531
90947359,2019,2019-07-03,9320,2019-03-12,1523,019759,,2,2,9,0700,0,2,4,,2,095,"MARSH CREEK RD.","ROUND VALLEY",1090.00,W,N,A,-,N,,,,,,,,,,Y,2,0,2,3,A,-,05,21460,A,N,A,C,A,A,H,-,A,D,0,,,,,Y,,A,07,2,0,0,0,0,0,0,0,0,"- ","- ",37.870769500732422,-121.75382232666016,"CONTRA COSTA",UNINCORPORATED,-121.75382232666016,37.870769500732422
90947400,2019,2019-03-18,9320,2019-03-09,2005,022082,,6,2,9,0700,0,2,4,,2,086,"BYRON HWY S/B","N. BRUNS RD.",69.00,S,N,B,-,N,,,,,,,,,,Y,2,0,2,2,A,-,01,23152,A,N,A,C,A,A,H,-,D,D,0,,,,,Y,Y,A,01,2,0,0,0,0,0,0,0,0,"- ","- ",37.829399108886719,-121.60469818115234,"CONTRA COSTA",UNINCORPORATED,-121.6046142578125,37.829261779785156
90949923,2019,2019-03-20,9320,2019-03-12,0849,019283,,2,1,6,0704,0,1,3,,2,402,"SR 4 W/B","PORT CHICAGO HWY U/C",472.00,W,N,A,-,Y,,,4,,,,,,W,Y,2,0,1,1,A,-,03,22350,,N,F,A,A,A,H,-,A,D,0,,,Y,,Y,,C,02,1,0,0,0,0,0,0,0,1,"- ","- ",38.009601593017578,-122.02449035644531,"CONTRA COSTA",CONCORD,-122.02449798583984,38.009658813476562
90951660,2018,2019-03-22,9320,2018-11-04,0121,022082,,7,3,5,0712,0,1,3,,2,241,"SR-24 E/B","EL CURTOLA BLVD.",2094.00,E,N,A,-,Y,,,24,,,,,,E,Y,1,1,1,2,A,-,01,23152,G,N,C,C,A,A,H,-,D,D,0,,,,,Y,Y,A,01,0,1,0,0,0,0,0,0,0,"- ","- ",37.896198272705078,-122.07759857177734,"CONTRA COSTA","WALNUT CREEK",-122.07758331298828,37.896259307861328
90953728,2019,2019-03-26,9320,2019-03-18,1702,019238,,1,2,9,0700,0,2,4,,2,062,"STONE VALLEY RD","VALLEY OAKS RD",100.00,W,N,A,-,N,,,,,,,,,,N,2,0,1,1,A,-,03,22350,,N,E,J,A,A,H,-,A,D,0,,Y,,,Y,,L,04,1,0,0,0,0,0,1,0,0,"- ","- ",37.852298736572266,-122.01129913330078,"CONTRA COSTA",UNINCORPORATED,-122.01126861572266,37.852325439453125
90958826,2019,2019-04-02,9320,2019-03-23,2308,021318,,6,3,6,0704,0,1,1,,2,683,"CONCORD AVENUE E/B","JOHN GLENN DRIVE",20.00,W,N,A,-,Y,,,,,,,,,,Y,2,0,1,2,A,-,01,23152,A,N,C,C,A,A,H,-,C,D,0,,,,,Y,Y,A,01,1,0,0,0,0,0,0,0,0,"- ","- ",37.980148315429688,-122.05626678466797,"CONTRA COSTA",CONCORD,-122.05599212646484,37.980255126953125
90959408,2019,2019-04-02,9320,2019-03-28,1759,018525,,4,2,9,0700,0,2,4,,2,073,"KIRKER PASS RD","NORTONVILLE RD",1584.00,S,N,C,-,N,,,,,,,,,,Y,2,0,2,1,A,-,08,22107,,N,F,A,A,B,H,-,A,D,0,,,,,Y,,A,01,1,0,1,0,0,0,0,0,0,"- ","- ",37.978111267089844,-121.90300750732422,"CONTRA COSTA",UNINCORPORATED,-121.90304565429688,37.978229522705078