CASE_ID,ACCIDENT_YEAR,PROC_DATE,JURIS,COLLISION_DATE,COLLISION_TIME,OFFICER_ID,REPORTING_DISTRICT,DAY_OF_WEEK,CHP_SHIFT,POPULATION,CNTY_CITY_LOC,SPECIAL_COND,BEAT_TYPE,CHP_BEAT_TYPE,CITY_DIVISION_LAPD,CHP_BEAT_CLASS,BEAT_NUMBER,PRIMARY_RD,SECONDARY_RD,DISTANCE,DIRECTION,INTERSECTION,WEATHER_1,WEATHER_2,STATE_HWY_IND,CALTRANS_COUNTY,CALTRANS_DISTRICT,STATE_ROUTE,ROUTE_SUFFIX,POSTMILE_PREFIX,POSTMILE,LOCATION_TYPE,RAMP_INTERSECTION,SIDE_OF_HWY,TOW_AWAY,COLLISION_SEVERITY,NUMBER_KILLED,NUMBER_INJURED,PARTY_COUNT,PRIMARY_COLL_FACTOR,PCF_CODE_OF_VIOL,PCF_VIOL_CATEGORY,PCF_VIOLATION,PCF_VIOL_SUBSECTION,HIT_AND_RUN,TYPE_OF_COLLISION,MVIW,PED_ACTION,ROAD_SURFACE,ROAD_COND_1,ROAD_COND_2,LIGHTING,CONTROL_DEVICE,CHP_ROAD_TYPE,PEDESTRIAN_ACCIDENT,BICYCLE_ACCIDENT,MOTORCYCLE_ACCIDENT,TRUCK_ACCIDENT,NOT_PRIVATE_PROPERTY,ALCOHOL_INVOLVED,STWD_VEHTYPE_AT_FAULT,CHP_VEHTYPE_AT_FAULT,COUNT_SEVERE_INJ,COUNT_VISIBLE_INJ,COUNT_COMPLAINT_PAIN,COUNT_PED_KILLED,COUNT_PED_INJURED,COUNT_BICYCLIST_KILLED,COUNT_BICYCLIST_INJURED,COUNT_MC_KILLED,COUNT_MC_INJURED,PRIMARY_RAMP,SECONDARY_RAMP,LATITUDE,LONGITUDE,COUNTY,CITY,POINT_X,POINT_Y
90962298,2019,2019-04-05,9320,2019-03-30,1641,021526,,6,2,6,0704,0,1,3,,2,402,"SR-4 E/B","PORT CHICAGO HIGHWAY",1370.00,E,N,A,-,Y,,,4,,,,,,E,Y,2,0,1,2,A,-,03,22350,,M,F,A,A,A,H,-,A,D,0,,,Y,,Y,,C,02,1,0,0,0,0,0,0,0,1,"- ","- ",38.010749816894531,-122.01802062988281,"CONTRA COSTA",CONCORD,-122.01795196533203,38.010288238525391
90967032,2019,2019-04-12,9320,2019-03-21,0730,016563,,4,1,3,0792,0,1,3,,2,240,"SR-24 W/B","ACALANES ROAD",1901.00,W,N,A,-,Y,,,,,,,,,,Y,2,0,1,3,A,-,07,21658,A,N,B,C,A,A,H,-,A,D,0,,,Y,,Y,,A,01,1,0,0,0,0,0,0,0,1,"- ","- ",37.893001556396484,-122.16130065917969,"CONTRA COSTA",ORINDA,-122.1610107421875,37.893138885498047
90968342,2019,2019-04-16,9320,2019-04-08,1143,016788,,1,1,5,0708,0,1,3,,2,403,"SR-4 W/B","RAILROAD AVE O/C",1126.00,W,N,B,-,Y,,,,,,,,,,Y,2,0,4,5,A,-,08,22107,,N,C,C,E,A,H,-,A,D,0,Y,,,Y,Y,,D,22,2,2,0,0,2,0,0,0,0,"- ","- ",,,"CONTRA COSTA",PITTSBURG,-121.89324951171875,38.018062591552734
90973300,2019,2019-04-23,9320,2019-03-17,1808,021496,,7,2,9,0700,0,2,4,,2,011,"ANDREWS WAY","RANCHO ROAD",680.00,S,N,A,-,N,,,,,,,,,,Y,1,1,0,1,A,-,01,23152,A,N,E,I,A,A,H,-,A,D,0,,,,,Y,Y,A,07,0,0,0,0,0,0,0,0,0,"- ","- ",37.983871459960938,-122.29144287109375,"CONTRA COSTA",UNINCORPORATED,-122.29367828369141,37.982833862304688
90977788,2019,2019-04-29,9320,2019-04-12,1530,019759,,5,2,9,0700,0,2,4,,2,096,"VASCO RD.","CAMINO DIABLO",2640.00,N,N,A,-,N,,,,,,,,,,Y,2,0,2,2,A,-,03,22350,,N,C,C,A,A,H,-,A,D,0,,,,,Y,,A,07,1,0,1,0,0,0,0,0,0,"- ","- ",37.869468688964844,-121.67453765869141,"CONTRA COSTA",UNINCORPORATED,-121.6749267578125,37.86956787109375
90978584,2019,2019-04-30,9320,2019-04-24,2230,017211,,3,3,9,0700,0,2,4,,2,011,"APPIAN WAY (4600 BLOCK)","PEBBLE DRIVE",3.00,S,N,A,-,N,,,,,,,,,,Y,2,0,2,2,A,-,05,21650,,N,A,C,A,A,H,-,C,A,0,,,,,Y,,A,01,1,0,1,0,0,0,0,0,0,"- ","- ",37.972999572753906,-122.30203247070312,"CONTRA COSTA",UNINCORPORATED,-122.30197906494141,37.973484039306641
90984987,2019,2019-05-09,9320,2019-05-02,1828,019759,,4,2,9,0700,0,2,4,,2,093,"BYER RD.","DUARTE RANCH RD.",0.00,,Y,A,-,N,,,,,,,,,,Y,2,0,4,2,A,-,06,21750,,N,D,C,A,A,H,-,A,D,0,,,,,Y,,A,07,2,2,0,0,0,0,0,0,0,"- ","- ",37.874679565429688,-121.63485717773438,"CONTRA COSTA",UNINCORPORATED,-121.634857,37.874679999999998
90986886,2019,2019-05-13,9320,2019-05-01,2104,019238,,3,2,9,0700,0,3,5,,2,060,"JONES RD","HARVEY DR",0.00,,Y,A,-,N,,,,,,,,,,N,2,0,1,2,A,-,10,21950,A,N,G,B,B,A,H,-,C,A,0,Y,,,,Y,,A,01,1,0,0,0,1,0,0,0,0,"- ","- ",37.927799224853516,-122.05460357666016,"CONTRA COSTA",UNINCORPORATED,-122.05461883544922,37.927829742431641
90993591,2019,2019-05-23,9370,2019-05-13,0703,019695,,1,1,5,0710,0,1,1,,2,083,"I-80 W/B","EL PORTAL DRIVE",60.00,E,N,A,-,Y,,,80,,,,,,W,Y,2,0,1,3,A,-,07,21658,A,N,B,C,A,A,H,-,A,D,0,,,Y,,Y,,D,22,1,0,0,0,0,0,0,0,1,"- ","- ",37.966560363769531,-122.32232666015625,"CONTRA COSTA",RICHMOND,-122.322265625,37.966495513916016
90996801,2019,2019-06-07,9370,2019-05-01,0925,021457,,3,1,9,0700,0,3,5,,2,012,"TARA HILLS DRIVE W/B (2800 BLOCK)","CORNELIUS COURT",70.00,E,N,A,-,N,,,,,,,,,,Y,2,0,3,3,A,-,09,21802,A,F,A,C,A,A,H,-,A,A,0,,,,,Y,,-,99,1,2,0,0,0,0,0,0,0,"- ","- ",37.998008728027344,-122.31217193603516,"CONTRA COSTA",UNINCORPORATED,-122.31216430664062,37.997905731201172
91001031,2019,2019-05-31,9320,2019-02-23,0158,021440,,6,3,5,0701,0,1,3,,2,404,"SR-4 E/B","CONTRA LOMA BLVD",563.00,W,N,A,-,Y,,,4,,,,,,E,Y,1,1,0,1,A,-,01,23152,A,N,E,I,A,A,H,-,D,A,0,,,,,Y,Y,A,01,0,0,0,0,0,0,0,0,0,"- ","- ",37.999771118164062,-121.82362365722656,"CONTRA COSTA",ANTIOCH,-121.82356262207031,37.99993896484375
9100151,2020,2020-11-12,0714,2020-04-24,0226,166,184,5,5,4,0714,0,0,0,,0,003,"RT 4","MORELLO AV",0.00,,Y,A,-,Y,CC,4,4,-,R,10.487,R,3,E,N,2,0,1,2,A,-,10,21950,,F,G,B,B,A,H,-,C,A,0,Y,,,,Y,,-,99,1,0,0,0,1,0,0,0,0,EO,"- ",37.992530822753906,-122.10320281982422,"CONTRA COSTA",MARTINEZ,-122.100711,37.991182999999999
91002678,2019,2019-06-04,9370,2019-05-23,0615,019695,,4,1,9,0700,0,1,1,,2,083,"I-80 W/B","EL PORTAL DRIVE",1200.00,W,N,B,-,Y,,,80,,,,,,W,Y,2,0,1,2,A,-,07,21658,A,N,C,C,A,A,H,-,B,D,0,,,Y,,Y,,A,01,1,0,0,0,0,0,0,0,1,"- ","- ",37.964179992675781,-122.32631683349609,"CONTRA COSTA",UNINCORPORATED,-122.32630920410156,37.964164733886719
91005314,2019,2019-08-09,9320,2019-05-26,0210,020834,,7,3,9,0700,0,1,3,,1,406,"SR-4 W/B","BIXLER RD",177.00,W,N,A,-,Y,,,4,,,,,,W,N,2,0,1,2,A,-,11,21954,A,N,A,B,E,A,H,-,D,D,0,Y,,,,Y,Y,N,60,1,0,0,0,1,0,0,0,0,"- ","- ",37.889461517333984,-121.62403869628906,"CONTRA COSTA",UNINCORPORATED,-121.62403869628906,37.889453887939453
91011929,2019,2019-06-18,9320,2019-06-10,1300,021203,,1,1,9,0700,0,2,4,,2,026,"TAYLOR BOULEVARD","GREEN HILLS DRIVE",1056.00,S,N,A,-,N,,,,,,,,,,Y,2,0,1,1,C,-,18,,,N,E,J,A,A,H,-,A,D,0,,,Y,,Y,,-,"- ",1,0,0,0,0,0,0,0,1,"- ","- ",37.926399230957031,-122.09606170654297,"CONTRA COSTA",UNINCORPORATED,-122.09609985351562,37.926708221435547
91014824,2019,2019-06-21,9320,2019-06-15,2133,021440,,6,2,9,0700,0,2,4,,2,091,"BIXLER RD","KELLOGG CREEK RD",510.00,N,N,A,-,N,,,,,,,,,,N,2,0,1,2,A,-,11,21956,,N,G,B,E,A,H,-,D,A,0,Y,,,,Y,Y,N,60,1,0,0,0,1,0,0,0,0,"- ","- ",37.883369445800781,-121.62307739257812,"CONTRA COSTA",UNINCORPORATED,-121.62308502197266,37.883319854736328
91017926,2019,2019-06-26,9320,2019-06-16,1400,021514,,7,2,9,0700,0,1,1,,2,683,I-680,SR-4,100.00,N,N,A,-,Y,,,680,,,,,,,Y,2,0,1,1,A,-,01,23152,A,N,E,I,A,A,H,-,A,D,0,,,,,Y,Y,A,01,1,0,0,0,0,0,0,0,0,"- ","- ",37.994899749755859,-122.07029724121094,"CONTRA COSTA",UNINCORPORATED,-122.07032775878906,37.994865417480469
91022377,2019,2019-07-01,9320,2019-06-23,1930,021352,,7,2,5,0712,0,1,1,,2,681,"I-680 S/B","SOUTH MAIN STREET",500.00,N,N,A,-,Y,,,680,,,,,,S,Y,2,0,1,2,A,-,01,23152,A,N,C,C,A,A,H,-,A,D,0,,,,,Y,Y,D,22,1,0,0,0,0,0,0,0,0,"- ","- ",37.889030456542969,-122.05800628662109,"CONTRA COSTA","WALNUT CREEK",-122.05797576904297,37.889064788818359
91024881,2019,2019-07-05,9320,2019-06-28,2205,021293,,5,3,9,0700,0,2,4,,2,093,"BYRON HWY","CAMINO DIABLO",485.00,E,N,A,-,N,,,,,,,,,,Y,2,0,1,1,A,-,13,22515,A,N,G,B,A,A,H,-,D,D,0,,,,,Y,,E,22,1,0,0,0,0,0,0,0,0,"- ","- ",37.866321563720703,-121.63739776611328,"CONTRA COSTA",UNINCORPORATED,-121.637451171875,37.866390228271484
91025019,2019,2019-07-05,9320,2019-06-30,0215,021590,,7,3,6,0704,0,1,1,,2,683,"I-680 N/B",SR-242,100.00,S,N,A,-,Y,,,680,,,,,,N,Y,2,0,1,1,A,-,08,22107,,N,E,I,A,A,H,-,C,D,0,,,,,Y,,A,01,1,0,0,0,0,0,0,0,0,"- ","- ",37.958900451660156,-122.05239868164062,"CONTRA COSTA",CONCORD,-122.05249786376953,37.958889007568359
91027655,2019,2019-07-09,9370,2019-03-27,0218,021093,,3,3,5,0710,0,1,1,,2,058,"I-580 W/B","MARINA BAY PARKWAY O/C",930.00,W,N,B,-,Y,,,580,,,,,,W,Y,1,1,0,2,A,-,11,21954,A,N,G,B,E,B,H,-,D,D,0,Y,,,,Y,,N,60,0,0,0,1,0,0,0,0,0,"- ","- ",37.921909332275391,-122.35096740722656,"CONTRA COSTA",RICHMOND,-122.35096740722656,37.921894073486328
91028423,2019,2019-07-16,9320,2019-06-29,1735,021423,,6,2,9,0700,0,1,3,,2,241,"I-680 S/B TO SR-24 W/B","OAKVALE RD OVERCROSSING",320.00,S,N,A,-,Y,,,680,,,,R,,S,Y,2,0,4,7,A,-,21,22106,,N,C,C,E,A,H,-,A,D,0,Y,,,,Y,,D,22,2,2,0,0,3,0,0,0,0,"- ","- ",37.902179718017578,-122.07079315185547,"CONTRA COSTA",UNINCORPORATED,-122.07079315185547,37.902179718017578
91029056,2019,2019-07-11,9320,2019-07-01,2135,019546,,1,2,9,0700,0,2,4,,2,094,"BRENTWOOD BOULEVARD","BYRON HIGHWAY",2640.00,W,N,A,-,N,,,,,,,,,,Y,2,0,4,2,A,-,09,21801,A,M,D,C,A,A,H,-,D,D,0,,,,,Y,,A,01,1,1,2,0,0,0,0,0,0,"- ","- ",37.910961151123047,-121.65048217773438,"CONTRA COSTA",UNINCORPORATED,-121.65053558349609,37.910999298095703
91033155,2019,2019-07-18,9320,2019-07-14,0027,021609,,7,3,9,0700,0,1,1,,2,180,"I-80 E/B","POMONA ST",528.00,W,N,A,-,Y,,,80,,,,,,E,Y,2,0,3,3,A,-,03,22350,,M,C,C,A,A,H,-,D,D,0,,,,,Y,,A,01,1,0,2,0,0,0,0,0,0,"- ","- ",38.050228118896484,-122.23075103759766,"CONTRA COSTA",UNINCORPORATED,-122.23078918457031,38.050281524658203
91042195,2019,2019-07-31,9320,2019-07-25,0800,016503,,4,1,5,0708,0,1,3,,2,403,"SR-4 W/B","RAILROAD AVE. O/C",7392.00,W,N,A,-,Y,,,4,,,,,,W,Y,2,0,1,4,A,-,03,22350,,M,C,C,A,A,H,-,A,D,0,,,,Y,Y,,A,01,1,0,0,0,0,0,0,0,0,"- ","- ",38.020198822021484,-121.91506195068359,"CONTRA COSTA",PITTSBURG,-121.91506195068359,38.020137786865234
91055420,2019,2019-08-20,9320,2019-07-26,2210,021609,,5,3,6,0704,0,1,3,,2,402,"PORT CHICAGO HIGHWAY N/B TO SR-4 EB","PORT CHICAGO HIGHWAY",1056.00,E,N,A,-,Y,,,,,,,,,,Y,2,0,1,2,A,-,05,21651,B,F,A,C,A,A,H,-,C,D,0,,,,,Y,,A,01,1,0,0,0,0,0,0,0,0,"- ","- ",38.009639739990234,-122.0196533203125,"CONTRA COSTA",CONCORD,,
91056685,2019,2019-08-21,9370,2019-08-15,1703,022346,,4,2,5,0710,0,1,1,,2,058,"I-580 E/B","REGATTA BLVD",1460.00,E,N,A,-,Y,,,,,,,,,,Y,2,0,1,2,A,-,03,22350,,N,C,C,A,A,H,-,A,D,0,,,,,Y,,A,01,1,0,0,0,0,0,0,0,0,"- ","- ",37.552700042724609,-122.19454956054688,"CONTRA COSTA",RICHMOND,,
91060297,2019,2019-08-27,9320,2019-08-18,2327,022082,,7,3,9,0700,0,2,4,,2,077,"MARSH CREEK RD.","DEER VALLEY RD.",920.00,E,N,A,-,N,,,,,,,,,,Y,2,0,1,1,A,-,08,22107,,N,E,I,A,A,H,-,D,A,0,,,,,Y,,A,01,1,0,0,0,0,0,0,0,0,"- ","- ",37.880500793457031,-121.77459716796875,"CONTRA COSTA",UNINCORPORATED,-121.77474975585938,37.880588531494141
91060382,2019,2019-08-27,9320,2019-06-30,0150,021164,,7,3,3,0792,0,1,3,,2,241,"SR-24 W/B","WILDER ROAD",1096.00,E,N,A,-,Y,,,24,,,,,,W,Y,1,2,5,2,A,-,01,23152,A,N,A,C,A,A,H,-,D,D,0,,,,,Y,Y,A,07,5,0,0,0,0,0,0,0,0,"- ","- ",37.868648529052734,-122.19490051269531,"CONTRA COSTA",ORINDA,-122.1949462890625,37.86871337890625
91062512,2019,2019-08-29,9320,2019-08-27,0650,016503,,2,1,5,0708,0,1,3,,2,403,"SR-4 W/B","RAILROAD AVE. O/C",7920.00,W,N,A,-,Y,,,4,,,,,,W,Y,2,0,1,2,A,-,07,21658,A,N,B,C,A,A,H,-,A,D,0,,,Y,,Y,,A,07,1,0,0,0,0,0,0,0,1,"- ","- ",38.020210266113281,-121.91697692871094,"CONTRA COSTA",PITTSBURG,-121.91697692871094,38.020149230957031
91065409,2019,2019-10-17,9320,2019-08-22,2045,021526,,4,2,6,0704,0,1,1,,2,683,"I-680 S/B","CENTER AVENUE",70.00,N,N,A,-,Y,,,,,,,,,,Y,2,0,2,3,A,-,03,22350,,N,C,C,A,A,H,-,C,A,0,,,,,Y,,A,01,1,1,0,0,0,0,0,0,0,"- ","- ",37.983730316162109,-122.06633758544922,"CONTRA COSTA",CONCORD,-122.06629943847656,37.983661651611328
91076310,2019,2019-09-17,9320,2019-09-16,0520,021847,,1,3,9,0700,0,1,1,,2,180,"I-80 E/B",SR-4,1320.00,E,N,B,-,Y,,,,,,,,,,Y,2,0,2,2,A,-,01,23152,A,N,C,C,A,A,H,-,D,A,0,,,,,Y,Y,A,01,2,0,0,0,0,0,0,0,0,"- ","- ",38.018100738525391,-122.26619720458984,"CONTRA COSTA",UNINCORPORATED,-122.26911926269531,38.015079498291016
91076824,2019,2019-09-18,9320,2019-09-15,1355,020957,,7,1,9,0700,0,2,4,,2,096,"VASCO RD","TRES VAQUEROS WIND FARM",4200.00,N,N,A,-,N,,,,,,,,,,Y,2,0,1,1,A,-,08,22107,,N,F,A,A,A,H,-,A,D,0,,,Y,,Y,,C,02,1,0,0,0,0,0,0,0,1,"- ","- ",37.813701629638672,-121.66239929199219,"CONTRA COSTA",UNINCORPORATED,,
91077045,2019,2019-09-18,9320,2019-09-10,0520,020010,,2,3,9,0700,0,2,4,,2,086,"BYRON HIGHWAY","POINT OF TIMBER ROAD",528.00,S,N,A,-,N,,,,,,,,,,Y,2,0,1,1,A,-,08,22107,,N,F,A,A,A,H,-,D,D,0,,,Y,,Y,,C,02,1,0,0,0,0,0,0,0,1,"- ","- ",37.908588409423828,-121.64131164550781,"CONTRA COSTA",UNINCORPORATED,-121.64164733886719,37.909694671630859
91080532,2019,2019-09-23,9320,2019-09-12,0335,021293,,4,3,9,0700,0,1,1,,2,682,"I-680 SB","N. MAIN ST",1478.00,N,N,A,-,Y,,,,,,,,,,Y,2,0,1,2,A,-,07,21658,A,N,B,C,A,A,D,-,D,A,0,,,,Y,Y,,F,27,1,0,0,0,0,0,0,0,0,"- ","- ",37.919681549072266,-121.06278228759766,"CONTRA COSTA",UNINCORPORATED,-122.06299591064453,37.919189453125
91089837,2019,2019-10-03,9320,2019-09-19,0750,016788,,4,1,9,0700,0,2,4,,2,012,"SAN PABLO DAM RD","MILTON DR",406.00,W,N,A,-,N,,,,,,,,,,Y,2,0,3,3,A,-,09,21804,A,N,D,C,A,A,H,-,A,D,0,,,,,Y,,A,01,1,1,1,0,0,0,0,0,0,"- ","- ",37.966331481933594,-122.30668640136719,"CONTRA COSTA",UNINCORPORATED,-122.30661773681641,37.966350555419922
91094057,2019,2019-10-09,9320,2019-10-03,0815,020295,,4,1,9,0700,0,1,3,,2,403,"SR-4 W/B","BAILEY RD.",250.00,W,N,A,-,Y,,,,,,,,,,Y,2,0,1,3,A,-,03,22350,,N,C,C,A,A,H,-,A,D,0,,,Y,,Y,,C,02,1,0,0,0,0,0,0,0,1,"- ","- ",,,"CONTRA COSTA",UNINCORPORATED,-121.9427490234375,38.019119262695312
91096866,2019,2019-10-14,9320,2019-10-07,1719,021649,,1,2,6,0704,0,1,3,,2,402,"SR-4 E/B","KINNE BLVD.",1883.00,E,N,A,-,Y,,,4,,,,,,E,Y,2,0,1,3,A,-,03,22350,,N,C,C,A,A,H,-,A,D,0,,,Y,,Y,,C,02,1,0,0,0,0,0,0,0,1,"- ","- ",38.011959075927734,-122.00672149658203,"CONTRA COSTA",CONCORD,-122.00672912597656,38.012012481689453
91096889,2019,2019-10-14,9370,2019-10-02,0505,020941,,3,3,5,0710,0,1,1,,2,058,"I-580 W/B TO MARINA BAY PKWY","MARINA BAY PKWY",102.00,E,N,A,-,Y,,,580,,,,R,,W,N,2,0,1,2,A,-,05,21202,A,F,B,G,A,A,H,-,D,D,0,,Y,,,Y,,L,04,1,0,0,0,0,0,1,0,0,"- ","- ",37.922920227050781,-122.34687042236328,"CONTRA COSTA",RICHMOND,-122.34687042236328,37.922920227050781
91098450,2019,2019-10-16,9320,2019-10-09,1102,017271,,3,1,9,0700,0,2,4,,2,043,"MARSH DR","SALLY RIDE DR",205.00,S,N,A,-,N,,,,,,,,,,Y,2,0,1,2,A,-,08,22107,,N,C,C,A,A,H,-,A,D,0,,,Y,,Y,,C,02,1,0,0,0,0,0,0,0,1,"- ","- ",37.986759185791016,-122.06308746337891,"CONTRA COSTA",UNINCORPORATED,-122.06304168701172,37.986995697021484
91100324,2019,2019-10-18,9320,2019-10-10,0913,021864,,4,1,9,0700,0,2,4,,2,072,"BAILEY ROAD","WILLOW PASS ROAD",0.00,,Y,A,-,N,,,,,,,,,,Y,2,0,2,1,A,-,08,22107,,N,E,I,A,A,H,-,A,A,0,,,,,Y,,D,22,2,0,0,0,0,0,0,0,0,"- ","- ",38.026851654052734,-122.94167327880859,"CONTRA COSTA",UNINCORPORATED,-121.9420166015625,38.026760101318359
91102519,2019,2019-10-22,9320,2019-10-14,1155,021203,,1,1,4,0714,0,1,3,,2,402,"SR-4 EASTBOUND","PINE STREET",210.00,W,N,A,-,Y,,,4,,,,,,E,Y,2,0,1,2,A,-,07,21658,A,F,F,A,A,A,H,-,A,D,0,,,,,Y,,-,99,1,0,0,0,0,0,0,0,0,"- ","- ",37.994438171386719,-122.12085723876953,"CONTRA COSTA",MARTINEZ,-122.12092590332031,37.994552612304688
91103112,2019,2019-10-22,9320,2019-10-16,0550,016094,,3,3,9,0700,0,1,3,,2,404,SR-4(W/B),"LOVERIDGE RD.",2112.00,W,N,A,-,Y,,,,,,,,,,Y,2,0,1,3,A,-,03,22350,,N,C,C,A,A,H,-,D,D,0,,,,Y,Y,,F,26,1,0,0,0,0,0,0,0,0,"- ","- ",,,"CONTRA COSTA",UNINCORPORATED,-121.87474060058594,38.013256072998047
91106741,2019,2019-10-25,9320,2019-06-22,0058,021590,,6,3,5,0712,0,1,1,,2,682,"I-680 N/B","N. MAIN STREET",750.00,N,N,A,-,Y,,,680,,,,,,N,Y,1,1,0,2,A,-,11,21950,B,N,G,B,D,A,H,-,C,D,0,Y,,,Y,Y,Y,N,60,0,0,0,1,0,0,0,0,0,"- ","- ",37.918701171875,-122.06289672851562,"CONTRA COSTA","WALNUT CREEK",-122.064104,37.917153999999996
91120594,2019,2019-11-14,9320,2019-11-07,1736,019759,,4,2,9,0700,0,2,4,,2,086,"BYRON HIGHWAY","SUNSET RD.",0.00,,Y,A,-,N,,,,,,,,,,Y,2,0,2,2,A,-,09,21801,A,N,D,C,A,A,H,-,D,A,0,,,Y,,Y,,A,07,1,0,1,0,0,0,0,0,1,"- ","- ",37.952278137207031,-121.6409912109375,"CONTRA COSTA",UNINCORPORATED,-121.64098358154297,37.952228546142578
91124591,2019,2019-11-20,9320,2019-11-01,0550,016788,,5,3,3,0707,0,1,1,,2,180,"I-80 E/B","APPIAN WAY O/C",1000.00,E,N,A,-,Y,,,,,,,,,,Y,2,0,2,2,A,-,03,22350,,N,D,C,A,A,H,-,C,D,0,,,,,Y,,A,01,1,1,0,0,0,0,0,0,0,"- ","- ",,,"CONTRA COSTA",PINOLE,-122.30162048339844,37.993358612060547
91134040,2019,2019-12-03,9320,2019-11-22,0135,021203,,5,3,9,0700,0,2,4,,2,094,"BYRON HIGHWAY (J-4)","TAYLOR LANE",365.00,N,N,A,-,N,,,,,,,,,,Y,2,0,2,1,A,-,01,23152,A,N,E,I,A,A,H,-,D,A,0,,,,,Y,Y,A,01,1,1,0,0,0,0,0,0,0,"- ","- ",37.890209197998047,-121.64129638671875,"CONTRA COSTA",UNINCORPORATED,-121.64117431640625,37.890216827392578
9113481,2020,2020-09-08,0706,2020-06-06,2341,200,84,6,5,3,0706,0,0,0,,0,,"MARIGOLD PL","SUNFLOWER CT",64.00,E,N,A,-,N,,,,,,,,,,N,2,0,1,2,A,-,03,22350,,N,C,E,A,A,H,-,C,D,0,,,Y,,Y,Y,C,02,1,0,0,0,0,0,0,0,1,"- ","- ",,,"CONTRA COSTA",HERCULES,-122.24444580078125,38.005115509033203
91135101,2019,2019-12-04,9370,2019-11-27,0545,021718,,3,3,5,0710,0,1,1,,2,058,"I-580 W/B","STENMARK DRIVE",590.00,E,N,B,-,Y,,,580,,,,,,W,Y,2,0,1,3,A,-,03,22350,,N,C,C,A,B,H,-,B,D,0,,,,,Y,,A,07,1,0,0,0,0,0,0,0,0,"- ","- ",37.932178497314453,-122.39946746826172,"CONTRA COSTA",RICHMOND,-122.39946746826172,37.932151794433594
91141368,2019,2019-12-11,9320,2019-06-09,2025,021526,,7,2,6,0704,0,1,3,,2,402,"SR-4 W/B","KINNE BLVD",555.00,E,N,A,-,Y,,,4,,,,,,W,Y,1,1,0,2,A,-,01,23152,A,N,E,I,A,A,H,-,C,A,0,,,,,Y,Y,A,01,0,0,0,0,0,0,0,0,0,"- ","- ",38.011711120605469,-122.01106262207031,"CONTRA COSTA",CONCORD,-122.01106262207031,38.011711120605469
91141852,2019,2019-12-12,9320,2019-08-25,0850,020957,,7,1,9,0700,0,3,5,,2,090,"BALFOUR ROAD","AMERICAN AVENUE",1056.00,W,N,A,-,N,,,,,,,,,,Y,1,1,1,3,A,-,05,21460,A,N,C,C,A,A,H,-,A,D,0,,,,,Y,,A,01,0,0,1,0,0,0,0,0,0,"- ","- ",37.925800323486328,-121.75700378417969,"CONTRA COSTA",UNINCORPORATED,-121.75617980957031,37.925277709960938
91142328,2019,2020-04-21,9320,2019-08-26,0755,016094,,1,1,9,0700,0,1,3,,2,404,"SR-4 (W/B)","CENTURY AVE. U/C",210.00,W,N,A,-,Y,,,,,,,,,,Y,1,1,1,3,A,-,03,22350,,N,C,C,A,A,H,-,A,D,0,,,Y,Y,Y,,C,02,0,1,0,0,0,0,0,1,0,"- ","- ",,,"CONTRA COSTA",UNINCORPORATED,-121.85578155517578,38.008811950683594
91145282,2019,2019-12-17,9320,2019-12-11,0530,020295,,3,3,9,0700,0,1,3,,2,403,"SR-4 E/B","BAILEY RD.",807.00,W,N,B,-,Y,,,,,,,,,,Y,2,0,1,1,A,-,01,23152,F,N,E,I,A,B,H,-,C,D,0,,,,,Y,,A,01,1,0,0,0,0,0,0,0,0,"- ","- ",,,"CONTRA COSTA",UNINCORPORATED,-121.94470977783203,38.018730163574219
91145555,2019,2019-12-17,9320,2019-08-31,2118,020957,,6,2,9,0700,0,2,4,,2,083,"BETHEL ISLAND RD","RANCH LN",30.00,S,N,A,-,N,,,,,,,,,,N,1,1,0,2,A,-,11,21954,A,N,G,B,D,A,H,-,C,A,0,Y,,,,Y,,N,60,0,0,0,1,0,0,0,0,0,"- ","- ",38.015098571777344,-121.64051055908203,"CONTRA COSTA",UNINCORPORATED,-121.64057922363281,38.015048980712891
91146625,2019,2019-12-18,9320,2019-12-11,1408,017219,,3,2,9,0700,0,2,4,,2,077,"MARSH CREEK RD","ASPARA DR",1450.00,E,N,C,-,N,,,,,,,,,,Y,2,0,2,2,A,-,08,22107,,N,D,C,A,B,H,-,A,D,0,,,,,Y,,A,01,1,1,0,0,0,0,0,0,0,"- ","- ",37.889091491699219,-121.84677886962891,"CONTRA COSTA",UNINCORPORATED,-121.84860992431641,37.891513824462891