CASE_ID,ACCIDENT_YEAR,PROC_DATE,JURIS,COLLISION_DATE,COLLISION_TIME,OFFICER_ID,REPORTING_DISTRICT,DAY_OF_WEEK,CHP_SHIFT,POPULATION,CNTY_CITY_LOC,SPECIAL_COND,BEAT_TYPE,CHP_BEAT_TYPE,CITY_DIVISION_LAPD,CHP_BEAT_CLASS,BEAT_NUMBER,PRIMARY_RD,SECONDARY_RD,DISTANCE,DIRECTION,INTERSECTION,WEATHER_1,WEATHER_2,STATE_HWY_IND,CALTRANS_COUNTY,CALTRANS_DISTRICT,STATE_ROUTE,ROUTE_SUFFIX,POSTMILE_PREFIX,POSTMILE,LOCATION_TYPE,RAMP_INTERSECTION,SIDE_OF_HWY,TOW_AWAY,COLLISION_SEVERITY,NUMBER_KILLED,NUMBER_INJURED,PARTY_COUNT,PRIMARY_COLL_FACTOR,PCF_CODE_OF_VIOL,PCF_VIOL_CATEGORY,PCF_VIOLATION,PCF_VIOL_SUBSECTION,HIT_AND_RUN,TYPE_OF_COLLISION,MVIW,PED_ACTION,ROAD_SURFACE,ROAD_COND_1,ROAD_COND_2,LIGHTING,CONTROL_DEVICE,CHP_ROAD_TYPE,PEDESTRIAN_ACCIDENT,BICYCLE_ACCIDENT,MOTORCYCLE_ACCIDENT,TRUCK_ACCIDENT,NOT_PRIVATE_PROPERTY,ALCOHOL_INVOLVED,STWD_VEHTYPE_AT_FAULT,CHP_VEHTYPE_AT_FAULT,COUNT_SEVERE_INJ,COUNT_VISIBLE_INJ,COUNT_COMPLAINT_PAIN,COUNT_PED_KILLED,COUNT_PED_INJURED,COUNT_BICYCLIST_KILLED,COUNT_BICYCLIST_INJURED,COUNT_MC_KILLED,COUNT_MC_INJURED,PRIMARY_RAMP,SECONDARY_RAMP,LATITUDE,LONGITUDE,COUNTY,CITY,POINT_X,POINT_Y
91155066,2019,2019-12-30,9320,2019-12-18,1838,020649,,3,2,9,0700,0,2,4,,2,071,"WILLOW PASS ROAD","PORT CHICAGO HIGHWAY",0.00,,Y,B,C,N,,,,,,,,,,N,2,0,1,2,A,-,12,21453,A,F,D,C,A,B,H,-,C,A,0,,,,,Y,,A,07,1,0,0,0,0,0,0,0,0,"- ","- ",38.026668548583984,-121.96018218994141,"CONTRA COSTA",UNINCORPORATED,-122.02960205078125,37.978580474853516
91155416,2019,2019-12-30,9320,2019-12-18,1002,017906,,3,1,9,0700,0,2,4,,2,094,"SR-4 E/B (BYRON HIGHWAY)","WESTERN FARMS RANCH RD",121.00,W,N,B,-,N,,,,,,,,,,Y,2,0,1,2,A,-,03,22350,,N,C,C,A,A,H,-,A,D,0,,,,Y,Y,,G,27,1,0,0,0,0,0,0,0,0,"- ","- ",37.532398223876953,-121.35130310058594,"CONTRA COSTA",UNINCORPORATED,-121.61904144287109,37.845905303955078
9116220,2020,2020-08-03,0710,2020-04-28,1753,1635,CENTR,2,5,5,0710,0,0,0,,0,006,"COLLINS ST","CURRY ST",58.00,S,N,A,-,N,,,,,,,,,,,2,0,1,2,A,-,11,21954,A,N,G,B,D,A,H,-,A,D,0,Y,,,,Y,,N,60,1,0,0,0,1,0,0,0,0,"- ","- ",37.935039520263672,-122.37065887451172,"CONTRA COSTA",RICHMOND,-122.37128448486328,37.935054779052734
91162209,2020,2020-01-09,9320,2020-01-02,1410,021949,,4,2,9,0700,0,1,1,,2,683,"WATERBIRD WAY E/B","WATERFRONT RD.",728.00,E,N,A,-,N,,,,,,,,,,N,2,0,1,2,C,-,18,,,N,G,B,E,A,H,-,A,D,0,Y,,,Y,Y,,-,"- ",1,0,0,0,1,0,0,0,0,"- ","- ",38.025630950927734,-122.09906768798828,"CONTRA COSTA",UNINCORPORATED,-122.08292388916016,38.018711090087891
91165702,2019,2020-01-20,9370,2019-10-14,0240,021979,,1,3,5,0710,0,1,1,,2,058,"I-580 E/B","CUTTING BOULEVARD",972.00,W,N,A,-,Y,,,580,,,,,,E,N,1,1,0,2,A,-,11,21954,A,F,G,B,E,A,H,-,C,D,0,Y,,,,Y,,N,60,0,0,0,1,0,0,0,0,0,"- ","- ",37.926589965820312,-122.36627960205078,"CONTRA COSTA",RICHMOND,-122.36627197265625,37.926620483398438
91165720,2020,2020-01-15,9320,2020-01-06,2340,022138,,1,3,4,0709,0,1,1,,2,683,"I-680 S/B FROM CONCORD AVE","CONCORD AVENUE",5.00,S,N,A,-,Y,,,680,,,,R,,S,N,2,0,1,2,A,-,10,21950,A,N,G,B,D,A,H,-,C,D,0,Y,,,,Y,,A,08,1,0,0,0,1,0,0,0,0,"- ","- ",37.975711822509766,-122.06453704833984,"CONTRA COSTA","PLEASANT HILL",-122.06453704833984,37.975711822509766
9117361,2020,2020-09-09,0704,2020-06-21,1826,595,,7,5,6,0704,0,0,0,,0,003,"JUNCTION DR","PULLMAN CT",15.00,W,N,A,-,N,,,,,,,,,,N,2,0,1,2,A,-,11,21950,B,N,G,B,D,A,H,-,A,D,0,Y,,,,Y,,N,60,1,0,0,0,1,0,0,0,0,"- ","- ",,,"CONTRA COSTA",CONCORD,-122.03279113769531,37.946258544921875
9117362,2020,2020-09-18,0704,2020-06-22,0245,0588,,1,5,6,0704,0,0,0,,0,003,"SAN MIGUEL RD","GALLOWAY DR",194.00,S,N,A,-,N,,,,,,,,,,Y,2,0,1,2,A,-,03,22350,,M,A,E,A,A,H,-,C,D,0,,,,,Y,,A,07,1,0,0,0,0,0,0,0,0,"- ","- ",,,"CONTRA COSTA",CONCORD,-122.02741241455078,37.958003997802734
91175164,2020,2020-01-28,9320,2020-01-18,2055,022049,,6,2,6,0704,0,1,1,,2,683,"I-680 N/B","WILLOW PASS RD",2640.00,S,N,A,-,Y,,,680,,,,,,N,Y,2,0,1,1,A,-,08,22107,,N,E,J,A,A,H,-,D,D,0,,,,,Y,,A,01,1,0,0,0,0,0,0,0,0,"- ","- ",37.959098815917969,-122.052001953125,"CONTRA COSTA",CONCORD,-122.05252075195312,37.959033966064453
91177591,2020,2020-01-31,9320,2020-01-24,1730,020957,,5,2,9,0700,0,2,4,,2,094,"BYRON HWY N/B","MOUNTAIN HOUSE RD",50.00,N,N,A,-,N,,,,,,,,,,Y,2,0,2,2,A,-,09,21802,A,N,C,C,A,A,H,-,B,A,0,,,,,Y,,A,01,1,0,1,0,0,0,0,0,0,"- ","- ",37.811908721923828,-121.57779693603516,"CONTRA COSTA",UNINCORPORATED,,
91179749,2020,2020-02-04,9320,2020-01-05,1540,020981,,7,2,9,0700,0,2,4,,2,077,"MARSH CREEK ROAD","MORGAN TERRITORY",1163.00,E,N,A,-,N,,,,,,,,,,Y,1,1,0,1,A,-,03,22350,,N,F,A,A,A,H,-,A,D,0,,,Y,,Y,,C,02,0,0,0,0,0,0,0,1,0,"- ","- ",37.9031982421875,-121.87100219726562,"CONTRA COSTA",UNINCORPORATED,-121.87157440185547,37.903575897216797
91184183,2020,2020-02-11,9320,2020-02-04,0845,016094,,2,1,9,0700,0,1,3,,2,403,"SR-4 (W/B)","RAILROAD AVE.",5280.00,W,N,A,-,Y,,,,,,,,,,Y,2,0,2,3,A,-,03,22350,,N,C,C,A,A,H,-,A,D,0,,,,,Y,,A,07,1,1,0,0,0,0,0,0,0,"- ","- ",,,"CONTRA COSTA",UNINCORPORATED,-121.90740966796875,38.019863128662109
91188868,2020,2020-02-19,9370,2020-02-10,2250,022068,,1,3,9,0700,0,3,5,,2,010,"ALAMO AVE W/B, 200 BLOCK","FRED JACKSON WAY",190.00,W,N,A,-,N,,,,,,,,,,Y,2,0,1,3,A,-,08,22107,,N,A,C,A,A,H,-,C,D,0,,,,,Y,,A,01,1,0,0,0,0,0,0,0,0,"- ","- ",37.953300476074219,-122.36769866943359,"CONTRA COSTA",UNINCORPORATED,-122.36757659912109,37.953365325927734
91201273,2020,2020-03-04,9320,2020-02-25,1714,022483,,2,2,5,0712,0,1,3,,2,241,"SR-24 EB",I-680,200.00,W,N,A,-,Y,,,24,,,,,,E,Y,2,0,1,2,A,-,07,21658,A,F,B,C,A,A,H,-,A,D,0,,,Y,,Y,,-,99,1,0,0,0,0,0,0,0,1,"- ","- ",37.896358489990234,-122.07285308837891,"CONTRA COSTA","WALNUT CREEK",-122.07285308837891,37.896373748779297
91202843,2019,2020-03-06,9370,2019-10-28,0030,021938,,1,3,9,0700,0,3,5,,2,010,"MARKET AVENUE (700 BLOCK)","SOTO STREET",105.00,E,N,A,-,N,,,,,,,,,,Y,1,3,0,2,A,-,12,22451,B,N,H,F,A,A,H,-,C,A,0,,,,,Y,,A,07,0,0,0,0,0,0,0,0,0,"- ","- ",37.95867919921875,-122.35971832275391,"CONTRA COSTA",UNINCORPORATED,-122.35996246337891,37.958648681640625
91203822,2020,2020-03-09,9390,2020-02-29,0932,020368,,6,1,9,0700,0,2,4,,2,112,"CAMINO TASSAJARA","HIGHLAND ROAD",0.00,,Y,A,-,N,,,,,,,,,,N,2,0,2,3,A,-,05,21460,A,N,C,G,A,A,H,-,A,A,0,,Y,,,Y,,A,01,1,1,0,0,0,0,2,0,0,"- ","- ",37.775840759277344,-121.86161041259766,"CONTRA COSTA",UNINCORPORATED,-121.86173248291016,37.775848388671875
91212412,2019,2020-03-19,9370,2019-11-23,2009,021519,,6,2,3,0707,0,1,1,,2,083,"I-80 W/B","RICHMOND PARKWAY OVERCROSSING",820.00,E,N,A,-,Y,,,80,,,,,,W,N,1,1,0,2,A,-,11,21954,A,N,G,B,E,A,H,-,D,D,0,Y,,,Y,Y,,N,60,0,0,0,1,0,0,0,0,0,"- ","- ",37.988861083984375,-122.31320190429688,"CONTRA COSTA",PINOLE,-122.31314086914062,37.988800048828125
91214225,2020,2020-03-23,9320,2020-03-14,1728,021949,,6,2,3,0706,0,1,1,,2,180,"I-80 E/B","SYCAMORE AVE U/C",40.00,E,N,B,-,Y,,,80,,,,,,E,Y,2,0,1,4,A,-,03,22350,,N,D,C,A,B,H,-,A,D,0,,,,,Y,,D,22,1,0,0,0,0,0,0,0,0,"- ","- ",38.011699676513672,-122.27239990234375,"CONTRA COSTA",HERCULES,-122.27235412597656,38.01165771484375
9122130,2020,2020-09-21,0710,2020-05-19,1045,1716,NORTH,2,5,5,0710,0,0,0,,0,008,"RICHMOND PKWY","RICHMOND PKWY 3400",361.00,W,N,A,-,N,,,,,,,,,,,2,0,1,1,A,-,08,22107,,N,E,I,A,A,H,-,A,D,0,,,,,Y,,A,08,1,0,0,0,0,0,0,0,0,"- ","- ",,,"CONTRA COSTA",RICHMOND,,
9122140,2020,2020-08-27,0710,2020-05-04,2030,1759,CENTA,1,5,5,0710,0,0,0,,0,004,"RHEEM AV","18TH ST",0.00,,Y,A,-,N,,,,,,,,,,,2,0,1,2,A,-,09,21802,A,N,D,C,A,-,H,-,C,D,0,,,Y,,Y,,A,01,1,0,0,0,0,0,0,0,1,"- ","- ",37.949180603027344,-122.35102844238281,"CONTRA COSTA",RICHMOND,-122.35207366943359,37.949569702148438
91223705,2020,2020-04-09,9320,2020-03-30,1610,022049,,1,2,9,0700,0,2,4,,2,012,"SAN PABLO DAM RD","WILDCAT CANYON RD",13147.00,N,N,A,-,N,,,,,,,,,,N,2,0,1,1,A,-,03,22350,,N,E,J,A,A,H,-,A,D,0,,Y,,,Y,,L,04,1,0,0,0,0,0,1,0,0,"- ","- ",37.920299530029297,-122.243896484375,"CONTRA COSTA",UNINCORPORATED,-122.24386596679688,37.920364379882812
9122400,2020,2020-09-18,0704,2020-06-15,2059,0580,,1,5,6,0704,0,0,0,,0,003,"DETROIT AV","LAGUNA ST",94.00,S,N,A,-,N,,,,,,,,,,N,2,0,3,5,A,-,05,21651,A,N,B,C,A,A,H,-,C,A,0,,,,,Y,,A,01,1,0,2,0,0,0,0,0,0,"- ","- ",37.968021392822266,-122.04103851318359,"CONTRA COSTA",CONCORD,-122.04090118408203,37.967803955078125
91227260,2020,2020-04-20,9320,2020-04-05,1649,021514,,7,2,9,0700,0,1,3,,2,402,"SR-4 WB","PINE ST",0.00,,N,A,-,Y,,,,,,,,,,Y,2,0,1,1,A,-,01,23152,G,N,E,I,A,A,H,-,A,D,0,,,,,Y,Y,A,01,1,0,0,0,0,0,0,0,0,"- ","- ",37.996898651123047,-122.11389923095703,"CONTRA COSTA",UNINCORPORATED,,
91227506,2020,2020-04-20,9320,2020-04-11,2215,022082,,6,3,5,0712,0,2,4,,2,046,"TREAT BLVD.","CHERRY LN.",0.00,,Y,A,-,N,,,,,,,,,,Y,2,0,1,1,A,-,01,23152,A,N,E,I,A,A,H,-,C,A,0,,,,,Y,Y,A,01,1,0,0,0,0,0,0,0,0,"- ","- ",37.926601409912109,-122.05120086669922,"CONTRA COSTA","WALNUT CREEK",-122.05104064941406,37.926528930664062
9123034,2020,2020-10-13,0708,2020-07-06,2203,346,8206,1,5,5,0708,0,0,0,,0,002,"CALIFORNIA AV","EDWARD AV",347.00,W,N,A,-,N,,,,,,,,,,N,2,0,1,2,A,-,06,21760,,N,C,G,A,A,H,-,C,A,0,,Y,,,Y,,A,01,1,0,0,0,0,0,1,0,0,"- ","- ",,,"CONTRA COSTA",PITTSBURG,-121.87620544433594,38.014354705810547
91230745,2020,2020-04-29,9320,2020-04-24,0140,022138,,5,3,6,0704,0,1,3,,2,242,"STATE ROUTE 242 SOUTHBOUND","SOLANO WAY",1584.00,N,N,A,-,Y,,,242,,,,,,S,Y,2,0,2,2,A,-,01,23152,A,N,C,C,A,A,H,-,C,D,0,,,,,Y,Y,A,07,1,0,1,0,0,0,0,0,0,"- ","- ",37.993339538574219,-122.03952789306641,"CONTRA COSTA",CONCORD,-122.03953552246094,37.993339538574219
9123203,2020,2020-08-31,0702,2020-06-01,1948,526J,431B,1,5,3,0702,0,0,0,,0,004,"SPYGLASS DR","AUGUSTA DR",540.00,E,N,A,-,N,,,,,,,,,,N,2,0,1,1,A,-,08,22107,,N,E,I,A,A,H,-,A,D,0,,Y,,,Y,,L,04,1,0,0,0,0,0,1,0,0,"- ","- ",37.913410186767578,-121.73600769042969,"CONTRA COSTA",BRENTWOOD,-121.73637390136719,37.912757873535156
91232576,2020,2020-05-01,9370,2020-04-22,2335,022499,,3,3,5,0710,0,1,1,,2,082,"I-80 E/B","CARLSON BLVD",40.00,E,N,A,-,Y,,,80,,,,,,E,Y,2,0,1,4,A,-,07,21658,A,N,B,C,A,A,H,-,D,D,0,,,,Y,Y,,D,22,1,0,0,0,0,0,0,0,0,"- ","- ",37.911128997802734,-122.31728363037109,"CONTRA COSTA",RICHMOND,-122.31727600097656,37.9111328125
91234447,2019,2020-05-08,9320,2019-12-21,0304,021857,,6,3,9,0700,0,2,4,,2,097,"VASCO ROAD","CAMINO DIABLO",7392.00,S,N,B,-,Y,,,,,,,,,,Y,1,1,1,2,A,-,01,23152,A,N,A,C,A,A,H,-,D,A,0,,,,,Y,Y,A,07,1,0,0,0,0,0,0,0,0,"- ","- ",37.851699829101562,-121.64824676513672,"CONTRA COSTA",UNINCORPORATED,-121.66764068603516,37.865211486816406
91235830,2020,2020-05-11,9320,2020-05-01,1430,021185,,5,2,9,0700,0,2,4,,2,077,"MARSH CREEK ROAD","JOHN MARSH ROAD",2640.00,W,N,A,-,N,,,,,,,,,,Y,2,0,1,1,A,-,03,22350,,N,E,I,A,A,H,-,A,D,0,,,Y,,Y,,C,02,1,0,0,0,0,0,0,0,1,"- ","- ",37.890911102294922,-121.80066680908203,"CONTRA COSTA",UNINCORPORATED,-121.80006408691406,37.891124725341797
91238968,2020,2020-05-18,9320,2020-05-12,1108,022483,,2,1,3,0715,0,1,3,,2,241,"SR-24 E/B","EL NIDO RANCH ROAD",1056.00,E,N,C,-,Y,,,24,,,,,,E,Y,2,0,3,1,A,-,03,22350,,N,E,I,A,B,H,-,A,D,0,,,,,Y,,D,22,1,2,0,0,0,0,0,0,0,"- ","- ",37.890998840332031,-122.14082336425781,"CONTRA COSTA",LAFAYETTE,-122.14081573486328,37.891044616699219
91240665,2020,2020-05-21,9320,2020-05-20,1517,017219,,3,2,5,0708,0,1,3,,2,404,"SR-4 W/B","RAILROAD O/C",1000.00,E,N,A,-,Y,,,,,,,,,,Y,2,0,1,1,A,-,08,22107,,N,E,I,A,A,H,-,A,D,0,,,,,Y,,A,01,1,0,0,0,0,0,0,0,0,"- ","- ",,,"CONTRA COSTA",PITTSBURG,-121.88932800292969,38.017070770263672
91241124,2020,2020-05-22,9370,2020-05-12,1053,021457,,2,1,9,0700,0,3,5,,2,010,"RICHMOND PARKWAY","PARR BLVD.",0.00,,Y,B,-,N,,,,,,,,,,Y,2,0,2,2,A,-,12,21453,A,N,D,C,A,A,H,-,A,A,0,,,,,Y,,A,08,1,1,0,0,0,0,0,0,0,"- ","- ",37.967781066894531,-122.37383270263672,"CONTRA COSTA",UNINCORPORATED,-122.37374877929688,37.967750549316406
91242650,2020,2020-05-26,9365,2020-05-24,1255,017805,,7,1,9,0700,0,1,1,,2,080,"I-80 E/B","SOLANO/CONTRA COSTA COUNTY LINE",350.00,W,N,A,-,Y,,,80,,,,,,E,Y,2,0,1,2,A,-,03,22350,,N,C,C,A,A,H,-,A,D,0,,,Y,,Y,,C,02,1,0,0,0,0,0,0,0,1,"- ","- ",38.056968688964844,-122.22495269775391,"CONTRA COSTA",UNINCORPORATED,-122.22484588623047,38.056976318359375
91248297,2020,2020-06-08,9320,2020-05-29,1650,022462,,5,2,5,0708,0,1,3,,2,403,"SR-4 E/B FROM SAN MARCO BLVD N/B","SAN MARCO BLVD",900.00,E,N,B,-,Y,,,4,,,,R,,E,Y,2,0,2,2,A,-,03,22350,,N,C,C,A,A,H,-,A,A,0,,,,,Y,,A,01,1,0,1,0,0,0,0,0,0,"- ","- ",38.022010803222656,-121.96263885498047,"CONTRA COSTA",PITTSBURG,-121.96263885498047,38.022010803222656
91250529,2019,2020-06-10,9365,2019-09-22,1825,020566,,7,2,9,0700,0,1,1,,2,001,"I-80 E/B","DOWRELIO DR",530.00,E,N,A,-,Y,,,80,,,,,,E,Y,1,1,0,2,A,-,03,22350,,N,C,C,A,A,H,-,A,D,0,,,Y,,Y,Y,C,02,0,0,0,0,0,0,0,1,0,"- ","- ",38.056098937988281,-122.22470092773438,"CONTRA COSTA",UNINCORPORATED,-122.22474670410156,38.056095123291016
91251630,2020,2020-06-15,9320,2020-06-07,1730,020949,,7,2,5,0712,0,1,1,,2,682,"I-680 S/B","TREAT BOULEVARD OVER-CROSSING",1500.00,S,N,A,-,Y,,,680,,,,,,S,Y,2,0,1,2,A,-,07,21658,A,N,B,C,A,A,H,-,A,D,0,,,,,Y,,A,07,1,0,0,0,0,0,0,0,0,"- ","- ",37.922271728515625,-122.06105041503906,"CONTRA COSTA","WALNUT CREEK",-122.06163024902344,37.922458648681641
91262549,2020,2020-07-02,9320,2020-06-26,0255,020010,,5,3,9,0700,0,1,1,,2,681,"I-680 N/B","STONE VALLEY ROAD U/C",1584.00,N,N,A,-,Y,,,680,,,,,,N,Y,2,0,1,1,A,-,08,22107,,N,E,I,A,A,H,-,C,D,0,,,,,Y,,A,07,1,0,0,0,0,0,0,0,0,"- ","- ",37.856739044189453,-122.03053283691406,"CONTRA COSTA",UNINCORPORATED,-122.03037261962891,37.856838226318359
91268601,2020,2020-07-14,9365,2020-02-23,0131,021116,,7,3,9,0700,0,1,1,,2,001,"I-80 E/B","BEAM S44",46.00,W,N,A,-,Y,,,80,,,,,,E,Y,1,1,0,2,A,-,03,22350,,N,C,C,A,A,H,-,D,D,0,,,,Y,Y,,A,01,0,0,0,0,0,0,0,0,0,"- ","- ",38.059810638427734,-122.22509002685547,"CONTRA COSTA",UNINCORPORATED,-122.22509002685547,38.059810638427734
91268863,2020,2020-07-15,9320,2020-07-11,0815,020440,,6,1,9,0700,0,3,5,,2,090,"WALNUT BLVD","CAMINO DIABLO",7392.00,S,N,A,-,N,,,,,,,,,,Y,2,0,1,2,A,-,03,22350,,N,H,G,A,A,H,-,A,D,0,,Y,,,Y,,L,04,1,0,0,0,0,0,1,0,0,"- ","- ",37.854850769042969,-121.69628143310547,"CONTRA COSTA",UNINCORPORATED,-121.69625854492188,37.855022430419922
91276542,2020,2020-07-29,9390,2020-07-22,1228,014771,,3,1,4,0791,0,1,1,,2,068,I-680(NB),"CROW CANYON RD.",20.00,S,N,A,-,Y,,,680,,,,,,,Y,2,0,1,1,A,-,03,22350,,N,E,J,A,A,C,-,A,D,0,,,Y,,Y,,C,02,1,0,0,0,0,0,0,0,1,"- ","- ",37.777290344238281,-121.97501373291016,"CONTRA COSTA","SAN RAMON",-121.97515869140625,37.777214050292969
91276872,2020,2020-07-30,9320,2020-07-25,2330,022119,,6,3,9,0700,0,2,4,,2,012,"WESLEY WAY","CLARK RD",200.00,W,N,A,-,N,,,,,,,,,,N,2,0,1,2,A,-,03,22350,,F,G,B,E,A,H,-,C,D,0,Y,,,,Y,,A,01,1,0,0,0,1,0,0,0,0,"- ","- ",37.96575927734375,-122.30203247070312,"CONTRA COSTA",UNINCORPORATED,-122.30197906494141,37.965724945068359
91277008,2020,2020-07-30,9320,2020-05-23,0215,021864,,6,3,5,0701,0,1,3,,2,404,"SR-4 EASTBOUND","CAVALLO ROAD",80.00,E,N,A,-,Y,,,4,,,,,,E,Y,1,1,1,1,A,-,01,23152,A,N,E,I,A,A,H,-,D,A,0,,,,,Y,Y,A,01,1,0,0,0,0,0,0,0,0,"- ","- ",37.997959136962891,-121.79779052734375,"CONTRA COSTA",ANTIOCH,-121.79779052734375,37.998031616210938
91277032,2020,2020-07-30,9320,2020-04-26,2015,021519,,7,2,9,0700,0,2,4,,2,012,"SAN PABLO DAM RD, 3600 BLOCK","EL PORTAL DR",380.00,E,N,A,-,N,,,,,,,,,,N,1,1,0,2,A,-,11,21954,A,N,G,B,D,A,H,-,C,A,0,Y,,,,Y,Y,N,60,0,0,0,1,0,0,0,0,0,"- ","- ",37.964351654052734,-122.31697845458984,"CONTRA COSTA",UNINCORPORATED,-122.31709289550781,37.964412689208984
91278826,2020,2020-10-13,9320,2020-07-23,2210,022138,,4,3,6,0704,0,1,3,,2,402,"STATE ROUTE 4 WESTBOUND","WILLOW PASS ROAD",2640.00,W,N,A,-,Y,,,4,,,,,,W,Y,2,0,4,3,A,-,08,22107,,N,B,C,A,A,H,-,C,D,0,,,,Y,Y,,A,01,3,0,1,0,0,0,0,0,0,"- ","- ",38.0123291015625,-122.00694274902344,"CONTRA COSTA",CONCORD,-122.00694274902344,38.012332916259766
91280893,2020,2020-08-05,9320,2020-07-22,1940,020649,,3,2,9,0700,0,3,5,,2,040,"PACHECO BOULEVARD","FALLINGSTAR DRIVE",213.00,S,N,A,-,N,,,,,,,,,,Y,2,0,3,2,A,-,01,23152,A,N,C,E,A,A,H,-,B,D,0,,,,,Y,Y,A,01,1,1,1,0,0,0,0,0,0,"- ","- ",38.003639221191406,-122.084228515625,"CONTRA COSTA",UNINCORPORATED,-122.08422088623047,38.003593444824219
91284744,2020,2020-08-12,9320,2020-07-04,2155,021797,,6,2,9,0700,0,3,5,,2,075,"SHORE ROAD","SEAVIEW DR",44.20,W,N,A,-,N,,,,,,,,,,Y,1,1,0,3,A,-,01,23152,A,F,G,B,E,A,H,-,C,D,0,Y,,,,Y,Y,A,07,0,0,0,1,0,0,0,0,0,"- ","- ",38.039810180664062,-121.97429656982422,"CONTRA COSTA",UNINCORPORATED,-121.9742431640625,38.039756774902344
91286444,2020,2020-08-14,9320,2020-08-10,0625,016788,,1,1,9,0700,0,2,4,,2,031,"SAN PABLO AVE","CUMMINGS SKYWAY",37.00,S,N,B,-,N,,,,,,,,,,Y,2,0,1,1,A,-,08,22107,,N,F,A,A,A,H,-,A,A,0,,,,Y,Y,,F,27,1,0,0,0,0,0,0,0,0,"- ","- ",38.050838470458984,-122.24295806884766,"CONTRA COSTA",UNINCORPORATED,-122.24300384521484,38.05096435546875
91287798,2020,2021-04-05,9320,2020-07-13,2040,020649,,1,2,9,0700,0,2,4,,2,094,"BYRON HIGHWAY","HERDLYN ROAD",737.00,N,N,A,-,N,,,,,,,,,,Y,2,0,3,1,A,-,08,22107,,N,E,I,A,A,H,-,D,A,0,,,,,Y,,A,01,2,0,1,0,0,0,0,0,0,"- ","- ",37.817710876464844,-121.58717346191406,"CONTRA COSTA",UNINCORPORATED,-121.58713531494141,37.817619323730469
91289691,2020,2020-08-20,9320,2020-08-07,0625,016503,,5,1,9,0700,0,1,3,,2,403,"SR-4 E/B","WILLOW PASS RD. (BAY POINT)",3696.00,W,N,A,-,Y,,,4,,,,,,E,Y,1,1,0,2,A,-,03,22350,,N,C,C,A,A,H,-,A,A,0,,,,Y,Y,,A,01,0,0,0,0,0,0,0,0,0,"- ","- ",38.022258758544922,-121.97889709472656,"CONTRA COSTA",UNINCORPORATED,-121.97894287109375,38.022361755371094
9129233,2020,2020-08-07,0711,2020-06-15,1200,1112,RICHA,1,5,4,0711,0,0,0,,0,001,"SAN PABLO AV","RIVERA ST",0.00,,Y,A,-,N,,,,,,,,,,Y,2,0,2,2,A,-,01,23153,,N,D,C,A,A,H,-,A,A,0,,,,,Y,Y,A,01,1,0,1,0,0,0,0,0,0,"- ","- ",,,"CONTRA COSTA","SAN PABLO",-122.34317016601562,37.972061157226562
91293883,2020,2020-08-27,9320,2020-07-02,1228,017530,,4,1,9,0700,0,1,3,,1,406,SR4,"DISCOVERY BAY BLVD",2248.00,W,N,A,-,Y,,,4,,,,,,,Y,1,1,1,3,A,-,06,21755,,N,D,C,A,A,H,-,A,A,0,,,,,Y,,A,01,1,0,0,0,0,0,0,0,0,"- ","- ",37.889968872070312,-121.60955047607422,"CONTRA COSTA",UNINCORPORATED,-121.60955047607422,37.889980316162109
91303724,2020,2020-09-14,9320,2020-09-10,1515,022116,,4,2,3,0707,0,1,1,,2,180,"I-80 W/B","CUMMINGS SKYWAY",0.00,,N,B,-,Y,,,,,,,,,,Y,2,0,1,1,A,-,08,22107,,N,E,I,A,A,H,-,A,D,0,,,,,Y,,A,01,1,0,0,0,0,0,0,0,0,"- ","- ",38.039051055908203,-122.24691772460938,"CONTRA COSTA",PINOLE,-122.23831176757812,38.045181274414062
91307702,2020,2020-09-21,9370,2020-09-12,0451,021825,,6,3,4,0711,0,1,1,,2,082,"I-80 E/B","SOLANO AVE",225.00,E,N,A,-,Y,,,,,,,,,,Y,2,0,1,1,A,-,01,23152,A,N,E,I,A,A,H,-,D,D,0,,,,,Y,Y,A,01,1,0,0,0,0,0,0,0,0,"- ","- ",37.563888549804688,-122.19261932373047,"CONTRA COSTA","SAN PABLO",-122.32369232177734,37.943439483642578