CASE_ID,ACCIDENT_YEAR,PROC_DATE,JURIS,COLLISION_DATE,COLLISION_TIME,OFFICER_ID,REPORTING_DISTRICT,DAY_OF_WEEK,CHP_SHIFT,POPULATION,CNTY_CITY_LOC,SPECIAL_COND,BEAT_TYPE,CHP_BEAT_TYPE,CITY_DIVISION_LAPD,CHP_BEAT_CLASS,BEAT_NUMBER,PRIMARY_RD,SECONDARY_RD,DISTANCE,DIRECTION,INTERSECTION,WEATHER_1,WEATHER_2,STATE_HWY_IND,CALTRANS_COUNTY,CALTRANS_DISTRICT,STATE_ROUTE,ROUTE_SUFFIX,POSTMILE_PREFIX,POSTMILE,LOCATION_TYPE,RAMP_INTERSECTION,SIDE_OF_HWY,TOW_AWAY,COLLISION_SEVERITY,NUMBER_KILLED,NUMBER_INJURED,PARTY_COUNT,PRIMARY_COLL_FACTOR,PCF_CODE_OF_VIOL,PCF_VIOL_CATEGORY,PCF_VIOLATION,PCF_VIOL_SUBSECTION,HIT_AND_RUN,TYPE_OF_COLLISION,MVIW,PED_ACTION,ROAD_SURFACE,ROAD_COND_1,ROAD_COND_2,LIGHTING,CONTROL_DEVICE,CHP_ROAD_TYPE,PEDESTRIAN_ACCIDENT,BICYCLE_ACCIDENT,MOTORCYCLE_ACCIDENT,TRUCK_ACCIDENT,NOT_PRIVATE_PROPERTY,ALCOHOL_INVOLVED,STWD_VEHTYPE_AT_FAULT,CHP_VEHTYPE_AT_FAULT,COUNT_SEVERE_INJ,COUNT_VISIBLE_INJ,COUNT_COMPLAINT_PAIN,COUNT_PED_KILLED,COUNT_PED_INJURED,COUNT_BICYCLIST_KILLED,COUNT_BICYCLIST_INJURED,COUNT_MC_KILLED,COUNT_MC_INJURED,PRIMARY_RAMP,SECONDARY_RAMP,LATITUDE,LONGITUDE,COUNTY,CITY,POINT_X,POINT_Y
91312387,2020,2020-09-25,9320,2020-07-10,0733,021185,,5,1,9,0700,0,3,5,,2,040,"OAK CREEK COURT","NORTHGATE ROAD",35.00,W,N,A,-,N,,,,,,,,,,N,1,1,0,2,A,-,03,22350,,N,G,B,E,A,H,-,A,A,0,Y,,,,Y,,A,07,0,0,0,1,0,0,0,0,0,"- ","- ",37.911861419677734,-121.99683380126953,"CONTRA COSTA",UNINCORPORATED,,
91321535,2020,2020-10-12,9320,2020-09-10,0850,022240,,4,1,9,0700,0,2,4,,2,046,"CHERRY LN.","TREAT BLVD",10.00,N,N,B,-,N,,,,,,,,,,N,2,0,1,2,A,-,10,21950,A,F,G,B,B,A,H,-,A,A,0,Y,,,,Y,,D,22,1,0,0,0,1,0,0,0,0,"- ","- ",37.926601409912109,-122.05110168457031,"CONTRA COSTA",UNINCORPORATED,-122.05104827880859,37.926555633544922
91325134,2020,2020-10-16,9365,2020-06-16,2040,019458,,2,2,9,0700,0,1,1,,2,001,"I-80 E/B","DOWRELIO DRIVE",509.00,E,N,A,-,Y,,,80,,,,,,E,Y,1,4,0,1,A,-,08,22107,,N,E,I,A,A,H,-,C,D,0,,,,,Y,,A,07,0,0,0,0,0,0,0,0,0,"- ","- ",38.055549621582031,-122.22457885742188,"CONTRA COSTA",UNINCORPORATED,-122.22477722167969,38.055568695068359
91331057,2020,2020-10-26,9390,2020-10-18,1845,021817,,7,2,9,0700,0,2,4,,2,112,"CAMINO TASSAJARA (7500 BLOCK)","WINDEMERE PARKWAY",1056.00,N,N,A,-,N,,,,,,,,,,Y,2,0,2,2,A,-,01,23152,A,N,D,D,A,A,H,-,B,D,0,,,,,Y,,A,01,2,0,0,0,0,0,0,0,0,"- ","- ",37.755599975585938,-121.86869812011719,"CONTRA COSTA",UNINCORPORATED,-121.871337890625,37.752281188964844
91336492,2020,2020-11-02,9320,2020-10-24,0315,022505,,6,3,6,0704,0,1,3,,2,242,"SR-242 N/B","CLAYTON ROAD",1696.00,S,N,A,-,Y,,,242,,,,,,N,Y,2,0,1,1,A,-,08,22107,,N,E,I,A,A,H,-,D,D,0,,,,,Y,,A,01,1,0,0,0,0,0,0,0,0,"- ","- ",37.9652099609375,-122.04920959472656,"CONTRA COSTA",CONCORD,-122.04946899414062,37.965324401855469
9133761,2020,2020-09-22,0704,2020-07-18,2125,0532,,6,5,6,0704,0,0,0,,0,001,"OLIVERA RD","OLIVERA CT",429.00,W,N,A,-,N,,,,,,,,,,Y,2,0,1,1,A,-,01,23152,A,N,A,I,A,A,H,-,D,D,0,,,,,Y,Y,A,01,1,0,0,0,0,0,0,0,0,"- ","- ",,,"CONTRA COSTA",CONCORD,-122.04350280761719,37.998001098632812
91338931,2020,2020-11-04,9320,2020-10-24,0230,022463,,6,3,9,0700,0,1,3,,2,401,"SR-4 W/B","CUMMINGS SKYWAY",650.00,W,N,A,-,Y,,,4,,,,,,W,Y,2,0,1,2,A,-,05,21651,B,M,A,C,A,A,H,-,D,D,0,,,,,Y,,A,07,1,0,0,0,0,0,0,0,0,"- ","- ",38.014881134033203,-122.19255065917969,"CONTRA COSTA",UNINCORPORATED,-122.19254302978516,38.014862060546875
91342653,2020,2020-11-10,9320,2020-10-31,1754,021519,,6,2,5,0712,0,1,1,,2,682,"I-680 S/B","HILLSIDE AVE",620.00,N,N,A,-,Y,,,680,,,,,,S,Y,2,0,1,2,A,-,03,22350,,N,C,C,A,A,H,-,B,D,0,,,,,Y,,A,01,1,0,0,0,0,0,0,0,0,"- ","- ",37.907638549804688,-122.06928253173828,"CONTRA COSTA","WALNUT CREEK",-122.06906890869141,37.907581329345703
91348480,2020,2020-11-19,9320,2020-11-13,1415,022282,,5,2,9,0700,0,1,3,,2,240,"SR-24 W/B","CAMINO PABLO",5280.00,W,N,C,-,Y,,,24,,,,,,W,Y,2,0,1,2,A,-,07,21658,A,N,B,C,A,B,H,-,A,A,0,,,,,Y,,A,01,1,0,0,0,0,0,0,0,0,"- ","- ",37.872859954833984,-122.18959808349609,"CONTRA COSTA",UNINCORPORATED,-122.1895751953125,37.872837066650391
91361402,2020,2020-12-08,9320,2020-10-04,0335,022472,,7,3,4,0714,0,1,3,,2,402,"SR-4 W/B","PINE STREET O/C",1700.00,E,N,A,-,Y,,,4,,,,,,W,Y,1,1,0,1,A,-,01,23152,A,N,E,I,A,A,H,-,D,D,0,,,,,Y,Y,D,22,0,0,0,0,0,0,0,0,0,"- ","- ",37.996700286865234,-122.11541748046875,"CONTRA COSTA",MARTINEZ,-122.11541748046875,37.996658325195312
91361406,2020,2020-12-08,9320,2020-02-10,2500,022006,,1,4,6,0704,0,1,3,,2,402,"STATE ROUTE 4 EASTBOUND FROM PCH","PORT CHICAGO HIGHWAY",23.00,E,N,A,-,Y,,,4,,,,R,,E,Y,1,1,0,2,A,-,10,21950,A,F,G,B,C,A,H,-,C,A,0,Y,,,,Y,,A,01,0,0,0,1,0,0,0,0,0,"- ","- ",38.00701904296875,-122.02271270751953,"CONTRA COSTA",CONCORD,-122.022012,38.009385999999999
91379565,2020,2021-03-03,9320,2020-12-23,2118,022534,,3,2,9,0700,0,2,4,,2,086,"BYRON HIGHWAY","BALFOUR ROAD",0.00,,Y,A,-,N,,,,,,,,,,Y,2,0,1,2,A,-,01,23152,A,N,A,C,A,A,H,-,C,A,0,,,,,Y,Y,D,22,1,0,0,0,0,0,0,0,0,"- ","- ",37.925548553466797,-121.64111328125,"CONTRA COSTA",UNINCORPORATED,-121.64115142822266,37.925571441650391
91384755,2020,2021-01-11,9320,2020-12-31,0140,022472,,4,3,3,0702,0,1,3,,1,406,"BRENTWOOD BLVD","SELLERS AVE",800.00,E,N,B,-,N,,,,,,,,,,Y,2,0,1,1,A,-,01,23152,A,N,F,I,A,A,H,-,D,A,0,,,,,Y,Y,A,08,1,0,0,0,0,0,0,0,0,"- ","- ",37.910968780517578,-121.67548370361328,"CONTRA COSTA",BRENTWOOD,-121.67543792724609,37.911029815673828
9138766,2020,2020-09-28,0702,2020-07-16,1848,573J,229B,4,5,3,0702,0,0,0,,0,002,"SAND CREEK RD","OHARA AV",1360.00,W,N,A,-,N,,,,,,,,,,Y,2,0,2,1,A,-,08,22107,,N,E,I,A,A,H,-,A,D,0,,,,,Y,,A,01,1,1,0,0,0,0,0,0,0,"- ","- ",37.944259643554688,-121.72353363037109,"CONTRA COSTA",BRENTWOOD,-121.70897674560547,37.945140838623047
91391405,2021,2021-01-20,9320,2021-01-14,1430,022568,,4,2,3,0706,0,1,1,,2,180,"I-80 E/B","PINOLE VALLEY ROAD",3960.00,E,N,A,-,Y,,,80,,,,,,E,Y,2,0,3,4,A,-,03,22350,,N,C,C,A,A,H,-,A,A,0,,,,,Y,,A,07,1,0,2,0,0,0,0,0,0,"- ","- ",38.008090972900391,-122.27565002441406,"CONTRA COSTA",HERCULES,-122.27568054199219,38.00811767578125
91394555,2020,2021-01-26,9320,2020-10-19,0020,022483,,1,3,9,0700,0,2,4,,2,013,"SAN PABLO DAM ROAD","OLD SAN PABLO DAM ROAD",2904.00,N,N,A,-,N,,,,,,,,,,Y,1,1,0,1,A,-,01,23152,A,N,E,I,A,A,H,-,D,A,0,,,,,Y,Y,A,01,0,0,0,0,0,0,0,0,0,"- ","- ",37.905399322509766,-122.22611236572266,"CONTRA COSTA",UNINCORPORATED,-122.26155853271484,37.940784454345703
91399971,2020,2021-08-06,9320,2020-11-02,1340,022127,,1,1,9,0700,0,1,3,,1,406,"SR-4 EASTBOUND","SAN JAUQUIN COUNTY LINE",1520.00,W,N,A,-,Y,,,4,,,,,,E,Y,1,1,0,2,A,-,05,21460,A,N,D,C,A,A,H,-,A,A,0,,,Y,Y,Y,,C,02,0,0,0,0,0,0,0,1,0,"- ","- ",37.890129089355469,-121.57530212402344,"CONTRA COSTA",UNINCORPORATED,-121.57529449462891,37.890110015869141
91404562,2021,2021-02-08,9390,2021-01-31,0445,022035,,7,3,9,0700,0,1,1,,2,068,"I-680 SOUTHBOUND","CROW CANYON ROAD",2640.00,N,N,A,-,Y,,,,,,,,,,Y,2,0,1,1,A,-,01,23152,F,N,E,I,A,A,H,-,D,D,0,,,,,Y,,A,07,1,0,0,0,0,0,0,0,0,"- ","- ",37.785480499267578,-121.97979736328125,"CONTRA COSTA",UNINCORPORATED,-121.97532653808594,37.777149200439453
91407255,2020,2021-02-12,9370,2020-12-15,1726,020356,,2,2,9,0700,0,3,5,,2,010,"RICHMOND PARKWAY S/B","PITTSBURG AVENUE",780.00,S,N,A,-,N,,,,,,,,,,N,1,1,0,2,A,-,11,21954,A,N,G,B,D,A,H,-,E,D,0,Y,,,,Y,,N,60,0,0,0,1,0,0,0,0,0,"- ","- ",37.96099853515625,-122.37373352050781,"CONTRA COSTA",UNINCORPORATED,-122.37374114990234,37.961029052734375
91409758,2021,2021-02-17,9320,2021-02-10,1750,022282,,3,2,9,0700,0,3,5,,2,040,"ARTHUR ROAD","ACTRIZ AVE",0.00,,Y,A,-,N,,,,,,,,,,N,2,0,1,2,A,-,09,21801,B,N,D,C,A,A,H,-,B,A,0,,,Y,,Y,,C,02,1,0,0,0,0,0,0,0,1,"- ","- ",38.013771057128906,-122.0885009765625,"CONTRA COSTA",UNINCORPORATED,-122.0885009765625,38.013778686523438
91411404,2021,2021-02-19,9320,2021-01-27,1543,020835,,3,2,9,0700,0,1,3,,2,402,"STATE ROUTE 4, WESTBOUND","ALHAMBRA AVENUE",387.00,E,N,B,C,Y,,,,,,,,,,Y,1,1,0,1,A,-,08,22107,,N,E,I,A,B,H,-,A,A,0,,,,,Y,,A,01,0,0,0,0,0,0,0,0,0,"- ","- ",37.9910888671875,-122.12873840332031,"CONTRA COSTA",UNINCORPORATED,-122.13090515136719,37.990566253662109
91418699,2021,2021-03-05,9350,2021-02-23,0325,021699,,2,3,9,0700,0,1,1,,2,115,"I-580 E/B","STENMARK DRIVE U/C",925.00,W,N,A,-,Y,,,,,,,,,,Y,2,0,3,2,A,-,03,22350,,N,C,C,A,A,H,-,C,D,0,,,,,Y,Y,D,22,1,1,1,0,0,0,0,0,0,"- ","- ",37.932331085205078,-122.40560913085938,"CONTRA COSTA",UNINCORPORATED,,
91419969,2021,2021-03-03,9320,2021-01-27,2010,016584,,3,2,9,0700,0,1,3,,2,401,"SR-4 E/B","MCEWEN RD.",5280.00,E,N,B,C,Y,,,4,,,,,,E,Y,1,1,0,1,A,-,08,22107,,N,E,I,A,B,H,-,D,A,0,,,,,Y,,A,01,0,0,0,0,0,0,0,0,0,"- ","- ",38.005699157714844,-122.16410064697266,"CONTRA COSTA",UNINCORPORATED,-122.1640625,38.005878448486328
91420827,2021,2021-03-04,9320,2021-02-26,0146,021519,,5,3,5,0708,0,1,3,,2,403,"SR-4 E/B","RAILROAD AVE",5250.00,W,N,A,-,Y,,,4,,,,,,E,Y,2,0,1,1,A,-,08,22107,,N,E,I,A,A,H,-,D,D,0,,,,,Y,,A,08,1,0,0,0,0,0,0,0,0,"- ","- ",38.019691467285156,-121.90751647949219,"CONTRA COSTA",PITTSBURG,-121.90751647949219,38.019912719726562
91428995,2021,2021-03-17,9320,2021-03-11,1315,019546,,4,1,9,0700,0,2,4,,2,012,"SAN PABLO DAM ROAD","MAY ROAD",0.00,,Y,A,-,N,,,,,,,,,,Y,2,0,2,2,A,-,01,23152,A,N,A,C,A,A,H,-,A,D,0,,,,,Y,,A,07,1,1,0,0,0,0,0,0,0,"- ","- ",37.964569091796875,-122.29709625244141,"CONTRA COSTA",UNINCORPORATED,-122.29702758789062,37.964511871337891
9142922,2020,2020-09-03,0701,2020-06-01,1943,5430,305,1,5,5,0701,0,0,0,,0,003,"MAHOGAN WY","HORIZON LN",15.00,W,N,A,-,N,,,,,,,,,,Y,2,0,1,1,A,-,01,23152,A,N,H,J,A,A,H,-,A,D,0,,,Y,,Y,Y,C,02,1,0,0,0,0,0,0,0,1,"- ","- ",,,"CONTRA COSTA",ANTIOCH,-121.830078125,38.002891540527344
91429811,2020,2021-03-18,9370,2020-12-19,0455,022487,,6,3,5,0710,0,1,1,,2,058,"I-580 W/B TO HARBOUR WAY SOUTH","HARBOUR WAY S O/C",1034.00,W,N,A,-,Y,,,580,,,,R,,W,N,1,1,0,2,A,-,11,21954,A,N,G,B,E,A,H,-,C,D,0,Y,,,Y,Y,,N,60,0,0,0,1,0,0,0,0,0,"- ","- ",37.922370910644531,-122.35661315917969,"CONTRA COSTA",RICHMOND,-122.35661315917969,37.922370910644531
91430235,2020,2021-04-13,9320,2020-11-18,1024,018628,,3,1,9,0700,0,1,1,,2,683,"I-680 NB","CENTER AVENUE",470.00,N,N,B,-,Y,,,680,,,,,,N,Y,1,1,1,2,A,-,03,22350,,N,E,I,A,A,H,-,A,A,0,,,,,Y,,A,01,1,0,0,0,0,0,0,0,0,"- ","- ",37.984821319580078,-122.06642150878906,"CONTRA COSTA",UNINCORPORATED,-122.06639862060547,37.984825134277344
91431016,2021,2021-03-19,9320,2021-03-13,1625,021864,,6,2,9,0700,0,1,3,,2,402,"SR-4 EASTBOUND","KINNE BLVD",2112.00,W,N,A,-,Y,,,,,,,,,,N,2,0,1,2,A,-,07,21658,A,N,B,C,A,A,H,-,A,A,0,,,Y,,Y,,C,02,1,0,0,0,0,0,0,0,1,"- ","- ",38.010311126708984,-122.01769256591797,"CONTRA COSTA",UNINCORPORATED,-122.01251220703125,38.011058807373047
91441665,2021,2021-04-02,9320,2021-03-26,1434,022462,,5,2,9,0700,0,1,1,,2,684,"I-680 SOUTHBOUND","BAYSHORE RD",2269.00,S,N,A,-,Y,,,,,,,,,,Y,2,0,2,1,A,-,08,22107,,N,F,I,A,A,H,-,A,D,0,,,,,Y,,A,07,2,0,0,0,0,0,0,0,0,"- ","- ",38.041851043701172,-122.12404632568359,"CONTRA COSTA",UNINCORPORATED,-122.13024139404297,38.058502197265625
91442841,2021,2021-04-05,9320,2021-03-28,0124,022116,,7,3,9,0700,0,1,1,,2,180,"I-80 E/B","CUMMINGS SKYWAY",2640.00,W,N,A,-,Y,,,80,,,,,,E,Y,2,0,3,1,A,-,01,23152,A,N,E,I,A,A,H,-,C,D,0,,,,,Y,Y,A,01,1,1,1,0,0,0,0,0,0,"- ","- ",38.040821075439453,-122.24430084228516,"CONTRA COSTA",UNINCORPORATED,-122.24427795410156,38.040786743164062
91446834,2021,2021-04-09,9320,2021-04-02,0002,021519,,5,3,6,0704,0,1,3,,2,402,"SR-4 E/B TO SR-242 S/B","SR-4 E/B",335.00,S,N,A,-,Y,,,4,,,,R,,E,Y,2,0,3,1,A,-,08,22107,,N,F,J,A,A,H,-,D,D,0,,,,,Y,,A,01,3,0,0,0,0,0,0,0,0,"- ","- ",38.003768920898438,-122.03778839111328,"CONTRA COSTA",CONCORD,-122.03778839111328,38.003768920898438
91450101,2021,2021-04-14,9350,2021-04-09,0957,016034,,5,1,9,0700,0,1,1,,2,115,"I-580 W/B","RICHMOND-SAN RAFAEL BRIDGE TOLL PLAZA",17.00,E,N,A,-,Y,,,,,,,,,,Y,2,0,2,1,A,-,08,22107,,N,E,I,A,A,H,-,A,D,0,,,,,Y,,A,07,1,0,1,0,0,0,0,0,0,"- ","- ",37.932270050048828,-122.40289306640625,"CONTRA COSTA",UNINCORPORATED,,
91459286,2021,2021-04-27,9320,2021-04-02,1635,019914,,5,2,5,0712,0,1,1,,2,682,"I-680 NB","OAKVALE ROAD O/C",350.00,S,N,A,-,Y,,,680,,,,,,N,Y,2,0,1,4,A,-,17,22517,,N,B,C,A,A,H,-,A,D,0,,,Y,,Y,,-,62,1,0,0,0,0,0,0,0,1,"- ","- ",37.899600982666016,-122.07050323486328,"CONTRA COSTA","WALNUT CREEK",-122.07054138183594,37.899608612060547
91460091,2021,2021-04-28,9320,2021-04-19,1230,020440,,1,1,4,0709,0,1,1,,2,683,"I-680 N/B","MONUMENT BLVD",4047.00,N,N,A,-,Y,,,680,,,,,,N,Y,2,0,3,3,A,-,07,21658,A,N,D,C,A,A,H,-,A,D,0,,,,,Y,,D,22,1,0,2,0,0,0,0,0,0,"- ","- ",37.955841064453125,-122.05312347412109,"CONTRA COSTA","PLEASANT HILL",-122.05323791503906,37.955902099609375
91463787,2021,2021-05-03,9320,2021-04-24,0225,022472,,6,3,9,0700,0,1,3,,2,401,"SR-4 E/B","CHRISTIE ROAD",10.00,E,N,B,-,Y,,,4,,,,,,E,Y,2,0,1,1,A,-,08,22107,,N,E,I,A,A,H,-,D,A,0,,,,,Y,,D,22,1,0,0,0,0,0,0,0,0,"- ","- ",38.007671356201172,-122.21047210693359,"CONTRA COSTA",UNINCORPORATED,-122.21047973632812,38.007732391357422
91467728,2021,2021-05-07,9320,2021-04-30,1745,022119,,5,2,5,0708,0,1,3,,2,404,"WESTBOUND SR-4","HARBOR STREET",1000.00,E,N,A,-,Y,,,4,,,,,,,Y,2,0,2,2,A,-,03,22350,,N,C,C,A,A,H,-,A,D,0,,,,,Y,,A,01,1,0,1,0,0,0,0,0,0,"- ","- ",38.014350891113281,-121.87732696533203,"CONTRA COSTA",PITTSBURG,-121.87735748291016,38.014232635498047
91468688,2021,2021-05-10,9320,2021-04-28,1325,022484,,3,1,9,0700,0,1,3,,2,402,"SR-4 E/B TO PORT CHICAGO HWY NORTH","PORT CHICAGO HWY",400.00,E,N,A,-,Y,,,,,,,,,,Y,2,0,1,1,A,-,03,22350,,N,F,A,A,A,H,-,A,A,0,,,,,Y,,A,08,1,0,0,0,0,0,0,0,0,"- ","- ",38.009201049804688,-122.02118682861328,"CONTRA COSTA",UNINCORPORATED,-122.02126312255859,38.009719848632812
9147379,2020,2020-09-24,0714,2020-07-06,0157,162,"11 2",1,5,4,0714,0,0,0,,0,002,"DOUGLAS DR","PINE ST",0.00,,Y,A,-,N,,,,,,,,,,Y,2,0,1,1,A,-,05,21651,B,N,E,I,A,A,H,-,C,D,0,,,,,Y,,A,01,1,0,0,0,0,0,0,0,0,"- ","- ",37.996231079101562,-122.12103271484375,"CONTRA COSTA",MARTINEZ,-122.12101745605469,37.996360778808594
91483095,2021,2021-05-27,9320,2021-05-18,0748,019546,,2,1,9,0700,0,1,3,,2,401,"STATE ROUTE 4 WESTBOUND","MCEWEN ROAD",2771.00,E,N,A,-,Y,,,4,,,,,,W,Y,2,0,2,4,A,-,03,22350,,N,C,C,A,A,H,-,A,D,0,,,,,Y,,A,01,1,1,0,0,0,0,0,0,0,"- ","- ",38.009891510009766,-122.17041015625,"CONTRA COSTA",UNINCORPORATED,-122.17039489746094,38.009914398193359
91490503,2021,2021-06-07,9320,2021-05-26,0438,021472,,3,3,9,0700,0,2,4,,2,086,"BYRON HWY.","CAMINO DIABLO RD.",2595.00,S,N,A,-,N,,,,,,,,,,Y,2,0,1,3,A,-,05,21460,A,N,B,C,A,A,H,-,D,A,0,,,,Y,Y,,A,07,1,0,0,0,0,0,0,0,0,"- ","- ",37.861690521240234,-121.63320159912109,"CONTRA COSTA",UNINCORPORATED,-121.63320159912109,37.861675262451172
9149372,2020,2020-10-21,0712,2020-08-31,1137,P518,,1,5,5,0712,0,0,0,,0,003,"YGNACIO VALLEY RD","LENNON LN",0.00,,Y,A,-,N,,,,,,,,,,Y,2,0,1,1,A,-,08,22107,,N,E,I,A,A,H,-,A,D,0,,,,,Y,,A,01,1,0,0,0,0,0,0,0,0,"- ","- ",,,"CONTRA COSTA","WALNUT CREEK",-122.02662658691406,37.924060821533203
91500158,2021,2021-06-18,9320,2021-06-11,0301,021519,,5,3,5,0701,0,1,S,,2,493,"SR-4 E/B","SR-160 S/B TO SR-4 E/B",470.00,W,N,A,-,Y,,,4,,,,,,E,Y,2,0,2,1,A,-,08,22107,,N,F,A,A,A,H,-,D,D,0,,,,,Y,,A,01,1,0,1,0,0,0,0,0,0,"- ","- ",37.990131378173828,-121.75733184814453,"CONTRA COSTA",ANTIOCH,-121.75732421875,37.990211486816406
9150688,2020,2020-09-19,0710,2020-07-09,2006,1705,,4,5,5,0710,0,0,0,,0,,"MACDONALD AV","39TH ST",0.00,,Y,A,-,N,,,,,,,,,,,2,0,1,2,A,-,09,21802,A,N,D,C,A,A,H,-,A,A,0,,,Y,,Y,,A,01,1,0,0,0,0,0,0,0,1,"- ","- ",37.932868957519531,-122.33174133300781,"CONTRA COSTA",RICHMOND,-122.33242797851562,37.933601379394531
91507317,2021,2021-06-28,9370,2021-03-22,2232,022529,,1,3,9,0700,0,3,5,,2,010,"RICHMOND PARKWAY","PITTSBURG AVE",0.00,,Y,A,-,N,,,,,,,,,,Y,2,0,2,3,A,-,08,22107,,F,E,I,A,A,H,-,C,D,0,,,,,Y,,-,99,1,1,0,0,0,0,0,0,0,"- ","- ",37.96405029296875,-122.37342834472656,"CONTRA COSTA",UNINCORPORATED,-122.37376403808594,37.963169097900391
91511766,2021,2021-07-02,9320,2021-06-22,1246,020834,,2,1,9,0700,0,3,5,,2,070,"CONCORD AVE","MERIDIAN PARK BLVD",5.00,E,N,A,-,N,,,,,,,,,,N,2,0,1,2,A,-,01,23152,F,N,G,B,B,A,H,-,A,A,0,Y,,,,Y,,A,01,1,0,0,0,1,0,0,0,0,"- ","- ",37.979030609130859,-122.058837890625,"CONTRA COSTA",UNINCORPORATED,-122.05892181396484,37.978996276855469
91514311,2021,2021-11-04,9320,2021-06-26,1810,022459,,6,2,9,0700,0,3,5,,2,020,"TICE VALLEY BLVD","OLYMPIC BLVD.",490.00,S,N,A,-,N,,,,,,,,,,Y,2,0,1,2,A,-,07,21658,A,N,F,C,A,A,H,-,A,A,0,,,,,Y,,A,01,1,0,0,0,0,0,0,0,0,"- ","- ",37.883468627929688,-122.07753753662109,"CONTRA COSTA",UNINCORPORATED,-122.0775146484375,37.883632659912109
91528447,2021,2021-07-26,9320,2021-06-11,1530,022082,,5,2,4,0790,0,2,4,,1,061,"DANVILLE BLVD","REUDGEAR RD.",0.00,,Y,A,-,N,,,,,,,,,,N,2,0,1,2,A,-,12,21453,A,M,H,A,A,A,H,-,A,A,0,,Y,,,Y,,-,99,1,0,0,0,0,0,1,0,0,"- ","- ",37.878921508789062,-122.04985809326172,"CONTRA COSTA",DANVILLE,-122.04982757568359,37.878688812255859
91529443,2021,2021-07-27,9320,2021-06-21,0738,022240,,1,1,9,0700,0,3,5,,2,070,I-680,"BRIDGEHEAD ROAD",100.00,S,N,A,-,Y,,,,,,,,,,Y,2,0,1,1,A,-,08,22107,,N,E,I,A,A,H,-,A,D,0,,,,,Y,,A,08,1,0,0,0,0,0,0,0,0,"- ","- ",38.033420562744141,-122.11734008789062,"CONTRA COSTA",UNINCORPORATED,-122.11735534667969,38.033164978027344
91529501,2021,2021-07-27,9320,2021-07-17,2250,022568,,6,3,4,0714,0,1,3,,2,402,"SR-4 E/B","CENTER AVENUE",300.00,E,N,A,-,Y,,,4,,,,,,E,Y,2,0,1,1,A,-,01,23152,A,N,E,I,A,A,H,-,D,A,0,,,,,Y,Y,A,01,1,0,0,0,0,0,0,0,0,"- ","- ",37.996448516845703,-122.11681365966797,"CONTRA COSTA",MARTINEZ,-122.11678314208984,37.996318817138672
91533611,2021,2021-07-30,9320,2021-07-13,1250,022127,,2,1,5,0701,0,1,3,,2,404,"SR-4 EASTBOUND","SOMERSVILLE RD.",2000.00,W,N,A,-,Y,,,4,,,,,,E,Y,2,0,3,3,A,-,07,21658,A,F,B,C,A,A,H,-,A,A,0,,,,,Y,,-,99,1,0,2,0,0,0,0,0,0,"- ","- ",38.005588531494141,-121.84439849853516,"CONTRA COSTA",ANTIOCH,-121.8443603515625,38.005744934082031
9154205,2020,2020-09-24,0710,2020-06-21,1012,1764,SOUTH,7,5,5,0710,0,0,0,,0,001,"DORNAN DR","WESTERN DR",130.00,S,N,A,-,N,,,,,,,,,,Y,2,0,1,5,A,-,01,23152,A,N,C,B,E,A,H,-,A,D,0,Y,,,,Y,Y,A,01,1,0,0,0,1,0,0,0,0,"- ","- ",37.921268463134766,-122.38529205322266,"CONTRA COSTA",RICHMOND,-122.3857421875,37.920787811279297
91542498,2021,2021-08-11,9320,2021-07-08,2031,021203,,4,2,6,0704,0,3,5,,2,070,"SR-4 WESTBOUND","PERALTA ROAD",751.00,W,N,A,-,Y,,,4,,,,,,W,Y,2,0,1,3,A,-,03,22350,,N,F,I,A,A,H,-,B,D,0,,,,,Y,,A,07,1,0,0,0,0,0,0,0,0,"- ","- ",38.0023193359375,-122.05043792724609,"CONTRA COSTA",CONCORD,-122.05031585693359,38.0018310546875
91544171,2021,2021-08-13,9320,2021-07-21,0005,021293,,3,3,5,0708,0,1,3,,2,403,"SR4 EASTBOUND","RAILROAD AVE OVERCROSSING",5966.00,W,N,A,-,Y,,,4,,,,,,E,Y,2,0,1,2,A,-,01,23152,F,N,C,E,A,A,H,-,D,A,0,,,,,Y,,A,01,1,0,0,0,0,0,0,0,0,"- ","- ",38.019821166992188,-121.91024017333984,"CONTRA COSTA",PITTSBURG,-121.91024017333984,38.019916534423828
91544377,2021,2021-08-13,9320,2021-05-01,1638,022013,,6,2,9,0700,0,2,4,,2,095,"MARSH CREEK ROAD","VASCO ROAD",0.00,,Y,A,-,N,,,,,,,,,,Y,1,1,0,2,A,-,09,21453,C,N,A,C,A,A,H,-,A,A,0,,,,,Y,,D,22,0,0,0,0,0,0,0,0,0,"- ","- ",37.895778656005859,-121.71250152587891,"CONTRA COSTA",UNINCORPORATED,-121.71270751953125,37.895786285400391