CASE_ID,ACCIDENT_YEAR,PROC_DATE,JURIS,COLLISION_DATE,COLLISION_TIME,OFFICER_ID,REPORTING_DISTRICT,DAY_OF_WEEK,CHP_SHIFT,POPULATION,CNTY_CITY_LOC,SPECIAL_COND,BEAT_TYPE,CHP_BEAT_TYPE,CITY_DIVISION_LAPD,CHP_BEAT_CLASS,BEAT_NUMBER,PRIMARY_RD,SECONDARY_RD,DISTANCE,DIRECTION,INTERSECTION,WEATHER_1,WEATHER_2,STATE_HWY_IND,CALTRANS_COUNTY,CALTRANS_DISTRICT,STATE_ROUTE,ROUTE_SUFFIX,POSTMILE_PREFIX,POSTMILE,LOCATION_TYPE,RAMP_INTERSECTION,SIDE_OF_HWY,TOW_AWAY,COLLISION_SEVERITY,NUMBER_KILLED,NUMBER_INJURED,PARTY_COUNT,PRIMARY_COLL_FACTOR,PCF_CODE_OF_VIOL,PCF_VIOL_CATEGORY,PCF_VIOLATION,PCF_VIOL_SUBSECTION,HIT_AND_RUN,TYPE_OF_COLLISION,MVIW,PED_ACTION,ROAD_SURFACE,ROAD_COND_1,ROAD_COND_2,LIGHTING,CONTROL_DEVICE,CHP_ROAD_TYPE,PEDESTRIAN_ACCIDENT,BICYCLE_ACCIDENT,MOTORCYCLE_ACCIDENT,TRUCK_ACCIDENT,NOT_PRIVATE_PROPERTY,ALCOHOL_INVOLVED,STWD_VEHTYPE_AT_FAULT,CHP_VEHTYPE_AT_FAULT,COUNT_SEVERE_INJ,COUNT_VISIBLE_INJ,COUNT_COMPLAINT_PAIN,COUNT_PED_KILLED,COUNT_PED_INJURED,COUNT_BICYCLIST_KILLED,COUNT_BICYCLIST_INJURED,COUNT_MC_KILLED,COUNT_MC_INJURED,PRIMARY_RAMP,SECONDARY_RAMP,LATITUDE,LONGITUDE,COUNTY,CITY,POINT_X,POINT_Y
91544605,2021,2021-08-17,9320,2021-05-07,2240,022534,,5,3,6,0704,0,1,1,,2,683,"I-680 SOUTHBOUND","SR-242 SOUTHBOUND",212.00,N,N,A,-,Y,,,680,,,,,,S,Y,1,1,0,1,A,-,01,23152,A,N,E,I,A,A,H,-,C,A,0,,,Y,,Y,Y,C,02,0,0,0,0,0,0,0,1,0,"- ","- ",37.959999084472656,-122.05278015136719,"CONTRA COSTA",CONCORD,-122.05287170410156,37.959968566894531
91545306,2021,2021-08-16,9320,2021-03-11,2005,022127,,4,2,9,0700,0,2,4,,2,073,"KIRKER PASS RD.","HESS RD.",4450.00,N,N,A,-,N,,,,,,,,,,Y,1,1,0,3,A,-,11,21950,B,N,G,B,E,A,H,-,D,A,0,Y,,,,Y,,N,60,0,0,0,1,0,0,0,0,0,"- ","- ",37.974929809570312,-121.90956878662109,"CONTRA COSTA",UNINCORPORATED,-121.92041015625,37.971202850341797
91548446,2021,2021-08-18,9370,2021-08-06,1520,022299,,5,2,4,0711,0,1,1,,2,083,"I-80 E/B","EL PORTAL DR.",1020.00,W,N,A,-,Y,,,80,,,,,,E,N,2,0,1,2,A,-,03,22350,,N,B,C,A,A,H,-,A,D,0,,,Y,,Y,,C,02,1,0,0,0,0,0,0,0,1,"- ","- ",37.963981628417969,-122.32621002197266,"CONTRA COSTA","SAN PABLO",-122.32623291015625,37.964023590087891
91548468,2021,2021-08-19,9370,2021-08-07,0140,022077,,6,3,5,0710,0,1,1,,2,058,"I-580 W/B","BAYVIEW AVE",1291.00,E,N,B,-,Y,,,580,,,,,,W,Y,2,0,2,1,A,-,01,23152,A,N,E,8,A,A,H,-,D,D,0,,,,,Y,Y,A,07,1,1,0,0,0,0,0,0,0,"- ","- ",37.909198760986328,-122.3214111328125,"CONTRA COSTA",RICHMOND,-122.32142639160156,37.909187316894531
91550352,2021,2021-08-20,9320,2021-06-21,2105,022467,,1,2,9,0700,0,3,5,,2,075,"CANAL ROAD","BAILEY ROAD",1971.00,E,N,A,-,N,,,,,,,,,,Y,1,1,0,1,A,-,08,22107,,N,E,I,A,A,H,-,C,A,0,,,Y,,Y,,C,02,0,0,0,0,0,0,0,1,0,"- ","- ",38.019378662109375,-121.93885040283203,"CONTRA COSTA",UNINCORPORATED,-121.94187927246094,38.021560668945312
91555500,2021,2021-08-26,9370,2021-08-14,1330,022424,,6,1,5,0710,0,1,1,,2,082,"I-80 E/B","BARRETT AVENUE",157.00,W,N,A,-,Y,,,80,,,,,,E,Y,2,0,2,6,A,-,08,22107,,N,B,2,A,A,H,-,A,D,0,,,,Y,Y,,A,07,1,1,0,0,0,0,0,0,0,"- ","- ",37.935020446777344,-122.32689666748047,"CONTRA COSTA",RICHMOND,-122.32682037353516,37.935020446777344
91561291,2021,2021-09-02,9370,2021-08-25,0527,022309,,3,3,4,0711,0,1,1,,2,083,"I-80 W/B","SAN PABLO DAM RD",1670.00,E,N,A,-,Y,,,80,,,,,,W,Y,2,0,1,2,A,-,07,21658,A,N,B,C,A,A,H,-,D,D,0,,,Y,,Y,,C,02,1,0,0,0,0,0,0,0,1,"- ","- ",37.960670471191406,-122.33032989501953,"CONTRA COSTA","SAN PABLO",-122.33036804199219,37.960685729980469
91565322,2021,2021-09-08,9370,2021-03-02,0510,021743,,2,3,4,0711,0,1,1,,2,083,"I-80 W/B","SAN PABLO DAM ROAD",50.00,E,N,A,-,Y,,,80,,,,,,W,N,1,1,0,5,A,-,11,21954,A,N,G,B,E,A,H,-,D,D,0,Y,,,,Y,,N,60,0,0,0,1,0,0,0,0,0,"- ","- ",37.956180572509766,-122.33010864257812,"CONTRA COSTA","SAN PABLO",-122.33011627197266,37.9561767578125
91576793,2021,2021-09-22,9320,2021-09-06,0200,022534,,1,3,4,0714,0,1,1,,2,683,"I-680 NORTHBOUND","MARINA VISTA AVENUE",3960.00,S,N,A,-,Y,,,,,,,,,,Y,2,0,1,1,A,-,01,23152,G,N,B,8,A,A,H,-,C,A,0,,,,,Y,Y,A,01,1,0,0,0,0,0,0,0,0,"- ","- ",38.020549774169922,-122.10005950927734,"CONTRA COSTA",MARTINEZ,-122.11284637451172,38.025646209716797
91577613,2021,2021-09-23,9320,2021-09-12,2317,021519,,7,3,9,0700,0,1,1,,2,683,"I-680 N/B","BLUM RD",400.00,S,N,A,-,Y,,,680,,,,,,N,Y,2,0,1,2,C,-,18,,,N,B,E,A,A,C,-,D,A,0,,,,,Y,,-,"- ",1,0,0,0,0,0,0,0,0,"- ","- ",37.997379302978516,-122.07328796386719,"CONTRA COSTA",UNINCORPORATED,-122.07325744628906,37.997421264648438
91577628,2021,2021-09-23,9320,2021-09-12,2320,021519,,7,3,9,0700,0,1,1,,2,683,"SR-4 N/B","BLUM RD",400.00,S,N,A,-,Y,,,,,,,,,,Y,2,0,2,2,C,-,18,,,N,B,E,A,A,C,-,D,D,0,,,,,Y,,-,"- ",2,0,0,0,0,0,0,0,0,"- ","- ",37.997379302978516,-122.07328796386719,"CONTRA COSTA",UNINCORPORATED,,
91581300,2021,2021-09-28,9320,2021-08-31,1520,020835,,2,2,9,0700,0,2,4,,2,023,"BEAR CREEK ROAD","HAPPY VALLEY ROAD",2020.00,S,N,A,-,N,,,,,,,,,,Y,1,1,0,1,A,-,08,22107,,N,E,I,A,A,H,-,A,A,0,,,,,Y,,A,01,0,0,0,0,0,0,0,0,0,"- ","- ",37.918460845947266,-122.17006683349609,"CONTRA COSTA",UNINCORPORATED,-122.17031097412109,37.918552398681641
91582369,2021,2021-09-29,9320,2021-09-20,1235,017530,,1,1,9,0700,0,2,4,,2,083,"BETHEL ISLAND RD","RIVERVIEW PLACE",0.00,,Y,A,-,N,,,,,,,,,,N,2,0,1,2,A,-,03,22350,,N,C,C,A,A,H,-,A,D,0,,,Y,,Y,,C,02,1,0,0,0,0,0,0,0,1,"- ","- ",38.0130615234375,-121.64102935791016,"CONTRA COSTA",UNINCORPORATED,-121.640869140625,38.013263702392578
91586975,2021,2021-10-04,9320,2021-09-20,2251,020010,,1,3,3,0706,0,1,1,,2,180,"I-80 W/B","CALIFORNIA STREET O/C",150.00,W,N,A,-,Y,,,,,,,,,,Y,2,0,1,4,A,-,03,22350,,N,C,C,A,A,H,-,C,D,0,,,,,Y,,A,01,1,0,0,0,0,0,0,0,0,"- ","- ",38.029541015625,-122.25595855712891,"CONTRA COSTA",HERCULES,-122.25582885742188,38.029743194580078
91588551,2021,2021-10-05,9320,2021-09-26,1510,022127,,7,2,9,0700,0,2,4,,2,094,"BYRON HIGHWAY","WESTERN FARMS RANCH RD.",20.00,S,N,A,-,N,,,,,,,,,,N,2,0,1,3,A,-,09,21804,A,N,D,C,A,A,H,-,A,A,0,,,,,Y,,E,22,1,0,0,0,0,0,0,0,0,"- ","- ",37.845588684082031,-121.61875152587891,"CONTRA COSTA",UNINCORPORATED,,
91589288,2021,2021-10-06,9320,2021-09-29,0010,020010,,3,3,9,0700,0,1,1,,2,681,"I-680 N/B","RUDGEAR ROAD U/C",735.00,S,N,A,-,Y,,,680,,,,,,N,Y,2,0,1,1,C,-,18,,,N,E,7,A,A,H,-,C,D,0,,,Y,,Y,,-,"- ",1,0,0,0,0,0,0,0,1,"- ","- ",37.878898620605469,-122.04836273193359,"CONTRA COSTA",UNINCORPORATED,-122.04864501953125,37.878692626953125
91605331,2021,2021-10-25,9370,2021-02-08,1200,022299,,1,1,5,0710,0,1,1,,2,082,"I-80 W/B","MACDONALD AVE.",457.00,E,N,A,-,Y,,,80,,,,,,W,Y,1,1,0,1,A,-,01,23152,A,N,F,A,A,A,H,-,A,D,0,,,Y,,Y,Y,C,02,0,0,0,0,0,0,0,1,0,"- ","- ",37.933990478515625,-122.32695770263672,"CONTRA COSTA",RICHMOND,-122.32685089111328,37.93402099609375
91611810,2021,2021-11-01,9320,2021-10-11,2005,022019,,1,2,4,0790,0,1,1,,2,682,"I-680 S/B","EL PINTADO RD",465.00,N,N,A,-,Y,,,680,,,,,,S,Y,2,0,1,4,C,-,18,,,N,G,B,F,A,H,-,D,D,0,Y,,,,Y,,-,"- ",1,0,0,0,1,0,0,0,0,"- ","- ",37.841239929199219,-122.01959228515625,"CONTRA COSTA",DANVILLE,-122.01960754394531,37.841209411621094
91617443,2021,2021-11-05,9320,2021-08-30,1615,022119,,1,2,5,0708,0,3,5,,2,075,"CHADWICK LANE","LANCASTER CIRCLE",30.00,W,N,A,-,N,,,,,,,,,,N,2,0,1,2,A,-,11,21954,A,F,G,B,D,A,H,-,A,D,0,Y,,,,Y,,N,60,1,0,0,0,1,0,0,0,0,"- ","- ",38.021438598632812,-121.94480133056641,"CONTRA COSTA",PITTSBURG,-121.94474792480469,38.021438598632812
91622974,2021,2021-11-12,9320,2021-10-15,2215,022540,,5,3,9,0700,0,1,3,,2,401,"SR-4 EASTBOUND","ALHAMBRA AVENUE",3100.00,W,N,A,-,Y,,,,,,,,,,Y,2,0,2,1,A,-,01,23152,A,N,E,8,A,A,H,-,C,A,0,,,,,Y,Y,A,07,2,0,0,0,0,0,0,0,0,"- ","- ",37.990650177001953,-122.14124298095703,"CONTRA COSTA",UNINCORPORATED,-122.13688659667969,37.989391326904297
91624232,2021,2021-11-15,9320,2021-11-02,1055,021203,,2,1,9,0700,0,3,5,,2,075,"SR-4 EASTBOUND","BAILEY ROAD",75.00,E,N,B,-,Y,,,,,,,,,,Y,2,0,1,1,A,-,03,22350,,N,F,I,A,A,H,-,A,A,0,,,,Y,Y,,F,27,1,0,0,0,0,0,0,0,0,"- ","- ",38.017848968505859,-121.94146728515625,"CONTRA COSTA",UNINCORPORATED,-121.941650390625,38.018741607666016
91631491,2021,2021-11-22,9370,2021-05-22,0030,022529,,6,3,4,0711,0,1,1,,2,083,"I-80 W/B","SAN PABLO DAM RD",1.00,E,N,A,-,Y,,,80,,,,,,W,Y,1,1,1,1,A,-,08,22107,,N,E,H,A,A,H,-,D,D,0,,,,,Y,,A,07,1,0,0,0,0,0,0,0,0,"- ","- ",37.955951690673828,-122.33000946044922,"CONTRA COSTA","SAN PABLO",-122.32998657226562,37.955963134765625
91640888,2021,2022-09-20,9320,2021-11-18,0548,017906,,4,3,3,0706,0,1,3,,2,401,"SR-4 W/B TO I-80",I-80,260.00,E,N,A,-,Y,,,4,,,,R,,W,N,2,0,1,1,A,-,03,22350,,N,D,I,A,A,H,-,A,A,0,,,,,Y,,A,01,1,0,0,0,0,0,0,0,0,"- ","- ",38.014961242675781,-122.26792144775391,"CONTRA COSTA",HERCULES,-122.26792144775391,38.014961242675781
91646127,2021,2021-12-08,9320,2021-11-28,0133,022540,,7,3,6,0704,0,1,3,,2,242,"SR-242 NORTHBOUND","WILLOW PASS ROAD",4700.00,S,N,A,-,Y,,,242,,,,,,N,Y,2,0,1,1,A,-,01,23152,A,N,E,I,A,A,H,-,C,A,0,,,,,Y,Y,A,01,1,0,0,0,0,0,0,0,0,"- ","- ",37.95867919921875,-122.05207061767578,"CONTRA COSTA",CONCORD,-122.05197143554688,37.958648681640625
91651985,2021,2021-12-14,9320,2021-12-01,1315,017271,,3,1,9,0700,0,3,5,,2,050,"SOUTH GATE ROAD","SOUTH GATE ENTERANCE - MT DIABLO",7920.00,N,N,A,-,N,,,,,,,,,,N,2,0,1,2,A,-,05,21650,,N,A,G,A,A,A,-,A,D,0,,Y,,,Y,,A,07,1,0,0,0,0,0,1,0,0,"- ","- ",37.843379974365234,-121.93305206298828,"CONTRA COSTA",UNINCORPORATED,-121.92642974853516,37.851318359375
91655361,2021,2021-12-17,9320,2021-12-05,1740,022459,,7,2,6,0704,0,2,S,,2,901,"SR-242 S/B FROM SOLANO WAY","SOLANO WAY",6.00,S,N,A,-,N,,,242,,,,R,,S,N,2,0,1,2,A,-,05,21650,,F,D,G,A,A,H,-,C,A,0,,Y,,,Y,,L,04,1,0,0,0,0,0,1,0,0,"- ","- ",37.988960266113281,-122.04090118408203,"CONTRA COSTA",CONCORD,-122.04090118408203,37.988960266113281
91666394,2021,2021-12-30,9320,2021-12-14,0147,022472,,2,3,9,0700,0,1,3,,2,242,"SR-242 N/B TO SR-4 E/B","PORT CHICAGO HIGHWAY",3569.00,W,N,C,-,Y,,,,,,,,,,Y,2,0,1,3,A,-,08,22107,,N,C,E,A,B,H,-,D,A,0,,,,,Y,,A,01,1,0,0,0,0,0,0,0,0,"- ","- ",38.006050109863281,-122.0360107421875,"CONTRA COSTA",UNINCORPORATED,,
91673672,2021,2022-01-07,9320,2021-10-13,1915,022006,,3,2,9,0700,0,2,4,,2,072,"BAILEY ROAD","CANAL RD.",36.00,N,N,A,-,N,,,,,,,,,,N,1,1,0,2,A,-,11,21955,,N,G,B,D,A,H,-,C,A,0,Y,,,,Y,Y,N,60,0,0,0,1,0,0,0,0,0,"- ","- ",38.020370483398438,-122.94183349609375,"CONTRA COSTA",UNINCORPORATED,-121.94191741943359,38.021656036376953
91674717,2021,2022-01-10,9320,2021-12-30,0725,018371,,4,1,9,0700,0,1,3,,2,400,"STATE ROUTE 4 WESTBOUND","CUMMINGS SKYWAY OVERCROSSING",5280.00,W,N,B,-,Y,,,4,,,,,,W,Y,2,0,1,1,A,-,03,22350,,N,E,I,A,B,H,-,A,A,0,,,,,Y,,A,01,1,0,0,0,0,0,0,0,0,"- ","- ",38.008319854736328,-122.21225738525391,"CONTRA COSTA",UNINCORPORATED,-122.21225738525391,38.008243560791016
91675504,2022,2022-01-11,9320,2022-01-01,0630,020949,,6,1,9,0700,0,2,4,,2,013,"SAN PABLO DAM ROAD","BEAR CREEK ROAD",15840.00,N,N,A,-,N,,,,,,,,,,N,2,0,1,1,C,-,18,,,N,F,A,A,C,G,-,D,D,0,,,Y,,Y,,-,"- ",1,0,0,0,0,0,0,0,1,"- ","- ",37.925769805908203,-122.25003051757812,"CONTRA COSTA",UNINCORPORATED,-122.24986267089844,37.925636291503906
91675665,2022,2022-01-11,9320,2022-01-01,1700,021949,,6,2,3,0702,0,2,4,,2,086,"SUNSET RD. W/B","BYRON HWY.",1885.00,W,N,B,-,N,,,,,,,,,,Y,2,0,1,1,A,-,01,23152,A,N,E,J,A,B,H,-,D,D,0,,,Y,,Y,Y,C,02,1,0,0,0,0,0,0,0,1,"- ","- ",37.954601287841797,-121.64756011962891,"CONTRA COSTA",BRENTWOOD,-121.64098358154297,37.952228546142578
91678418,2022,2022-01-14,9320,2022-01-07,1809,022116,,5,2,9,0700,0,1,3,,2,403,"SR-4 E/B","RAILROAD AVE",3700.00,W,N,A,-,Y,CC,,4,,,22.329,H,,R,Y,2,0,1,1,A,-,08,22107,,N,E,8,A,A,H,-,D,D,0,,,,,Y,,A,01,1,0,0,0,0,0,0,0,0,"- ","- ",38.019691467285156,-121.90210723876953,"CONTRA COSTA",UNINCORPORATED,-121.902099609375,38.019767761230469
91696608,2022,2022-02-09,9320,2022-01-21,1505,022019,,5,2,5,0712,0,1,1,,2,682,I-680,"S. MAIN STREET",1000.00,N,N,A,-,Y,CC,,680,,,13.288,H,,R,N,2,0,1,2,A,-,08,22107,,N,C,C,A,A,H,-,A,D,0,,,Y,,Y,,C,02,1,0,0,0,0,0,0,0,1,"- ","- ",37.888309478759766,-122.05706787109375,"CONTRA COSTA","WALNUT CREEK",-122.05699157714844,37.888343811035156
91699963,2022,2022-02-14,9320,2022-02-08,1020,020834,,2,1,4,0714,0,1,1,,2,683,"I-680 N/B","MARINA VISTA RD",2640.00,S,N,A,-,Y,CC,,680,,,24.017,H,,R,Y,2,0,1,1,C,-,18,,,N,E,J,A,A,H,-,A,A,0,,,,,Y,,-,"- ",1,0,0,0,0,0,0,0,0,"- ","- ",38.023200988769531,-122.106201171875,"CONTRA COSTA",MARTINEZ,-122.10624694824219,38.023139953613281
91700020,2022,2022-02-14,9320,2022-02-08,1405,016584,,2,2,9,0700,0,2,4,,2,032,"CARUINEZ SCENIC DR.","WINSLOW ST.",0.00,,Y,A,-,N,,,,,,,,,,N,2,0,1,1,B,-,22,,,N,F,A,A,A,H,-,A,A,0,,,Y,,Y,,C,02,1,0,0,0,0,0,0,0,1,"- ","- ",38.051601409912109,-122.20867156982422,"CONTRA COSTA",UNINCORPORATED,-122.20867156982422,38.051578521728516
91702982,2022,2022-02-17,9390,2022-02-06,1330,020657,,7,1,9,0700,0,2,4,,2,112,"NORTHBOUND EL CAMINO TASSAJARA","FINLEY ROAD",400.00,S,N,A,-,N,,,,,,,,,,Y,2,0,1,1,C,-,18,,,N,E,H,A,A,H,-,A,D,0,,,Y,,Y,,-,"- ",1,0,0,0,0,0,0,0,1,"- ","- ",37.793891906738281,-121.86443328857422,"CONTRA COSTA",UNINCORPORATED,-121.86447143554688,37.793903350830078
91705786,2022,2022-02-22,9365,2022-02-09,1740,019927,,3,2,9,0700,0,1,1,,2,001,"I-80 W/B","POMONA AVE",410.00,E,N,A,-,Y,CC,,80,,,13.768,H,,L,Y,2,0,1,2,A,-,07,21658,A,N,B,C,A,A,H,-,A,D,0,,,Y,,Y,,C,02,1,0,0,0,0,0,0,0,1,"- ","- ",38.055530548095703,-122.22583770751953,"CONTRA COSTA",UNINCORPORATED,-122.22610473632812,38.055557250976562
9171006,2020,2020-12-03,0714,2020-09-25,1553,129,1,5,5,4,0714,0,0,0,,0,001,"MARINA VISTA","RT 680",0.00,,Y,-,-,Y,CC,4,680,-,-,24.391,R,4,S,Y,2,0,1,2,A,-,03,22350,,N,D,C,A,A,H,-,A,A,0,,,Y,,Y,,C,02,1,0,0,0,0,0,0,0,1,"- ",SO,38.025539398193359,-122.11168670654297,"CONTRA COSTA",MARTINEZ,-122.11174011230469,38.025196075439453
91715263,2021,2022-03-04,9320,2021-09-04,2310,022495,,6,3,9,0700,0,2,4,,2,086,"BYRON HWY","MOUNTAIN VIEW DR",0.00,,Y,A,-,N,,,,,,,,,,Y,1,2,1,3,A,-,01,23152,A,N,G,B,E,A,H,-,D,D,0,Y,,,,Y,Y,A,01,0,0,1,2,0,0,0,0,0,"- ","- ",37.964481353759766,-121.64099884033203,"CONTRA COSTA",UNINCORPORATED,-121.64096069335938,37.964420318603516
9172001,2020,2021-01-14,0709,2020-10-20,1538,401,2170,2,5,4,0709,0,0,0,,0,001,"CONTRA COSTA BL","OAK PARK BL",0.00,,Y,A,-,N,,,,,,,,,,Y,2,0,2,2,A,-,"- ",,,N,A,C,A,A,H,-,A,A,0,,,,,Y,,-,"- ",1,0,1,0,0,0,0,0,0,"- ","- ",37.934490203857422,-122.06884765625,"CONTRA COSTA","PLEASANT HILL",,
9172002,2020,2021-01-11,0709,2020-10-24,1236,403,1080,6,5,4,0709,0,0,0,,0,002,"CONTRA COSTA BL","AUDREY LN",304.00,S,N,A,-,N,,,,,,,,,,Y,2,0,1,2,A,-,03,22350,,N,C,C,A,A,H,-,A,D,0,,,,,Y,,-,,1,0,0,0,0,0,0,0,0,"- ","- ",37.962398529052734,-122.06189727783203,"CONTRA COSTA","PLEASANT HILL",-122.0623779296875,37.964874267578125
91725230,2021,2022-03-17,9320,2021-11-20,0135,022517,,6,3,6,0704,0,1,1,,2,683,"I-680 NB","CONTRA COSTA BOULEVARD OVER CROSSING",310.00,N,N,B,-,Y,,,,,,,,,,Y,2,0,2,2,A,-,01,23152,A,N,A,C,A,A,H,-,C,A,0,,,,,Y,Y,A,07,1,0,1,0,0,0,0,0,0,"- ","- ",37.941810607910156,-122.05962371826172,"CONTRA COSTA",CONCORD,-122.0604248046875,37.936779022216797
91727860,2022,2022-03-21,9320,2022-03-06,0100,022517,,7,3,5,0708,0,1,3,,2,404,"SR-4 E/B","HARBOR STREET",50.00,W,N,A,-,Y,CC,,4,,,23.406,H,,R,Y,2,0,3,2,A,-,03,22350,,N,C,C,A,A,H,-,D,D,0,,,,,Y,,A,01,1,0,2,0,0,0,0,0,0,"- ","- ",38.01531982421875,-121.8834228515625,"CONTRA COSTA",PITTSBURG,-121.8834228515625,38.01531982421875
91729661,2022,2022-03-23,9320,2022-03-14,1845,022835,,1,2,9,0700,0,1,3,,2,403,"SR-4 E/B","SAN MARCOS BLVD.",2000.00,W,N,A,-,Y,,,,,,,,,,N,2,0,1,1,A,-,01,23152,A,N,F,J,A,A,H,-,B,A,0,,,,,Y,Y,A,01,1,0,0,0,0,0,0,0,0,"- ","- ",38.023231506347656,-121.97422027587891,"CONTRA COSTA",UNINCORPORATED,-121.97425842285156,38.02362060546875
91733842,2022,2022-03-25,9320,2022-01-10,2221,022483,,1,3,9,0700,0,1,1,,2,180,"I-80 WESTBOUND","PINOLE VALLEY ROAD",2296.00,E,N,A,-,Y,CC,,80,,,8.953,H,,L,Y,1,1,1,2,C,-,18,,,N,A,C,A,A,H,-,D,A,0,,,,,Y,,-,"- ",1,0,0,0,0,0,0,0,0,"- ","- ",38.002201080322266,-122.28134155273438,"CONTRA COSTA",UNINCORPORATED,-122.28140258789062,38.002239227294922
91733913,2021,2022-03-25,9320,2021-10-03,0123,022467,,7,3,3,0706,0,1,1,,2,180,"I-80 W/B","SYCAMORE AVE U/C",1096.00,W,N,A,-,Y,,,80,,,,,,W,Y,1,1,1,2,C,-,18,,,N,D,C,A,A,H,-,D,A,0,,,,,Y,Y,-,"- ",0,1,0,0,0,0,0,0,0,"- ","- ",38.007118225097656,-122.27687072753906,"CONTRA COSTA",HERCULES,-122.27687072753906,38.007118225097656
91734663,2022,2022-03-28,9320,2022-03-18,2325,022568,,5,3,3,0792,0,1,3,,2,240,"SR-24 W/B","GATEWAY BLVD",1320.00,E,N,A,-,Y,CC,,24,,,1.476,H,,L,N,2,0,2,3,A,-,08,22107,,N,C,C,A,A,H,-,C,A,0,,,,,Y,,A,01,1,0,1,0,0,0,0,0,0,"- ","- ",37.86968994140625,-122.19367218017578,"CONTRA COSTA",ORINDA,-122.19366455078125,37.869686126708984
91735204,2022,2022-03-28,9390,2022-03-21,0001,022482,,1,3,9,0700,0,2,4,,2,112,"CAMINO TASSAJARA","HIGHLAND RD",3168.00,N,N,A,-,N,,,,,,,,,,Y,2,0,1,1,A,-,08,22107,,N,E,I,A,A,H,-,D,D,0,,,,,Y,,A,01,1,0,0,0,0,0,0,0,0,"- ","- ",37.768451690673828,-121.86486053466797,"CONTRA COSTA",UNINCORPORATED,-121.86319732666016,37.784435272216797
91738718,2022,2022-04-01,9320,2022-03-19,0010,020834,,6,3,5,0701,0,1,3,,2,404,"SR-4 W/B",SR-160,2112.00,W,N,A,-,Y,CC,,4,,R,30.088,H,,L,N,2,0,2,2,A,-,01,23152,A,N,A,C,A,A,H,-,D,A,0,,,,,Y,Y,A,01,1,0,1,0,0,0,0,0,0,"- ","- ",37.991550445556641,-121.76471710205078,"CONTRA COSTA",ANTIOCH,-121.76470947265625,37.991565704345703
91738980,2022,2022-04-01,9320,2022-03-22,0625,019546,,2,1,9,0700,0,3,5,,2,010,"RANCHO ROAD","N. RANCHO ROAD",746.00,W,N,A,-,N,,,,,,,,,,Y,2,0,1,1,A,-,08,22107,,N,E,I,A,A,H,-,D,D,0,,,,,Y,,A,01,1,0,0,0,0,0,0,0,0,"- ","- ",37.985321044921875,-122.29261779785156,"CONTRA COSTA",UNINCORPORATED,-122.29248809814453,37.985408782958984
91742018,2022,2022-04-06,9320,2022-03-26,0645,021847,,6,1,9,0700,0,1,3,,2,405,"BYRON HIGHWAY","MARSH CREEK ROAD",0.00,,Y,A,-,Y,CC,,4,,R,41.958,H,,L,Y,2,0,1,2,A,-,12,21453,A,N,A,C,A,A,H,-,B,A,0,,,,,Y,,A,01,1,0,0,0,0,0,0,0,0,"- ","- ",37.896480560302734,-121.64131164550781,"CONTRA COSTA",UNINCORPORATED,-121.64134216308594,37.896430969238281
91747375,2021,2022-04-13,9320,2021-11-25,0545,018628,,4,3,9,0700,0,2,4,,2,097,"VASCO RD","WALNUT BLVD",8026.00,S,N,B,-,N,,,,,,,,,,Y,1,1,2,2,A,-,05,21460,A,N,A,C,A,A,H,-,D,A,0,,,,,Y,,D,22,1,1,0,0,0,0,0,0,0,"- ","- ",37.883979797363281,-121.68953704833984,"CONTRA COSTA",UNINCORPORATED,-121.69647979736328,37.887500762939453
9174879,2020,2020-12-22,0702,2020-10-11,1337,498P,309B,7,5,3,0702,0,0,0,,0,003,"GRIFFITH LN","DAINTY AV",0.00,,Y,A,-,N,,,,,,,,,,Y,2,0,2,2,A,-,12,21453,A,N,D,C,A,A,H,-,A,A,0,,,,,Y,,A,01,1,0,1,0,0,0,0,0,0,"- ","- ",37.932651519775391,-121.70684814453125,"CONTRA COSTA",BRENTWOOD,-121.70684814453125,37.932651519775391
91749822,2022,2022-04-18,9370,2022-04-08,2135,022611,,5,2,5,0710,0,1,1,,2,082,"I-80 E/B","SOLANO AVE",245.00,E,N,A,-,Y,CC,,80,,,3.460,H,,R,N,2,0,1,2,A,-,01,23152,A,N,C,C,A,A,H,-,D,D,0,,,,,Y,Y,A,01,1,0,0,0,0,0,0,0,0,"- ","- ",37.944179534912109,-122.32393646240234,"CONTRA COSTA",RICHMOND,-122.32387542724609,37.944194793701172