CASE_ID,ACCIDENT_YEAR,PROC_DATE,JURIS,COLLISION_DATE,COLLISION_TIME,OFFICER_ID,REPORTING_DISTRICT,DAY_OF_WEEK,CHP_SHIFT,POPULATION,CNTY_CITY_LOC,SPECIAL_COND,BEAT_TYPE,CHP_BEAT_TYPE,CITY_DIVISION_LAPD,CHP_BEAT_CLASS,BEAT_NUMBER,PRIMARY_RD,SECONDARY_RD,DISTANCE,DIRECTION,INTERSECTION,WEATHER_1,WEATHER_2,STATE_HWY_IND,CALTRANS_COUNTY,CALTRANS_DISTRICT,STATE_ROUTE,ROUTE_SUFFIX,POSTMILE_PREFIX,POSTMILE,LOCATION_TYPE,RAMP_INTERSECTION,SIDE_OF_HWY,TOW_AWAY,COLLISION_SEVERITY,NUMBER_KILLED,NUMBER_INJURED,PARTY_COUNT,PRIMARY_COLL_FACTOR,PCF_CODE_OF_VIOL,PCF_VIOL_CATEGORY,PCF_VIOLATION,PCF_VIOL_SUBSECTION,HIT_AND_RUN,TYPE_OF_COLLISION,MVIW,PED_ACTION,ROAD_SURFACE,ROAD_COND_1,ROAD_COND_2,LIGHTING,CONTROL_DEVICE,CHP_ROAD_TYPE,PEDESTRIAN_ACCIDENT,BICYCLE_ACCIDENT,MOTORCYCLE_ACCIDENT,TRUCK_ACCIDENT,NOT_PRIVATE_PROPERTY,ALCOHOL_INVOLVED,STWD_VEHTYPE_AT_FAULT,CHP_VEHTYPE_AT_FAULT,COUNT_SEVERE_INJ,COUNT_VISIBLE_INJ,COUNT_COMPLAINT_PAIN,COUNT_PED_KILLED,COUNT_PED_INJURED,COUNT_BICYCLIST_KILLED,COUNT_BICYCLIST_INJURED,COUNT_MC_KILLED,COUNT_MC_INJURED,PRIMARY_RAMP,SECONDARY_RAMP,LATITUDE,LONGITUDE,COUNTY,CITY,POINT_X,POINT_Y
91753946,2022,2022-04-21,9370,2022-04-19,0210,021930,,2,3,5,0710,0,1,1,,2,058,"I-580 E/B","WESTERN AVE",735.00,W,N,C,-,Y,CC,,580,,,6.014,H,,R,Y,2,0,1,1,A,-,03,22350,,N,E,I,A,B,H,-,C,D,0,,,,,Y,,A,01,1,0,0,0,0,0,0,0,0,"- ","- ",37.931968688964844,-122.40141296386719,"CONTRA COSTA",RICHMOND,-122.40135192871094,37.932182312011719
91754289,2022,2022-04-22,9320,2022-04-14,1100,022791,,4,1,9,0700,0,2,4,,2,077,"MARSH CREEK ROAD","MORGAN TERRITORY ROAD",2600.00,W,N,B,C,N,,,,,,,,,,Y,2,0,1,1,A,-,03,22350,,N,F,I,A,B,H,-,A,D,0,,,,,Y,,A,01,1,0,0,0,0,0,0,0,0,"- ","- ",37.909629821777344,-121.87876129150391,"CONTRA COSTA",UNINCORPORATED,-121.88002777099609,37.91094970703125
91757561,2022,2022-04-27,9320,2022-04-22,0820,021472,,5,1,5,0712,0,1,1,,2,683,"MAYHEW WAY","LAS JUNTAS WAY",450.00,W,N,B,-,N,,,,,,,,,,N,2,0,1,2,A,-,11,21950,B,N,G,B,C,A,H,-,A,A,0,Y,,,,Y,,N,60,1,0,0,0,1,0,0,0,0,"- ","- ",37.936691284179688,-122.05288696289062,"CONTRA COSTA","WALNUT CREEK",-122.05268096923828,37.936702728271484
9176724,2020,2021-01-05,0711,2020-10-15,2214,1057,BAY,4,5,4,0711,0,0,0,,0,002,"SAN PABLO AV","SAN PABLO DAM RD",339.00,N,N,A,-,N,,,,,,,,,,Y,2,0,1,1,A,-,03,22350,,N,E,I,A,A,H,-,C,D,0,,,Y,,Y,,C,02,1,0,0,0,0,0,0,0,1,"- ","- ",,,"CONTRA COSTA","SAN PABLO",-122.33401489257812,37.954120635986328
91767423,2021,2022-05-09,9320,2021-12-11,0130,022472,,6,3,3,0792,0,1,3,,2,240,"SR-24 E/B","SAINT STEPHENS DRIVE",2158.00,W,N,B,-,Y,,,24,,,,,,E,Y,1,1,0,2,A,-,01,23152,A,N,C,E,A,A,H,-,D,A,0,,,,,Y,Y,A,01,0,0,0,0,0,0,0,0,0,"- ","- ",37.887790679931641,-122.17674255371094,"CONTRA COSTA",ORINDA,-122.17680358886719,37.887847900390625
91777683,2022,2022-05-23,9320,2022-05-14,1515,022568,,6,2,3,0706,0,1,3,,2,400,"SR-4 W/B",I-80,250.00,E,N,A,-,Y,,,,,,,,,,N,2,0,1,1,A,-,03,22350,,N,A,I,A,A,H,-,A,A,0,,,,,Y,,D,22,1,0,0,0,0,0,0,0,0,"- ","- ",38.015110015869141,-122.26815032958984,"CONTRA COSTA",HERCULES,-122.26823425292969,38.014812469482422
91783341,2022,2022-05-27,9320,2022-05-23,1540,022459,,1,2,9,0700,0,3,5,,2,075,"KEVIN DRIVE","LISA ANN STREET",90.00,N,N,A,-,N,,,,,,,,,,N,2,0,1,1,A,-,08,22107,,N,F,I,A,A,H,-,A,A,0,,,Y,,Y,,C,02,1,0,0,0,0,0,0,0,1,"- ","- ",38.029251098632812,-121.95443725585938,"CONTRA COSTA",UNINCORPORATED,-121.95438385009766,38.0291748046875
91792023,2022,2022-06-09,9390,2022-06-05,1210,020395,,7,1,9,0700,0,2,4,,2,113,"HIGHLAND ROAD (8200 BLOCK)","CARNEAL ROAD",1320.00,E,N,B,-,N,,,,,,,,,,Y,2,0,1,1,A,-,03,22350,,N,F,A,A,A,H,-,A,D,0,,,Y,,Y,,C,02,1,0,0,0,0,0,0,0,1,"- ","- ",37.771640777587891,-121.80725860595703,"CONTRA COSTA",UNINCORPORATED,-121.80579376220703,37.771568298339844
91795814,2021,2023-04-04,9320,2021-11-15,0001,022544,,1,3,9,0700,0,1,1,,2,180,"I-80 WESTBOUND","PINOLE VALLEY ROAD",4498.00,E,N,B,-,Y,,,,,,,,,,Y,1,1,3,2,A,-,03,22350,,N,C,C,A,A,H,-,D,A,0,,,,,Y,,A,01,2,1,0,0,0,0,0,0,0,"- ","- ",38.006881713867188,-122.27713775634766,"CONTRA COSTA",UNINCORPORATED,-122.27888488769531,38.004947662353516
91795825,2022,2022-06-15,9320,2022-03-20,0340,022544,,7,3,9,0700,0,3,5,,2,010,"I-80 EASTBOUND","2288 FEET EAST OF CUMMINGS SKYWAY",0.00,,Y,A,-,Y,CC,,80,,,13.259,H,,R,N,1,2,1,3,A,-,01,23152,,N,A,C,A,A,H,-,D,A,0,,,,,Y,Y,A,01,0,0,1,0,0,0,0,0,0,"- ","- ",38.049980163574219,-122.23114776611328,"CONTRA COSTA",UNINCORPORATED,-122.23117828369141,38.050006866455078
91796426,2022,2022-06-16,9320,2022-06-07,1409,022019,,2,2,6,0704,0,1,3,,2,242,"SR-242 S/B","CONCORD AVENUE",75.00,N,N,A,-,Y,CC,,242,,R,1.505,H,,L,N,2,0,1,1,A,-,08,22107,,N,F,A,A,A,H,-,A,D,0,,,Y,,Y,,C,02,1,0,0,0,0,0,0,0,1,"- ","- ",37.979351043701172,-122.04328155517578,"CONTRA COSTA",CONCORD,-122.04328155517578,37.979351043701172
91797397,2022,2022-06-17,9320,2022-06-08,0042,021797,,3,3,5,0712,0,1,1,,2,682,"I-680 NORTHBOUND",SR-24,845.00,E,N,A,-,Y,CC,,24,,,8.873,H,,R,N,2,0,2,1,A,-,08,22107,,N,E,I,A,A,H,-,C,D,0,,,,,Y,,D,22,2,0,0,0,0,0,0,0,0,"- ","- ",37.895771026611328,-122.07505035400391,"CONTRA COSTA","WALNUT CREEK",-122.07505035400391,37.895847320556641
9179799,2020,2020-12-14,0704,2020-10-27,0852,0537,,2,5,6,0704,0,0,0,,0,001,"GRANT ST",FAIRFIELD,84.00,E,N,A,-,N,,,242,,,,,,,N,2,0,1,2,A,-,11,21954,A,N,G,B,D,A,H,-,A,D,0,Y,,,,Y,,N,60,1,0,0,0,1,0,0,0,0,"- ","- ",37.987720489501953,-122.03974914550781,"CONTRA COSTA",CONCORD,-122.04055023193359,37.987899780273438
91802026,2022,2022-06-23,9320,2022-05-30,1520,020649,,1,2,5,0701,0,1,3,,2,404,"SR-4 EASTBOUND","SOMMERSVILLE ROAD",1584.00,E,N,A,-,Y,CC,,4,,,26.335,H,,R,Y,2,0,1,2,A,-,03,22350,,N,C,C,A,A,H,-,E,A,0,,,,,Y,,A,01,1,0,0,0,0,0,0,0,0,"- ","- ",38.002079010009766,-121.83186340332031,"CONTRA COSTA",ANTIOCH,-121.83180999755859,38.002197265625
91810213,2022,2022-07-05,9320,2022-06-25,1600,021847,,6,2,9,0700,0,3,5,,2,030,"MC EWEN ROAD","CARQUINEZ SCENIC DRIVE",2323.00,S,N,A,-,Y,,,,,,,,,,Y,2,0,1,1,A,-,01,23152,A,N,E,I,A,A,H,-,A,A,0,,,,,Y,Y,-,"- ",1,0,0,0,0,0,0,0,0,"- ","- ",38.034988403320312,-122.19441986083984,"CONTRA COSTA",UNINCORPORATED,-122.19434356689453,38.035511016845703
91810985,2022,2022-07-06,9320,2022-06-26,2235,022534,,7,3,9,0700,0,2,4,,2,046,"SUNNE LANE","TREAT BOULEVARD",6.00,N,N,A,-,N,,,,,,,,,,N,2,0,1,2,A,-,12,22450,A,N,D,G,A,A,H,-,C,A,0,,Y,,,Y,,A,01,1,0,0,0,0,0,1,0,0,"- ","- ",37.926719665527344,-122.05587768554688,"CONTRA COSTA",UNINCORPORATED,-122.05584716796875,37.9266357421875
91811395,2022,2022-07-06,9320,2022-06-14,0720,016563,,2,1,3,0715,0,1,3,,2,241,"SR-24 EASTBOUND","EL NIDO RANCH ROAD",822.00,W,N,A,-,Y,CC,,24,,R,4.807,H,,R,Y,2,0,1,1,A,-,08,22107,,N,E,I,A,A,H,-,A,A,0,,,,,Y,,A,07,1,0,0,0,0,0,0,0,0,"- ","- ",37.890769958496094,-122.14707183837891,"CONTRA COSTA",LAFAYETTE,-122.14707183837891,37.890830993652344
91812687,2022,2022-07-08,9320,2022-06-22,1815,022495,,3,2,9,0700,0,3,5,,2,060,"MILTON AVE","CELESTE CT",0.00,,Y,A,-,N,,,,,,,,,,N,2,0,1,2,A,-,08,22107,,N,C,G,A,A,H,-,A,A,0,,Y,,,Y,,L,04,1,0,0,0,0,0,1,0,0,"- ","- ",37.881610870361328,-122.04171752929688,"CONTRA COSTA",UNINCORPORATED,-122.04171752929688,37.881610870361328
91814646,2021,2022-07-11,9370,2021-09-27,0450,022529,,1,3,4,0711,0,1,1,,2,083,"I-80 E/B","EL PORTAL DRIVE",52.00,W,N,B,-,Y,,,80,,,,,,E,Y,1,1,1,2,C,-,18,,,N,D,C,A,A,C,-,D,D,0,,,,,Y,,-,"- ",1,0,0,0,0,0,0,0,0,"- ","- ",37.966110229492188,-122.32261657714844,"CONTRA COSTA","SAN PABLO",-122.32264709472656,37.966140747070312
91815262,2022,2022-07-12,9390,2022-07-08,1219,019612,,5,1,9,0700,0,2,4,,2,113,"HIGHLAND RD.","COLLIER CANYON ROAD",0.00,,Y,A,-,N,,,,,,,,,,N,2,0,1,2,A,-,09,21802,A,N,D,G,A,A,H,-,A,D,0,,Y,,,Y,,D,22,1,0,0,0,0,0,1,0,0,"- ","- ",37.775821685791016,-121.82877349853516,"CONTRA COSTA",UNINCORPORATED,-121.82869720458984,37.775554656982422
91817462,2022,2022-07-14,9320,2022-07-07,2015,020440,,4,2,9,0700,0,2,4,,2,083,"SANDMOUND BLVD","E. CYPRESS RD",0.00,,Y,A,-,N,,,,,,,,,,N,2,0,1,1,A,-,08,22107,,N,F,A,A,A,H,-,D,D,0,,,Y,,Y,,C,02,1,0,0,0,0,0,0,0,1,"- ","- ",37.990550994873047,-121.62470245361328,"CONTRA COSTA",UNINCORPORATED,-121.62464141845703,37.990520477294922
91818869,2022,2022-07-18,9320,2022-07-07,1850,021792,,4,2,9,0700,0,2,4,,2,011,"ALLVIEW AVE (900 BLOCK)","JUANITA DR",151.00,W,N,A,-,N,,,,,,,,,,Y,2,0,1,2,A,-,21,22106,,N,D,C,A,A,H,-,A,D,0,,,Y,,Y,,A,01,1,0,0,0,0,0,0,0,1,"- ","- ",37.985721588134766,-118.30113983154297,"CONTRA COSTA",UNINCORPORATED,-122.30111694335938,37.985687255859375
91819319,2022,2022-07-18,9320,2022-07-07,0558,022908,,4,3,3,0707,0,1,1,,2,180,"I-80 E/B TO PINOLE VAL;LEY ROAD","PINOLE VALLEY ROAD",852.00,W,N,B,-,Y,CC,,80,,,8.359,H,,R,Y,2,0,1,1,A,-,08,22107,,N,E,I,A,A,H,-,A,A,0,,,,,Y,,A,07,1,0,0,0,0,0,0,0,0,"- ","- ",37.995548248291016,-122.28819274902344,"CONTRA COSTA",PINOLE,-122.28830718994141,37.995719909667969
91824224,2022,2022-07-25,9320,2022-07-17,1251,022928,,7,1,9,0700,0,3,5,,2,039,"PARKER AVENUE","FOURTH STREET",80.00,S,N,A,-,N,,,,,,,,,,N,2,0,2,3,A,-,08,22107,,N,G,B,E,A,H,-,A,D,0,Y,,,,Y,,D,22,1,0,1,0,1,0,0,0,0,"- ","- ",38.033199310302734,-122.26722717285156,"CONTRA COSTA",UNINCORPORATED,-122.26705932617188,38.032691955566406
91826566,2022,2023-03-06,9320,2022-07-19,0800,018628,,2,1,9,0700,0,2,4,,2,095,"SR-4 (MARSH CREEK RD)","WALNUT BLVD",635.00,E,N,A,-,Y,CC,,4,,M,39.072,H,,R,N,2,0,1,2,A,-,06,21755,A,N,G,B,E,A,H,-,A,A,0,Y,,,,Y,,E,22,1,0,0,0,1,0,0,0,0,"- ","- ",37.896461486816406,-121.69423675537109,"CONTRA COSTA",UNINCORPORATED,-121.69423675537109,37.896343231201172
91832110,2022,2022-08-03,9370,2022-06-12,1643,022838,,7,2,5,0710,0,1,1,,2,058,"I-580 E/B FROM REGATTA BOULEVARD","FROM REGATTA BOULEVARD",190.00,W,N,A,-,Y,CC,,580,,R,2.933,H,,L,N,2,0,1,1,A,-,08,22107,,N,F,A,A,A,H,-,A,D,0,,,,Y,Y,,G,25,1,0,0,0,0,0,0,0,0,"- ","- ",37.92156982421875,-122.34838104248047,"CONTRA COSTA",RICHMOND,-122.348388671875,37.921741485595703
91832546,2022,2022-08-03,9370,2022-06-26,0250,022648,,7,3,5,0710,0,1,1,,2,082,"I-80 E/B","POTRERO AVENUE",1300.00,W,N,A,-,Y,CC,,80,,,1.453,H,,R,N,2,0,2,3,A,-,07,21658,A,N,C,C,A,A,H,-,D,D,0,,,,,Y,,A,01,1,1,0,0,0,0,0,0,0,"- ","- ",37.917240142822266,-122.31742095947266,"CONTRA COSTA",RICHMOND,-122.31739044189453,37.917240142822266
91833358,2022,2022-08-04,9320,2022-07-24,2110,021792,,7,2,4,0790,0,1,1,,2,681,"NB I-680","EL PINTADO",1100.00,S,N,A,-,Y,CC,,680,,R,8.547,H,,R,Y,2,0,1,2,A,-,03,22350,,N,B,C,A,A,H,-,D,D,0,,,,,Y,,A,01,1,0,0,0,0,0,0,0,0,"- ","- ",37.833000183105469,-122.00588989257812,"CONTRA COSTA",DANVILLE,-122.00586700439453,37.833023071289062
91844153,2022,2022-09-27,9320,2022-08-06,1635,022784,,6,2,4,0709,0,1,1,,2,683,"I-680 NB","MONUMENT BOULEVARD",3960.00,N,N,A,-,Y,CC,,680,,R,18.504,H,,R,Y,2,0,1,2,A,-,07,21658,A,N,C,C,A,A,H,-,A,D,0,,,,,Y,,A,01,1,0,0,0,0,0,0,0,0,"- ","- ",37.956020355224609,-122.05306243896484,"CONTRA COSTA","PLEASANT HILL",-122.05317687988281,37.9560546875
91844154,2022,2022-08-19,9320,2022-08-05,0125,022887,,5,3,9,0700,0,2,4,,2,077,"CANAL RD","LOFTUS RD",0.00,,Y,A,-,N,,,,,,,,,,N,2,0,1,2,A,-,06,21751,,N,D,C,A,A,H,-,C,A,0,,,,,Y,Y,A,01,1,0,0,0,0,0,0,0,0,"- ","- ",38.019500732421875,-121.92826080322266,"CONTRA COSTA",UNINCORPORATED,-121.92825317382812,38.019500732421875
9184443,2020,2021-01-06,0714,2020-06-20,1756,159,041,6,5,4,0714,0,0,0,,0,001,"WARREN ST","WARREN ST 310",0.00,,Y,A,-,N,,,,,,,,,,Y,2,0,1,2,A,-,01,23152,,N,C,E,A,A,H,-,A,D,0,,,,,Y,Y,-,"- ",1,0,0,0,0,0,0,0,0,"- ","- ",38.010551452636719,-122.13442993164062,"CONTRA COSTA",MARTINEZ,,
91848485,2022,2022-08-25,9320,2022-08-18,0925,018371,,4,1,9,0700,0,3,5,,2,010,"MAY ROAD","RENEE CT",10.00,E,N,A,-,N,,,,,,,,,,N,2,0,1,2,A,-,08,22107,,N,B,E,A,A,H,-,A,A,0,,Y,,,Y,,L,04,1,0,0,0,0,0,1,0,0,"- ","- ",37.967948913574219,-122.29572296142578,"CONTRA COSTA",UNINCORPORATED,-122.29569244384766,37.967864990234375
91861652,2022,2022-09-12,9370,2022-07-26,0639,022972,,2,1,5,0710,0,1,1,,2,083,"I-80 E/B","SAN PABLO DAM RD O/C",940.00,E,N,A,-,Y,CC,,80,,,4.524,H,,R,N,2,0,1,2,A,-,03,22350,,M,C,C,A,A,H,-,A,D,0,,,Y,,Y,,C,02,1,0,0,0,0,0,0,0,1,"- ","- ",37.958690643310547,-122.33058929443359,"CONTRA COSTA",RICHMOND,-122.33061218261719,37.958690643310547
91863189,2022,2022-09-13,9320,2022-08-29,0111,021519,,1,3,5,0708,0,1,3,,2,404,"SR-4 W/B TO CALIFORNIA AVE","LOVERIDGE ROAD O/C",575.00,W,N,A,-,Y,,,,,,,,,,Y,2,0,4,1,A,-,03,22350,,N,E,8,A,A,H,-,C,A,0,,,,,Y,,A,07,4,0,0,0,0,0,0,0,0,"- ","- ",38.012851715087891,-121.86860656738281,"CONTRA COSTA",PITTSBURG,-121.86860656738281,38.012851715087891
91864065,2022,2022-09-14,9320,2022-09-06,1115,022534,,2,1,9,0700,0,2,4,,2,012,"SAN PABLO DAM ROAD","OLD SAN PABLO DAM ROAD",4330.00,S,N,A,-,N,,,,,,,,,,N,2,0,1,2,A,-,08,22107,,N,B,G,A,A,H,-,A,A,0,,Y,,,Y,Y,A,07,1,0,0,0,0,0,1,0,0,"- ","- ",37.924510955810547,-122.24938201904297,"CONTRA COSTA",UNINCORPORATED,-122.24936676025391,37.924640655517578
91866329,2022,2022-09-16,9320,2022-08-26,2100,022784,,5,2,9,0700,0,1,1,,2,180,"I-80 E/B","CUMMINGS SKYWAY",1320.00,W,N,A,-,Y,CC,,80,,,12.500,H,,R,N,2,0,1,2,A,-,07,21658,A,F,B,2,A,A,H,-,C,D,0,,,Y,,Y,,-,99,1,0,0,0,0,0,0,0,1,"- ","- ",38.042720794677734,-122.24156188964844,"CONTRA COSTA",UNINCORPORATED,-122.24156188964844,38.042720794677734
91870242,2022,2022-09-21,9320,2022-09-09,1635,021281,,5,2,3,0715,0,1,3,,2,240,"SR-24 W/B TO EL NIDO RANCH ROAD","ACALANES ROAD",300.00,W,N,A,-,Y,,,,,,,,,,Y,2,0,1,1,A,-,08,22107,,N,F,A,A,A,H,-,A,A,0,,,,,Y,,A,07,1,0,0,0,0,0,0,0,0,"- ","- ",37.533428192138672,-122.92195892333984,"CONTRA COSTA",LAFAYETTE,-122.15554046630859,37.892406463623047
91870741,2022,2022-09-22,9320,2022-06-15,1736,020440,,3,2,9,0700,0,2,4,,2,094,"COUNTY ROUTE J4 (BYRON HIGHWAY)","CAMINO DIABLO",3926.00,S,N,A,-,N,,,,,,,,,,Y,1,1,6,2,A,-,01,23152,A,F,A,C,A,A,H,-,A,D,0,,,,,Y,Y,A,01,0,4,2,0,0,0,0,0,0,"- ","- ",37.8585205078125,-121.63037872314453,"CONTRA COSTA",UNINCORPORATED,-121.63052368164062,37.858695983886719
91875450,2022,2022-09-28,9320,2022-09-21,0125,022908,,3,3,9,0700,0,1,3,,2,400,"SR-4 WB","CUMMINGS SKYWAY",6336.00,W,N,A,-,Y,CC,,4,,R,3.454,H,,L,Y,2,0,1,1,A,-,01,23152,A,N,E,I,A,A,H,-,C,A,0,,,,,Y,Y,A,01,1,0,0,0,0,0,0,0,0,"- ","- ",38.008281707763672,-122.21219635009766,"CONTRA COSTA",UNINCORPORATED,-122.21219635009766,38.008243560791016
91885095,2022,2022-10-07,9320,2022-09-27,2250,022908,,2,3,3,0707,0,1,1,,2,180,"I-80 EB","PINOLE VALLEY RD",960.00,E,N,A,-,Y,CC,,80,,,8.711,H,,R,Y,2,0,2,2,A,-,03,22350,,N,C,C,A,A,H,-,D,A,0,,,,,Y,,A,01,2,0,0,0,0,0,0,0,0,"- ","- ",37.999248504638672,-122.28394317626953,"CONTRA COSTA",PINOLE,-122.283935546875,37.999248504638672
91885694,2022,2022-10-10,9320,2022-08-13,0151,022896,,6,3,9,0700,0,2,4,,1,042,"PACHECO BLVD","GIANNINI RD",849.00,S,N,A,-,N,,,,,,,,,,N,2,0,1,2,A,-,03,22350,,F,G,B,D,A,H,-,C,A,0,Y,,,,Y,,-,99,1,0,0,0,1,0,0,0,0,"- ","- ",38.007099151611328,-122.09239959716797,"CONTRA COSTA",UNINCORPORATED,-122.09244537353516,38.007106781005859
91886530,2022,2022-10-10,9320,2022-07-10,1741,022459,,7,2,3,0792,0,1,3,,2,240,"STATE ROUTE 24 WESTBOUND FROM CAMINO PABLO","CAMINO PABLO",1217.00,W,N,A,-,Y,,,,,,,,,,Y,1,1,0,2,A,-,03,22350,,N,C,2,A,A,H,-,A,A,0,,,Y,,Y,,C,02,0,0,0,0,0,0,0,1,0,"- ","- ",37.976829528808594,-122.18731689453125,"CONTRA COSTA",ORINDA,-122.18726348876953,37.876583099365234
91887651,2022,2022-10-11,9320,2022-09-23,0350,022908,,5,3,3,0715,0,1,3,,2,241,"SR-24 EB","PLEASANT HILL RD",1531.00,W,N,A,-,Y,CC,,24,,R,7.374,H,,R,Y,2,0,1,2,A,-,03,22350,,N,B,D,A,A,H,-,D,A,0,,,,,Y,,A,01,1,0,0,0,0,0,0,0,0,"- ","- ",37.897048950195312,-122.10141754150391,"CONTRA COSTA",LAFAYETTE,-122.10140228271484,37.896995544433594
91893900,2022,2022-10-19,9320,2022-04-07,0547,017530,,4,3,9,0700,0,1,3,,1,406,"SR-4 E/B","BALFOUR ROAD",4040.00,E,N,A,-,Y,CC,,4,,R,36.361,H,,R,Y,1,1,1,3,A,-,05,21460,A,N,A,C,A,A,H,-,D,A,0,,,,Y,Y,Y,A,01,0,0,1,0,0,0,0,0,0,"- ","- ",37.914299011230469,-121.73195648193359,"CONTRA COSTA",UNINCORPORATED,-121.73203277587891,37.914291381835938
91894273,2022,2022-10-19,9320,2022-07-30,0147,022540,,6,3,9,0700,0,1,3,,2,400,"STATE ROUTE 4 EASTBOUND","CHRISTIE ROAD",0.00,,Y,B,-,Y,CC,,4,,R,3.369,H,,R,Y,1,1,0,1,A,-,01,23152,A,N,F,0,A,A,H,-,C,A,0,,,Y,,Y,Y,C,02,0,0,0,0,0,0,0,1,0,"- ","- ",38.007648468017578,-122.21066284179688,"CONTRA COSTA",UNINCORPORATED,-122.21067047119141,38.007709503173828
91895210,2022,2022-10-20,9390,2022-10-16,0900,018351,,7,1,9,0700,0,3,5,,2,100,"CAMINO TASSAJARA WESTBOUND","KNOLLVIEW ROAD",108.00,N,N,B,-,N,,,,,,,,,,N,2,0,1,1,A,-,03,22350,,N,E,A,A,A,H,-,A,D,0,,Y,,,Y,,L,04,1,0,0,0,0,0,1,0,0,"- ","- ",37.799190521240234,-121.88890838623047,"CONTRA COSTA",UNINCORPORATED,-121.88880157470703,37.799125671386719
91898404,2022,2022-10-25,9320,2022-10-15,1445,022928,,6,2,5,0701,0,1,3,,2,403,"SR-4 EB","SAN MARCO BOULEVARD",1690.00,E,N,A,-,Y,CC,,4,,R,18.449,H,,R,Y,2,0,1,2,A,-,08,22107,,N,B,A,A,A,H,-,A,A,0,,,,,Y,,A,01,1,0,0,0,0,0,0,0,0,"- ","- ",38.023738861083984,-121.9716796875,"CONTRA COSTA",ANTIOCH,-121.9716796875,38.02374267578125
91906046,2022,2022-10-31,9320,2022-10-19,2243,023047,,3,3,4,0709,0,1,1,,2,682,"I-680 N/B","TREAT BOULEVARD",1500.00,N,N,A,-,Y,CC,,680,,,16.680,H,,R,Y,2,0,3,2,A,-,03,22350,,N,C,C,A,A,H,-,C,D,0,,,,,Y,,A,01,1,0,2,0,0,0,0,0,0,"- ","- ",37.930500030517578,-122.06024169921875,"CONTRA COSTA","PLEASANT HILL",-122.06014251708984,37.930496215820312
91906135,2022,2022-11-01,9320,2022-10-10,2139,022495,,1,2,6,0704,0,1,3,,2,402,"SR-4 E/B","WILLOW PASS ROAD",2640.00,W,N,A,-,Y,CC,,4,,R,16.330,H,,R,Y,2,0,2,2,A,-,03,22350,,N,C,C,A,A,H,-,C,A,0,,,Y,,Y,,C,02,1,0,1,0,0,0,0,0,1,"- ","- ",38.012020111083984,-122.00650024414062,"CONTRA COSTA",CONCORD,-122.00650787353516,38.012046813964844
91911080,2022,2022-11-07,9320,2022-10-25,1430,023057,,2,2,9,0700,0,2,4,,2,097,"VASCO ROAD","MARSH CREEK ROAD",1932.00,S,N,A,-,N,,,,,,,,,,Y,2,0,2,2,A,-,06,21750,,N,A,C,A,A,H,-,A,D,0,,,,,Y,,A,01,1,0,1,0,0,0,0,0,0,"- ","- ",37.891971588134766,-121.70757293701172,"CONTRA COSTA",UNINCORPORATED,-121.70777893066406,37.892253875732422
91911089,2022,2022-11-07,9320,2022-09-30,0015,022540,,5,3,3,0715,0,1,3,,2,241,"SR-24 WESTBOUND","EL CURTOLA BOULEVARD",1320.00,W,N,A,-,Y,CC,,24,,R,8.218,H,,L,Y,2,0,1,1,A,-,01,23152,A,N,E,8,A,A,H,-,C,A,0,,,,,Y,Y,A,01,1,0,0,0,0,0,0,0,0,"- ","- ",37.898330688476562,-122.08619689941406,"CONTRA COSTA",LAFAYETTE,-122.08619689941406,37.898200988769531
91913928,2022,2022-11-09,9320,2022-10-01,0506,022828,,6,3,6,0704,0,1,1,,2,683,"INTERSTATE 680 NORTHBOUND","WILLOW PASS ROAD",2720.00,S,N,A,-,Y,CC,,680,,R,18.718,H,,R,Y,2,0,1,1,A,-,01,23152,A,N,E,A,A,A,H,-,C,A,0,,,,,Y,Y,A,07,1,0,0,0,0,0,0,0,0,"- ","- ",37.959091186523438,-122.05255126953125,"CONTRA COSTA",CONCORD,-122.05248260498047,37.959095001220703