CASE_ID,ACCIDENT_YEAR,PROC_DATE,JURIS,COLLISION_DATE,COLLISION_TIME,OFFICER_ID,REPORTING_DISTRICT,DAY_OF_WEEK,CHP_SHIFT,POPULATION,CNTY_CITY_LOC,SPECIAL_COND,BEAT_TYPE,CHP_BEAT_TYPE,CITY_DIVISION_LAPD,CHP_BEAT_CLASS,BEAT_NUMBER,PRIMARY_RD,SECONDARY_RD,DISTANCE,DIRECTION,INTERSECTION,WEATHER_1,WEATHER_2,STATE_HWY_IND,CALTRANS_COUNTY,CALTRANS_DISTRICT,STATE_ROUTE,ROUTE_SUFFIX,POSTMILE_PREFIX,POSTMILE,LOCATION_TYPE,RAMP_INTERSECTION,SIDE_OF_HWY,TOW_AWAY,COLLISION_SEVERITY,NUMBER_KILLED,NUMBER_INJURED,PARTY_COUNT,PRIMARY_COLL_FACTOR,PCF_CODE_OF_VIOL,PCF_VIOL_CATEGORY,PCF_VIOLATION,PCF_VIOL_SUBSECTION,HIT_AND_RUN,TYPE_OF_COLLISION,MVIW,PED_ACTION,ROAD_SURFACE,ROAD_COND_1,ROAD_COND_2,LIGHTING,CONTROL_DEVICE,CHP_ROAD_TYPE,PEDESTRIAN_ACCIDENT,BICYCLE_ACCIDENT,MOTORCYCLE_ACCIDENT,TRUCK_ACCIDENT,NOT_PRIVATE_PROPERTY,ALCOHOL_INVOLVED,STWD_VEHTYPE_AT_FAULT,CHP_VEHTYPE_AT_FAULT,COUNT_SEVERE_INJ,COUNT_VISIBLE_INJ,COUNT_COMPLAINT_PAIN,COUNT_PED_KILLED,COUNT_PED_INJURED,COUNT_BICYCLIST_KILLED,COUNT_BICYCLIST_INJURED,COUNT_MC_KILLED,COUNT_MC_INJURED,PRIMARY_RAMP,SECONDARY_RAMP,LATITUDE,LONGITUDE,COUNTY,CITY,POINT_X,POINT_Y
91914744,2022,2022-11-10,9320,2022-10-16,0420,022495,,7,3,9,0700,0,1,3,,2,403,"SR-4 EB","WILLOW PASS RD",480.00,E,N,A,-,Y,CC,,4,,R,16.951,H,,R,Y,2,0,2,1,A,-,01,23152,A,N,E,I,A,A,H,-,C,A,0,,,,,Y,Y,A,01,1,1,0,0,0,0,0,0,0,"- ","- ",38.014190673828125,-121.99574279785156,"CONTRA COSTA",UNINCORPORATED,-121.99571990966797,38.014152526855469
91922829,2022,2022-11-21,9370,2022-10-15,0220,022611,,6,3,4,0711,0,1,1,,2,082,"I-80 E/B","SAN PABLO DAM ROAD",265.00,W,N,A,-,Y,CC,,80,,,4.284,H,,R,N,2,0,2,3,A,-,01,23152,A,N,C,C,A,A,H,-,D,D,0,,,,,Y,Y,A,01,2,0,0,0,0,0,0,0,0,"- ","- ",37.955310821533203,-122.32939147949219,"CONTRA COSTA","SAN PABLO",-122.32940673828125,37.955303192138672
91922833,2022,2022-11-21,9320,2022-10-19,2345,022767,,3,3,9,0700,0,2,4,,2,046,"BUSKIRK AVE","TREAT BLVD",32.00,N,N,A,-,N,,,,,,,,,,N,2,0,1,1,D,-,00,,,N,F,A,A,A,H,-,C,A,0,,Y,,,Y,,-,"- ",1,0,0,0,0,0,1,0,0,"- ","- ",37.926700592041016,-122.05998992919922,"CONTRA COSTA",UNINCORPORATED,-122.06002044677734,37.926548004150391
9192663,2020,2021-01-22,0701,2020-08-05,0755,5319,601,3,5,5,0701,0,0,0,,0,006,"HILLCREST AV","WILDFLOWER DR",0.00,,Y,A,-,N,,,,,,,,,,Y,2,0,1,2,A,-,12,21453,A,N,D,C,A,A,H,-,A,A,0,,,,,Y,,A,01,1,0,0,0,0,0,0,0,0,"- ","- ",,,"CONTRA COSTA",ANTIOCH,-121.78195953369141,37.988349914550781
91927166,2022,2022-11-28,9370,2022-11-16,1820,022983,,3,2,3,0707,0,1,1,,2,083,"I-80 W/B","APPIAN WAY",291.00,W,N,A,-,Y,CC,,80,,,7.556,H,,L,Y,2,0,2,1,A,-,01,23152,A,N,E,I,A,A,H,-,C,D,0,,,,,Y,Y,A,01,1,1,0,0,0,0,0,0,0,"- ","- ",37.993278503417969,-122.30278778076172,"CONTRA COSTA",PINOLE,-122.30280303955078,37.993350982666016
91927398,2022,2022-11-28,9320,2022-11-03,0110,023028,,4,3,6,0704,0,1,3,,2,402,"SR-4 EB","SR-242 SB",75.00,E,N,A,-,Y,CC,,4,,R,14.673,H,,R,Y,2,0,3,2,A,-,01,23152,A,N,C,C,A,A,H,-,D,A,0,,,,Y,Y,Y,A,01,1,2,0,0,0,0,0,0,0,"- ","- ",38.005790710449219,-122.03614807128906,"CONTRA COSTA",CONCORD,-122.03618621826172,38.005832672119141
91929601,2022,2022-11-29,9370,2022-10-24,0800,022430,,1,1,5,0710,0,1,1,,2,058,"INTERSTATE 580 WESTBOUND","MARINA BAY PARKWAY",1130.00,W,N,A,-,Y,CC,,580,,R,3.111,H,,L,Y,2,0,4,6,A,-,03,22350,,N,C,C,A,A,H,-,A,A,0,,,,,Y,,A,07,1,1,2,0,0,0,0,0,0,"- ","- ",37.921821594238281,-122.35163879394531,"CONTRA COSTA",RICHMOND,-122.35163879394531,37.921672821044922
91931254,2022,2022-12-01,9320,2022-11-17,0800,017530,,4,1,6,0704,0,1,3,,2,242,"SR-242 S/B","SR4 EB",353.00,N,N,B,-,Y,CC,,4,,R,14.687,H,,L,Y,2,0,1,1,A,-,08,22107,,N,E,8,A,A,H,-,A,D,0,,,,,Y,,A,07,1,0,0,0,0,0,0,0,0,"- ","- ",38.006450653076172,-122.03584289550781,"CONTRA COSTA",CONCORD,-122.03574371337891,38.006340026855469
9194736,2020,2021-01-21,0701,2020-11-07,1812,5851,610,6,5,5,0701,0,0,0,,0,006,"LONE TREE WY","HILLCREST AV",54.00,W,N,A,-,N,,,,,,,,,,Y,2,0,1,2,A,-,11,21954,A,N,G,B,D,A,H,-,C,A,0,Y,,,,Y,,N,60,1,0,0,0,1,0,0,0,0,"- ","- ",,,"CONTRA COSTA",ANTIOCH,-121.76023864746094,37.961761474609375
91947878,2022,2022-12-21,9320,2022-12-09,0647,022903,,5,1,9,0700,0,1,1,,2,683,"ARTHUR RD","KAREN LN",78.00,N,N,A,-,N,,,,,,,,,,N,2,0,1,2,A,-,09,21801,A,N,D,G,A,A,H,-,B,D,0,,Y,,,Y,,A,01,1,0,0,0,0,0,1,0,0,"- ","- ",38.008098602294922,-122.09043884277344,"CONTRA COSTA",UNINCORPORATED,-122.09040069580078,38.008052825927734
91949365,2022,2022-12-22,9320,2022-12-10,2230,022896,,6,3,5,0701,0,1,3,,2,404,SR-4,"HILLCREST AVE",1500.00,E,N,C,-,Y,CC,,4,,R,28.481,H,,R,N,2,0,2,2,A,-,01,23153,A,F,A,2,A,B,H,-,B,A,0,,,,,Y,Y,A,01,1,0,1,0,0,0,0,0,0,"- ","- ",37.997699737548828,-121.79358673095703,"CONTRA COSTA",ANTIOCH,-121.79364013671875,37.997505187988281
91949442,2022,2022-12-22,9320,2022-12-12,2320,021293,,1,3,5,0708,0,1,3,,2,404,"SR4 EASTBOUND","THE EAST ROAD EDGE OF SOMERSVILLE ROAD",845.00,E,N,B,-,Y,,,,,,,,,,Y,2,0,1,1,A,-,03,22350,,N,E,I,A,B,H,-,D,A,0,,,,,Y,,A,01,1,0,0,0,0,0,0,0,0,"- ","- ",38.002658843994141,-121.8350830078125,"CONTRA COSTA",PITTSBURG,-121.8349609375,38.003074645996094
9196255,2020,2021-02-04,0706,2020-11-05,1650,200,0706,4,5,3,0706,0,0,0,,0,001,"SYCAMORE AV","WILLOW AV",0.00,,Y,A,-,N,,,,,,,,,,N,2,0,1,1,A,-,03,22350,,N,H,A,A,A,H,-,B,A,0,,,Y,,Y,,C,03,1,0,0,0,0,0,0,0,1,"- ","- ",,,"CONTRA COSTA",HERCULES,-122.27274322509766,38.012260437011719
91969411,2022,2023-01-17,9320,2022-12-16,1500,023028,,5,2,9,0700,0,3,5,,2,010,"VALLEY VIEW RD","OLINDA RD",0.00,,Y,A,-,N,,,,,,,,,,N,2,0,1,2,A,-,03,22350,,F,C,G,A,A,H,-,A,A,0,,Y,,,Y,,A,07,1,0,0,0,0,0,1,0,0,"- ","- ",37.960781097412109,-122.28211975097656,"CONTRA COSTA",UNINCORPORATED,-122.28224182128906,37.960651397705078
91974646,2023,2023-01-23,9320,2023-01-14,2330,022908,,6,3,3,0792,0,1,3,,2,240,SR-24,"WILDER RD",2214.00,W,N,C,-,Y,CC,,24," "," ",1.516,H,,R,Y,2,0,1,1,A,-,08,22107,,N,F,I,A,B,H,-,C,A,0,,,,,Y,,A,07,1,0,0,0,0,0,0,0,0,"- ","- ",37.869861602783203,-122.19286346435547,"CONTRA COSTA",ORINDA,-122.19295501708984,37.869941711425781
91985082,2022,2023-02-02,9320,2022-07-20,1800,019914,,3,2,3,0792,0,1,3,,2,240,"EB SR-24","CAMINO PABLO ROAD U/C",250.00,W,N,A,-,Y,,,,,,,,,,Y,1,1,0,1,A,-,08,22107,,N,E,I,A,A,H,-,A,D,0,,,,,Y,,A,07,0,0,0,0,0,0,0,0,0,"- ","- ",37.87799072265625,-122.18319702148438,"CONTRA COSTA",ORINDA,-122.18353271484375,37.878242492675781
91986376,2023,2023-02-03,9365,2023-01-27,2340,020217,,5,3,6,0704,0,1,S,,2,904,"I-680 N/B","BURNETT AVE.",500.00,S,N,A,-,Y,CC,,680," "," ",19.660,H,,R,Y,2,0,1,1,A,-,01,23152,A,N,E,8,A,A,H,-,C,D,0,,,,,Y,Y,A,01,1,0,0,0,0,0,0,0,0,"- ","- ",37.973640441894531,-122.06195831298828,"CONTRA COSTA",CONCORD,-122.0621337890625,37.973552703857422
91993253,2023,2023-02-13,9320,2023-01-26,1540,023061,,4,2,4,0709,0,1,1,,2,683,"I-680 NB","CENTER AVE",739.00,S,N,A,-,Y,CC,,680," "," ",20.245,H,,R,Y,2,0,1,2,A,-,03,22350,,N,C,2,A,A,H,-,A,D,0,,,,,Y,,D,22,1,0,0,0,0,0,0,0,0,"- ","- ",37.981449127197266,-122.06559753417969,"CONTRA COSTA","PLEASANT HILL",-122.065673828125,37.981441497802734
91998308,2023,2023-02-20,9320,2023-02-08,2248,021797,,3,3,9,0700,0,2,4,,2,094,"BYRON HIGHWAY","CLIFTON COURT",1116.00,N,N,A,-,N,,,,,,,,,,Y,2,0,1,1,A,-,01,23152,A,N,F,A,A,A,H,-,D,A,0,,,,,Y,Y,A,07,1,0,0,0,0,0,0,0,0,"- ","- ",37.840938568115234,-121.61454772949219,"CONTRA COSTA",UNINCORPORATED,-121.61449432373047,37.840847015380859
92011249,2023,2023-03-07,9320,2023-02-19,2100,022896,,7,2,9,0700,0,2,4,,2,086,"BYRON HWY",SR4,50.00,S,N,B,-,N,,,,,,,,,,N,2,0,1,1,A,-,08,22107,,N,F,A,A,A,H,-,C,A,0,,,Y,,Y,,C,03,1,0,0,0,0,0,0,0,1,"- ","- ",37.889720916748047,-121.64144897460938,"CONTRA COSTA",UNINCORPORATED,-121.64084625244141,37.890224456787109
92011361,2023,2023-03-07,9390,2023-02-24,1820,023163,,5,2,4,0790,0,1,1,,2,069,I-680,SYCAMORE,3960.00,S,N,B,-,Y,CC,,680," ",R,5.979,H,,R,Y,2,0,2,4,A,-,01,23152,A,N,C,C,A,A,H,-,B,D,0,,,,,Y,Y,A,01,1,0,1,0,0,0,0,0,0,"- ","- ",37.800930023193359,-121.98850250244141,"CONTRA COSTA",DANVILLE,-121.98827362060547,37.800994873046875
92018525,2023,2023-03-15,9320,2023-03-08,2145,022534,,3,2,4,0709,0,1,1,,2,683,"I-680 SOUTHBOUND TO CONCORD AVENUE","CONCORD AVENUE",685.00,N,N,B,-,Y,CC,,680," "," ",20.072,H,,L,Y,2,0,3,3,A,-,08,22107,,N,C,C,A,A,H,-,C,A,0,,,,,Y,,A,01,1,0,2,0,0,0,0,0,0,"- ","- ",37.978870391845703,-122.06545257568359,"CONTRA COSTA","PLEASANT HILL",-122.06534576416016,37.978889465332031
92032740,2023,2023-03-30,9320,2023-03-22,1520,019914,,3,2,9,0700,0,1,1,,2,681,"I-680 NB","EL PINTADO UC",3000.00,N,N,B,-,Y,CC,,680," ",R,9.113,H,,R,Y,2,0,3,3,A,-,03,22350,,N,C,C,A,A,H,-,A,A,0,,,,,Y,,A,07,2,0,1,0,0,0,0,0,0,"- ","- ",37.837989807128906,-122.01407623291016,"CONTRA COSTA",UNINCORPORATED,-122.01408386230469,37.837982177734375
9203918,2020,2021-01-12,0701,2020-11-28,1613,5719,502,6,5,5,0701,0,0,0,,0,005,"GARROW DR","DAVISON DR",0.00,,Y,A,-,N,,,,,,,,,,N,2,0,1,2,A,-,12,22450,A,N,D,C,A,A,H,-,A,D,0,,,Y,,Y,,C,03,1,0,0,0,0,0,0,0,1,"- ","- ",,,"CONTRA COSTA",ANTIOCH,-121.79884338378906,37.985958099365234
92040195,2023,2023-04-10,9320,2023-03-19,2010,022784,,7,2,3,0792,0,1,3,,2,240,"SR-24 WB","WILDER RD",110.00,E,N,B,C,Y,CC,,24," "," ",1.211,H,,L,Y,2,0,1,1,A,-,03,22350,,N,E,I,A,B,H,-,C,A,0,,,,,Y,,A,07,1,0,0,0,0,0,0,0,0,"- ","- ",37.867610931396484,-122.19786071777344,"CONTRA COSTA",ORINDA,-122.19783782958984,37.867515563964844
92048533,2023,2023-04-19,9320,2023-02-27,"419 ",019759,,1,3,9,0700,0,2,4,,2,096,"VASCO ROAD","CAMINO DIABLO",14203.00,S,N,B,-,N,,,,,,,,,,Y,1,1,0,2,A,-,01,23152,A,N,A,C,A,A,H,-,D,A,0,,,,Y,Y,Y,A,01,0,0,0,0,0,0,0,0,0,"- ","- ",37.835731506347656,-121.65164184570312,"CONTRA COSTA",UNINCORPORATED,-121.66764068603516,37.865211486816406
92052582,2023,2023-04-25,9370,2023-04-13,1409,022964,,4,2,5,0710,0,1,1,,2,082,"I-80 E/B","BARRETT AVENUE",135.00,W,N,A,-,Y,CC,,80," "," ",2.872,H,,R,N,2,0,2,2,A,-,03,22350,,N,C,C,A,A,H,-,A,D,0,,,,Y,Y,,A,01,1,0,1,0,0,0,0,0,0,"- ","- ",37.936000823974609,-122.32663726806641,"CONTRA COSTA",RICHMOND,-122.32665252685547,37.936004638671875
92056577,2023,2023-04-28,9320,2023-04-02,2056,022784,,7,2,3,0715,0,1,3,,2,241,"SR-24 E/B","FIRST STREET",350.00,E,N,A,-,Y,CC,,24," ",R,6.602,H,,R,Y,2,0,2,2,A,-,01,23152,A,N,E,8,A,A,H,-,C,A,0,,,,,Y,Y,A,01,1,1,0,0,0,0,0,0,0,"- ","- ",37.894821166992188,-122.11531829833984,"CONTRA COSTA",LAFAYETTE,-122.11529541015625,37.894721984863281
92063458,2023,2023-05-08,9320,2023-04-23,2115,022791,,7,2,9,0700,0,1,3,,2,402,"SR-4 E/B",I-680,500.00,E,N,A,-,Y,CC,,4," "," ",12.714,H,,R,Y,2,0,1,1,A,-,08,22107,,N,F,A,A,A,H,-,C,A,0,,,Y,,Y,,C,02,1,0,0,0,0,0,0,0,1,"- ","- ",37.994709014892578,-122.06900024414062,"CONTRA COSTA",UNINCORPORATED,-122.06905364990234,37.994804382324219
92066494,2023,2023-05-11,9320,2023-04-29,"551 ",022748,,6,3,3,0706,0,1,S,,2,801,"I-80 EB TO SR-4 EB","WILLOW AVE",790.00,N,N,A,-,Y,CC,,4," "," ",0.092,H,,R,Y,2,0,1,2,A,-,07,21658,A,N,B,C,A,A,H,-,B,A,0,,,Y,,Y,,C,02,1,0,0,0,0,0,0,0,1,"- ","- ",38.014518737792969,-122.26782989501953,"CONTRA COSTA",HERCULES,-122.26778411865234,38.014614105224609
92066894,2022,2023-05-11,9320,2022-11-26,2219,022517,,6,3,9,0700,0,2,4,,2,032,"CROCKETT BOULEVARD","POMONA STREET",4911.00,S,N,A,-,N,,,,,,,,,,Y,1,1,0,1,A,-,01,23152,,N,E,I,A,A,H,-,D,D,0,,,Y,,Y,Y,C,02,0,0,0,0,0,0,0,1,0,"- ","- ",38.040000915527344,-122.21421051025391,"CONTRA COSTA",UNINCORPORATED,-122.21489715576172,38.04058837890625
92067954,2023,2023-05-12,9320,2023-05-02,1855,021949,,2,2,4,0714,0,1,3,,2,402,"SR-4 E/B","PACHECO BLVD.",2700.00,W,N,B,-,Y,CC,,4," ",R,11.322,H,,R,Y,2,0,1,1,C,-,18,,,N,E,I,A,B,H,-,A,A,0,,,,,Y,,-,"- ",1,0,0,0,0,0,0,0,0,"- ","- ",37.991111755371094,-122.08321380615234,"CONTRA COSTA",MARTINEZ,-122.08322143554688,37.991222381591797
9206888,2020,2021-02-02,0700,2020-11-26,2115,OA040,59,4,5,3,0734,0,0,0,,0,052,"EAST CYPRESS RD","KNIGHTSEN AV",186.00,E,N,A,-,N,,,,,,,,,,Y,2,0,2,2,A,-,01,23153,A,N,-,-,A,A,H,-,C,-,0,,,,,Y,,A,01,1,1,0,0,0,0,0,0,0,"- ","- ",,,"CONTRA COSTA",OAKLEY,-121.66764068603516,37.990657806396484
92069017,2023,2023-05-15,9320,2023-05-02,"755 ",016563,,2,1,3,0715,0,1,3,,2,241,"SR-24 E/B","EL NIDO RANCH ROAD",300.00,W,N,B,C,Y,CC,,24," ",R,4.896,H,,R,Y,2,0,2,2,A,-,03,22350,,N,B,C,A,B,H,-,A,A,0,,,,,Y,,A,01,2,0,0,0,0,0,0,0,0,"- ","- ",37.8909912109375,-122.14543151855469,"CONTRA COSTA",LAFAYETTE,-122.14542388916016,37.890960693359375
92069236,2023,2023-05-15,9320,2023-01-25,"816 ",022784,,3,1,6,0704,0,1,3,,2,242,"SR-242 N/B","CONCORD AVE",450.00,N,N,A,-,Y,CC,,242," ",R,1.605,H,,R,Y,2,0,4,6,A,-,08,22107,,N,C,4,E,A,H,-,A,A,0,Y,,,,Y,,D,22,3,1,0,0,3,0,0,0,0,"- ","- ",37.980579376220703,-122.04247283935547,"CONTRA COSTA",CONCORD,-122.04238128662109,37.980552673339844
9207881,2020,2021-01-25,0701,2020-08-01,1634,6014,104,6,5,5,0701,0,0,0,,0,001,"W 10TH ST","J ST",0.00,,Y,A,-,N,,,,,,,,,,N,2,0,1,2,A,-,03,22350,,N,G,B,D,A,H,-,A,D,0,Y,,,,Y,,A,01,1,0,0,0,1,0,0,0,0,"- ","- ",,,"CONTRA COSTA",ANTIOCH,-121.81716918945312,38.011188507080078
92080944,2023,2023-05-30,9320,2023-05-20,2007,022743,,6,2,9,0700,0,3,5,,2,060,"ROUNDHILL RD","HERITAGE OAKS RD",231.00,W,N,A,-,N,,,,,,,,,,N,2,0,3,1,B,-,22,,,N,F,A,A,A,H,-,A,A,0,,,,,Y,,M,96,1,2,0,0,0,0,0,0,0,"- ","- ",37.863788604736328,-122.01566314697266,"CONTRA COSTA",UNINCORPORATED,-122.01555633544922,37.863731384277344
92082100,2023,2023-05-31,9320,2023-03-30,"348 ",021797,,4,3,3,0702,0,1,3,,2,405,"STATE ROUTE 4 EASTBOUND FROM LONE TREE WAY","LONE TREE WAY",804.00,E,N,A,-,Y,CC,,4," ",R,33.150,H,,R,N,1,1,0,2,C,-,18,,,N,G,B,E,A,H,-,D,B,0,Y,,,,Y,,-,"- ",0,0,0,1,0,0,0,0,0,"- ","- ",37.959098815917969,-121.74468994140625,"CONTRA COSTA",BRENTWOOD,-121.74452209472656,37.959072113037109
92091959,2022,2023-06-12,9370,2022-08-31,0255,022699,,3,3,5,0710,0,1,1,,2,083,"I-80 E/B","HILLTOP DR",250.00,W,N,A,-,Y,CC,,80,,,5.933,H,,R,Y,1,1,1,2,A,-,01,23152,F,N,D,C,A,A,H,-,D,D,0,,,,,Y,,A,07,0,0,1,0,0,0,0,0,0,"- ","- ",37.975509643554688,-122.31865692138672,"CONTRA COSTA",RICHMOND,-122.31861877441406,37.975502014160156
92096757,2023,2023-06-19,9320,2023-06-09,1645,022896,,5,2,9,0700,0,2,4,,2,034,"CUMMINIGS SKWY",SR-4,3400.00,N,N,A,-,N,,,,,,,,,,N,2,0,2,2,A,-,08,22107,,N,A,C,A,A,H,-,A,A,0,,,,,Y,,A,01,1,0,1,0,0,0,0,0,0,"- ","- ",38.024028778076172,-122.19715118408203,"CONTRA COSTA",UNINCORPORATED,-122.1904296875,38.016010284423828
92097274,2023,2023-06-19,9370,2023-06-09,1310,022988,,5,1,5,0710,0,1,1,,2,058,"I-580 E/B","MARINA BAY PKWY",1420.00,W,N,A,-,Y,CC,,580," ",R,3.166,H,,R,N,2,0,1,1,A,-,08,22107,,N,E,I,A,A,H,-,A,D,0,,,,,Y,,A,01,1,0,0,0,0,0,0,0,0,"- ","- ",37.921760559082031,-122.35265350341797,"CONTRA COSTA",RICHMOND,-122.35265350341797,37.921867370605469
92103395,2023,2023-06-27,9320,2023-06-19,1140,016563,,1,1,3,0792,0,1,3,,2,240,"SR-24 W/B","WILDER ROAD",1000.00,W,N,A,-,Y,CC,,24," "," ",1.039,H,,L,Y,2,0,1,2,A,-,07,21658,A,F,B,C,A,A,H,-,A,A,0,,,,,Y,,-,99,1,0,0,0,0,0,0,0,0,"- ","- ",37.867450714111328,-122.20156097412109,"CONTRA COSTA",ORINDA,-122.20155334472656,37.867408752441406
92111860,2023,2023-07-07,9320,2023-06-29,"530 ",020957,,4,3,9,0700,0,2,4,,2,093,"CAMINO DIABLO","VASCO RD",1320.00,E,N,A,-,N,,,,,,,,,,Y,2,0,2,3,A,-,05,21460,A,N,B,C,A,A,H,-,B,A,0,,,,Y,Y,,D,22,1,1,0,0,0,0,0,0,0,"- ","- ",37.866401672363281,-121.66339111328125,"CONTRA COSTA",UNINCORPORATED,-121.663330078125,37.866390228271484
92114895,2023,2023-07-12,9320,2023-06-01,2330,022534,,4,3,6,0704,0,1,3,,2,242,"SR-242 SOUTHBOUND","CLAYTON ROAD",900.00,S,N,A,-,Y,CC,,242," ",R,0.621,H,,L,Y,1,1,1,2,A,-,11,21954,A,N,G,B,E,A,H,-,C,A,0,Y,,,,Y,,N,60,0,0,1,1,0,0,0,0,0,"- ","- ",37.967220306396484,-122.04869842529297,"CONTRA COSTA",CONCORD,-122.04876708984375,37.967235565185547
92115878,2023,2023-07-13,9320,2023-07-01,"53  ",022994,,6,3,5,0710,0,1,1,,2,180,"I-80 E/B",SR-4,350.00,W,N,A,-,Y,CC,,80," "," ",9.988,H,,R,N,2,0,4,2,A,-,03,22350,,N,C,C,A,A,H,-,D,A,0,,,,,Y,,A,01,1,1,2,0,0,0,0,0,0,"- ","- ",38.014228820800781,-122.26995086669922,"CONTRA COSTA",RICHMOND,-122.26998901367188,38.014251708984375
9211644,2020,2021-02-25,0710,2020-12-07,0652,1794,CENTR,1,5,5,0710,0,0,0,,0,004,"BARRETT AV","21ST ST",0.00,,Y,A,-,N,,,,,,,,,,N,1,1,0,2,A,-,11,21954,A,N,G,B,D,A,H,-,B,D,0,Y,,,,Y,,N,60,0,0,0,1,0,0,0,0,0,"- ","- ",37.938449859619141,-122.349853515625,"CONTRA COSTA",RICHMOND,-122.34956359863281,37.938468933105469
92117097,2023,2023-07-14,9320,2023-07-03,"850 ",021847,,1,1,9,0700,0,3,5,,2,015,"ARGYLE ROAD E/B","SUNNY LANE",10.00,W,N,A,-,N,,,,,,,,,,N,2,0,1,2,A,-,09,21804,A,N,D,G,A,A,H,-,A,A,0,,Y,,,Y,,L,04,1,0,0,0,0,0,1,0,0,"- ","- ",37.98175048828125,-122.29485321044922,"CONTRA COSTA",UNINCORPORATED,-122.29481506347656,37.981769561767578
92123993,2023,2023-07-24,9370,2023-07-02,1820,023135,,7,2,5,0710,0,1,1,,2,082,"I-80 E/B","CUTTING BLVD",384.00,W,N,A,-,Y,CC,,80," "," ",1.967,H,,R,Y,2,0,1,2,A,-,08,22107,,N,B,2,A,A,H,-,A,D,0,,,,,Y,,A,01,1,0,0,0,0,0,0,0,0,"- ","- ",37.924400329589844,-122.32000732421875,"CONTRA COSTA",RICHMOND,-122.31997680664062,37.924415588378906
92125093,2023,2023-07-25,9390,2023-07-24,"33  ",022178,,1,3,4,0791,0,1,1,,2,068,"I-680 SOUTHBOUND","BOLLINGER CANYON ROAD",2640.00,S,N,A,-,Y,CC,,680," ",R,2.382,H,,L,Y,2,0,4,2,A,-,01,23152,A,N,B,C,A,A,H,-,D,D,0,,,,,Y,Y,A,07,1,3,0,0,0,0,0,0,0,"- ","- ",37.7535400390625,-121.96134185791016,"CONTRA COSTA","SAN RAMON",-121.96134948730469,37.753536224365234
92127454,2023,2023-07-27,9370,2023-07-20,1315,022813,,4,1,9,0700,0,3,5,,2,010,"BROOKSIDE DRIVE (400 BLOCK)","FRED JACKSON WAY",840.00,W,N,A,-,N,,,,,,,,,,Y,2,0,3,2,A,-,08,22107,,N,A,E,A,A,H,-,A,D,0,,,,Y,Y,,A,07,1,2,0,0,0,0,0,0,0,"- ","- ",37.96514892578125,-122.36376953125,"CONTRA COSTA",UNINCORPORATED,-122.36967468261719,37.965160369873047
92134135,2023,2023-08-02,9320,2023-07-27,"7   ",021797,,4,3,5,0701,0,1,3,,2,405,"SR-4 W/B","LAUREL ROAD",900.00,E,N,A,-,Y,CC,,4," ",R,31.720,H,,L,N,2,0,1,1,A,-,01,23152,A,N,F,I,A,A,H,-,D,D,0,,,,,Y,Y,A,01,1,0,0,0,0,0,0,0,0,"- ","- ",37.975349426269531,-121.74134063720703,"CONTRA COSTA",ANTIOCH,-121.74140930175781,37.975318908691406
92138299,2023,2023-08-08,9370,2023-06-20,"125 ",022919,,2,3,3,0705,0,1,1,,2,082,"I-80 W/B","CUTTING BOULEVARD",1000.00,E,N,A,-,Y,CC,,80," "," ",1.891,H,,L,Y,2,0,1,2,A,-,03,22350,,N,C,2,A,A,H,-,C,D,0,,,,Y,Y,,G,25,1,0,0,0,0,0,0,0,0,"- ","- ",37.923320770263672,-122.31961822509766,"CONTRA COSTA","EL CERRITO",-122.31957244873047,37.923343658447266
92138687,2023,2023-08-08,9320,2023-07-23,1400,022896,,7,2,9,0700,0,1,3,,2,401,"SR-4 W/B","MCEWEN RD",1000.00,E,N,A,-,Y,CC,,4," ",R,5.803,H,,L,N,2,0,1,1,A,-,01,23152,A,N,E,I,A,A,H,-,A,A,0,,,,,Y,Y,A,01,1,0,0,0,0,0,0,0,0,"- ","- ",38.009201049804688,-122.16916656494141,"CONTRA COSTA",UNINCORPORATED,-122.16928863525391,38.009098052978516
92146542,2023,2023-08-17,9320,2023-08-11,"640 ",022505,,5,1,9,0700,0,1,3,,2,403,"SR-4 EASTBOUND TO SAN MARCO BLVD","WILLOW PASS ROAD",536.00,W,N,A,-,Y,,,,,,,,,,N,2,0,1,1,A,-,08,22107,,N,F,I,A,A,H,-,A,A,0,,,,,Y,,A,01,1,0,0,0,0,0,0,0,0,"- ","- ",38.023128509521484,-121.96872711181641,"CONTRA COSTA",UNINCORPORATED,-121.96872711181641,38.023128509521484