CASE_ID,ACCIDENT_YEAR,PROC_DATE,JURIS,COLLISION_DATE,COLLISION_TIME,OFFICER_ID,REPORTING_DISTRICT,DAY_OF_WEEK,CHP_SHIFT,POPULATION,CNTY_CITY_LOC,SPECIAL_COND,BEAT_TYPE,CHP_BEAT_TYPE,CITY_DIVISION_LAPD,CHP_BEAT_CLASS,BEAT_NUMBER,PRIMARY_RD,SECONDARY_RD,DISTANCE,DIRECTION,INTERSECTION,WEATHER_1,WEATHER_2,STATE_HWY_IND,CALTRANS_COUNTY,CALTRANS_DISTRICT,STATE_ROUTE,ROUTE_SUFFIX,POSTMILE_PREFIX,POSTMILE,LOCATION_TYPE,RAMP_INTERSECTION,SIDE_OF_HWY,TOW_AWAY,COLLISION_SEVERITY,NUMBER_KILLED,NUMBER_INJURED,PARTY_COUNT,PRIMARY_COLL_FACTOR,PCF_CODE_OF_VIOL,PCF_VIOL_CATEGORY,PCF_VIOLATION,PCF_VIOL_SUBSECTION,HIT_AND_RUN,TYPE_OF_COLLISION,MVIW,PED_ACTION,ROAD_SURFACE,ROAD_COND_1,ROAD_COND_2,LIGHTING,CONTROL_DEVICE,CHP_ROAD_TYPE,PEDESTRIAN_ACCIDENT,BICYCLE_ACCIDENT,MOTORCYCLE_ACCIDENT,TRUCK_ACCIDENT,NOT_PRIVATE_PROPERTY,ALCOHOL_INVOLVED,STWD_VEHTYPE_AT_FAULT,CHP_VEHTYPE_AT_FAULT,COUNT_SEVERE_INJ,COUNT_VISIBLE_INJ,COUNT_COMPLAINT_PAIN,COUNT_PED_KILLED,COUNT_PED_INJURED,COUNT_BICYCLIST_KILLED,COUNT_BICYCLIST_INJURED,COUNT_MC_KILLED,COUNT_MC_INJURED,PRIMARY_RAMP,SECONDARY_RAMP,LATITUDE,LONGITUDE,COUNTY,CITY,POINT_X,POINT_Y
92155917,2023,2023-08-28,9320,2023-08-19,1815,022896,,6,2,3,0706,0,1,1,,2,180,"I-80 E/B","WILLOW AVE",2882.00,E,N,A,-,Y,CC,,80," "," ",11.882,H,,R,N,2,0,1,1,A,-,01,23152,A,N,H,A,A,A,D,-,A,A,0,,,,,Y,Y,A,01,1,0,0,0,0,0,0,0,0,"- ","- ",38.036300659179688,-122.24942779541016,"CONTRA COSTA",HERCULES,-122.24946594238281,38.036319732666016
92158181,2023,2023-08-30,9320,2023-08-20,1630,021281,,7,2,6,0704,0,1,1,,2,683,"I-680 S/B",SR-242,500.00,N,N,A,-,Y,CC,,680," ",R,18.758,H,,L,Y,2,0,1,2,A,-,01,23152,A,N,C,C,A,A,H,-,A,A,0,,,Y,,Y,Y,C,02,1,0,0,0,0,0,0,0,1,"- ","- ",37.959358215332031,-122.05245971679688,"CONTRA COSTA",CONCORD,-122.05269622802734,37.959320068359375
92166997,2023,2023-09-11,9320,2023-08-30,2035,021949,,3,2,9,0700,0,2,4,,2,077,"MARSH CREEK RD. W/B","DEER VALLEY RD.",7605.00,W,N,A,-,N,,,,,,,,,,N,2,0,1,1,A,-,03,22350,,N,E,I,A,A,B,-,D,D,0,,,Y,,Y,,C,02,1,0,0,0,0,0,0,0,1,"- ","- ",37.891048431396484,-121.80127716064453,"CONTRA COSTA",UNINCORPORATED,-121.79737091064453,37.893890380859375
92175793,2023,2023-09-21,9320,2023-09-10,"205 ",022994,,7,3,9,0700,0,2,4,,2,094,"BYRON HIGHWAY","MARSH CREEK ROAD",0.00,,Y,A,-,Y,CC,,4," ",R,41.960,H,,L,Y,2,0,1,2,A,-,08,22107,,N,B,C,A,A,H,-,D,A,0,,,Y,Y,Y,,C,02,1,0,0,0,0,0,0,0,1,"- ","- ",37.896419525146484,-121.64131927490234,"CONTRA COSTA",UNINCORPORATED,-121.64131927490234,37.89642333984375
92179590,2023,2023-09-26,9320,2023-09-19,"304 ",022791,,2,3,3,0792,0,1,3,,2,240,"SR-24 E/B","CAMINO PABLO",2640.00,E,N,A,-,Y,CC,,24," ",R,2.835,H,,R,Y,2,0,2,1,A,-,08,22107,,N,E,I,A,A,H,-,C,A,0,,,,,Y,,A,01,1,1,0,0,0,0,0,0,0,"- ","- ",37.884838104248047,-122.17872619628906,"CONTRA COSTA",ORINDA,-122.17886352539062,37.884891510009766
92179848,2023,2023-09-26,9320,2023-09-07,1112,017219,,4,1,9,0700,0,2,4,,1,042,"PACHECO BLVD","VINE ST",0.00,,Y,A,-,N,,,,,,,,,,Y,2,0,2,2,A,-,09,21801,A,N,D,C,A,A,H,-,A,A,0,,,Y,,Y,,D,22,2,0,0,0,0,0,0,0,2,"- ","- ",38.012290954589844,-122.11567687988281,"CONTRA COSTA",UNINCORPORATED,-122.11569976806641,38.012317657470703
92181001,2023,2023-09-27,9320,2023-09-13,2244,022886,,3,3,5,0701,0,1,3,,2,404,"WB SR-4","HILLCREST AVE",1690.00,E,N,A,-,Y,CC,,4," ",R,29.261,H,,L,Y,2,0,2,2,A,-,03,22350,,N,C,C,A,A,H,-,C,A,0,,,,,Y,,A,01,1,1,0,0,0,0,0,0,0,"- ","- ",37.995468139648438,-121.77953338623047,"CONTRA COSTA",ANTIOCH,-121.77957153320312,37.995330810546875
92182298,2023,2023-09-28,9320,2023-09-21,"410 ",019759,,4,3,9,0700,0,2,4,,2,094,"BYRON HIGHWAY","CAMINO DIABLO",0.00,,Y,A,-,N,,,,,,,,,,Y,2,0,1,1,A,-,08,22107,,N,E,I,A,A,H,-,C,A,0,,,,Y,Y,,G,24,1,0,0,0,0,0,0,0,0,"- ","- ",37.867298126220703,-121.63834381103516,"CONTRA COSTA",UNINCORPORATED,-121.63840484619141,37.86749267578125
9218338,2020,2021-02-10,0701,2020-12-13,1719,5444,309,7,5,5,0701,0,0,0,,0,003,"SYCAMORE DR","PEPPERTREE WY",4.00,W,N,B,-,N,,,,,,,,,,N,2,0,1,2,A,-,11,21950,B,N,G,B,B,B,H,-,C,D,0,Y,,,,Y,,-,"- ",1,0,0,0,1,0,0,0,0,"- ","- ",,,"CONTRA COSTA",ANTIOCH,-121.82099151611328,38.003875732421875
9218460,2020,2021-02-08,0701,2020-09-17,1123,5949,507,4,5,5,0701,0,0,0,,0,005,"GARROW DR","ROOSEVELT LN",0.00,,Y,A,-,N,,,,,,,,,,Y,2,0,2,3,A,-,01,23152,A,N,G,B,E,A,H,-,A,D,0,Y,,,,Y,Y,A,01,1,0,1,0,2,0,0,0,0,"- ","- ",,,"CONTRA COSTA",ANTIOCH,-121.79872131347656,37.991230010986328
92192579,2023,2023-10-06,9390,2023-09-23,1650,022303,,6,2,4,0791,0,1,1,,2,068,"I-680 SOUTHBOUND","BOLLINGER CANYON ROAD",10.00,S,N,A,-,Y,CC,,680," ",R,2.871,H,,L,Y,2,0,1,1,A,-,03,22350,,N,F,A,A,A,H,-,A,D,0,,,Y,,Y,,C,02,1,0,0,0,0,0,0,0,1,"- ","- ",37.759860992431641,-121.96540069580078,"CONTRA COSTA","SAN RAMON",-121.96546173095703,37.759834289550781
92194150,2023,2023-10-09,9320,2023-09-28,"927 ",016584,,4,1,9,0700,0,1,3,,2,400,"SR-4 E/B","FRANKLIN CANYON RD.",2640.00,E,N,A,-,Y,CC,,4," ",R,2.890,H,,R,Y,2,0,2,1,A,-,08,22107,,N,F,J,A,A,H,-,A,A,0,,,,,Y,,A,07,2,0,0,0,0,0,0,0,0,"- ","- ",38.007728576660156,-122.21932220458984,"CONTRA COSTA",UNINCORPORATED,-122.21930694580078,38.007774353027344
92206562,2023,2023-10-24,9370,2023-09-28,"250 ",022826,,4,3,5,0710,0,1,1,,2,058,"I-580 W/B","BAYVIEW AVE",480.00,E,N,A,-,Y,CC,,580," "," ",1.125,H,,R,N,2,0,1,1,A,-,01,23152,A,N,E,I,A,A,H,-,C,D,0,,,,,Y,Y,A,01,1,0,0,0,0,0,0,0,0,"- ","- ",37.911209106445312,-122.32280731201172,"CONTRA COSTA",RICHMOND,-122.32297515869141,37.911125183105469
92207357,2023,2023-10-24,9320,2023-08-13,1626,022767,,7,2,9,0700,0,2,4,,1,042,"E/B PACHECO BOULEVARD","VINE AVENUE",0.00,,Y,A,-,N,,,,,,,,,,N,1,1,0,2,A,-,01,23152,A,N,F,A,A,A,H,-,A,D,0,,,Y,,Y,Y,C,02,0,0,0,0,0,0,0,1,0,"- ","- ",38.012248992919922,-122.11573028564453,"CONTRA COSTA",UNINCORPORATED,-122.11569976806641,38.012317657470703
92209039,2023,2023-10-26,9320,2023-10-22,"640 ",018086,,7,1,9,0700,0,3,5,,2,010,"PINOLE VALLY ROAD S/B","CASTRO RANCH ROAD",1214.00,N,N,B,-,N,,,,,,,,,,N,2,0,1,1,A,-,08,22107,,N,F,J,A,B,H,-,D,D,0,,,,,Y,,D,22,1,0,0,0,0,0,0,0,0,"- ","- ",37.972129821777344,-122.24703979492188,"CONTRA COSTA",UNINCORPORATED,,
92221666,2023,2023-10-27,9370,2023-07-18,"320 ",022821,,2,3,5,0710,0,1,1,,2,058,"I-580 W/B","CASTRO ST",617.00,W,N,B,-,Y,CC,,580," ",R,5.299,H,,L,N,1,1,0,2,A,-,11,21954,A,N,G,B,E,A,H,-,C,D,0,Y,,,,Y,,N,60,0,0,0,1,0,0,0,0,0,"- ","- ",37.930248260498047,-122.38929748535156,"CONTRA COSTA",RICHMOND,-122.389404296875,37.93011474609375
92224211,2023,2023-10-31,9320,2023-08-16,"708 ",017530,,3,1,9,0700,0,1,3,,1,406,SR4,"DISCOVERY BAY BLVD",1648.00,E,N,A,-,Y,CC,,4," "," ",46.784,H,,R,Y,1,1,3,3,A,-,03,22350,,N,C,C,A,A,H,-,A,A,0,,,,,Y,,A,01,1,0,2,0,0,0,0,0,0,"- ","- ",37.890178680419922,-121.59638214111328,"CONTRA COSTA",UNINCORPORATED,-121.59638214111328,37.890110015869141
92236903,2023,2023-12-18,9370,2023-11-05,1858,023290,,7,2,9,0700,0,1,1,,2,083,"SAN PABLO AVENUE","KAY ROAD",0.00,,Y,B,C,N,,,,,,,,,,N,2,0,1,2,A,-,01,23152,A,F,D,C,A,B,H,-,C,A,0,,,,,Y,Y,A,01,1,0,0,0,0,0,0,0,0,"- ","- ",37.991691589355469,-122.33187866210938,"CONTRA COSTA",UNINCORPORATED,-122.33185577392578,37.991645812988281
92242644,2023,2023-11-28,9320,2023-03-09,1555,019914,,4,2,5,0712,0,1,1,,2,682,"I-680 NB TO YGNACIO VALLEY ROAD","YGNACIO VALLEY ROAD",100.00,S,N,C,-,Y,,,,,,,,,,Y,1,1,5,5,D,-,00,,,N,C,C,A,B,H,-,A,A,0,,,,,Y,,-,"- ",1,0,4,0,0,0,0,0,0,"- ","- ",37.903919219970703,-122.06829071044922,"CONTRA COSTA","WALNUT CREEK",-122.06829071044922,37.903919219970703
92248967,2023,2023-11-30,9320,2023-11-23,1300,016503,,4,1,5,0708,0,1,3,,2,403,"SR-4 E/B","SAN MARCO BLVD",2904.00,W,N,A,-,Y,CC,,4," ",R,18.204,H,,R,Y,2,0,2,2,A,-,01,23152,A,N,B,C,A,A,H,-,A,D,0,,,,,Y,Y,A,01,1,1,0,0,0,0,0,0,0,"- ","- ",38.023319244384766,-121.97608947753906,"CONTRA COSTA",PITTSBURG,-121.97608947753906,38.023326873779297
92251475,2023,2023-12-04,9370,2023-11-18,"505 ",023347,,6,3,4,0711,0,1,1,,2,083,"I-80 E/B","EL PORTAL DRIVE",325.00,W,N,C,-,Y,,,,,,,,,,Y,2,0,3,1,A,-,03,22350,,N,E,I,A,B,H,-,C,D,0,,,,,Y,,A,07,1,2,0,0,0,0,0,0,0,"- ","- ",37.965679168701172,-122.32243347167969,"CONTRA COSTA","SAN PABLO",-122.32271575927734,37.966083526611328
92252795,2023,2023-12-05,9320,2023-11-15,1820,022784,,3,2,6,0704,0,1,1,,2,683,"I-680 NB","CONCORD AVE",160.00,S,N,C,-,Y,CC,,680," "," ",19.828,H,,R,Y,2,0,1,3,A,-,03,22350,,N,A,D,A,B,H,-,C,A,0,,,,,Y,,D,22,1,0,0,0,0,0,0,0,0,"- ","- ",37.975658416748047,-122.06365966796875,"CONTRA COSTA",CONCORD,-122.06369018554688,37.97564697265625
92257404,2023,2023-12-08,9320,2023-03-23,1926,022240,,4,2,9,0700,0,2,4,,2,031,"PARKER AVENUE","FOURTH STREET",0.00,,Y,B,-,N,,,,,,,,,,Y,1,2,1,2,A,-,12,21453,A,F,D,C,A,A,H,-,B,A,0,,,,,Y,,A,07,1,0,0,0,0,0,0,0,0,"- ","- ",38.032970428466797,-122.26702117919922,"CONTRA COSTA",UNINCORPORATED,-122.26711273193359,38.032909393310547
9225750,2020,2021-03-03,0701,2020-12-27,1536,6119,611,7,5,5,0701,0,0,0,,0,006,"WILDHORSE DR","SWEET WATER ST",450.00,W,N,A,-,N,,,,,,,,,,N,2,0,1,1,A,-,03,22350,I,N,H,A,A,A,H,-,A,D,0,,,Y,,Y,,C,02,1,0,0,0,0,0,0,0,1,"- ","- ",,,"CONTRA COSTA",ANTIOCH,-121.75576782226562,37.983638763427734
92260980,2023,2023-12-13,9320,2023-12-05,"714 ",022903,,2,1,9,0700,0,1,3,,2,402,"SR-4 W/B","WILLOW PASS RD",610.00,W,N,E,-,Y,CC,,4," ",R,16.727,H,,L,N,2,0,1,2,A,-,03,22350,,N,C,C,A,A,H,-,A,D,0,,,Y,,Y,,C,02,1,0,0,0,0,0,0,0,1,"- ","- ",38.013370513916016,-121.99976348876953,"CONTRA COSTA",UNINCORPORATED,-121.99977874755859,38.013427734375
92270720,2023,2023-12-26,9370,2023-11-26,1830,023598,,7,2,3,0707,0,1,1,,2,083,"I-80 E/B","APPIAN WAY",1850.00,W,N,A,-,Y,CC,,80," "," ",7.234,H,,R,Y,2,0,2,2,A,-,03,22350,,N,C,C,A,A,H,-,D,D,0,,,,Y,Y,,D,22,1,0,1,0,0,0,0,0,0,"- ","- ",37.991729736328125,-122.30815124511719,"CONTRA COSTA",PINOLE,-122.30817413330078,37.991764068603516
92272546,2023,2023-12-27,9320,2023-12-02,2005,022525,,6,2,5,0708,0,1,3,,2,404,"SR-4 W/B","LOVERIDGE RD. U/C",1320.00,E,N,A,-,Y,CC,,4," "," ",24.564,H,,L,Y,2,0,1,3,A,-,03,22350,,N,A,C,A,A,H,-,D,D,0,,,,,Y,,A,01,1,0,0,0,0,0,0,0,0,"- ","- ",38.011009216308594,-121.86273193359375,"CONTRA COSTA",PITTSBURG,-121.86276245117188,38.010932922363281
92276433,2023,2024-01-02,9370,2023-10-27,"644 ",023182,,5,1,5,0710,0,1,1,,2,058,"I-580 W/B","MARINA WAY SOUTH",218.00,E,N,A,-,Y,CC,,580," ",R,3.312,H,,R,N,1,1,0,1,A,-,08,22107,,N,E,8,A,A,H,-,D,D,0,,,,,Y,,D,22,0,0,0,0,0,0,0,0,0,"- ","- ",37.922130584716797,-122.35526275634766,"CONTRA COSTA",RICHMOND,-122.35529327392578,37.921981811523438
92276689,2023,2024-01-02,9320,2023-12-21,2208,023480,,4,3,9,0700,0,1,3,,2,402,"SR-242 N/B TO PORT CHICAGO HIGHWAY","PORT CHICAGO HIGHWAY",800.00,W,N,C,-,Y,CC,,4," ",R,15.276,H,,R,Y,2,0,1,3,A,-,03,22350,,N,C,C,A,B,H,-,D,A,0,,,,,Y,,-,"- ",1,0,0,0,0,0,0,0,0,"- ","- ",38.008869171142578,-122.02567291259766,"CONTRA COSTA",UNINCORPORATED,-122.02571868896484,38.009071350097656
92283665,2023,2024-01-10,9320,2023-12-30,1248,022903,,6,1,3,0715,0,1,3,,2,241,"SR-24 E/B TO I-680 S/B","MT DIABLO BLVD",472.00,S,N,B,-,Y,,,,,,,,,,N,2,0,1,1,A,-,03,22350,,N,E,I,A,B,H,-,A,D,0,,,,,Y,,A,01,1,0,0,0,0,0,0,0,0,"- ","- ",37.895038604736328,-122.07015228271484,"CONTRA COSTA",LAFAYETTE,-122.1005859375,37.896953582763672
92293036,2024,2024-01-22,9370,2024-01-11,1818,022841,,4,2,9,0700,0,3,5,,2,012,"FLANNERY ROAD","TARA HILLS DRIVE",0.00,,Y,A,-,N,,,,,,,,,,N,2,0,1,2,B,-,22,,,N,D,C,A,A,H,-,D,D,0,,,,,Y,,M,96,1,0,0,0,0,0,0,0,0,"- ","- ",37.996730804443359,-122.31671905517578,"CONTRA COSTA",UNINCORPORATED,-122.31661987304688,37.996795654296875
92293671,2023,2024-01-22,9320,2023-08-31,"154 ",023002,,4,3,9,0700,0,1,3,,2,403,"STATE ROUTE 4 E/B","WILLOW PASS ROAD (BAY POINT)",3678.00,W,N,A,-,Y,CC,,4," ",R,18.036,H,,R,Y,1,1,1,3,A,-,01,23152,A,N,C,2,A,A,H,-,D,A,0,,,,Y,Y,Y,A,07,1,0,0,0,0,0,0,0,0,"- ","- ",38.022289276123047,-121.97885131835938,"CONTRA COSTA",UNINCORPORATED,-121.97891235351562,38.022377014160156
92299427,2024,2024-01-29,9320,2024-01-20,"550 ",020957,,6,3,9,0700,0,2,4,,2,096,"VASCO RD","CAMINO DIABLO RD",9500.00,S,N,B,-,N,,,,,,,,,,Y,2,0,3,2,A,-,01,23152,A,N,A,C,A,B,H,-,D,A,0,,,,,Y,Y,A,01,1,2,0,0,0,0,0,0,0,"- ","- ",37.845981597900391,-121.64669799804688,"CONTRA COSTA",UNINCORPORATED,-121.66764068603516,37.865211486816406
92305013,2023,2024-02-05,9320,2023-12-21,1700,022784,,4,2,5,0712,0,1,1,,2,682,"I-680 S/B","N. MAIN STREET",485.00,S,N,A,-,Y,CC,,680," "," ",15.517,H,,L,Y,2,0,1,1,A,-,08,22107,,N,E,I,A,A,H,-,C,A,0,,,,,Y,,A,08,1,0,0,0,0,0,0,0,0,"- ","- ",37.914798736572266,-122.06685638427734,"CONTRA COSTA","WALNUT CREEK",-122.06655883789062,37.914699554443359
9230920,2020,2021-03-09,0740,2020-10-29,1844,SR033,,4,5,4,0791,0,0,0,,0,BEAT6,"DOUGHERTY RD","OAK VALLEY DR",110.00,S,N,A,-,N,,,,,,,,,,Y,2,0,1,1,A,-,03,22350,,N,F,I,A,A,H,-,C,D,0,,,,,Y,,A,01,1,0,0,0,0,0,0,0,0,"- ","- ",37.739360809326172,-121.91383361816406,"CONTRA COSTA","SAN RAMON",-121.91503143310547,37.743595123291016
92310088,2024,2024-02-09,9320,2024-02-04,"920 ",021472,,7,1,6,0704,0,1,3,,2,242,"SR-242 N/B","CONCORD AVE",1108.00,N,N,B,C,Y,CC,,242," ",R,1.712,H,,R,Y,2,0,2,1,A,-,08,22107,,N,E,I,A,B,H,-,A,D,0,,,,Y,Y,,F,26,1,1,0,0,0,0,0,0,0,"- ","- ",37.982040405273438,-122.04181671142578,"CONTRA COSTA",CONCORD,-122.04176330566406,37.982028961181641
92311755,2023,2024-02-12,9320,2023-07-02,"150 ",023047,,7,3,6,0704,0,1,3,,2,242,"STATE ROUTE-242 SOUTHBOUND TO CONCORD AVENUE","CONCORD AVENUE",1214.00,N,N,A,-,Y,CC,,242," ",R,1.713,H,,L,Y,1,1,1,1,A,-,01,23152,A,N,E,8,A,A,H,-,C,A,0,,,,,Y,Y,A,01,0,1,0,0,0,0,0,0,0,"- ","- ",37.9822998046875,-122.04200744628906,"CONTRA COSTA",CONCORD,-122.04192352294922,37.982284545898438
92319518,2024,2024-02-21,9320,2024-02-12,"537 ",016563,,1,3,5,0712,0,1,1,,2,682,"I-680 S/B","NORTH MAIN STREET",480.00,S,N,A,-,Y,CC,,680," "," ",15.499,H,,L,Y,2,0,1,2,A,-,03,22350,,N,C,C,A,A,H,-,C,A,0,,,Y,,Y,,C,02,1,0,0,0,0,0,0,0,1,"- ","- ",37.9144287109375,-122.06662750244141,"CONTRA COSTA","WALNUT CREEK",-122.06667327880859,37.914443969726562
92322925,2024,2024-02-26,9320,2024-02-19,1256,016563,,1,1,3,0792,0,1,3,,2,240,"SR-24 E/B","WILDER ROAD",750.00,E,N,B,C,Y,CC,,24," "," ",1.331,H,,R,N,2,0,1,1,A,-,03,22350,,N,E,I,A,B,H,-,A,A,0,,,,,Y,,A,07,1,0,0,0,0,0,0,0,0,"- ","- ",37.86798095703125,-122.19553375244141,"CONTRA COSTA",ORINDA,-122.19561004638672,37.868068695068359
9233599,2021,2021-03-24,0702,2021-02-19,1432,573J,225B,5,5,3,0702,0,0,0,,0,002,"BRENTWOOD BL","LONE TREE WY",24.00,S,N,A,-,N,,,,,,,,,,Y,2,0,3,2,A,-,12,21453,A,N,D,C,A,A,H,-,A,A,0,,,,,Y,,A,01,1,2,0,0,0,0,0,0,0,"- ","- ",37.961589813232422,-121.69609069824219,"CONTRA COSTA",BRENTWOOD,-121.69609069824219,37.961524963378906
92339643,2024,2024-03-15,9320,2024-03-07,1630,022517,,4,2,5,0712,0,1,1,,2,682,"I-680 N/B","OAK PARK BOULEVARD",670.00,N,N,A,-,Y,CC,,680," "," ",17.024,H,,R,Y,2,0,1,1,A,-,03,22350,,N,F,A,A,A,H,-,A,A,0,,,Y,,Y,,C,02,1,0,0,0,0,0,0,0,1,"- ","- ",37.935298919677734,-122.06005096435547,"CONTRA COSTA","WALNUT CREEK",-122.06010437011719,37.935298919677734
92342630,2024,2024-03-20,9320,2024-03-12,"920 ",022828,,2,1,4,0790,0,1,1,,2,681,"INTERSTATE 680 NORTHBOUND","EL CERRO BOULEVARD",1530.00,N,N,B,C,Y,CC,,680," ",R,8.455,H,,R,N,2,0,1,2,A,-,03,22350,,N,C,C,A,B,H,-,A,A,0,,,,,Y,,-,"- ",1,0,0,0,0,0,0,0,0,"- ","- ",37.832229614257812,-122.00450897216797,"CONTRA COSTA",DANVILLE,-122.00457000732422,37.832172393798828
92342650,2024,2024-03-20,9320,2024-03-15,1145,021847,,5,1,9,0700,0,2,4,,2,091,"ORWOOD ROAD","BIXLER ROAD",62.00,W,N,A,-,Y,,,,,,,,,,Y,2,0,2,1,A,-,01,23152,A,N,E,I,A,A,H,-,A,A,0,,,,,Y,Y,A,01,1,1,0,0,0,0,0,0,0,"- ","- ",37.939788818359375,-121.62281799316406,"CONTRA COSTA",UNINCORPORATED,-121.62271881103516,37.939857482910156
92344003,2023,2024-03-21,9320,2023-11-16,2333,022804,,4,3,9,0700,0,1,3,,1,406,"STATE ROUTE 4 WESTBOUND","NEWPORT DRIVE",977.00,W,N,B,-,Y,CC,,4," "," ",45.559,H,,L,N,1,1,0,2,A,-,11,21954,A,F,G,B,E,B,H,-,D,D,0,Y,,,,Y,Y,N,60,0,0,0,1,0,0,0,0,0,"- ","- ",37.889430999755859,-121.61862945556641,"CONTRA COSTA",UNINCORPORATED,-121.61862945556641,37.889430999755859
92348213,2024,2024-03-27,9320,2024-03-17,1620,022743,,7,2,5,0712,0,1,1,,2,682,"I-680 N/B","OAKVALE RD OVERCROSSING",1682.00,N,N,A,-,Y,CC,,680," "," ",14.863,H,,R,N,2,0,1,2,A,-,07,21658,A,N,B,C,A,A,H,-,A,A,0,,,Y,,Y,,D,22,1,0,0,0,0,0,0,0,1,"- ","- ",37.905479431152344,-122.06941223144531,"CONTRA COSTA","WALNUT CREEK",-122.06940460205078,37.905479431152344
9235665,2021,2021-03-12,0714,2021-01-11,1708,111,051,1,5,4,0714,0,0,0,,0,001,"ESTUDILLO ST","SUSANA ST",0.00,,Y,A,-,N,,,,,,,,,,N,2,0,1,2,A,-,12,22450,,N,D,G,A,A,H,-,B,A,0,,Y,,,Y,,L,04,1,0,0,0,0,0,1,0,0,"- ","- ",38.013931274414062,-122.13358306884766,"CONTRA COSTA",MARTINEZ,-122.13355255126953,38.013931274414062
92359790,2024,2024-04-09,9320,2024-02-10,"440 ",022886,,6,3,3,0702,0,1,3,,2,405,"STATE ROUTE 4 EASTBOUND","LONE TREE WAY",3001.00,N,N,A,-,Y,CC,,4," ",R,32.545,H,,R,Y,1,2,0,2,A,-,01,23152,A,N,A,C,A,A,H,-,C,A,0,,,,,Y,Y,A,01,0,0,0,0,0,0,0,0,0,"- ","- ",37.96588134765625,-121.73982238769531,"CONTRA COSTA",BRENTWOOD,-121.7398681640625,37.965896606445312
92364155,2024,2024-04-15,9320,2024-04-05,2100,023644,,5,2,9,0700,0,1,3,,2,404,"SR-4 W/B","BAILEY RD.",3142.00,W,N,B,-,Y,CC,,4," ",R,19.510,H,,L,Y,2,0,1,1,A,-,08,22107,,N,E,8,A,B,H,-,C,D,0,,,,,Y,,A,07,1,0,0,0,0,0,0,0,0,"- ","- ",38.020500183105469,-121.95272064208984,"CONTRA COSTA",UNINCORPORATED,-121.95276641845703,38.020416259765625
92365448,2024,2024-04-16,9370,2024-03-31,1940,023478,,7,2,5,0710,0,1,1,,2,082,"I-80 W/B (EASTSHORE FREEWAY)","CENTRAL AVENUE",500.00,E,N,A,-,Y,CC,,80," "," ",0.486,H,,L,Y,2,0,1,2,A,-,07,21658,A,N,D,C,A,A,H,-,C,D,0,,,,,Y,,A,01,1,0,0,0,0,0,0,0,0,"- ","- ",37.904060363769531,-122.31314849853516,"CONTRA COSTA",RICHMOND,-122.31310272216797,37.904083251953125
92366639,2024,2024-04-17,9320,2024-04-04,"650 ",023760,,4,1,3,0792,0,1,3,,2,240,"SR-24 E/B","WILDER RD",230.00,E,N,B,C,Y,CC,,24," "," ",1.237,H,,R,Y,2,0,1,1,A,-,08,22107,,N,E,I,A,B,H,-,A,D,0,,,,,Y,,A,01,1,0,0,0,0,0,0,0,0,"- ","- ",37.867519378662109,-122.19724273681641,"CONTRA COSTA",ORINDA,-122.19721221923828,37.867454528808594
92368692,2024,2024-04-19,9320,2024-04-13,"950 ",023684,,6,1,5,0712,0,1,1,,2,681,"I680 SOUTHBOUND","OLYMPIC BLVD",463.00,N,N,B,-,Y,CC,,680," "," ",14.118,H,,L,Y,2,0,6,3,A,-,07,21658,A,F,B,C,A,B,C,-,A,D,0,,,,,Y,,-,99,2,0,4,0,0,0,0,0,0,"- ","- ",37.895210266113281,-122.06979370117188,"CONTRA COSTA","WALNUT CREEK",-122.06980895996094,37.895195007324219
92371572,2024,2024-04-22,9370,2024-04-21,"501 ",023579,,7,3,9,0700,0,3,5,,2,010,"MARKET AVENUE E/B (400 BLOCK)","5TH STREET",11.00,W,N,A,-,N,,,,,,,,,,N,2,0,1,2,A,-,11,21954,A,F,G,B,E,A,H,-,C,A,0,Y,,,,Y,,N,60,1,0,0,0,1,0,0,0,0,"- ","- ",37.958709716796875,-122.36438751220703,"CONTRA COSTA",UNINCORPORATED,-122.36425018310547,37.958690643310547