CASE_ID,ACCIDENT_YEAR,PROC_DATE,JURIS,COLLISION_DATE,COLLISION_TIME,OFFICER_ID,REPORTING_DISTRICT,DAY_OF_WEEK,CHP_SHIFT,POPULATION,CNTY_CITY_LOC,SPECIAL_COND,BEAT_TYPE,CHP_BEAT_TYPE,CITY_DIVISION_LAPD,CHP_BEAT_CLASS,BEAT_NUMBER,PRIMARY_RD,SECONDARY_RD,DISTANCE,DIRECTION,INTERSECTION,WEATHER_1,WEATHER_2,STATE_HWY_IND,CALTRANS_COUNTY,CALTRANS_DISTRICT,STATE_ROUTE,ROUTE_SUFFIX,POSTMILE_PREFIX,POSTMILE,LOCATION_TYPE,RAMP_INTERSECTION,SIDE_OF_HWY,TOW_AWAY,COLLISION_SEVERITY,NUMBER_KILLED,NUMBER_INJURED,PARTY_COUNT,PRIMARY_COLL_FACTOR,PCF_CODE_OF_VIOL,PCF_VIOL_CATEGORY,PCF_VIOLATION,PCF_VIOL_SUBSECTION,HIT_AND_RUN,TYPE_OF_COLLISION,MVIW,PED_ACTION,ROAD_SURFACE,ROAD_COND_1,ROAD_COND_2,LIGHTING,CONTROL_DEVICE,CHP_ROAD_TYPE,PEDESTRIAN_ACCIDENT,BICYCLE_ACCIDENT,MOTORCYCLE_ACCIDENT,TRUCK_ACCIDENT,NOT_PRIVATE_PROPERTY,ALCOHOL_INVOLVED,STWD_VEHTYPE_AT_FAULT,CHP_VEHTYPE_AT_FAULT,COUNT_SEVERE_INJ,COUNT_VISIBLE_INJ,COUNT_COMPLAINT_PAIN,COUNT_PED_KILLED,COUNT_PED_INJURED,COUNT_BICYCLIST_KILLED,COUNT_BICYCLIST_INJURED,COUNT_MC_KILLED,COUNT_MC_INJURED,PRIMARY_RAMP,SECONDARY_RAMP,LATITUDE,LONGITUDE,COUNTY,CITY,POINT_X,POINT_Y
92374058,2024,2024-04-24,9320,2024-02-06,1425,021281,,2,2,9,0700,0,2,4,,2,043,"MARSH DRIVE","MOBILE DRIVE",283.00,S,N,B,-,Y,,,,,,,,,,N,1,1,0,2,A,-,11,21954,A,N,G,B,D,A,H,-,A,A,0,Y,,,,Y,,N,60,0,0,0,1,0,0,0,0,0,"- ","- ",37.988449096679688,-122.06294250488281,"CONTRA COSTA",UNINCORPORATED,-122.06294250488281,37.988533020019531
92377135,2024,2024-04-29,9320,2024-04-21,"23  ",022804,,7,3,3,0702,0,1,3,,2,405,"SR-4 WESTBOUND","FAIRVIEW AVE",1580.00,E,N,A,-,Y,CC,,4," ",R,37.385,H,,L,Y,2,0,2,1,A,-,01,23152,A,N,F,I,A,A,H,-,D,A,0,,,,,Y,Y,A,08,1,0,1,0,0,0,0,0,0,"- ","- ",37.902969360351562,-121.72049713134766,"CONTRA COSTA",BRENTWOOD,-121.72030639648438,37.903060913085938
92382219,2024,2024-05-06,9370,2024-04-21,"356 ",023579,,7,3,9,0700,0,3,5,,2,010,"MARKET AVENUE E/B","5TH ST",11.00,W,N,A,-,N,,,,,,,,,,N,2,0,1,2,A,-,11,21954,A,F,G,B,E,A,H,-,C,A,0,Y,,,,Y,,N,60,1,0,0,0,1,0,0,0,0,"- ","- ",37.958709716796875,-122.36438751220703,"CONTRA COSTA",UNINCORPORATED,-122.36425018310547,37.958690643310547
92382231,2024,2024-05-06,9320,2024-04-21,1450,022517,,7,2,5,0712,0,1,1,,2,682,"I-680 SB","S. MAIN STREET",1000.00,N,N,A,-,Y,CC,,680," "," ",13.672,H,,L,N,2,0,1,1,C,-,18,,,N,H,A,A,A,H,-,A,D,0,,,,,Y,,-,"- ",1,0,0,0,0,0,0,0,0,"- ","- ",37.891490936279297,-122.06275177001953,"CONTRA COSTA","WALNUT CREEK",-122.06260681152344,37.891677856445312
92383439,2024,2024-05-07,9370,2024-04-29,1300,023598,,1,1,5,0710,0,1,1,,2,082,"I-80 W/B","CUTTING BOULEVARD",700.00,W,N,A,-,Y,CC,,80," "," ",1.939,H,,L,N,2,0,2,1,A,-,08,22107,,N,E,I,A,A,H,-,A,D,0,,,,,Y,,D,22,1,0,1,0,0,0,0,0,0,"- ","- ",37.923999786376953,-122.31993865966797,"CONTRA COSTA",RICHMOND,-122.32003021240234,37.923954010009766
92387974,2024,2024-05-13,9320,2024-05-03,1825,022525,,5,2,5,0701,0,1,3,,2,404,"SR-4 E/B","HILLCREST AVE",5544.00,E,N,A,-,Y,CC,,4," ",M,30.023,H,,R,Y,2,0,1,1,A,-,08,22107,,N,E,J,A,A,H,-,A,A,0,,,,,Y,,A,07,1,0,0,0,0,0,0,0,0,"- ","- ",37.991649627685547,-121.76624298095703,"CONTRA COSTA",ANTIOCH,-121.76612091064453,37.991840362548828
92391465,2024,2024-05-16,9320,2024-05-04,1335,023496,,6,1,9,0700,0,1,3,,2,401,"SR-4 W/B","ALHAMBRA AVE",2630.00,W,N,C,-,Y,CC,,4," ",R,8.048,H,,L,Y,2,0,4,1,A,-,03,22350,,N,E,I,A,B,H,-,A,A,0,,,,,Y,,A,01,2,2,0,0,0,0,0,0,0,"- ","- ",37.989948272705078,-122.13910675048828,"CONTRA COSTA",UNINCORPORATED,-122.13913726806641,37.989898681640625
92396360,2024,2024-05-22,9320,2024-05-08,"550 ",016094,,3,3,9,0700,0,1,3,,2,404,"SR-4 E/B","HILLCREST AVE",1535.00,E,N,A,-,Y,CC,,4," ",R,29.418,H,,R,Y,2,0,3,2,A,-,07,21658,A,N,C,C,A,A,H,-,B,A,0,,,,Y,Y,,F,26,1,2,0,0,0,0,0,0,0,"- ","- ",37.994541168212891,-121.77671813964844,"CONTRA COSTA",UNINCORPORATED,-121.77670288085938,37.994613647460938
92397975,2024,2024-05-24,9320,2024-05-22,"255 ",023424,,3,3,3,0706,0,1,1,,2,180,"I-80 E/B","SR-4 E/B",902.00,W,N,A,-,Y,CC,,80," "," ",9.875,H,,R,Y,2,0,1,2,A,-,01,23152,A,N,C,C,A,A,H,-,C,A,0,,,,,Y,Y,A,01,1,0,0,0,0,0,0,0,0,"- ","- ",38.012989044189453,-122.27124786376953,"CONTRA COSTA",HERCULES,-122.27117919921875,38.012947082519531
92399149,2024,2024-05-27,9320,2024-05-11,1810,023496,,6,2,9,0700,0,2,4,,2,012,"SAN PABLO DAM RD W/B","HILLCREST DR",300.00,E,N,A,-,N,,,,,,,,,,N,2,0,3,2,A,-,09,21804,B,N,D,C,A,A,H,-,A,A,0,,,Y,,Y,,C,02,1,2,0,0,0,0,0,0,1,"- ","- ",37.965099334716797,-122.31381988525391,"CONTRA COSTA",UNINCORPORATED,-122.31377410888672,37.965053558349609
92405566,2024,2024-06-04,9370,2024-02-19,1506,023377,,1,2,5,0710,0,1,1,,2,083,"I-80 E/B (EASTSHORE FREEWAY)","EL PORTAL DRIVE",123.00,E,N,B,-,Y,CC,,80," "," ",5.294,H,,R,N,1,1,0,1,A,-,03,22350,,N,E,8,A,B,H,-,A,D,0,,,,,Y,,A,07,0,0,0,0,0,0,0,0,0,"- ","- ",37.966579437255859,-122.32187652587891,"CONTRA COSTA",RICHMOND,-122.32201385498047,37.966655731201172
92408788,2024,2024-06-07,9320,2024-05-28,"645 ",023821,,2,1,9,0700,0,1,3,,2,403,"SR-4 W/B","BAILEY RD",5860.00,E,N,A,-,Y,CC,,4," "," ",21.275,H,,L,N,2,0,1,2,A,-,03,22350,,N,C,C,A,A,H,-,A,A,0,,,Y,,Y,,C,02,1,0,0,0,0,0,0,0,1,"- ","- ",38.020130157470703,-121.92134857177734,"CONTRA COSTA",UNINCORPORATED,-121.92134094238281,38.020084381103516
92410031,2024,2024-06-10,9320,2024-05-06,2025,023766,,1,2,9,0700,0,2,4,,2,071,"WILLOW PASS ROAD","CLEARLAND DRIVE",140.00,E,N,A,-,N,,,,,,,,,,N,2,0,1,2,A,-,11,21954,A,N,G,B,D,A,H,-,C,A,0,Y,,,,Y,,N,60,1,0,0,0,1,0,0,0,0,"- ","- ",38.026779174804688,-121.94558715820312,"CONTRA COSTA",UNINCORPORATED,-121.94568634033203,38.026760101318359
92419487,2024,2024-06-20,9370,2024-05-23,"120 ",023182,,4,3,5,0710,0,1,1,,2,058,"I-580 W/B","HARBOUR WAY SOUTH OVERCROSSING",200.00,W,N,B,F,Y,CC,,580," ",R,3.663,H,,L,Y,1,1,0,2,A,-,11,21954,A,N,G,B,E,A,H,-,D,D,0,Y,,,,Y,,N,60,0,0,0,1,0,0,0,0,0,"- ","- ",37.924209594726562,-122.36087036132812,"CONTRA COSTA",RICHMOND,-122.36103057861328,37.924045562744141
92419593,2024,2024-06-20,9320,2024-06-09,1405,022517,,7,2,9,0700,0,1,1,,2,683,"I-680 S/B","WILLOW PASS ROAD",680.00,S,N,A,-,Y,CC,,680," ",R,19.119,H,,L,Y,2,0,2,2,A,-,08,22107,,F,C,C,A,A,H,-,A,A,0,,,,,Y,,A,01,1,0,1,0,0,0,0,0,0,"- ","- ",37.964321136474609,-122.05509948730469,"CONTRA COSTA",UNINCORPORATED,-122.05513000488281,37.964309692382812
92421805,2024,2024-06-24,9320,2024-06-14,2155,023766,,5,2,9,0700,0,2,S,,2,080,"BALFOUR ROAD","DEER VALLEY ROAD",700.00,E,N,A,-,N,,,,,,,,,,N,2,0,1,2,A,-,11,21954,A,F,B,B,E,A,H,-,D,A,0,Y,,,,Y,,N,60,1,0,0,0,1,0,0,0,0,"- ","- ",37.925300598144531,-121.77545166015625,"CONTRA COSTA",UNINCORPORATED,-121.77570343017578,37.925262451171875
92429644,2024,2024-07-03,9320,2024-06-30,"400 ",023760,,7,3,9,0700,0,3,5,,2,060,"FISH RANCH ROAD","GRIZZLY PEAK RD",1162.00,S,N,A,-,N,,,,,,,,,,Y,2,0,1,1,A,-,01,23153,A,N,F,I,A,A,H,-,D,A,0,,,,,Y,Y,A,07,1,0,0,0,0,0,0,0,0,"- ","- ",37.865921020507812,-122.21836090087891,"CONTRA COSTA",UNINCORPORATED,-122.21795654296875,37.8653564453125
92431597,2024,2024-07-05,9320,2024-05-16,"250 ",023781,,4,3,9,0700,0,1,1,,2,683,"I-680 S/B","CONCORD AVE",1056.00,N,N,A,-,Y,CC,,680," "," ",20.080,H,,L,N,2,0,2,2,A,-,03,22350,,N,C,C,A,A,D,-,C,A,0,,,,,Y,,A,01,1,1,0,0,0,0,0,0,0,"- ","- ",37.979011535644531,-122.0653076171875,"CONTRA COSTA",UNINCORPORATED,-122.06537628173828,37.979000091552734
92435405,2024,2024-07-10,9320,2024-01-05,2150,023061,,5,2,9,0700,0,1,1,,2,683,"I-680 S/B","CENTER AVENUE",1009.00,N,N,A,-,Y,CC,,680," "," ",20.590,H,,L,Y,1,1,0,3,A,-,11,21954,A,N,G,1,E,A,H,-,E,A,0,Y,,,,Y,,N,60,0,0,0,1,0,0,0,0,0,"- ","- ",37.986289978027344,-122.06680297851562,"CONTRA COSTA",UNINCORPORATED,-122.06684875488281,37.986282348632812
9244142,2019,2021-06-04,0700,2019-07-12,1657,82735,DAN33,5,5,4,0790,0,0,0,,0,062,"SYCAMORE VALLEY RD","SAN RAMON VALLEY BL",455.00,E,N,A,-,N,,,,,,,,,,Y,2,0,1,2,A,-,03,22350,,N,B,C,A,A,H,-,A,D,0,,,Y,,Y,,C,02,1,0,0,0,0,0,0,0,1,"- ","- ",37.811370849609375,-121.99523162841797,"CONTRA COSTA",DANVILLE,-121.9937744140625,37.811378479003906
9244172,2019,2021-06-04,0700,2019-12-16,1500,69561,,1,5,3,0715,0,0,0,,0,041,"DEER HILL RD","FIRST ST",0.00,,Y,A,-,N,,,,,,,,,,Y,2,0,1,2,A,-,09,21801,A,N,A,C,A,A,H,-,A,A,0,,,,,Y,,A,,1,0,0,0,0,0,0,0,0,"- ","- ",,,"CONTRA COSTA",LAFAYETTE,-122.11669158935547,37.895618438720703
9253889,2021,2021-04-27,0709,2021-03-31,2136,397,3150,3,5,4,0709,0,0,0,,0,001,"MONUMENT BL","MARCIA DR",250.00,E,N,A,-,N,,,,,,,,,,Y,2,0,2,1,A,-,03,22350,,N,B,I,A,A,H,-,C,A,0,,,,,Y,,-,,1,0,1,0,0,0,0,0,0,"- ","- ",37.945598602294922,-122.05370330810547,"CONTRA COSTA","PLEASANT HILL",-122.05393218994141,37.945968627929688
9256105,2021,2021-05-13,0710,2021-01-20,2136,1586,,3,5,5,0710,0,0,0,,0,,"MARINA BAY PKWY",RT-580,0.00,,Y,A,-,Y,CC,4,580,-,R,3.050,R,4,W,N,1,1,0,1,C,-,18,,,N,H,A,A,-,H,-,C,D,0,,,,,Y,,-,"- ",0,0,0,0,0,0,0,0,0,"- ",WF,,,"CONTRA COSTA",RICHMOND,-122.35092926025391,37.921894073486328
9256148,2020,2021-05-27,0700,2020-11-22,1229,78504,33,7,5,4,0790,0,0,0,,0,062,"SAN RAMON VALLEY BL","FOUNTAIN SPRINGS DR",368.00,N,N,A,-,N,,,,,,,,,,Y,1,1,1,2,A,-,17,21208,B,N,H,G,A,A,H,-,A,D,0,,Y,Y,,Y,,L,04,1,0,0,0,0,0,1,1,0,"- ","- ",37.793998718261719,-121.98442840576172,"CONTRA COSTA",DANVILLE,-121.98465728759766,37.794605255126953
9256248,2021,2021-06-24,0714,2021-04-08,0808,168,15,4,5,4,0714,0,0,0,,0,003,"ARNOLD DR (1815 BLOCK)","ARNOLD DR",4.00,S,N,A,-,N,,,,,,,,,,N,1,1,0,2,A,-,08,22107,,N,B,G,A,A,H,-,B,D,0,,Y,,,Y,,L,04,0,0,0,0,0,1,0,0,0,"- ","- ",37.991138458251953,-122.09648895263672,"CONTRA COSTA",MARTINEZ,,
9256505,2021,2023-06-20,0711,2021-03-25,1513,1129,BAY,4,5,4,0711,0,0,0,,0,002,"SAN PABLO DAM RD","BARRANCA ST",0.00,,Y,A,-,N,,,,,,,,,,Y,1,1,0,2,A,-,01,23152,F,N,D,C,A,A,H,-,A,D,0,,,Y,,Y,Y,C,02,0,0,0,0,0,0,0,1,0,"- ","- ",,,"CONTRA COSTA","SAN PABLO",-122.32019805908203,37.963817596435547
9263835,2020,2021-05-19,0700,2020-12-05,0820,76509,0700,6,5,3,0792,0,0,0,,0,081,"ORINDA WY","IRWIN WY",0.00,,Y,A,-,N,,,,,,,,,,Y,2,0,1,2,A,-,03,22350,,N,G,B,B,A,H,-,A,D,0,Y,,,,Y,,-,,1,0,0,0,1,0,0,0,0,"- ","- ",,,"CONTRA COSTA",ORINDA,-122.19023132324219,37.884288787841797
9263836,2020,2021-05-19,0700,2020-12-29,1529,50977,33,2,5,4,0790,0,0,0,,0,061,"SAN RAMON VALLEY BL","LIVERY MERCHANTLE",6.00,S,N,A,-,N,,,,,,,,,,,2,0,3,4,A,-,10,21950,A,N,G,B,B,A,H,-,A,A,0,Y,,,,Y,,-,,1,0,2,0,3,0,0,0,0,"- ","- ",,,"CONTRA COSTA",DANVILLE,,
9270126,2019,2021-06-07,0700,2019-01-03,2300,71144,DAN,4,5,4,0790,0,0,0,,0,062,"SYCAMORE VALLEY RD","GREENBROOK CT",371.00,W,N,A,-,N,,,,,,,,,,Y,2,0,1,1,A,-,08,22107,,N,E,I,A,-,H,-,C,D,0,,,,,Y,,D,22,1,0,0,0,0,0,0,0,0,"- ","- ",37.811908721923828,-121.97662353515625,"CONTRA COSTA",DANVILLE,-121.97789764404297,37.811466217041016
9277549,2021,2021-06-17,0707,2021-05-17,1911,433,BAY,1,5,3,0707,0,0,0,,0,003,"APPIAN WY","MICHAEL DR",5.00,N,N,A,-,N,,,,,,,,,,N,2,0,1,1,A,-,03,22350,A,N,E,I,A,A,H,-,A,D,0,,,Y,,Y,,C,02,1,0,0,0,0,0,0,0,1,"- ","- ",,,"CONTRA COSTA",PINOLE,-122.29900360107422,37.989963531494141
9284248,2021,2021-07-09,0710,2021-04-20,0100,1685,NORTH,2,5,5,0710,0,0,0,,0,007,"SAN PABLO AV","ESMOND AV",50.00,S,N,A,-,N,,,,,,,,,,N,2,0,2,2,A,-,08,22107,,N,B,E,A,A,H,-,C,A,0,,,,,Y,,A,01,1,1,0,0,0,0,0,0,0,"- ","- ",37.945148468017578,-122.32990264892578,"CONTRA COSTA",RICHMOND,-122.32985687255859,37.94537353515625
9284250,2021,2021-07-09,0710,2021-04-19,1336,1687,CENTR,1,5,5,0710,0,0,0,,0,004,"BARRETT AV","19TH ST",6.00,W,N,A,-,N,,,,,,,,,,N,2,0,1,2,A,-,10,21950,A,F,G,B,B,A,H,-,A,A,0,Y,,,,Y,,A,08,1,0,0,0,1,0,0,0,0,"- ","- ",37.938480377197266,-122.38182067871094,"CONTRA COSTA",RICHMOND,-122.35153198242188,37.938461303710938
9290175,2021,2021-07-27,0711,2021-04-29,0448,S1067,BAY,4,5,4,0711,0,0,0,,0,001,"EL PORTAL DR","CHURCH LANE",0.00,,Y,A,-,N,,,,,,,,,,Y,2,0,1,2,A,-,11,21950,B,F,G,B,B,A,H,-,C,A,0,Y,,,,Y,,N,60,1,0,0,0,1,0,0,0,0,"- ","- ",,,"CONTRA COSTA","SAN PABLO",-122.33634185791016,37.963169097900391
9290588,2021,2021-08-09,0702,2021-06-02,0650,502M,418B,3,5,3,0702,0,0,0,,0,004,"GRIFFITH LN","CONTINENTE AV",0.00,,Y,A,-,N,,,,,,,,,,N,2,0,1,2,A,-,10,21950,A,N,G,B,B,A,H,-,A,A,0,Y,,,,Y,,A,07,1,0,0,0,1,0,0,0,0,"- ","- ",37.922351837158203,-121.70459747314453,"CONTRA COSTA",BRENTWOOD,-121.70486450195312,37.921974182128906
9294508,2021,2021-08-09,0714,2021-06-21,0841,114,102,1,5,4,0714,0,0,0,,0,001,"D ST","ALHAMBRA AV",60.00,E,N,A,-,N,,,,,,,,,,N,2,0,1,1,B,-,22,,,N,H,G,A,A,H,-,A,D,0,,Y,,,Y,,L,04,1,0,0,0,0,0,1,0,0,"- ","- ",38.003749847412109,-122.13123321533203,"CONTRA COSTA",MARTINEZ,-122.13112640380859,38.003730773925781
9301734,2021,2023-06-20,0707,2021-07-02,2112,211377,BAY,5,5,3,0707,0,0,0,,0,001,"SAN PABLO AV","MAIDEN LN",127.00,E,N,A,-,N,,,,,,,,,,Y,1,1,0,2,A,-,11,21955,,N,G,B,D,A,H,-,C,D,0,Y,,,,Y,Y,N,60,0,0,0,1,0,0,0,0,0,"- ","- ",,,"CONTRA COSTA",PINOLE,-122.29701232910156,38.004158020019531
9301766,2021,2023-06-20,0740,2021-05-05,1216,SR078,SR72,3,5,4,0791,0,0,0,,0,001,"CROW CANYON RD","BOLLINGER CANYON RD",0.00,,Y,A,-,N,,,,,,,,,,Y,1,1,3,3,A,-,12,21453,A,N,D,D,A,A,H,-,A,A,0,,,,,Y,,D,22,0,1,2,0,0,0,0,0,0,"- ","- ",37.772678375244141,-121.99591064453125,"CONTRA COSTA","SAN RAMON",-121.99594879150391,37.772621154785156
9309863,2021,2021-08-19,0710,2021-05-05,2300,1224,SOUTH,3,5,5,0710,0,0,0,,0,003,"CUTTING BL","S 49TH ST",580.00,E,N,A,-,N,,,,,,,,,,Y,2,0,1,1,A,-,05,21650,,M,E,I,A,A,H,-,C,A,0,,,,,Y,,A,01,1,0,0,0,0,0,0,0,0,"- ","- ",,,"CONTRA COSTA",RICHMOND,-122.32175445556641,37.925518035888672
9309890,2021,2021-08-20,0710,2021-05-25,1801,1729,SOUTH,2,5,5,0710,0,0,0,,0,003,"PLAZA WY","S 49TH ST",154.00,E,N,A,-,N,,,,,,,,,,N,2,0,1,1,A,-,03,22350,,N,A,I,A,A,H,-,A,D,0,,,,,Y,,A,01,1,0,0,0,0,0,0,0,0,"- ","- ",,,"CONTRA COSTA",RICHMOND,-122.32302856445312,37.924289703369141
9320119,2021,2021-12-07,0708,2021-08-10,1106,341,8205,2,5,5,0708,0,0,0,,0,002,"EAST 14TH ST","PITTSBURG-ANTIOCH HWY",0.00,,Y,A,-,N,,,,,,,,,,Y,1,1,0,1,A,-,01,23152,F,N,E,I,A,A,H,-,A,A,0,,,,,Y,,E,22,0,0,0,0,0,0,0,0,0,"- ","- ",,,"CONTRA COSTA",PITTSBURG,-121.87277221679688,38.019393920898438
9320223,2021,2021-12-23,0712,2021-10-15,0703,P386,,5,5,5,0712,0,0,0,,0,003,"YGNACIO VALLEY RD","OAK GROVE RD",2400.00,E,N,A,-,N,,,,,,,,,,Y,1,1,1,2,A,-,11,21954,A,N,G,B,D,A,H,-,B,D,0,Y,,,,Y,,N,60,0,1,0,1,0,0,0,0,0,"- ","- ",,,"CONTRA COSTA","WALNUT CREEK",-122.00678253173828,37.929508209228516
9320262,2021,2022-01-19,0700,2021-08-25,1251,013,DELTA,3,5,3,0734,0,0,0,,0,052,"EAST CYPRESS RD","BNSF RAILROAD",0.00,,Y,A,-,N,,,,,,,,,,Y,1,1,1,3,A,-,00,22526,D,N,H,F,A,A,H,-,A,A,0,,,,,Y,,A,01,1,0,0,0,0,0,0,0,0,"- ","- ",,,"CONTRA COSTA",OAKLEY,,
9320688,2021,2023-06-20,0714,2021-12-03,1234,165,"19 4 ",5,5,4,0714,0,0,0,,0,003,"CENTER AV",MINARET,0.00,,Y,A,-,N,,,,,,,,,,Y,1,1,0,2,A,-,09,21801,B,N,D,C,A,A,H,-,A,A,0,,,Y,,Y,Y,C,02,0,0,0,0,0,0,0,1,0,"- ","- ",37.98358154296875,-122.08007049560547,"CONTRA COSTA",MARTINEZ,-122.08007049560547,37.983589172363281
9322295,2021,2021-09-27,0710,2021-07-27,1901,1655,CENTR,2,5,5,0710,0,0,0,,0,006,"4TH ST","MACDONALD AV",0.00,,Y,A,-,N,,,,,,,,,,Y,2,0,1,2,A,-,10,21950,A,F,G,B,B,A,H,-,A,A,0,Y,,,,Y,,A,01,1,0,0,0,1,0,0,0,0,"- ","- ",37.935798645019531,-122.36553955078125,"CONTRA COSTA",RICHMOND,-122.36563873291016,37.935718536376953
93280927,2024,2024-08-02,9320,2024-07-23,2250,023057,,2,3,9,0700,0,2,4,,2,071,"WILLOW PASS ROAD","CLEARLAND DRIVE",0.00,,Y,A,-,N,,,,,,,,,,Y,2,0,2,2,A,-,09,21801,A,N,D,C,A,A,H,-,C,A,0,,,Y,,Y,,-,"- ",1,0,1,0,0,0,0,0,1,"- ","- ",38.026699066162109,-121.94609832763672,"CONTRA COSTA",UNINCORPORATED,-121.9461669921875,38.026771545410156
9343736,2021,2021-10-11,0710,2021-06-07,1634,1729,,1,5,5,0710,0,0,0,,0,,"CARLSON BL","SUTTER AV",50.00,S,N,A,-,,,,,,,,,,,Y,2,0,1,2,A,-,03,22350,,F,A,I,A,A,H,-,A,B,0,,,,,Y,Y,A,01,1,0,0,0,0,0,0,0,0,"- ","- ",37.909000396728516,-122.30940246582031,"CONTRA COSTA",RICHMOND,-122.30943298339844,37.908832550048828
93490882,2024,2024-08-05,9320,2024-07-22,"30  ",023028,,1,3,5,0708,0,1,3,,2,403,"SR-4 EASTBOUND","BAILEY RD",931.00,W,N,A,-,Y,CC,,4," ",R,19.929,H,,R,Y,2,0,1,1,A,-,01,23152,A,N,E,8,A,A,H,-,C,A,0,,,,,Y,Y,A,08,1,0,0,0,0,0,0,0,0,"- ","- ",38.018608093261719,-121.94538116455078,"CONTRA COSTA",PITTSBURG,-121.94537353515625,38.018772125244141
9355553,2021,2021-10-27,0710,2021-08-21,1548,1716,CENTR,6,5,5,0710,0,0,0,,0,004,"15TH ST","LINCOLN AV",0.00,,Y,A,-,N,,,,,,,,,,N,2,0,3,2,A,-,09,21802,A,F,D,C,A,A,H,-,A,A,0,,,,,Y,,A,01,1,0,2,0,0,0,0,0,0,"- ","- ",37.946060180664062,-122.35566711425781,"CONTRA COSTA",RICHMOND,-122.35552978515625,37.945953369140625
9371864,2021,2022-04-14,0704,2021-10-31,0017,0533,,7,5,6,0704,0,0,0,,0,004,"WILLOW PASS RD","PORT CHICAGO HWY",0.00,,Y,B,-,N,,,,,,,,,,Y,2,0,7,2,A,-,01,23153,A,N,D,C,A,A,H,-,C,A,0,,,,,Y,Y,A,01,3,3,1,0,0,0,0,0,0,"- ","- ",37.978141784667969,-122.02935028076172,"CONTRA COSTA",CONCORD,-122.02960205078125,37.97857666015625
9374001,2021,2021-12-13,0711,2021-10-23,1942,1101,RICHM,6,5,4,0711,0,0,0,,0,001,"EL PORTAL DR","MISSION BELL DR",0.00,,Y,C,G,N,,,,,,,,,,,2,0,1,2,A,-,00,12500,A,N,G,B,B,B,H,-,D,-,0,Y,,,,Y,,-,"- ",1,0,0,0,1,0,0,0,0,"- ","- ",,,"CONTRA COSTA","SAN PABLO",-122.34353637695312,37.966861724853516
9375671,2021,2021-12-29,0740,2021-11-12,1716,SR119,ST,5,5,4,0791,0,0,0,,0,006,"WINDEMERE PKWY","HOLBORN WY",12.00,W,N,A,-,N,,,,,,,,,,Y,2,0,1,2,A,-,10,21950,A,N,G,B,B,A,H,-,B,A,0,Y,,,,Y,,-,,1,0,0,0,1,0,0,0,0,"- ","- ",37.746170043945312,-121.88980865478516,"CONTRA COSTA","SAN RAMON",-121.88983154296875,37.746212005615234
93764103,2024,2024-08-06,9320,2024-08-01,1635,022462,,4,2,9,0700,0,1,1,,2,180,"INTERSTATE 80 WESTBOUND","CUMMINGS SKYWAY",5000.00,W,N,A,-,Y,CC,,80," "," ",11.745,H,,L,Y,2,0,1,1,A,-,08,22107,,N,A,I,A,A,H,-,A,A,0,,,,,Y,,A,01,1,0,0,0,0,0,0,0,0,"- ","- ",38.034759521484375,-122.25102233886719,"CONTRA COSTA",UNINCORPORATED,-122.25112152099609,38.034816741943359
9390742,2021,2022-01-21,0712,2021-11-24,1427,P632,,3,5,5,0712,0,0,0,,0,001,"MOUNT DIABLO BL","MOUNT PISGAH RD",0.00,,Y,A,-,N,,,,,,,,,,N,2,0,1,3,B,-,22,,,N,H,J,A,A,H,-,A,A,0,,,Y,,Y,,A,01,1,0,0,0,0,0,0,0,1,"- ","- ",,,"CONTRA COSTA","WALNUT CREEK",-122.05720520019531,37.898513793945312
9396704,2021,2022-02-08,0712,2021-10-15,2239,P549,,5,5,5,0712,0,0,0,,0,003,"YGNACIO VALLEY RD","WALNUT BL",0.00,,Y,C,-,N,,,,,,,,,,Y,2,0,1,1,A,-,08,22107,,N,E,I,A,B,B,-,C,A,0,,,,,Y,,A,01,1,0,0,0,0,0,0,0,0,"- ","- ",,,"CONTRA COSTA","WALNUT CREEK",-122.05490875244141,37.908126831054688
94020694,2024,2024-08-12,9320,2024-07-28,"140 ",023028,,7,3,3,0702,0,1,3,,2,405,"SR-4 W/B","BALFOUR RD",3942.00,W,N,A,-,Y,CC,,4," ",M,34.850,H,,L,Y,2,0,1,1,A,-,08,22107,,N,E,I,A,A,H,-,C,A,0,,,,,Y,,A,01,1,0,0,0,0,0,0,0,0,"- ","- ",37.9356689453125,-121.73754119873047,"CONTRA COSTA",BRENTWOOD,-121.73757171630859,37.935661315917969
9413717,2022,2022-02-22,0711,2022-01-28,1550,S1159,BAY,5,5,4,0711,0,0,0,,0,002,"SAN PABLO DAM RD","MORROW DR",180.00,W,N,A,-,N,,,,,,,,,,Y,2,0,4,2,A,-,05,21651,B,N,B,D,A,A,H,-,A,A,0,,,,,Y,,A,01,1,0,3,0,0,0,0,0,0,"- ","- ",,,"CONTRA COSTA","SAN PABLO",-122.32933807373047,37.959590911865234