CASE_ID,ACCIDENT_YEAR,PROC_DATE,JURIS,COLLISION_DATE,COLLISION_TIME,OFFICER_ID,REPORTING_DISTRICT,DAY_OF_WEEK,CHP_SHIFT,POPULATION,CNTY_CITY_LOC,SPECIAL_COND,BEAT_TYPE,CHP_BEAT_TYPE,CITY_DIVISION_LAPD,CHP_BEAT_CLASS,BEAT_NUMBER,PRIMARY_RD,SECONDARY_RD,DISTANCE,DIRECTION,INTERSECTION,WEATHER_1,WEATHER_2,STATE_HWY_IND,CALTRANS_COUNTY,CALTRANS_DISTRICT,STATE_ROUTE,ROUTE_SUFFIX,POSTMILE_PREFIX,POSTMILE,LOCATION_TYPE,RAMP_INTERSECTION,SIDE_OF_HWY,TOW_AWAY,COLLISION_SEVERITY,NUMBER_KILLED,NUMBER_INJURED,PARTY_COUNT,PRIMARY_COLL_FACTOR,PCF_CODE_OF_VIOL,PCF_VIOL_CATEGORY,PCF_VIOLATION,PCF_VIOL_SUBSECTION,HIT_AND_RUN,TYPE_OF_COLLISION,MVIW,PED_ACTION,ROAD_SURFACE,ROAD_COND_1,ROAD_COND_2,LIGHTING,CONTROL_DEVICE,CHP_ROAD_TYPE,PEDESTRIAN_ACCIDENT,BICYCLE_ACCIDENT,MOTORCYCLE_ACCIDENT,TRUCK_ACCIDENT,NOT_PRIVATE_PROPERTY,ALCOHOL_INVOLVED,STWD_VEHTYPE_AT_FAULT,CHP_VEHTYPE_AT_FAULT,COUNT_SEVERE_INJ,COUNT_VISIBLE_INJ,COUNT_COMPLAINT_PAIN,COUNT_PED_KILLED,COUNT_PED_INJURED,COUNT_BICYCLIST_KILLED,COUNT_BICYCLIST_INJURED,COUNT_MC_KILLED,COUNT_MC_INJURED,PRIMARY_RAMP,SECONDARY_RAMP,LATITUDE,LONGITUDE,COUNTY,CITY,POINT_X,POINT_Y
9432124,2024,2024-12-19,0702,2024-10-15,"827 ",623J,305B,2,5,3,0702,0,0,0,,0,003,"SPRUCE ST","BRENTWOOD BLVD",305.00,E,N,A,-,N,,,,,,,,,,N,2,0,1,2,A,-,11,21954,A,F,G,B,E,A,H,-,A,D,0,Y,,,,Y,,N,60,1,0,0,0,1,0,0,0,0,"- ","- ",37.93743896484375,-121.69544219970703,"CONTRA COSTA",BRENTWOOD,-121.69535827636719,37.937286376953125
94356871,2024,2024-08-16,9320,2024-08-05,2150,022828,,1,2,6,0704,0,1,3,,2,402,"EASTBOUND STATE ROUTE 4 FROM PORT CHICAGO HIGHWAY","WILLOW PASS ROAD",1330.00,W,N,A,-,Y,CC,,4," ",R,15.806,H,,R,N,2,0,1,2,C,-,18,,,N,E,9,A,A,A,-,C,A,0,,,Y,,Y,,-,"- ",1,0,0,0,0,0,0,0,1,"- ","- ",38.010398864746094,-122.01618194580078,"CONTRA COSTA",CONCORD,-122.01622009277344,38.010551452636719
94365041,2024,2024-08-22,9320,2024-08-09,2120,022835,,5,2,5,0701,0,1,3,,2,404,"SR-4 E/B","LONE TREE WAY",500.00,E,N,A,-,Y,CC,,4," ",R,28.036,H,,R,N,2,0,1,2,A,-,08,22107,,N,B,C,A,A,H,-,C,A,0,,,,,Y,,A,01,1,0,0,0,0,0,0,0,0,"- ","- ",37.998088836669922,-121.80178070068359,"CONTRA COSTA",ANTIOCH,-121.80178070068359,37.998031616210938
94375959,2024,2024-08-29,9320,2024-06-09,"522 ",023496,,7,3,6,0704,0,1,3,,2,242,"SR-242 S/B","WILLOW PASS RD",2000.00,S,N,B,-,Y,CC,,242," ",R,0.513,H,,L,Y,1,1,0,2,A,-,11,21954,A,N,G,B,E,A,H,-,B,A,0,Y,,,,Y,Y,N,60,0,0,0,1,0,0,0,0,0,"- ","- ",37.965751647949219,-122.04933929443359,"CONTRA COSTA",CONCORD,-122.04941558837891,37.965766906738281
94384361,2024,2024-09-06,9320,2024-07-06,"709 ",023424,,6,1,3,0715,0,1,3,,2,241,"SR-24 E/B","PLEASANT HILL RD.",2136.00,W,N,A,-,Y,CC,,24," ",R,7.262,H,,R,Y,1,1,0,1,A,-,08,22107,,N,E,I,A,A,H,-,A,A,0,,,,,Y,,A,07,0,0,0,0,0,0,0,0,0,"- ","- ",37.896720886230469,-122.10341644287109,"CONTRA COSTA",LAFAYETTE,-122.10340881347656,37.896663665771484
94388093,2024,2024-09-10,9320,2024-08-19,1345,023760,,1,1,5,0708,0,1,3,,2,403,"SR-4 EASTBOUND","RAILROAD AVE",4224.00,W,N,A,-,Y,CC,,4," "," ",21.741,H,,R,Y,2,0,3,3,A,-,08,22107,,N,B,2,A,A,H,-,A,A,0,,,,,Y,,-,"- ",1,0,2,0,0,0,0,0,0,"- ","- ",38.019920349121094,-121.912841796875,"CONTRA COSTA",PITTSBURG,-121.912841796875,38.019924163818359
9440172,2022,2022-04-27,0712,2022-03-23,0915,P386,,3,5,5,0712,0,0,0,,0,001,"WALNUT BL","ECKLEY LN",0.00,,Y,A,-,N,,,,,,,,,,N,2,0,1,2,A,-,09,21801,A,N,A,G,A,A,H,-,A,D,0,,Y,,,Y,,A,01,1,0,0,0,0,0,1,0,0,"- ","- ",,,"CONTRA COSTA","WALNUT CREEK",-122.04761505126953,37.898136138916016
9440941,2022,2022-05-09,0700,2022-01-30,0947,032,"O PD",7,5,3,0734,0,0,0,,0,052,"EAST CYPRESS RD","JERSEY ISLAND RD",3115.00,E,N,E,-,N,,,,,,,,,,Y,2,0,8,3,A,-,05,21650,,N,A,C,A,A,H,-,A,A,0,,,,,Y,,A,01,3,3,2,0,0,0,0,0,0,"- ","- ",,,"CONTRA COSTA",OAKLEY,-121.64836883544922,37.99066162109375
94410625,2024,2024-09-27,9320,2024-09-20,1550,022517,,5,2,4,0714,0,1,3,,2,402,"SR-4 EB",PACHECO,1000.00,W,N,A,-,Y,CC,,4," ",R,11.303,H,,R,Y,2,0,5,4,A,-,03,22350,,N,C,C,A,A,H,-,A,A,0,,,,,Y,,D,22,1,0,4,0,0,0,0,0,0,"- ","- ",37.991180419921875,-122.08357238769531,"CONTRA COSTA",MARTINEZ,-122.08357238769531,37.991195678710938
9441416,2022,2022-05-26,0700,2022-04-27,1546,042,,3,5,3,0734,0,0,0,,0,051,"FETZER LN","FETZER CT",0.00,,Y,A,-,N,,,,,,,,,,Y,2,0,3,2,A,-,05,21460,A,N,A,C,A,A,H,-,A,D,0,,,,,Y,,A,08,1,0,2,0,0,0,0,0,0,"- ","- ",38.002548217773438,-121.71472930908203,"CONTRA COSTA",OAKLEY,-121.71469879150391,38.002582550048828
94424992,2023,2024-10-09,9320,2023-12-16,2352,022908,,6,3,4,0714,0,1,3,,2,402,"STATE ROUTE 4 WESTBOUND","CENTER AVENUE",2349.00,E,N,A,-,Y,CC,,4," ",R,9.648,H,,L,Y,1,1,2,1,A,-,01,23152,A,F,E,I,A,A,H,-,D,A,0,,,,,Y,Y,A,07,1,1,0,0,0,0,0,0,0,"- ","- ",37.996498107910156,-122.11225891113281,"CONTRA COSTA",MARTINEZ,-122.11229705810547,37.996406555175781
94440424,2023,2025-05-23,9370,2023-10-22,"554 ",023081,,7,3,5,0710,0,1,1,,2,082,"I-80 E/B","CUTTING BOULEVARD",1842.00,E,N,B,C,Y,CC,,80," "," ",2.412,H,,R,Y,1,1,2,6,A,-,03,22350,,N,C,C,A,B,G,-,D,D,0,,,,Y,Y,,F,26,0,2,0,0,0,0,0,0,0,"- ","- ",37.930000305175781,-122.32396697998047,"CONTRA COSTA",RICHMOND,-122.323974609375,37.930000305175781
94448088,2024,2024-10-28,9370,2024-10-19,1550,023900,,6,2,5,0710,0,1,1,,2,083,"INTERSTATE 80 WESTBOUND","HILLTOP DRIVE",45.00,W,N,A,-,Y,CC,,80," "," ",5.973,H,,L,Y,2,0,4,2,A,-,08,22107,,F,B,C,A,A,H,-,A,D,0,,,,,Y,,-,99,1,2,1,0,0,0,0,0,0,"- ","- ",37.976119995117188,-122.31855773925781,"CONTRA COSTA",RICHMOND,-122.31863403320312,37.97613525390625
94453026,2024,2024-11-06,9320,2024-10-29,"840 ",017530,,2,1,5,0701,0,1,3,,2,405,"SR4 W/B","LONE TREE WAY",3115.00,W,N,A,-,Y,CC,,4," ",R,32.270,H,,L,Y,2,0,1,1,A,-,08,22107,,N,E,8,A,A,H,-,A,A,0,,,,,Y,,A,07,1,0,0,0,0,0,0,0,0,"- ","- ",37.969181060791016,-121.73844146728516,"CONTRA COSTA",ANTIOCH,-121.73851776123047,37.96917724609375
94459740,2023,2024-11-06,9320,2023-10-30,"125 ",023028,,1,3,9,0700,0,1,1,,2,180,"I-80 EASTBOUND FROM CUMMINGS SKYWAY","CUMMINGS SKYWAY",15.00,E,N,A,-,Y,,,,,,,,,,Y,1,1,0,1,A,-,03,22350,,N,E,I,A,A,H,-,C,A,0,,,,,Y,,A,01,0,0,0,0,0,0,0,0,0,"- ","- ",38.045101165771484,-122.23673248291016,"CONTRA COSTA",UNINCORPORATED,-122.23574829101562,38.046749114990234
94460191,2024,2024-11-06,9320,2024-10-29,1925,022743,,2,2,5,0712,0,1,1,,2,682,"I-680 N/B","OAK PARK BLVD",600.00,N,N,A,-,Y,CC,,680," "," ",17.010,H,,R,N,2,0,1,1,A,-,08,22107,,N,F,A,A,A,H,-,C,C,0,,,Y,,Y,,C,02,1,0,0,0,0,0,0,0,1,"- ","- ",37.935108184814453,-122.05998992919922,"CONTRA COSTA","WALNUT CREEK",-122.06009674072266,37.935108184814453
94461673,2024,2024-11-07,9320,2024-10-30,1833,019759,,3,2,9,0700,0,2,4,,2,086,"KNIGHTSEN AVE.","CYPRESS AVE.",600.00,S,N,A,-,N,,,,,,,,,,Y,2,0,1,2,A,-,01,23152,A,N,D,C,A,A,H,-,D,A,0,,,,,Y,Y,A,01,1,0,0,0,0,0,0,0,0,"- ","- ",37.9888916015625,-121.66829681396484,"CONTRA COSTA",UNINCORPORATED,-121.66831207275391,37.989013671875
94472830,2024,2024-11-18,9320,2024-10-27,1730,023766,,7,2,5,0712,0,1,1,,2,682,"INTERSTATE 680 SOUTHBOUND","CONTRA COSTA CANAL TRAIL",792.00,S,N,A,-,Y,CC,,680," "," ",15.966,H,,L,Y,2,0,2,3,A,-,03,22350,,N,C,2,A,A,H,-,A,A,0,,,,,Y,,A,01,1,1,0,0,0,0,0,0,0,"- ","- ",37.920391082763672,-122.06240081787109,"CONTRA COSTA","WALNUT CREEK",-122.06246185302734,37.920406341552734
94472840,2024,2024-11-18,9320,2024-10-27,"130 ",023775,,7,3,6,0704,0,1,3,,2,242,"SR-242 N/B","OLIVERA RD",528.00,S,N,A,-,Y,CC,,242," ",R,2.672,H,,R,Y,2,0,2,2,A,-,01,23152,A,N,C,C,A,A,H,-,C,A,0,,,,,Y,Y,A,01,1,1,0,0,0,0,0,0,0,"- ","- ",37.995780944824219,-122.03872680664062,"CONTRA COSTA",CONCORD,-122.03878021240234,37.99578857421875
94474254,2024,2024-11-18,9320,2024-08-30,2343,022994,,5,3,6,0704,0,1,3,,2,402,"SR-4 EASTBOUND TO SOLANO WAY",SOLANO,412.00,E,N,A,-,Y,,,,,,,,,,Y,2,0,1,1,A,-,01,23152,A,N,F,A,A,A,H,-,D,A,0,,,Y,,Y,Y,C,02,1,0,0,0,0,0,0,0,1,"- ","- ",38.001010894775391,-122.05152893066406,"CONTRA COSTA",CONCORD,-122.05173492431641,38.001209259033203
94486689,2024,2024-11-27,9320,2024-10-31,1035,016584,,4,1,9,0700,0,1,1,,2,180,"I-80 E/B","CALIFORNIA ST.",874.00,E,N,A,-,Y,CC,,80," "," ",11.508,H,,R,Y,1,1,0,2,A,-,08,22107,,N,E,8,A,A,H,-,A,A,0,,,,,Y,,A,07,0,0,0,0,0,0,0,0,0,"- ","- ",38.032009124755859,-122.25363159179688,"CONTRA COSTA",UNINCORPORATED,-122.25352478027344,38.031944274902344
94490589,2024,2024-12-03,9320,2024-06-22,1730,023680,,6,2,9,0700,0,2,4,,2,086,"BYRON HWY","MARSH CREEK RD",2341.00,N,N,A,-,N,,,,,,,,,,Y,2,0,1,1,A,-,01,23152,A,N,E,I,A,A,H,-,A,A,0,,,,,Y,Y,D,22,1,0,0,0,0,0,0,0,0,"- ","- ",37.902908325195312,-121.64144134521484,"CONTRA COSTA",UNINCORPORATED,-121.64131164550781,37.902858734130859
94532920,2024,2025-01-10,9320,2024-12-31,2320,023684,,2,3,9,0700,0,2,4,,1,042,"PACHECO BLVD","CENTER AVE",1162.00,N,N,A,-,N,,,,,,,,,,Y,2,0,1,1,A,-,01,23152,A,N,E,8,A,A,H,-,C,A,0,,,,,Y,Y,A,07,1,0,0,0,0,0,0,0,0,"- ","- ",37.986690521240234,-122.06912231445312,"CONTRA COSTA",UNINCORPORATED,-122.0689697265625,37.986259460449219
94538076,2025,2025-01-15,9320,2025-01-07,"625 ",016503,,2,1,9,0700,0,1,3,,2,240,"SR-24 E/B","FISH RANCH RD O/C",2165.00,E,N,A,-,Y,CC,,24," "," ",0.828,H,,R,Y,2,0,1,1,A,-,08,22107,,N,F,0,A,A,H,-,C,D,0,,,Y,,Y,,C,02,1,0,0,0,0,0,0,0,1,"- ","- ",37.866279602050781,-122.20572662353516,"CONTRA COSTA",UNINCORPORATED,-122.20573425292969,37.866294860839844
94543621,2025,2025-01-21,9370,2025-01-03,1410,023801,,5,2,5,0710,0,1,1,,2,082,"I-80 E/B","CARLSON BOULEVARD",298.00,E,N,A,-,Y,CC,,80," "," ",1.075,H,,R,Y,2,0,1,2,A,-,03,22350,,F,B,C,A,B,H,-,A,D,0,,,Y,,Y,,C,02,1,0,0,0,0,0,0,0,1,"- ","- ",37.911811828613281,-122.3173828125,"CONTRA COSTA",RICHMOND,-122.31731414794922,37.911811828613281
94547355,2025,2025-01-23,9370,2025-01-14,"405 ",023344,,2,3,9,0700,0,3,5,,2,010,"RICHMOND PKWY","PITTSBURG AVE",0.00,,Y,A,-,Y,,,,,,,,,,Y,2,0,2,2,A,-,11,21453,D,N,A,C,A,A,H,-,C,A,0,,,,,Y,,D,22,2,0,0,0,0,0,0,0,0,"- ","- ",37.963211059570312,-122.37368011474609,"CONTRA COSTA",UNINCORPORATED,-122.37376403808594,37.963169097900391
94549992,2024,2025-01-27,9320,2024-11-23,"30  ",023680,,6,3,3,0792,0,1,3,,2,240,"SR-24 E/B","CAMINO PABLO",3960.00,W,N,B,C,Y,CC,,24," ",R,1.835,H,,R,Y,2,0,2,2,A,-,01,23152,A,N,E,8,A,B,H,-,C,A,0,,,,,Y,Y,A,01,1,0,1,0,0,0,0,0,0,"- ","- ",37.873210906982422,-122.18845367431641,"CONTRA COSTA",ORINDA,-122.18852233886719,37.873268127441406
94553649,2025,2025-01-29,9320,2025-01-18,1457,019850,,6,2,9,0700,0,2,4,,1,042,"PACHECO BLVD","SHELL AVE",0.00,,Y,A,-,N,,,,,,,,,,Y,2,0,2,2,A,-,01,23152,A,N,D,C,A,A,H,-,A,A,0,,,,,Y,Y,A,01,1,0,1,0,0,0,0,0,0,"- ","- ",38.012821197509766,-122.11781311035156,"CONTRA COSTA",UNINCORPORATED,-122.11792755126953,38.012886047363281
94554177,2024,2025-01-29,9320,2024-09-08,1956,023788,,7,2,9,0700,0,2,4,,2,071,"WILLOW PASS RD","SOLANO ST",62.00,E,N,A,-,N,,,,,,,,,,N,2,0,1,2,A,-,11,21954,A,N,G,B,D,A,H,-,C,A,0,Y,,,,Y,,N,60,1,0,0,0,1,0,0,0,0,"- ","- ",38.026718139648438,-121.93959045410156,"CONTRA COSTA",UNINCORPORATED,-121.93951416015625,38.026760101318359
94554230,2025,2025-01-29,9320,2025-01-05,"329 ",023644,,7,3,5,0708,0,1,3,,2,403,"SR-4 E/B","BAILEY ROAD",5320.00,E,N,B,-,Y,CC,,4," "," ",21.159,H,,R,Y,2,0,1,2,A,-,01,23152,A,N,C,C,A,A,H,-,D,D,0,,,,,Y,Y,A,01,1,0,0,0,0,0,0,0,0,"- ","- ",38.019508361816406,-121.92339324951172,"CONTRA COSTA",PITTSBURG,-121.92340850830078,38.019580841064453
94571304,2024,2025-02-10,9320,2024-10-09,1110,021847,,3,1,9,0700,0,3,5,,2,060,"LIVORNA ROAD",I-680,20.00,W,N,A,-,Y,CC,,680," ",R,11.304,H,,R,Y,1,1,0,2,A,-,08,22107,,N,H,G,A,A,H,-,A,D,0,,Y,,,Y,,A,07,0,0,0,0,0,1,0,0,0,"- ","- ",37.863418579101562,-122.03533172607422,"CONTRA COSTA",UNINCORPORATED,-122.03536987304688,37.863384246826172
94571391,2025,2025-02-10,9370,2025-02-04,"57  ",022841,,2,3,5,0710,0,1,1,,2,058,"I-580 W/B","BAYVIEW AVE",1172.00,W,N,C,-,Y,CC,,580," "," ",1.470,H,,L,Y,2,0,2,2,C,-,18,,,N,C,C,A,B,H,-,D,D,0,,,,,Y,Y,-,"- ",1,1,0,0,0,0,0,0,0,"- ","- ",37.914989471435547,-122.32630920410156,"CONTRA COSTA",RICHMOND,-122.32646179199219,37.914894104003906
94577014,2025,2025-02-12,9370,2025-01-14,1750,024122,,2,2,5,0710,0,1,1,,2,082,"I-80 W/B","SOLANO AVE",660.00,E,N,A,-,Y,CC,,80," "," ",3.540,H,,L,N,2,0,1,4,A,-,03,22350,,N,C,C,A,A,H,-,D,D,0,,,,,Y,,A,01,1,0,0,0,0,0,0,0,0,"- ","- ",37.945228576660156,-122.32454681396484,"CONTRA COSTA",RICHMOND,-122.32455444335938,37.945228576660156
94579906,2025,2025-02-14,9320,2025-01-27,"740 ",016563,,1,1,3,0715,0,1,3,,2,241,"SR-24 E/B","FIRST STREET",617.00,W,N,A,-,Y,CC,,24," ",R,6.400,H,,R,N,2,0,1,2,A,-,07,21658,A,F,B,2,A,A,H,-,A,A,0,,,Y,,Y,,D,22,1,0,0,0,0,0,0,0,1,"- ","- ",37.894191741943359,-122.11882781982422,"CONTRA COSTA",LAFAYETTE,-122.11882019042969,37.894142150878906
94588440,2025,2025-02-24,9320,2025-02-07,"920 ",016563,,5,1,3,0792,0,1,3,,2,240,"SR-24 EB","ST. STEPHENS DRIVE",1984.00,W,N,B,-,Y,CC,,24," ",R,3.090,H,,R,Y,2,0,1,1,A,-,08,22107,,N,E,I,A,B,H,-,A,A,0,,,,,Y,,D,22,1,0,0,0,0,0,0,0,0,"- ","- ",37.888038635253906,-122.17649841308594,"CONTRA COSTA",ORINDA,-122.17657470703125,37.888084411621094
94601329,2024,2025-04-14,9390,2024-12-06,2355,023645,,5,3,3,0702,0,2,S,,2,904,"FALLMAN BOULEVARD","BIXLER ROAD",13.50,E,N,A,-,N,,,,,,,,,,Y,1,1,1,3,A,-,03,22350,,N,E,8,A,A,H,-,C,A,0,,,,,Y,,D,22,1,0,0,0,0,0,0,0,0,"- ","- ",37.925491333007812,-121.62267303466797,"CONTRA COSTA",BRENTWOOD,-121.62278747558594,37.925460815429688
94604935,2025,2025-03-18,9320,2025-02-28,2317,023480,,5,3,5,0712,0,1,1,,2,682,"I-680 N/B","YGNACIO VALLEY RD",2832.00,S,N,A,-,Y,CC,,680," "," ",14.254,H,,R,Y,2,0,1,1,A,-,01,23152,A,N,E,8,A,A,H,-,D,A,0,,,,,Y,Y,A,01,1,0,0,0,0,0,0,0,0,"- ","- ",37.897010803222656,-122.07093811035156,"CONTRA COSTA","WALNUT CREEK",-122.07083892822266,37.897029876708984
94612175,2025,2025-03-20,9320,2025-03-07,"645 ",019914,,5,1,9,0700,0,1,3,,1,406,"SR-4 WB",BIXLER,20.00,E,N,A,-,Y,CC,,4," "," ",45.340,H,,L,Y,2,0,3,3,A,-,08,22107,,N,D,C,A,A,H,-,A,A,0,,,,,Y,,A,07,1,0,2,0,0,0,0,0,0,"- ","- ",37.889450073242188,-121.62288665771484,"CONTRA COSTA",UNINCORPORATED,-121.62288665771484,37.889450073242188
94634489,2025,2025-04-02,9320,2025-03-16,1040,022505,,7,1,5,0701,0,1,3,,2,160,"SR-160 S/B","E. 18TH ST",0.11,S,N,A,-,Y,CC,,160," ",L,1.225,H,,L,Y,2,0,3,2,A,-,03,22350,,N,C,C,A,A,H,-,A,A,0,,,Y,,Y,,C,02,1,1,1,0,0,0,0,0,3,"- ","- ",38.003448486328125,-121.75431823730469,"CONTRA COSTA",ANTIOCH,-121.7542724609375,38.003444671630859
94634507,2025,2025-04-02,9320,2025-03-17,2210,023677,,1,3,3,0715,0,1,3,,2,241,"SR-24 W/B","ACALANES RD",264.00,E,N,B,-,Y,CC,,24," ",R,4.898,H,,L,Y,2,0,3,4,A,-,03,22350,,N,D,C,A,A,H,-,D,A,0,,,,,Y,,-,"- ",3,0,0,0,0,0,0,0,0,"- ","- ",37.891391754150391,-122.14588165283203,"CONTRA COSTA",LAFAYETTE,-122.14588928222656,37.891475677490234
94639323,2025,2025-04-07,9320,2025-03-30,"426 ",017211,,7,3,9,0700,0,1,1,,2,180,"INTERSTATE 80 E/B","VISTA DEL RIO STREET",250.00,W,N,B,C,Y,CC,,80," "," ",13.466,H,,R,Y,2,0,1,2,A,-,03,22350,,M,D,C,A,B,H,-,C,A,0,,,,,Y,Y,A,01,1,0,0,0,0,0,0,0,0,"- ","- ",38.051990509033203,-122.22836303710938,"CONTRA COSTA",UNINCORPORATED,-122.22836303710938,38.051990509033203
94640032,2025,2025-04-07,9370,2025-03-20,2155,024342,,4,2,4,0711,0,1,1,,2,083,"I-80 W/B","SAN PABLO DAM RD",660.00,E,N,A,-,Y,CC,,80," "," ",4.459,H,,L,N,2,0,1,2,A,-,01,23152,A,F,B,C,A,A,D,-,D,A,0,,,,,Y,Y,A,01,1,0,0,0,0,0,0,0,0,"- ","- ",37.957668304443359,-122.33080291748047,"CONTRA COSTA","SAN PABLO",-122.33071136474609,37.957679748535156
9465202,2022,2023-01-12,0716,2022-10-17,1503,218,R5,1,5,3,0716,0,0,0,,0,001,"MORAGA RD","CORLISS DR",0.00,,Y,A,-,N,,,,,,,,,,N,2,0,1,2,A,-,09,21801,A,N,B,G,A,A,H,-,A,A,0,,Y,,,Y,,L,04,1,0,0,0,0,0,1,0,0,"- ","- ",,,"CONTRA COSTA",MORAGA,-122.1260986328125,37.846702575683594
94670480,2024,2025-04-30,9320,2024-09-13,1800,023788,,5,2,9,0700,0,2,4,,2,071,"WILLOW PASS RD","ALVES RD",0.00,,Y,A,-,N,,,,,,,,,,N,2,0,1,2,A,-,11,21950,B,F,G,B,B,A,H,-,C,A,0,Y,,,,Y,,N,60,1,0,0,0,1,0,0,0,0,"- ","- ",38.026840209960938,-121.95118713378906,"CONTRA COSTA",UNINCORPORATED,-121.95122528076172,38.026790618896484
94671866,2025,2025-05-01,9320,2025-04-24,"424 ",022928,,4,3,9,0700,0,2,4,,2,095,"SR-4 (MARSH CREEK ROAD)","SELLERS AVENUE",0.00,,Y,A,-,Y,CC,,4," ",R,39.951,H,,R,Y,2,0,2,2,A,-,12,22450,A,N,D,2,A,A,H,-,D,A,0,,,,,Y,,D,22,1,0,1,0,0,0,0,0,0,"- ","- ",37.896530151367188,-121.67813873291016,"CONTRA COSTA",UNINCORPORATED,-121.67813110351562,37.896514892578125
94676379,2025,2025-05-06,9370,2025-03-30,"350 ",023905,,7,3,4,0711,0,1,1,,2,083,"I-80 W/B","EL PORTAL DRIVE",200.00,W,N,A,-,Y,CC,,80," "," ",5.206,H,,L,Y,2,0,1,5,A,-,03,22350,,F,D,C,A,B,H,-,D,D,0,,,,,Y,,-,99,1,0,0,0,0,0,0,0,0,"- ","- ",37.9658203125,-122.32328033447266,"CONTRA COSTA","SAN PABLO",-122.32328033447266,37.9658203125
94676599,2025,2025-05-06,9320,2025-04-25,1655,021949,,5,2,5,0701,0,1,3,,2,404,"SR-4 W/B","SOMERSVILLE RD. U/C",1605.00,W,N,A,-,Y,CC,,4," "," ",25.699,H,,L,Y,2,0,1,2,A,-,08,22107,,N,C,C,A,A,H,-,A,A,0,,,,,Y,,A,01,1,0,0,0,0,0,0,0,0,"- ","- ",38.005538940429688,-121.84271240234375,"CONTRA COSTA",ANTIOCH,-121.84275054931641,38.005447387695312
94678197,2025,2025-05-07,9320,2025-04-26,1900,024221,,6,2,9,0700,0,2,4,,2,032,"CARQUINEZ SCENIC DR","RESERVOIR ST",1224.00,E,N,B,-,N,,,,,,,,,,N,2,0,1,2,A,-,08,22107,,F,G,B,E,B,H,-,A,D,0,Y,,,,Y,,-,99,1,0,0,0,1,0,0,0,0,"- ","- ",38.041660308837891,-122.18779754638672,"CONTRA COSTA",UNINCORPORATED,-122.18873596191406,38.041999816894531
94690000,2025,2025-05-16,9320,2025-01-23,"328 ",022804,,4,3,9,0700,0,1,3,,2,403,"STATE ROUTE 4 EASTBOUND","BAILEY ROAD",800.00,W,N,A,-,Y,CC,,4," ",R,19.792,H,,R,Y,1,1,1,1,A,-,01,23152,F,N,E,8,A,A,H,-,C,D,0,,,,,Y,,A,07,1,0,0,0,0,0,0,0,0,"- ","- ",38.018909454345703,-121.94788360595703,"CONTRA COSTA",UNINCORPORATED,-121.9478759765625,38.018909454345703
94701903,2025,2025-05-27,9320,2025-03-21,2230,023028,,5,3,9,0700,0,2,4,,2,094,"SR-4 WESTBOUND","NEWPORT DRIVE",0.00,,Y,A,-,Y,CC,,4," "," ",45.769,H,,L,Y,1,1,0,2,A,-,01,23152,F,N,D,C,A,A,H,-,C,D,0,,,Y,,Y,,A,08,0,0,0,0,0,0,0,1,0,"- ","- ",37.889400482177734,-121.61509704589844,"CONTRA COSTA",UNINCORPORATED,-121.61509704589844,37.889423370361328
94709770,2025,2025-06-02,9320,2025-03-08,"256 ",023766,,6,3,9,0700,0,2,4,,2,073,"SOUTHBOUND KIRKER PASS ROAD","HESS ROAD",1936.00,N,N,A,-,N,,,,,,,,,,Y,1,2,0,2,A,-,01,23152,A,N,A,C,A,A,H,-,D,A,0,,,,,Y,Y,A,01,0,0,0,0,0,0,0,0,0,"- ","- ",37.973201751708984,-121.91748046875,"CONTRA COSTA",UNINCORPORATED,-121.92717742919922,37.966899871826172
94713389,2025,2025-06-04,9320,2025-05-25,"146 ",023028,,7,3,6,0704,0,1,3,,2,402,"SR-4 WESTBOUND TO ARNOLD INDUSTRIAL WAY","ARNOLD INDUSTRIAL WAY",375.00,E,N,A,-,Y,,,,,,,,,,Y,2,0,1,1,A,-,01,23152,G,N,E,I,A,A,H,-,C,A,0,,,,,Y,Y,A,01,1,0,0,0,0,0,0,0,0,"- ","- ",38.002220153808594,-122.04994964599609,"CONTRA COSTA",CONCORD,-122.04264831542969,38.003929138183594
94722340,2025,2025-06-11,9320,2025-06-03,1320,022199,,2,1,9,0700,0,2,4,,2,032,"MCEWEN RD","CARQUINEZ SCENIC DRIVE",15840.00,S,N,A,-,N,,,,,,,,,,N,2,0,1,1,A,-,08,22107,,N,F,A,A,A,H,-,A,A,0,,,Y,,Y,,C,02,1,0,0,0,0,0,0,0,1,"- ","- ",38.029239654541016,-122.18778228759766,"CONTRA COSTA",UNINCORPORATED,-122.17784118652344,38.014381408691406