CASE_ID,ACCIDENT_YEAR,PROC_DATE,JURIS,COLLISION_DATE,COLLISION_TIME,OFFICER_ID,REPORTING_DISTRICT,DAY_OF_WEEK,CHP_SHIFT,POPULATION,CNTY_CITY_LOC,SPECIAL_COND,BEAT_TYPE,CHP_BEAT_TYPE,CITY_DIVISION_LAPD,CHP_BEAT_CLASS,BEAT_NUMBER,PRIMARY_RD,SECONDARY_RD,DISTANCE,DIRECTION,INTERSECTION,WEATHER_1,WEATHER_2,STATE_HWY_IND,CALTRANS_COUNTY,CALTRANS_DISTRICT,STATE_ROUTE,ROUTE_SUFFIX,POSTMILE_PREFIX,POSTMILE,LOCATION_TYPE,RAMP_INTERSECTION,SIDE_OF_HWY,TOW_AWAY,COLLISION_SEVERITY,NUMBER_KILLED,NUMBER_INJURED,PARTY_COUNT,PRIMARY_COLL_FACTOR,PCF_CODE_OF_VIOL,PCF_VIOL_CATEGORY,PCF_VIOLATION,PCF_VIOL_SUBSECTION,HIT_AND_RUN,TYPE_OF_COLLISION,MVIW,PED_ACTION,ROAD_SURFACE,ROAD_COND_1,ROAD_COND_2,LIGHTING,CONTROL_DEVICE,CHP_ROAD_TYPE,PEDESTRIAN_ACCIDENT,BICYCLE_ACCIDENT,MOTORCYCLE_ACCIDENT,TRUCK_ACCIDENT,NOT_PRIVATE_PROPERTY,ALCOHOL_INVOLVED,STWD_VEHTYPE_AT_FAULT,CHP_VEHTYPE_AT_FAULT,COUNT_SEVERE_INJ,COUNT_VISIBLE_INJ,COUNT_COMPLAINT_PAIN,COUNT_PED_KILLED,COUNT_PED_INJURED,COUNT_BICYCLIST_KILLED,COUNT_BICYCLIST_INJURED,COUNT_MC_KILLED,COUNT_MC_INJURED,PRIMARY_RAMP,SECONDARY_RAMP,LATITUDE,LONGITUDE,COUNTY,CITY,POINT_X,POINT_Y
94731191,2025,2025-06-19,9370,2025-06-10,1435,024341,,2,2,4,0711,0,1,1,,2,083,"I-80 W/B","EL PORTAL DRIVE",1000.00,W,N,A,-,Y,CC,,80," "," ",5.055,H,,L,N,2,0,2,3,A,-,01,23152,A,N,B,C,A,A,H,-,A,D,0,,,,,Y,Y,A,01,2,0,0,0,0,0,0,0,0,"- ","- ",37.964630126953125,-122.32540893554688,"CONTRA COSTA","SAN PABLO",-122.325439453125,37.964664459228516
94735404,2025,2025-06-23,9320,2025-06-08,2155,023002,,7,2,9,0700,0,2,4,,2,072,"BAILEY ROAD","CANAL ROAD",40.00,S,N,A,-,N,,,,,,,,,,N,2,0,1,2,A,-,11,21954,A,N,G,B,D,A,H,-,C,A,0,Y,,,,Y,,N,60,1,0,0,0,1,0,0,0,0,"- ","- ",38.020069122314453,-121.9420166015625,"CONTRA COSTA",UNINCORPORATED,-121.94187927246094,38.021450042724609
94744143,2025,2025-06-30,9320,2025-06-21,2250,022994,,6,3,9,0700,0,2,4,,2,071,"WILLOW PASS ROAD","MANOR DRIVE",441.00,W,N,A,-,N,,,,,,,,,,Y,2,0,2,2,A,-,01,23152,A,F,B,4,A,A,H,-,C,D,0,,,,,Y,Y,D,22,1,1,0,0,0,0,0,0,0,"- ","- ",38.026859283447266,-121.94918823242188,"CONTRA COSTA",UNINCORPORATED,-121.94907379150391,38.026782989501953
94765440,2025,2025-07-16,9390,2025-06-28,1649,024190,,6,2,4,0791,0,1,1,,2,068,"I-680 NORTHBOUND","CROW CANYON ROAD",508.00,N,N,A,-,Y,CC,,680," ",R,4.307,H,,R,Y,2,0,1,2,A,-,03,22350,,N,C,C,A,A,H,-,A,D,0,,,Y,,Y,,C,02,1,0,0,0,0,0,0,0,1,"- ","- ",37.778770446777344,-121.97586822509766,"CONTRA COSTA","SAN RAMON",-121.97591400146484,37.778755187988281
94781754,2025,2025-07-29,9320,2025-02-10,1030,021847,,1,1,9,0700,0,1,1,,2,683,"I-680 N/B","MARINA VISTA AVENUE",3224.00,S,N,A,-,Y,CC,,680," "," ",23.725,H,,R,Y,1,1,1,1,A,-,01,23152,F,N,E,8,A,A,H,-,A,D,0,,,,,Y,,A,08,1,0,0,0,0,0,0,0,0,"- ","- ",38.021270751953125,-122.10144805908203,"CONTRA COSTA",UNINCORPORATED,-122.10148620605469,38.021209716796875
9486212,2022,2022-09-16,0709,2022-08-21,1916,466,3060,7,5,4,0709,0,0,0,,0,003,"TAYLOR BL","MORELLO AV",0.00,,Y,A,-,N,,,,,,,,,,Y,2,0,2,2,A,-,12,21453,A,N,D,C,A,A,H,-,B,A,0,,,,,Y,,A,01,1,0,1,0,0,0,0,0,0,"- ","- ",37.960769653320312,-122.07866668701172,"CONTRA COSTA","PLEASANT HILL",-122.07878875732422,37.960865020751953
9489049,2022,2022-08-25,0740,2022-07-15,1226,SR085,SR,5,5,4,0791,0,0,0,,0,003,"CROW CANYON RD","ALCOSTA BL",0.00,,Y,A,-,N,,,,,,,,,,Y,2,0,2,2,A,-,09,21802,A,N,D,C,A,A,D,-,A,A,0,,,,,Y,,A,01,1,0,1,0,0,0,0,0,0,"- ","- ",37.781490325927734,-121.96441650390625,"CONTRA COSTA","SAN RAMON",-121.96450042724609,37.781406402587891
9510508,2022,2023-01-12,0712,2022-11-28,1710,P622,,1,5,5,0712,0,0,0,,0,003,"WALNUT AV","COMANCHE CT",113.00,E,N,A,-,N,,,,,,,,,,N,2,0,1,2,A,-,10,21950,A,N,G,B,C,A,H,-,B,A,0,Y,,,,Y,,E,22,1,0,0,0,1,0,0,0,0,"- ","- ",,,"CONTRA COSTA","WALNUT CREEK",-122.01646423339844,37.914360046386719
9520220,2022,2023-01-11,0700,2022-06-16,1659,030,2238,4,5,3,0734,0,0,0,,0,052,"LAUREL RD","MELLOWOOD DR",36.00,E,N,A,-,N,,,,,,,,,,Y,1,1,0,3,A,-,03,22350,,N,C,C,A,A,H,-,A,A,0,,,Y,,Y,,C,02,0,0,0,0,0,0,0,1,0,"- ","- ",37.983390808105469,-121.70040893554688,"CONTRA COSTA",OAKLEY,-121.70035552978516,37.983280181884766
9520354,2022,2023-03-24,0712,2022-09-08,0607,P386,,4,5,5,0712,0,0,0,,0,003,"YGNACIO VALLEY RD","WALNUT AV",510.00,W,N,A,-,N,,,,,,,,,,Y,2,0,1,1,C,-,18,,,N,E,I,A,A,H,-,C,D,0,,,,,Y,,-,"- ",1,0,0,0,0,0,0,0,0,"- ","- ",,,"CONTRA COSTA","WALNUT CREEK",-122.03578948974609,37.920127868652344
9520458,2022,2023-02-22,0700,2022-06-02,2005,83231,33,4,5,4,0790,0,0,0,,0,063,"CAMINO TASSAJARA","WOOD RANCH DR",0.00,,Y,A,-,N,,,,,,,,,,Y,1,1,0,2,A,-,10,21950,A,N,G,B,B,A,H,-,B,A,0,Y,,,,Y,Y,A,07,0,0,0,1,0,0,0,0,0,"- ","- ",37.801250457763672,-121.93331909179688,"CONTRA COSTA",DANVILLE,-121.93334197998047,37.801090240478516
9520659,2022,2023-06-28,0714,2022-06-25,0143,173,01,6,5,4,0714,0,0,0,,0,001,"MARINA VISTA AV","MILLER AV",0.00,,N,A,-,N,,,,,,,,,,Y,1,1,2,1,A,-,08,22107,,N,E,I,A,A,G,-,D,D,0,,,,,Y,,A,01,1,1,0,0,0,0,0,0,0,"- ","- ",38.020179748535156,-122.12542724609375,"CONTRA COSTA",MARTINEZ,-122.12911224365234,38.022010803222656
9520663,2022,2023-06-28,0714,2022-10-15,1925,165,16,6,5,4,0714,0,0,0,,0,002,"ALHAMBRA AV","TRUITT AV",0.00,,Y,A,-,N,,,,,,,,,,Y,1,1,0,2,A,-,05,21460,A,N,A,C,A,A,H,-,D,D,0,,,Y,,Y,,C,02,0,0,0,0,0,0,0,1,0,"- ","- ",37.983371734619141,-122.12159729003906,"CONTRA COSTA",MARTINEZ,-122.12159729003906,37.98333740234375
9520832,2023,2025-06-25,0712,2023-07-03,1321,P451,,1,5,5,0712,0,0,0,,0,003,"YGNACIO VALLEY RD","LENNON LN",117.00,E,N,A,-,N,,,,,,,,,,Y,1,1,0,2,A,-,08,22107,,N,G,B,E,A,H,-,A,A,0,Y,,,,Y,Y,A,01,0,0,0,1,0,0,0,0,0,"- ","- ",,,"CONTRA COSTA","WALNUT CREEK",-122.0262451171875,37.924160003662109
9520863,2023,2023-09-11,0702,2023-03-04,"616 ",623J,229B,6,5,3,0702,0,0,0,,0,002,"SAND CREEK RD","RAILROAD TRACKS",434.00,W,N,A,-,N,,,,,,,,,,Y,1,1,0,1,A,-,01,23152,F,N,E,I,A,A,H,-,B,D,0,,,,,Y,,A,01,0,0,0,0,0,0,0,0,0,"- ","- ",37.944950103759766,-121.70504760742188,"CONTRA COSTA",BRENTWOOD,-120.61421966552734,35.098789215087891
9521578,2022,2022-11-17,0709,2022-10-14,1857,436,1100,5,5,4,0709,0,0,0,,0,002,"GRAYSON RD","MOHAWK DR",206.00,W,N,A,-,N,,,,,,,,,,N,2,0,1,1,C,-,18,,,N,H,A,A,A,H,-,B,D,0,,,Y,,Y,,-,"- ",1,0,0,0,0,0,0,0,1,"- ","- ",37.948009490966797,-122.09314727783203,"CONTRA COSTA","PLEASANT HILL",-122.09381866455078,37.948123931884766
9535415,2023,2023-03-02,0700,2023-01-24,1653,89327,33,2,5,4,0790,0,0,0,,0,062,"CENTURY WY","CENTURY CIR",102.00,E,N,A,-,N,,,,,,,,,,Y,2,0,1,2,A,-,03,22350,,N,C,E,A,A,H,-,B,D,0,,Y,,,Y,,L,04,1,0,0,0,0,0,1,0,0,"- ","- ",37.798828125,-121.97293090820312,"CONTRA COSTA",DANVILLE,-121.97251892089844,37.798301696777344
9557644,2023,2023-07-07,0702,2023-05-13,1434,634J,324B,6,5,3,0702,0,0,0,,0,003,"BALFOUR RD","GUISE WY",0.00,,Y,A,-,N,,,,,,,,,,Y,2,0,1,2,A,-,09,21802,,N,D,C,A,A,H,-,A,D,0,,,,Y,Y,,A,01,1,0,0,0,0,0,0,0,0,"- ","- ",37.925590515136719,-121.68047332763672,"CONTRA COSTA",BRENTWOOD,-121.68046569824219,37.925586700439453
9568590,2023,2023-05-11,0706,2023-04-19,"941 ",226,84,3,5,3,0706,0,0,0,,0,002,"PHEASANT DR","STARLING WY",482.00,N,N,A,-,N,,,,,,,,,,Y,2,0,1,2,A,-,03,22350,,N,B,E,A,A,H,-,A,D,0,,,,,Y,,A,01,1,0,0,0,0,0,0,0,0,"- ","- ",38.003288269042969,-122.27017211914062,"CONTRA COSTA",HERCULES,-122.27125549316406,38.004623413085938
9577189,2023,2023-05-25,0740,2023-04-19,1507,SR085,SR,3,5,4,0791,0,0,0,,0,005,"DOUGHERTY RD","RED WILLOW RD",2050.00,,N,A,-,N,,,,,,,,,,Y,2,0,1,2,A,-,08,22107,,N,C,C,A,A,H,-,A,D,0,,,,,Y,,A,07,1,0,0,0,0,0,0,0,0,"- ","- ",37.786849975585938,-121.92555236816406,"CONTRA COSTA","SAN RAMON",-121.92552947998047,37.786849975585938
9581453,2023,2023-06-28,0700,2023-05-26,2102,050,,5,5,3,0734,0,0,0,,0,,"LAUREL RD","LIVE OAK AV",0.00,,Y,A,-,N,,,,,,,,,,,2,0,1,2,A,-,05,21650,1,F,D,G,A,A,H,-,B,A,0,,Y,,,Y,,L,04,1,0,0,0,0,0,1,0,0,"- ","- ",37.981109619140625,-121.74092102050781,"CONTRA COSTA",OAKLEY,-119.6514892578125,37.335159301757812
9583280,2023,2023-07-20,0740,2023-06-12,2111,SR116,SR72,1,5,4,0791,0,0,0,,0,BEAT3,"BOLLINGER CANYON RD","ALCOSTA BL",1327.00,E,N,A,-,N,,,,,,,,,,N,2,0,2,2,A,-,03,22350,,N,A,B,C,A,H,-,C,D,0,Y,Y,,,Y,,L,04,1,0,1,0,1,0,1,0,0,"- ","- ",37.765750885009766,-121.95188903808594,"CONTRA COSTA","SAN RAMON",-121.94976806640625,37.768875122070312
9583979,2023,2023-08-15,0740,2023-07-02,2345,SR133,SR,7,5,4,0791,0,0,0,,0,BEAT2,"MAAS AV","SPRINGFIELD DR",232.00,E,N,A,-,N,,,,,,,,,,Y,2,0,3,1,A,-,03,22350,,N,A,I,A,A,H,-,C,D,0,,,,,Y,,-,"- ",3,0,0,0,0,0,0,0,0,"- ","- ",37.763740539550781,-121.95320892333984,"CONTRA COSTA","SAN RAMON",,
9585988,2023,2023-06-12,0709,2023-05-19,"849 ",443,3020,5,5,4,0709,0,0,0,,0,002,"CONTRA COSTA BL","GOLF CLUB RD",80.00,N,N,A,-,N,,,,,,,,,,Y,2,0,1,2,A,-,08,22107,,N,C,C,A,A,H,-,A,D,0,,,Y,,Y,,A,01,1,0,0,0,0,0,0,0,1,"- ","- ",37.971549987792969,-122.06352996826172,"CONTRA COSTA","PLEASANT HILL",-122.06374359130859,37.971805572509766
9591041,2023,2023-07-19,0712,2023-06-11,1206,P641,,7,5,5,0712,0,0,0,,0,003,"CITRUS AV","PEPPERTREE RD",50.00,S,N,A,-,N,,,,,,,,,,N,2,0,1,2,A,-,08,22107,,N,B,E,A,A,H,-,A,D,0,,,,,Y,,A,01,1,0,0,0,0,0,0,0,0,"- ","- ",,,"CONTRA COSTA","WALNUT CREEK",-122.01004028320312,37.933029174804688
9598541,2023,2023-07-17,0709,2023-06-28,2500,484,3020,3,5,4,0709,0,0,0,,0,002,"CONTRA COSTA BL","2ND AV",380.00,S,N,A,-,N,,,,,,,,,,Y,2,0,1,1,A,-,07,21658,,N,E,I,A,A,H,-,C,A,0,,,,,Y,,A,01,1,0,0,0,0,0,0,0,0,"- ","- ",37.980518341064453,-122.06745147705078,"CONTRA COSTA","PLEASANT HILL",-122.06707763671875,37.980636596679688
9605515,2023,2023-08-04,0702,2023-05-28,2133,543D,202B,7,5,3,0702,0,0,0,,0,002,"SAND CREEK RD","BRENTWOOD BL",15.00,W,N,A,-,N,,,,,,,,,,N,2,0,1,2,A,-,10,21950,,F,G,B,B,A,H,-,C,A,0,Y,,,,Y,,-,99,1,0,0,0,1,0,0,0,0,"- ","- ",37.946659088134766,-121.69613647460938,"CONTRA COSTA",BRENTWOOD,-121.69625091552734,37.946590423583984
9607694,2023,2023-09-19,0706,2023-08-28,2053,200,0706,1,5,3,0706,0,0,0,,0,,"REFUGIO VALLEY RD","REDWOOD RD",0.00,,Y,A,-,N,,,,,,,,,,Y,2,0,3,1,A,-,03,22350,,N,E,I,A,A,H,-,C,D,0,,,,,Y,,A,01,1,1,1,0,0,0,0,0,0,"- ","- ",37.996868133544922,-122.24787139892578,"CONTRA COSTA",HERCULES,-122.24773406982422,37.99688720703125
9607981,2023,2023-09-28,0702,2023-08-26,2052,549D,307B,6,5,3,0702,0,0,0,,0,003,"BRENTWOOD BL",MAPLE,285.00,N,N,A,-,N,,,,,,,,,,N,2,0,1,2,A,-,11,21955,,N,G,B,D,A,H,-,C,D,0,Y,,,,Y,,N,60,1,0,0,0,1,0,0,0,0,"- ","- ",37.933040618896484,-121.69695281982422,"CONTRA COSTA",BRENTWOOD,-121.69752502441406,37.933677673339844
9607986,2023,2023-09-28,0702,2023-08-21,1502,558T,228B,1,5,3,0702,0,0,0,,0,002,"OHARA AV","LONE TREE WY",0.00,,Y,A,-,N,,,,,,,,,,N,2,0,1,2,A,-,03,22350,,N,D,G,A,A,H,-,A,A,0,,Y,,,Y,,E,72,1,0,0,0,0,0,1,0,0,"- ","- ",37.961578369140625,-121.71404266357422,"CONTRA COSTA",BRENTWOOD,-121.71407318115234,37.961578369140625
9620874,2023,2023-10-26,0702,2023-09-28,1804,635B,127B,4,5,3,0702,0,0,0,,0,001,"EMPIRE AV","SHADY WILLOW LN",390.00,W,N,A,-,N,,,,,,,,,,Y,2,0,2,2,A,-,03,22350,,N,A,C,A,A,H,-,A,D,0,,,,,Y,Y,A,01,1,1,0,0,0,0,0,0,0,"- ","- ",37.950901031494141,-121.73728179931641,"CONTRA COSTA",BRENTWOOD,-121.7379150390625,37.950881958007812
9623387,2023,2023-12-13,0707,2023-10-27,1915,P436,1,5,5,3,0707,0,0,0,,0,0P1,"APPIAN WY","MARLESTA RD",172.00,N,N,A,-,N,,,,,,,,,,N,2,0,1,2,A,-,14,21201,D,N,H,G,A,A,H,-,C,D,0,,Y,,,Y,,L,04,1,0,0,0,0,0,1,0,0,"- ","- ",38.002250671386719,-122.29868316650391,"CONTRA COSTA",PINOLE,-122.29917907714844,38.002216339111328
9625858,2023,2023-10-06,0712,2023-09-18,"923 ",P632,,1,5,5,0712,0,0,0,,0,001,"S MAIN ST","NEWELL AV",0.00,,Y,A,-,N,,,,,,,,,,N,2,0,1,2,A,-,11,21954,A,N,G,B,D,A,H,-,A,A,0,Y,,,,Y,,N,60,1,0,0,0,1,0,0,0,0,"- ","- ",,,"CONTRA COSTA","WALNUT CREEK",-122.05830383300781,37.893032073974609
9631973,2023,2023-11-20,0709,2023-10-05,1907,407,3001,4,5,4,0709,0,0,0,,0,002,"CONTRA COSTA BL","CHILPANCINGO PKWY",118.00,S,N,A,-,N,,,,,,,,,,N,2,0,1,2,A,-,08,22107,,N,G,B,E,A,H,-,C,A,0,Y,,,,Y,Y,A,07,1,0,0,0,1,0,0,0,0,"- ","- ",37.976058959960938,-122.06555938720703,"CONTRA COSTA","PLEASANT HILL",-122.0648193359375,37.975414276123047
9632624,2023,2023-12-13,0709,2023-10-28,1846,484,3020,6,5,4,0709,0,0,0,,0,002,"CONTRA COSTA BL","COTTONWOOD DR",0.00,,Y,A,-,N,,,,,,,,,,Y,2,0,2,2,D,-,00,,,N,D,C,A,A,H,-,C,D,0,,,Y,,Y,,-,"- ",1,1,0,0,0,0,0,0,1,"- ","- ",37.973419189453125,-122.06461334228516,"CONTRA COSTA","PLEASANT HILL",-122.06422424316406,37.973762512207031
9639512,2023,2024-01-12,0702,2023-10-11,1219,490M,228B,3,5,3,0702,0,0,0,,0,002,"BLUE BIRD LN","OHARA AV",8.00,W,N,A,-,N,,,,,,,,,,N,2,0,1,2,A,-,10,21950,A,N,A,B,B,A,H,-,A,A,0,Y,,,,Y,,A,08,1,0,0,0,1,0,0,0,0,"- ","- ",37.959678649902344,-121.71415710449219,"CONTRA COSTA",BRENTWOOD,-121.71412658691406,37.959701538085938
9639703,2023,2023-11-20,0707,2023-10-28,2148,P436,1,6,5,3,0707,0,0,0,,0,0P1,"OCONNOR DR","OHATCH DR",138.00,E,N,A,-,N,,,,,,,,,,N,2,0,1,1,A,-,08,22107,,N,E,I,A,A,H,-,C,D,0,,,Y,,Y,,C,02,1,0,0,0,0,0,0,0,1,"- ","- ",38.000530242919922,-122.31790924072266,"CONTRA COSTA",PINOLE,-122.31761169433594,38.000354766845703
9640160,2023,2025-07-22,0710,2023-04-22,"347 ",1662,SOUTH,6,5,5,0710,0,0,0,,0,003,"CARLSON BL","BAYVIEW AV",140.00,N,N,A,-,N,,,,,,,,,,Y,1,1,1,1,A,-,01,23152,B,N,E,I,A,A,H,-,C,A,0,,,,,Y,Y,A,01,0,1,0,0,0,0,0,0,0,"- ","- ",37.914279937744141,-122.32366943359375,"CONTRA COSTA",RICHMOND,-122.32395172119141,37.914321899414062
9640789,2024,2024-09-10,0710,2024-01-12,"710 ",1738,SOUTH,5,5,5,0710,0,0,0,,0,003,"CARLSON BL","FLORIDA AV",277.00,S,N,A,-,N,,,,,,,,,,Y,1,2,0,1,A,-,03,22350,,N,E,I,A,A,H,-,A,D,0,,,,,Y,,A,01,0,0,0,0,0,0,0,0,0,"- ","- ",37.929660797119141,-122.34380340576172,"CONTRA COSTA",RICHMOND,-122.34370422363281,37.929470062255859
9641768,2023,2023-12-13,0702,2023-10-24,"808 ",610B,312B,2,5,3,0702,0,0,0,,0,003,"GRIFFITH LN","SHANNON DR",6.00,N,N,A,-,N,,,,,,,,,,N,2,0,2,3,A,-,10,21950,A,N,G,B,D,A,H,-,A,D,0,Y,,,,Y,,A,01,2,0,0,0,2,0,0,0,0,"- ","- ",37.927459716796875,-121.70738983154297,"CONTRA COSTA",BRENTWOOD,-121.70610809326172,37.927471160888672
9644531,2023,2023-12-04,0740,2023-11-12,"531 ",SR140,SR,7,5,4,0791,0,0,0,,0,4509,"BOLLINGER CANYON RD","BISHOP RANCH I E",42.00,E,N,A,-,N,,,,,,,,,,,2,0,1,1,A,-,01,23152,A,N,E,I,A,A,H,-,C,A,0,,,,,Y,Y,A,01,1,0,0,0,0,0,0,0,0,"- ","- ",37.763580322265625,-121.95516204833984,"CONTRA COSTA","SAN RAMON",-121.95695495605469,37.762592315673828
9649050,2023,2024-08-30,0712,2023-11-25,2119,P654,,6,5,5,0712,0,0,0,,0,003,"BAYBERRY DR","ROCK OAK RD",128.00,E,N,A,-,N,,,,,,,,,,N,2,0,1,2,A,-,03,22350,,N,G,B,E,A,H,-,C,D,0,Y,,,,Y,,A,07,1,0,0,0,1,0,0,0,0,"- ","- ",,,"CONTRA COSTA","WALNUT CREEK",-122.00833129882812,37.932334899902344
9654195,2023,2024-02-05,0709,2023-12-31,2259,486,3080,7,5,4,0709,0,0,0,,0,002,"CONTRA COSTA BL","ELLINWOOD WY",0.00,,Y,B,-,N,,,,,,,,,,Y,2,0,4,3,A,-,01,23152,,N,C,C,A,B,H,-,C,A,0,,,,,Y,Y,A,01,1,1,2,0,0,0,0,0,0,"- ","- ",37.958438873291016,-122.0609130859375,"CONTRA COSTA","PLEASANT HILL",-122.06105804443359,37.958381652832031
9654273,2023,2024-02-15,0709,2023-12-23,1346,487,1080,6,5,4,0709,0,0,0,,0,002,"CONTRA COSTA BL","VIKING DR",0.00,,Y,A,-,N,,,,,,,,,,N,2,0,1,3,A,-,00,21955,A,N,G,B,D,A,H,-,A,D,0,Y,,,,Y,,N,60,1,0,0,0,1,0,0,0,0,"- ","- ",37.967140197753906,-122.06263732910156,"CONTRA COSTA","PLEASANT HILL",-122.06278228759766,37.96710205078125
9660051,2024,2024-02-21,0702,2024-01-15,1545,634J,225B,1,5,3,0702,0,0,0,,0,002,"BRENTWOOD BL","LONE TREE WY",170.00,N,N,A,-,N,,,,,,,,,,Y,2,0,1,2,A,-,09,21804,,N,D,C,A,A,H,-,A,D,0,,,Y,,Y,,A,01,1,0,0,0,0,0,0,0,1,"- ","- ",37.961589813232422,-121.69609069824219,"CONTRA COSTA",BRENTWOOD,-121.69609832763672,37.962055206298828
9665803,2024,2024-04-16,0740,2024-02-24,1725,SR151,SR72,6,5,4,0791,0,0,0,,0,4521,"MONTEVIDEO DR","IRON HORSE TRAIL",0.00,,Y,A,-,N,,,,,,,,,,N,2,0,1,2,A,-,10,21950,,N,G,B,C,A,H,-,A,A,0,Y,,,,Y,,A,07,1,0,0,0,1,0,0,0,0,"- ","- ",37.747821807861328,-121.95629119873047,"CONTRA COSTA","SAN RAMON",-121.94760131835938,37.753559112548828
9676354,2023,2024-03-19,0705,2023-12-07,"741 ",E296,PATRO,4,5,3,0705,0,0,0,,0,011,"KEY BL","KNOTT AV",5.00,S,N,A,-,N,,,,,,,,,,N,2,0,1,2,A,-,10,21950,C,N,G,B,B,B,H,-,A,A,0,Y,,,,Y,,A,01,1,0,0,0,1,0,0,0,0,"- ","- ",37.927219390869141,-122.31757354736328,"CONTRA COSTA","EL CERRITO",-122.31771850585938,37.927242279052734
9684079,2024,2024-05-10,0702,2024-03-12,"803 ",452J,203B,2,5,3,0702,0,0,0,,0,002,"SUNSET RD","ELKINS WY",7.00,W,N,A,-,N,,,,,,,,,,N,2,0,1,2,A,-,09,21804,,N,D,G,A,B,H,-,A,A,0,,Y,,,Y,,D,22,1,0,0,0,0,0,1,0,0,"- ","- ",37.954429626464844,-121.68862915039062,"CONTRA COSTA",BRENTWOOD,-121.68865203857422,37.954429626464844
9689425,2024,2024-05-13,0740,2024-03-18,1957,SR085,SR72,1,5,4,0791,0,0,0,,0,005,"BOLLINGER CANYON RD","S WEDGEWOOD",96.00,W,N,A,-,N,,,,,,,,,,Y,2,0,1,2,A,-,08,22107,,N,C,C,A,A,H,-,C,A,0,,,Y,,Y,,A,01,1,0,0,0,0,0,0,0,1,"- ","- ",37.775131225585938,-121.99683380126953,"CONTRA COSTA","SAN RAMON",-121.92169189453125,37.773410797119141
9700414,2024,2024-06-27,0700,2024-05-20,1438,83235,0700,1,5,3,0792,0,0,0,,0,082,"MORAGA WY","VISTA DEL MORAGA",78.80,S,N,A,-,N,,,,,,,,,,Y,2,0,1,1,A,-,08,22107,,N,E,I,A,A,H,-,A,D,0,,,,,Y,Y,-,,1,0,0,0,0,0,0,0,0,"- ","- ",,,"CONTRA COSTA",ORINDA,-122.17288970947266,37.864162445068359
9702804,2024,2024-07-24,0702,2024-05-15,1900,549D,422B,3,5,3,0702,0,0,0,,0,004,"BALFOUR RD","S WALNUT",328.00,W,N,A,-,N,,,,,,,,,,Y,2,0,1,1,A,-,03,22350,,N,E,I,A,A,H,-,A,D,0,,,Y,,Y,,C,02,1,0,0,0,0,0,0,0,1,"- ","- ",37.925548553466797,-121.69615173339844,"CONTRA COSTA",BRENTWOOD,-121.69741821289062,37.925479888916016
9706342,2024,2024-07-11,0709,2024-04-11,1531,412,1190,4,5,4,0709,0,0,0,,0,001,"GREGORY LN","KAHRS AV",0.00,,Y,A,-,N,,,,,,,,,,Y,2,0,1,2,-,-,"- ",,,N,D,C,A,A,H,-,A,D,0,,,,,Y,,-,"- ",1,0,0,0,0,0,0,0,0,"- ","- ",,,"CONTRA COSTA","PLEASANT HILL",-122.0731201171875,37.947959899902344
9708917,2024,2025-03-19,0712,2024-06-14,1042,P602,,5,5,5,0712,0,0,0,,0,004,"BOTELHO DR","S MAIN ST",150.00,W,N,A,-,N,,,,,,,,,,Y,2,0,1,2,A,-,09,21801,A,N,D,D,A,A,H,-,A,D,0,,,Y,,Y,,A,07,1,0,0,0,0,0,0,0,1,"- ","- ",,,"CONTRA COSTA","WALNUT CREEK",-122.06007385253906,37.895084381103516
9709251,2024,2024-07-30,0740,2024-06-03,"533 ",SR149,SR,1,5,4,0791,0,0,0,,0,001,"SAN RAMON VALLEY BL","HOOPER DR",348.00,S,N,A,-,N,,,,,,,,,,N,2,0,1,2,A,-,08,22107,,N,C,E,A,A,H,-,B,D,0,,Y,,,Y,,L,04,1,0,0,0,0,0,1,0,0,"- ","- ",37.7843017578125,-121.98004150390625,"CONTRA COSTA","SAN RAMON",-121.97982025146484,37.783893585205078
9719457,2024,2024-08-02,0712,2024-06-29,1054,P667,,6,5,5,0712,0,0,0,,0,002,"N CIVIC DRIVE","BRIO DR",0.00,,Y,A,-,N,,,,,,,,,,N,2,0,1,3,A,-,10,21950,A,N,G,B,B,A,H,-,A,A,0,Y,,,,Y,,A,07,1,0,0,0,1,0,0,0,0,"- ","- ",,,"CONTRA COSTA","WALNUT CREEK",,
9741550,2024,2024-10-15,0712,2024-09-11,2226,P633,,3,5,5,0712,0,0,0,,0,003,"YGNACIO VALLEY RD","OAK GROVE RD",0.00,,Y,A,-,N,,,,,,,,,,Y,2,0,2,2,D,-,00,,,N,D,C,A,A,H,-,C,A,0,,,Y,,Y,,-,"- ",1,0,1,0,0,0,0,0,1,"- ","- ",,,"CONTRA COSTA","WALNUT CREEK",-122.01470947265625,37.927528381347656