CASE_ID,ACCIDENT_YEAR,PROC_DATE,JURIS,COLLISION_DATE,COLLISION_TIME,OFFICER_ID,REPORTING_DISTRICT,DAY_OF_WEEK,CHP_SHIFT,POPULATION,CNTY_CITY_LOC,SPECIAL_COND,BEAT_TYPE,CHP_BEAT_TYPE,CITY_DIVISION_LAPD,CHP_BEAT_CLASS,BEAT_NUMBER,PRIMARY_RD,SECONDARY_RD,DISTANCE,DIRECTION,INTERSECTION,WEATHER_1,WEATHER_2,STATE_HWY_IND,CALTRANS_COUNTY,CALTRANS_DISTRICT,STATE_ROUTE,ROUTE_SUFFIX,POSTMILE_PREFIX,POSTMILE,LOCATION_TYPE,RAMP_INTERSECTION,SIDE_OF_HWY,TOW_AWAY,COLLISION_SEVERITY,NUMBER_KILLED,NUMBER_INJURED,PARTY_COUNT,PRIMARY_COLL_FACTOR,PCF_CODE_OF_VIOL,PCF_VIOL_CATEGORY,PCF_VIOLATION,PCF_VIOL_SUBSECTION,HIT_AND_RUN,TYPE_OF_COLLISION,MVIW,PED_ACTION,ROAD_SURFACE,ROAD_COND_1,ROAD_COND_2,LIGHTING,CONTROL_DEVICE,CHP_ROAD_TYPE,PEDESTRIAN_ACCIDENT,BICYCLE_ACCIDENT,MOTORCYCLE_ACCIDENT,TRUCK_ACCIDENT,NOT_PRIVATE_PROPERTY,ALCOHOL_INVOLVED,STWD_VEHTYPE_AT_FAULT,CHP_VEHTYPE_AT_FAULT,COUNT_SEVERE_INJ,COUNT_VISIBLE_INJ,COUNT_COMPLAINT_PAIN,COUNT_PED_KILLED,COUNT_PED_INJURED,COUNT_BICYCLIST_KILLED,COUNT_BICYCLIST_INJURED,COUNT_MC_KILLED,COUNT_MC_INJURED,PRIMARY_RAMP,SECONDARY_RAMP,LATITUDE,LONGITUDE,COUNTY,CITY,POINT_X,POINT_Y
9748601,2024,2024-11-21,0702,2024-04-30,2126,580M,418B,2,5,3,0702,0,0,0,,0,004,"BALFOUR RD","ROSSANO ST",26.00,W,N,A,-,N,,,,,,,,,,Y,2,0,2,3,A,-,01,23153,B,N,C,C,A,A,H,-,C,D,0,,,,,Y,Y,D,22,1,1,0,0,0,0,0,0,0,"- ","- ",37.925350189208984,-121.72167205810547,"CONTRA COSTA",BRENTWOOD,-121.72080230712891,37.925430297851562
9748761,2024,2024-12-09,0702,2024-10-09,1241,623J,307B,3,5,3,0702,0,0,0,,0,003,"2ND ST","BRENTWOOD BL",317.00,N,N,A,-,N,,,,,,,,,,N,2,0,1,2,A,-,11,21954,A,N,G,B,D,A,H,-,A,D,0,Y,,,,Y,,N,60,1,0,0,0,1,0,0,0,0,"- ","- ",37.937030792236328,-121.96787261962891,"CONTRA COSTA",BRENTWOOD,-121.69766235351562,37.936973571777344
9748772,2024,2024-12-09,0702,2024-10-04,1704,597A,418B,5,5,3,0702,0,0,0,,0,004,"BALFOUR RD","CLEARVIEW DR",21.00,W,N,A,-,N,,,,,,,,,,Y,2,0,2,2,A,-,03,22350,,N,A,C,A,A,H,-,A,D,0,,,Y,,Y,,C,02,1,1,0,0,0,0,0,0,1,"- ","- ",37.923789978027344,-121.72162628173828,"CONTRA COSTA",BRENTWOOD,-121.71985626220703,37.925308227539062
9751282,2023,2025-07-09,0701,2023-12-30,"709 ",6014,,6,5,5,0701,0,0,0,,0,,"HILLCREST AV","WILD HORSE RD",0.00,,Y,C,-,N,,,,,,,,,,N,1,1,0,2,A,-,12,21453,A,N,A,C,A,B,H,-,A,A,0,,,,,Y,,A,01,0,0,0,0,0,0,0,0,0,"- ","- ",,,"CONTRA COSTA",ANTIOCH,-121.76661682128906,37.981880187988281
9751462,2023,2025-02-11,0702,2023-06-01,1941,490,,4,5,3,0702,0,0,0,,0,,"SANDCREEK RD","FAIRVIEW AV",773.00,E,N,A,-,N,,,,,,,,,,Y,1,1,0,1,A,-,01,23152,A,N,E,I,A,A,H,-,C,A,0,,,,,Y,Y,A,01,0,0,0,0,0,0,0,0,0,"- ","- ",,,"CONTRA COSTA",BRENTWOOD,-121.72106170654297,37.944889068603516
9756268,2024,2024-11-27,0712,2024-09-14,1215,P615,,6,5,5,0712,0,0,0,,0,003,"MINERT RD","NORMANDY LN",150.00,W,N,A,-,N,,,,,,,,,,Y,2,0,1,1,C,-,18,,,N,E,I,A,A,H,-,A,D,0,,,,,Y,,-,"- ",1,0,0,0,0,0,0,0,0,"- ","- ",,,"CONTRA COSTA","WALNUT CREEK",-122.03944396972656,37.937557220458984
9762211,2024,2024-12-17,0740,2024-10-23,1238,SR131,SR72,3,5,4,0791,0,0,0,,0,005,"BOLLINGER CANYON RD","STONELEAF RD",0.00,,Y,A,-,N,,,,,,,,,,N,2,0,1,2,A,-,10,21950,A,N,G,B,B,A,H,-,A,A,0,Y,,,,Y,,A,07,1,0,0,0,1,0,0,0,0,"- ","- ",37.766960144042969,-121.95056915283203,"CONTRA COSTA","SAN RAMON",-121.91815185546875,37.773387908935547
9764509,2025,2025-01-31,0709,2025-01-16,1857,488,3120,4,5,4,0709,0,0,0,,0,001,"GREGORY LN","CONTRA COSTA BL",0.00,,Y,A,-,N,,,,,,,,,,N,2,0,1,2,A,-,08,22107,,N,G,B,B,A,H,-,C,A,0,Y,,,,Y,,A,01,1,0,0,0,1,0,0,0,0,"- ","- ",37.947921752929688,-122.060302734375,"CONTRA COSTA","PLEASANT HILL",-122.06028747558594,37.948013305664062
9786145,2024,2025-04-25,0712,2024-12-30,1810,P525,,1,5,5,0712,0,0,0,,0,003,"YGNACIO VALLEY RD","VIA MONTE",700.00,W,N,A,-,N,,,,,,,,,,Y,2,0,1,1,A,-,08,22107,,N,E,I,A,A,H,-,C,D,0,,,,,Y,,A,01,1,0,0,0,0,0,0,0,0,"- ","- ",,,"CONTRA COSTA","WALNUT CREEK",-122.0205078125,37.924968719482422
9786240,2024,2025-05-03,0712,2024-12-13,"623 ",P637,,5,5,5,0712,0,0,0,,0,003,"YGNACIO VALLEY RD","OAK GROVE RD",1588.00,E,N,B,-,N,,,,,,,,,,Y,1,1,0,2,A,-,11,21954,A,N,G,B,E,B,H,-,D,D,0,Y,,,,Y,,N,60,0,0,0,1,0,0,0,0,0,"- ","- ",37.928951263427734,-122.00936889648438,"CONTRA COSTA","WALNUT CREEK",-122.00948333740234,37.928878784179688
9789698,2024,2025-04-14,0712,2024-12-16,1627,P668,,1,5,5,0712,0,0,0,,0,001,"OLYMPIC BL","ALPINE RD",364.00,E,N,B,C,N,,,,,,,,,,N,2,0,1,1,A,-,03,22350,,N,E,I,A,B,H,-,A,D,0,,,,,Y,,A,01,1,0,0,0,0,0,0,0,0,"- ","- ",,,"CONTRA COSTA","WALNUT CREEK",-122.06468200683594,37.895595550537109
9794589,2025,2025-03-27,0702,2025-01-15,1144,646M,433B,3,5,3,0702,0,0,0,,0,004,"VINEYARDS PKWY","MIWOK AV",0.00,,Y,A,-,N,,,,,,,,,,N,2,0,1,2,A,-,08,22107,,N,H,G,A,A,H,-,A,A,0,,Y,,,Y,,A,01,1,0,0,0,0,0,1,0,0,"- ","- ",37.893569946289062,-121.72219848632812,"CONTRA COSTA",BRENTWOOD,-121.72230529785156,37.893535614013672
9794590,2025,2025-03-27,0702,2025-01-20,1600,575J,114B,1,5,3,0702,0,0,0,,0,001,"STONEWOOD DR","STONEWOOD DR 933",2.00,E,N,A,-,N,,,,,,,,,,N,2,0,1,1,A,-,"- ",,,N,E,J,A,A,H,-,A,D,0,,Y,,,Y,,L,04,1,0,0,0,0,0,1,0,0,"- ","- ",37.939590454101562,-121.71753692626953,"CONTRA COSTA",BRENTWOOD,-121.72042083740234,37.937450408935547
9807407,2025,2025-06-02,0702,2025-04-02,2010,575J,127B,3,5,3,0702,0,0,0,,0,001,"SHADY WILLOW LN","LONE TREE WY",0.00,,Y,A,-,N,,,,,,,,,,N,2,0,1,2,A,-,08,22107,,N,B,G,A,A,H,-,C,A,0,,Y,,,Y,,A,01,1,0,0,0,0,0,1,0,0,"- ","- ",37.961528778076172,-121.73705291748047,"CONTRA COSTA",BRENTWOOD,-121.73704528808594,37.961551666259766
9808350,2025,2025-07-17,0702,2025-06-26,1619,597A,426B,4,5,3,0702,0,0,0,,0,004,"COUNTRY CLUB DR","PALM AV",85.00,W,N,A,-,N,,,,,,,,,,N,2,0,1,2,A,-,08,22107,,N,D,C,A,A,H,-,A,D,0,,,,,Y,,M,94,1,0,0,0,0,0,0,0,0,"- ","- ",37.926311492919922,-121.74224853515625,"CONTRA COSTA",BRENTWOOD,-121.74143218994141,37.927013397216797
9826754,2025,2025-07-07,0712,2025-06-05,1822,P613,,4,5,5,0712,0,0,0,,0,004,"BROADWAY PLAZA","MOUNT DIABLO BL",470.00,S,N,A,-,N,,,,,,,,,,N,2,0,1,2,A,-,15,21235,A,N,H,C,A,A,H,-,A,A,0,,,Y,,Y,,C,03,1,0,0,0,0,0,0,0,1,"- ","- ",,,"CONTRA COSTA","WALNUT CREEK",-122.05909729003906,37.896636962890625
5912225,2014,2014-10-09,9320,2014-03-11,1333,10179,,2,1,3,0792,0,1,3,,2,240,RT4,"ST STEPHENS",311.00,E,N,A,-,Y,CC,4,24,-,R,3.550,H,-,W,N,1,1,1,1,-,-,"- ",,,N,E,I,A,A,H,-,A,D,1,,,Y,,Y,,-,"- ",0,1,0,0,0,0,0,1,1,"- ","- ",,,"CONTRA COSTA",ORINDA,-122.17015915,37.892130280000003
6290045,2014,2014-11-25,9320,2014-02-02,2500,19195,,7,4,4,0714,0,1,3,,2,402,RT4,"ALHAMBRA AV",540.00,E,N,C,-,Y,CC,4,4,-,R,8.716,R,2,E,Y,1,1,0,1,-,-,"- ",,,N,E,I,A,B,H,-,A,D,1,,,,,Y,,-,"- ",0,0,0,0,0,0,0,0,0,TR,FR,,,"CONTRA COSTA",MARTINEZ,-122.12741237,37.991134199999998
6290259,2014,2015-12-21,9320,2014-03-04,1835,12853,,2,2,9,0700,0,2,4,,1,061,"DANVILLE BLVD","LAS TRAMPAS RD",215.00,S,N,B,-,N,,,,,,,,,,N,1,1,0,2,-,-,"- ",,,N,G,B,D,A,H,-,D,D,0,Y,,,,Y,Y,-,"- ",0,0,0,1,0,0,0,0,0,"- ","- ",,,"CONTRA COSTA",UNINCORPORATED,-122.03094196000001,37.847576549999999
6290432,2014,2014-05-08,0710,2014-02-20,2345,1494,NORTH,4,5,5,0710,0,0,0,,0,008,"SAN PABLO AV","STANTON AV",0.00,N,N,A,-,N,,,,,,,,,,Y,1,1,3,1,A,-,01,23152,A,N,E,I,A,A,H,-,C,D,0,,,,,Y,Y,A,01,2,0,1,0,0,0,0,0,0,"- ","- ",,,"CONTRA COSTA",RICHMOND,-122.33891986,37.980899979999997
6290571,2014,2015-12-29,9320,2014-05-15,0650,17508,,4,1,9,0700,0,3,5,,2,070,"AVILA RD","AVILA RD 5060",16.00,W,N,A,-,N,,,,,,,,,,Y,1,1,0,2,A,-,03,22350,,N,D,C,A,A,H,-,A,D,0,,,Y,,Y,Y,C,02,0,0,0,0,0,0,0,1,0,"- ","- ",38.129710000000003,-121.99357000000001,"CONTRA COSTA",UNINCORPORATED,,
6291259,2014,2015-04-07,9320,2014-08-31,0027,020010,,7,3,9,0700,0,2,4,,2,062,"STONE VALLEY RD","HIDDEN VALLEY PL",81.00,E,N,A,-,N,,,,,,,,,,Y,1,1,0,1,A,-,01,23152,A,N,E,I,A,A,H,-,C,D,0,,,,,Y,Y,A,01,0,0,0,0,0,0,0,0,0,"- ","- ",37.852179999999997,-122.02049,"CONTRA COSTA",UNINCORPORATED,-122.02139964,37.852109540000001
6291475,2014,2014-10-27,0704,2014-06-27,2257,0337,VALLE,5,5,6,0704,0,0,0,,0,005,"WILLOW PASS RD","AVILA RD",2904.00,W,N,A,-,N,,,,,,,,,,Y,1,2,5,2,A,-,01,23153,A,N,A,C,A,A,H,-,D,D,0,,,,,Y,Y,A,07,3,0,2,0,0,0,0,0,0,"- ","- ",,,"CONTRA COSTA",CONCORD,-121.99963270000001,38.00348382
6291477,2014,2015-12-18,9320,2014-06-29,0155,19607,,7,3,5,0701,0,1,3,,2,404,"RT 4","CONTRA LOMA BL",240.00,W,N,A,-,Y,CC,4,4,-,-,26.890,H,-,W,Y,1,1,0,2,A,-,11,21954,A,F,G,B,E,A,D,-,D,D,1,Y,,,,Y,Y,N,60,0,0,0,1,0,0,0,0,0,"- ","- ",38.000959999999999,-121.82727,"CONTRA COSTA",ANTIOCH,-121.82240065000001,37.999792839999998
6291557,2014,2014-11-10,9320,2014-09-21,2305,19850,,7,3,5,0712,0,1,1,,2,682,"RT 680","RUDGEAR RD",1195.00,S,N,A,-,Y,CC,4,680,-,R,12.416,R,2,S,Y,1,1,0,2,A,-,11,21954,A,N,G,B,E,A,H,-,C,D,6,Y,,,,Y,Y,N,60,0,0,0,1,0,0,0,0,0,"- ","- ",37.876139999999999,-122.04658999999999,"CONTRA COSTA","WALNUT CREEK",-122.04719306,37.876909519999998
6291599,2014,2014-12-09,9320,2014-10-04,1729,17219,,6,2,5,0701,0,1,3,,2,405,"RT 4","LAUREL RD",615.00,W,N,A,-,Y,CC,4,4,-,R,31.360,R,2,E,Y,1,1,0,1,A,-,01,23152,A,N,E,I,A,A,H,-,A,D,1,,,,,Y,Y,D,22,0,0,0,0,0,0,0,0,0,TO,"- ",,,"CONTRA COSTA",ANTIOCH,-121.74696538000001,37.982528739999999
6291647,2014,2016-01-08,0704,2014-10-02,0637,0337,VALLE,4,5,6,0704,0,0,0,,0,006,"CLAYTON RD","BAILEY RD",0.00,,Y,A,-,N,,,,,,,,,,Y,1,1,0,2,A,-,11,21456,B,N,G,B,B,A,H,-,C,A,0,Y,,,,Y,,N,60,0,0,0,1,0,0,0,0,0,"- ","- ",,,"CONTRA COSTA",CONCORD,-121.98265991,37.9611199
6292040,2014,2015-03-23,0710,2014-05-13,2131,1324,CENTR,2,5,5,0710,0,0,0,,0,006,"RICHMOND PKWY","MACDONALD AV",285.00,S,N,A,-,N,,,,,,,,,,Y,1,1,0,1,A,-,03,22350,,N,E,I,A,A,H,-,C,D,0,,,,,Y,,A,01,0,0,0,0,0,0,0,0,0,"- ","- ",,,"CONTRA COSTA",RICHMOND,-122.37364226,37.935343490000001
6292186,2015,2017-04-25,0710,2015-03-14,1820,1505,SOUTH,6,5,5,0710,0,0,0,,0,003,"REGATTA BL","S 34TH ST",54.00,W,N,B,-,N,,,,,,,,,,Y,1,1,4,1,A,-,08,22107,,N,E,I,A,A,H,-,B,D,0,,,,,Y,,A,01,0,2,2,0,0,0,0,0,0,"- ","- ",,,"CONTRA COSTA",RICHMOND,-122.33696718,37.918185870000002
6292187,2015,2015-11-16,9320,2015-03-15,1326,18959,,7,1,9,0700,0,1,1,,2,681,"RT 680","STONE VALLEY RD",434.00,N,N,A,-,Y,CC,4,680,-,R,6.508,R,2,N,Y,1,1,0,1,A,-,01,23152,E,N,E,I,A,A,H,-,A,D,0,,,Y,,Y,,C,02,0,0,0,0,0,0,0,1,0,TO,"- ",,,"CONTRA COSTA",UNINCORPORATED,-121.99127455999999,37.807833850000002
6292533,2015,2017-04-25,9320,2015-03-26,0355,18078,,4,3,9,0700,0,2,4,,2,094,"J4 BYRON HWY","CAMINO DIABLO RD",4175.00,S,N,A,-,N,,,,,,,,,,Y,1,1,1,2,A,-,08,22107,,N,A,C,A,A,H,-,D,D,0,,,Y,,Y,,A,01,1,0,0,0,0,0,0,1,0,"- ","- ",,,"CONTRA COSTA",UNINCORPORATED,-121.63002401999999,37.858133289999998
6292543,2015,2015-09-01,9320,2015-05-28,2335,19747,,4,3,9,0700,0,1,1,,2,180,"RT 80","CUMMINGS SKWY",1540.00,E,N,A,-,Y,CC,4,80,-,-,13.040,H,-,E,Y,1,1,1,2,A,-,01,23152,A,N,C,C,A,A,H,-,D,D,1,,,Y,,Y,Y,C,02,0,0,1,0,0,0,0,1,0,"- ","- ",,,"CONTRA COSTA",UNINCORPORATED,-122.23425813999999,38.047845879999997
6292876,2015,2016-03-10,0708,2015-10-23,2247,229,,5,5,5,0708,0,0,0,,0,002,"PITTSBURG ANTIOCH HWY","LOVERIDGE RD",7920.00,E,N,A,-,N,,,,,,,,,,Y,1,1,1,1,-,-,"- ",,,N,E,I,A,A,H,-,C,A,0,,,,,Y,,-,"- ",0,1,0,0,0,0,0,0,0,"- ","- ",,,"CONTRA COSTA",PITTSBURG,-121.84178,38.01249
6293015,2016,2017-12-07,0712,2016-10-17,1847,378,,1,5,5,0712,0,0,0,,0,001,"ROSSMOOR PKWY","TICE VALLEY BL",0.00,,Y,A,-,N,,,,,,,,,,Y,1,1,0,1,A,-,03,22350,,N,E,I,A,A,H,-,C,D,0,,,,,Y,,A,01,0,0,0,0,0,0,0,0,0,"- ","- ",,,"CONTRA COSTA","WALNUT CREEK",-122.07167991,37.876629979999997
6293038,2017,2018-01-18,0701,2017-07-13,1547,2372,103,4,5,5,0701,0,0,0,,0,001,"W 10TH ST","H ST",0.00,,Y,A,-,N,,,,,,,,,,N,1,1,0,2,A,-,09,21801,A,N,D,C,A,A,H,-,A,A,0,,,Y,,Y,,A,01,0,0,0,0,0,0,0,1,0,"- ","- ",,,"CONTRA COSTA",ANTIOCH,-121.8150299,38.011189989999998
6356497,2014,2014-06-26,0704,2014-01-20,1910,539,,1,5,6,0704,0,0,0,,0,002,"MARKET ST","MARKET ST 1710",0.00,,Y,A,-,N,,,,,,,,,,N,2,0,1,2,A,-,10,21952,,N,G,B,E,A,H,-,D,D,0,Y,,,,Y,,A,01,1,0,0,0,1,0,0,0,0,"- ","- ",,,"CONTRA COSTA",CONCORD,-122.04757868999999,37.967892569999997
6381937,2014,2014-06-16,0712,2014-02-18,1053,338,,2,5,5,0712,0,0,0,,0,003,"CHEYENNE DR","QUIET PLACE DR",0.00,,Y,B,-,N,,,,,,,,,,N,2,0,1,2,A,-,09,21802,A,N,D,G,A,A,H,-,A,D,0,,Y,,,Y,,L,04,1,0,0,0,0,0,1,0,0,"- ","- ",,,"CONTRA COSTA","WALNUT CREEK",-122.01794996,37.911949999999997
6394296,2014,2015-11-20,9320,2014-02-22,0240,019535,,6,3,3,0715,0,1,3,,2,240,"RT 24","ACALANES RD",692.00,W,N,A,-,Y,CC,4,24,-,R,4.280,R,3,E,Y,2,0,2,1,A,-,01,23152,A,N,E,I,A,A,H,-,C,D,1,,,,,Y,Y,A,01,2,0,0,0,0,0,0,0,0,"- ","- ",,,"CONTRA COSTA",LAFAYETTE,-122.15663565,37.89215832
6409527,2014,2014-06-10,0700,2014-02-23,1146,71124,DAN33,7,5,4,0790,0,0,0,,0,063,"CAMINO TASSAJARA","WOODRANCH RD",336.00,E,N,A,-,N,,,,,,,,,,N,2,0,2,3,A,-,17,21209,A,N,B,G,A,A,H,-,A,D,0,,Y,,,Y,,A,01,2,0,0,0,0,0,2,0,0,"- ","- ",,,"CONTRA COSTA",DANVILLE,-121.93223308,37.800808519999997
6417038,2014,2016-03-03,9320,2014-03-21,0720,019522,,5,1,6,0704,0,1,3,,2,402,"RT 4","RT 680",300.00,E,N,A,-,Y,CC,4,4,-,-,12.730,H,-,W,Y,2,0,1,2,A,-,03,22350,,N,C,C,A,A,H,-,A,D,1,,,Y,,Y,,C,02,1,0,0,0,0,0,0,0,1,"- ","- ",,,"CONTRA COSTA",CONCORD,-122.06885708999999,37.995011509999998
6418980,2014,2014-06-23,0708,2014-03-05,1716,229,,3,5,5,0708,0,0,0,,0,001,"WINTER WY","BABBLING BROOK WY",161.00,S,N,A,-,N,,,,,,,,,,Y,2,0,1,1,A,-,03,22350,,N,-,I,A,A,H,-,A,D,0,,,Y,,Y,,C,02,1,0,0,0,0,0,0,0,1,"- ","- ",,,"CONTRA COSTA",PITTSBURG,-121.93079935999999,38.027589570000004
6420405,2014,2014-06-30,0709,2014-03-14,1234,401,3160,5,5,4,0709,0,0,0,,0,001,"BUSKIRK AV",CROSSROADS,0.00,,Y,A,-,N,,,,,,,,,,Y,2,0,4,3,A,-,12,21453,A,N,D,C,A,A,H,-,A,A,0,,,,,Y,,-,,3,0,1,0,0,0,0,0,0,"- ","- ",,,"CONTRA COSTA","PLEASANT HILL",-122.05622971,37.943688440000003
6420514,2014,2016-03-05,0708,2014-02-27,2120,P320,0708,4,5,5,0708,0,0,0,,0,002,"RAILROAD AV","CALIFORNIA AV",16.00,S,N,B,-,Y,CC,4,4,-,-,22.824,R,4,E,Y,2,0,2,1,A,-,08,22107,,N,E,I,A,A,H,-,C,A,0,,,,,Y,,A,01,1,0,1,0,0,0,0,0,0,"- ","- ",,,"CONTRA COSTA",PITTSBURG,-121.89348643,38.017863490000003
6425084,2014,2014-06-25,0701,2014-02-24,2239,5237,,1,5,5,0701,0,0,0,,0,,"AUTO CENTER DR","SYCAMORE DR",360.00,N,N,A,-,N,,,,,,,,,,Y,2,0,1,1,A,-,03,22350,,N,E,J,A,A,G,-,D,D,0,,,Y,,Y,,C,02,1,0,0,0,0,0,0,0,1,"- ","- ",,,"CONTRA COSTA",ANTIOCH,-121.83344520999999,38.007245189999999
6426560,2014,2014-06-25,9320,2014-02-28,0650,16094,,5,1,9,0700,0,2,4,,2,077,"MARSH CREEK RD","MORGAN TERRITORY RD",3070.00,W,N,C,-,N,,,,,,,,,,Y,2,0,1,2,A,-,05,21460,A,N,D,C,A,B,H,-,B,D,0,,,,,Y,,A,01,1,0,0,0,0,0,0,0,0,"- ","- ",,,"CONTRA COSTA",UNINCORPORATED,-121.88140018,37.911638570000001
6434866,2014,2014-06-11,0701,2014-01-13,0800,4190,209,1,5,5,0701,0,0,0,,0,002,"FILBERT ST","BEECHNUT ST",360.00,E,N,F,-,N,,,,,,,,,,Y,2,0,2,2,A,-,05,21650,1,N,A,C,A,A,H,-,A,D,0,,,,,Y,,A,01,1,0,1,0,0,0,0,0,0,"- ","- ",,,"CONTRA COSTA",ANTIOCH,-121.76166667,38.000065560000003
6443442,2014,2014-06-25,0710,2014-03-31,0013,00001,,1,5,5,0710,0,0,0,,0,,"BARRETT AV","TURPIN ST",0.00,,Y,A,-,N,,,,,,,,,,N,2,0,1,2,A,-,08,22107,,F,B,E,A,A,H,-,C,A,0,,,,,Y,Y,A,01,1,0,0,0,0,0,0,0,0,"- ","- ",37.938380000000002,-122.36530999999999,"CONTRA COSTA",RICHMOND,-122.36532210999999,37.938428369999997
6458160,2014,2014-06-27,0701,2014-02-20,1828,4265,0405,4,5,5,0701,0,0,0,,0,004,"GENTRYTOWN DR","REDWOOD DR",200.00,N,N,A,-,N,,,,,,,,,,Y,2,0,1,2,A,-,"- ",,,N,G,B,D,A,H,-,C,D,0,Y,,,,Y,Y,A,08,1,0,0,0,1,0,0,0,0,"- ","- ",,,"CONTRA COSTA",ANTIOCH,-121.84012106,37.99222915
6460493,2014,2014-07-10,0711,2014-04-11,0430,1066,,5,5,4,0711,0,0,0,,0,002,"AMADOR ST","ALPINE RD",0.00,,Y,B,-,N,,,,,,,,,,N,2,0,1,2,A,-,09,21804,,N,G,B,A,A,H,-,C,-,0,,Y,,,Y,,L,04,1,0,0,0,0,0,1,0,0,"- ","- ",37.955379999999998,-122.32874,"CONTRA COSTA","SAN PABLO",-122.32882995999999,37.95538999
6466481,2014,2015-02-26,0701,2014-03-07,0508,5320,307,5,5,5,0701,0,0,0,,0,001,"SYCAMORE DR","SPANOS ST",260.00,,N,A,-,N,,,,,,,,,,Y,2,0,1,2,A,-,08,22107,,N,D,C,A,A,H,-,C,D,0,,,Y,,Y,,A,01,1,0,0,0,0,0,0,0,1,"- ","- ",,,"CONTRA COSTA",ANTIOCH,-121.82791985999999,38.005319989999997
6470500,2014,2014-07-23,9320,2014-04-21,0530,19458,,1,3,9,0700,0,2,4,,2,071,"EVORA RD","SAINT TROPEZ DR",528.00,E,N,A,-,N,,,,,,,,,,Y,2,0,1,2,A,-,03,22350,,N,C,C,A,A,H,-,D,D,0,,,Y,,Y,,C,02,1,0,0,0,0,0,0,0,1,"- ","- ",,,"CONTRA COSTA",UNINCORPORATED,-121.97187982,38.024693310000004
6484071,2014,2016-04-14,9370,2014-05-02,2355,20633,,5,3,5,0710,0,1,1,,2,082,"RT 80","CUTTING BL",1370.00,E,N,A,-,Y,CC,4,80,-,-,2.340,H,-,W,Y,2,0,2,2,A,-,07,21658,A,N,B,C,A,A,H,-,C,D,6,,,,Y,Y,,A,01,1,1,0,0,0,0,0,0,0,"- ","- ",37.927970000000002,-122.32272,"CONTRA COSTA",RICHMOND,-122.32358126,37.928972399999999
6489794,2014,2014-06-30,9370,2014-04-27,1248,020586,,7,1,9,0700,0,3,5,,2,012,"FLANNERY RD","DOLAN ST",380.00,N,N,A,-,N,,,,,,,,,,Y,2,0,1,5,A,-,06,21755,,N,B,C,A,A,H,-,A,D,0,,,,,Y,,A,01,1,0,0,0,0,0,0,0,0,"- ","- ",37.994549999999997,-122.31638,"CONTRA COSTA",UNINCORPORATED,-122.31633441,37.994503690000002
6501007,2014,2016-04-14,9320,2014-04-28,0610,019458,,1,1,9,0700,0,1,3,,2,404,RT4,"HILLCREST AV",528.00,E,N,B,-,Y,CC,4,4,-,R,29.040,H,-,W,Y,2,0,3,4,A,-,"- ",,,N,C,C,A,D,-,-,A,D,1,,,,,Y,,D,22,1,2,0,0,0,0,0,0,0,"- ","- ",37.995829999999998,-121.78203999999999,"CONTRA COSTA",UNINCORPORATED,-121.78372686,37.996039029999999
6513532,2014,2014-08-09,0704,2014-06-09,1839,0522,VALLE,1,5,6,0704,0,0,0,,0,005,"FARM BUREAU RD","CHESTNUT AV",0.00,,Y,A,-,N,,,,,,,,,,N,2,0,1,2,A,-,12,22450,A,N,D,G,A,A,H,-,A,D,0,,Y,,,Y,,L,04,1,0,0,0,0,0,1,0,0,"- ","- ",,,"CONTRA COSTA",CONCORD,-122.00639989,37.971739939999999
6515932,2014,2014-08-22,0710,2014-06-21,1745,1662,0710,6,5,5,0710,0,0,0,,0,008,"SAN PABLO AV","HILLTOP DR",1100.00,S,N,A,-,N,,,,,,,,,,Y,2,0,1,1,A,-,01,23152,A,N,E,I,A,A,H,-,A,D,0,,,,,Y,Y,A,01,1,0,0,0,0,0,0,0,0,"- ","- ",,,"CONTRA COSTA",RICHMOND,-122.33695957,37.983187489999999
6517328,2014,2014-08-09,9320,2014-06-04,1719,19465,,3,2,9,0700,0,2,4,,2,071,"KIRKER PASS RD","HESS RD",0.00,,Y,A,-,N,,,,,,,,,,Y,2,0,2,2,A,-,09,21802,A,N,D,C,A,A,H,-,A,D,0,,,,,Y,,A,01,1,1,0,0,0,0,0,0,0,"- ","- ",,,"CONTRA COSTA",UNINCORPORATED,-121.92970995,37.962199980000001
6517522,2014,2015-01-02,9320,2014-06-16,0800,16964,,1,1,9,0700,0,2,4,,2,094,"BYRON HWY","MOUNTAIN HOUSE RD",1584.00,N,N,G,-,N,,,,,,,,,,Y,2,0,1,1,A,-,08,22107,,N,F,A,A,A,H,-,A,D,0,,,Y,,Y,,C,02,1,0,0,0,0,0,0,0,1,"- ","- ",,,"CONTRA COSTA",UNINCORPORATED,-121.58158422,37.814144890000001
6524070,2014,2014-07-17,9320,2014-04-19,1730,020307,,6,2,9,0700,0,3,5,,2,015,"SOBRANTE AV","CENTER DR",222.00,E,N,A,-,N,,,,,,,,,,N,2,0,1,1,A,-,08,22107,,N,E,I,A,A,H,-,A,D,0,,,Y,,Y,,C,02,1,0,0,0,0,0,0,0,1,"- ","- ",37.979939999999999,-122.2912,"CONTRA COSTA",UNINCORPORATED,,
6524484,2014,2015-10-23,9320,2014-05-16,1708,20196,,5,2,9,0700,0,2,4,,2,012,"SAN PABLO DAM RD","OAK CREEK RD",500.00,E,N,A,-,N,,,,,,,,,,Y,2,0,1,1,A,-,08,22107,,N,A,I,A,A,H,-,A,D,0,,,,,Y,,A,01,1,0,0,0,0,0,0,0,0,"- ","- ",38.122250000000001,-122.06596,"CONTRA COSTA",UNINCORPORATED,-122.27401232,37.953792190000001