CASE_ID,ACCIDENT_YEAR,PROC_DATE,JURIS,COLLISION_DATE,COLLISION_TIME,OFFICER_ID,REPORTING_DISTRICT,DAY_OF_WEEK,CHP_SHIFT,POPULATION,CNTY_CITY_LOC,SPECIAL_COND,BEAT_TYPE,CHP_BEAT_TYPE,CITY_DIVISION_LAPD,CHP_BEAT_CLASS,BEAT_NUMBER,PRIMARY_RD,SECONDARY_RD,DISTANCE,DIRECTION,INTERSECTION,WEATHER_1,WEATHER_2,STATE_HWY_IND,CALTRANS_COUNTY,CALTRANS_DISTRICT,STATE_ROUTE,ROUTE_SUFFIX,POSTMILE_PREFIX,POSTMILE,LOCATION_TYPE,RAMP_INTERSECTION,SIDE_OF_HWY,TOW_AWAY,COLLISION_SEVERITY,NUMBER_KILLED,NUMBER_INJURED,PARTY_COUNT,PRIMARY_COLL_FACTOR,PCF_CODE_OF_VIOL,PCF_VIOL_CATEGORY,PCF_VIOLATION,PCF_VIOL_SUBSECTION,HIT_AND_RUN,TYPE_OF_COLLISION,MVIW,PED_ACTION,ROAD_SURFACE,ROAD_COND_1,ROAD_COND_2,LIGHTING,CONTROL_DEVICE,CHP_ROAD_TYPE,PEDESTRIAN_ACCIDENT,BICYCLE_ACCIDENT,MOTORCYCLE_ACCIDENT,TRUCK_ACCIDENT,NOT_PRIVATE_PROPERTY,ALCOHOL_INVOLVED,STWD_VEHTYPE_AT_FAULT,CHP_VEHTYPE_AT_FAULT,COUNT_SEVERE_INJ,COUNT_VISIBLE_INJ,COUNT_COMPLAINT_PAIN,COUNT_PED_KILLED,COUNT_PED_INJURED,COUNT_BICYCLIST_KILLED,COUNT_BICYCLIST_INJURED,COUNT_MC_KILLED,COUNT_MC_INJURED,PRIMARY_RAMP,SECONDARY_RAMP,LATITUDE,LONGITUDE,COUNTY,CITY,POINT_X,POINT_Y
6524737,2014,2016-04-13,9320,2014-05-12,1015,18973,,1,1,5,0708,0,1,3,,2,403,"RT 4","RAILROAD AV",4224.00,W,N,A,-,Y,CC,4,4,-,-,22.250,H,-,E,Y,2,0,3,2,A,-,08,22107,,N,E,C,A,A,H,-,A,D,1,,,,,Y,,A,01,1,0,2,0,0,0,0,0,0,"- ","- ",38.019820000000003,-121.90617,"CONTRA COSTA",PITTSBURG,-121.90368051999999,38.019826350000002
6536781,2014,2014-07-30,0712,2014-05-04,0350,316,,7,5,5,0712,0,0,0,,0,003,"YGNACIO VALLEY RD","OAK GROVE RD",3696.00,E,N,A,-,N,,,,,,,,,,Y,2,0,2,2,A,-,08,22107,,F,C,E,A,A,H,-,D,D,0,,,,,Y,Y,A,01,1,1,0,0,0,0,0,0,0,"- ","- ",,,"CONTRA COSTA","WALNUT CREEK",-122.00337687,37.931640489999999
6536939,2014,2016-04-14,9320,2014-06-15,2308,020010,,7,3,9,0700,0,2,4,,2,086,"BYRON HWY","MARSH CREEK RD",0.00,,Y,A,-,Y,CC,4,4,-,R,44.367,I,5,W,Y,2,0,2,2,A,-,01,23152,A,N,A,C,A,A,H,-,C,A,0,,,,,Y,Y,A,01,2,0,0,0,0,0,0,0,0,"- ","- ",37.896439999999998,-121.64152,"CONTRA COSTA",UNINCORPORATED,-121.64102799,37.890439379999997
6537538,2014,2014-08-20,0704,2014-06-24,0944,504,,2,5,6,0704,0,0,0,,0,002,"MONUMENT BL","DETROIT AV",412.00,W,N,A,-,N,,,,,,,,,,Y,2,0,1,1,A,-,"- ",,,N,H,I,A,A,H,-,A,A,0,,,Y,,Y,,C,02,1,0,0,0,0,0,0,0,1,"- ","- ",,,"CONTRA COSTA",CONCORD,-122.03473337,37.959332629999999
6538943,2014,2015-04-24,9320,2014-06-10,1210,16964,,2,1,3,0734,0,1,3,,2,160,"RT 160","RAILROAD TRACKS",250.00,N,N,A,-,Y,CC,4,160,-,L,1.120,H,-,N,Y,2,0,1,1,A,-,08,22107,,N,F,A,A,A,D,-,A,D,1,,,,,Y,,A,01,1,0,0,0,0,0,0,0,0,"- ","- ",,,"CONTRA COSTA",OAKLEY,-121.75446105,38.001642050000001
6542256,2014,2014-08-20,9320,2014-06-21,1140,18036,,6,1,9,0700,0,3,5,,2,060,"ROUND HILL DR","ROYAL OAKS DR",0.00,,Y,A,-,N,,,,,,,,,,N,2,0,1,2,A,-,09,21801,A,N,D,G,A,A,H,-,A,D,0,,Y,,,Y,,D,22,1,0,0,0,0,0,1,0,0,"- ","- ",37.85172,-122.008,"CONTRA COSTA",UNINCORPORATED,-122.00802996,37.851759940000001
6542728,2014,2014-08-20,0705,2014-06-06,0830,E188,,5,5,3,0705,0,0,0,,0,012,"MADERA DR","ARLINGTON BL",187.00,W,N,B,-,N,,,,,,,,,,N,2,0,1,2,A,-,"- ",,,N,G,B,D,A,H,-,A,D,0,Y,,,,Y,,N,60,1,0,0,0,1,0,0,0,0,"- ","- ",,,"CONTRA COSTA","EL CERRITO",-122.29891166,37.92873728
6545673,2014,2016-04-13,9320,2014-06-28,2355,19752,,6,3,6,0704,0,1,3,,2,402,"RT 4","PERALTA WY",180.00,W,N,A,-,Y,CC,4,4,-,R,13.930,H,-,E,Y,2,0,1,1,A,-,01,23152,A,N,F,A,A,A,H,-,C,D,1,,,,,Y,Y,A,01,1,0,0,0,0,0,0,0,0,"- ","- ",,,"CONTRA COSTA",CONCORD,-122.04853,38.002046010000001
6558910,2014,2014-08-22,9320,2014-07-04,1015,018036,,5,1,9,0700,0,3,5,,2,060,"SUMMIT RD","GREEN RANCH RD",50.00,N,N,A,-,N,,,,,,,,,,N,2,0,1,2,A,-,05,21752,A,N,B,G,A,A,H,-,A,D,0,,Y,,,Y,,A,01,1,0,0,0,0,0,1,0,0,"- ","- ",37.87133,-121.92565,"CONTRA COSTA",UNINCORPORATED,-121.92565,37.87133
6570187,2014,2014-08-26,0705,2014-06-05,1215,E191,,4,5,3,0705,0,0,0,,0,010,"STOCKTON AV","OHLONE GREENWAY",0.00,,Y,A,-,N,,,,,,,,,,N,2,0,1,2,A,-,12,22450,A,N,A,G,A,A,H,-,A,A,0,,Y,,,Y,,L,04,1,0,0,0,0,0,1,0,0,"- ","- ",,,"CONTRA COSTA","EL CERRITO",-122.30380744,37.908711109999999
6572265,2014,2016-01-13,9320,2014-07-20,0448,19253,,7,3,9,0700,0,3,5,,2,030,"RAILROAD AV","INVESTMENT ST",30.00,W,N,A,-,N,,,,,,,,,,Y,2,0,1,2,C,-,18,,,N,G,B,E,A,H,-,D,D,0,Y,,,,Y,,-,"- ",1,0,0,0,1,0,0,0,0,"- ","- ",,,"CONTRA COSTA",UNINCORPORATED,-122.26683,38.034550000000003
6573730,2014,2014-08-04,9390,2014-06-21,0930,018628,,6,1,9,0700,0,2,4,,2,113,"HIGHLAND RD","VICTORINE RD",1056.00,W,N,A,-,N,,,,,,,,,,N,2,0,5,5,A,-,03,22350,,N,C,C,A,A,H,-,A,D,0,,Y,,,Y,,L,04,1,3,1,0,0,0,5,0,0,"- ","- ",37.769829999999999,-121.80177999999999,"CONTRA COSTA",UNINCORPORATED,-121.80180984,37.76987132
6576836,2014,2016-05-14,9320,2014-07-20,2200,16713,,7,3,6,0704,0,1,3,,2,242,"RT 242","CLAYTON RD",50.00,N,N,A,-,Y,CC,4,242,-,R,0.820,H,-,S,Y,2,0,1,1,A,-,08,22107,,N,E,I,A,A,H,-,D,D,1,,,,,Y,,A,01,1,0,0,0,0,0,0,0,0,"- ",TO,,,"CONTRA COSTA",CONCORD,-122.04782762000001,37.970427860000001
6579010,2014,2014-08-15,0701,2014-06-29,2042,3343,608,7,5,5,0701,0,0,0,,0,003,"HILLCREST AV","WILDHORSE DR",415.00,N,N,A,-,N,,,,,,,,,,Y,2,0,1,1,A,-,03,22350,,N,E,I,A,A,H,-,B,D,0,,,,,Y,,A,01,1,0,0,0,0,0,0,0,0,"- ","- ",,,"CONTRA COSTA",ANTIOCH,-121.76788035,37.982431529999999
6585414,2014,2014-08-19,0704,2014-07-26,2035,539,,6,5,6,0704,0,0,0,,0,001,"WILLOW PASS RD","MARKET ST",0.00,,Y,A,-,N,,,,,,,,,,Y,2,0,1,2,A,-,08,22101,D,N,D,C,A,A,H,-,A,A,0,,,Y,,Y,,D,22,1,0,0,0,0,0,0,0,1,"- ","- ",,,"CONTRA COSTA",CONCORD,-122.04594994,37.971069890000003
6585896,2014,2014-08-19,9320,2014-07-21,1710,016970,9320,1,2,9,0700,0,2,4,,2,072,"BAILEY RD","MARY ANN LN",5.00,S,N,A,-,N,,,,,,,,,,Y,2,0,2,2,A,-,09,21802,A,N,D,C,A,A,H,-,A,D,0,,,,,Y,,A,01,1,0,1,0,0,0,0,0,0,"- ","- ",,,"CONTRA COSTA",UNINCORPORATED,-121.94198974,38.024456270000002
6592459,2014,2014-09-08,0740,2014-08-03,0046,0740,SR072,7,5,4,0791,0,0,0,,0,072,"ALCOSTA BL","BELLE MEADE DR",0.00,,Y,A,-,N,,,,,,,,,,Y,2,0,1,2,A,-,07,21658,A,N,C,E,A,A,H,-,C,D,0,,,,,Y,Y,-,,1,0,0,0,0,0,0,0,0,"- ","- ",,,"CONTRA COSTA","SAN RAMON",-121.93362992,37.728629980000001
6597587,2014,2014-08-26,0705,2014-07-08,2500,E190,,2,5,3,0705,0,0,0,,0,010,"FAIRMOUNT AV","CLAYTON ST",81.00,W,N,A,-,N,,,,,,,,,,N,2,0,1,1,D,-,00,,,N,-,-,A,A,H,-,A,A,0,,Y,,,Y,,-,"- ",1,0,0,0,0,0,1,0,0,"- ","- ",,,"CONTRA COSTA","EL CERRITO",-122.29489072,37.902997329999998
6599891,2014,2016-05-14,9320,2014-08-19,1800,19107,,2,2,6,0704,0,1,3,,2,402,"RT 4","PORT CHICAGO HWY",600.00,W,N,A,-,Y,CC,4,4,-,R,15.310,H,-,E,Y,2,0,1,2,A,-,03,22350,,N,F,A,A,A,H,-,A,D,1,,,Y,,Y,,C,02,1,0,0,0,0,0,0,0,1,"- ","- ",,,"CONTRA COSTA",CONCORD,-122.02508366000001,38.009172599999999
6606262,2014,2015-12-29,9320,2014-03-06,1103,11318,,4,1,3,0715,0,1,3,,2,241,RT4,"1ST ST",2509.00,E,N,A,-,Y,CC,4,24,-,R,7.010,H,-,E,Y,1,1,0,1,A,-,03,22350,,N,E,I,A,A,H,-,A,D,1,,,,,Y,,A,01,0,0,0,0,0,0,0,0,0,"- ","- ",,,"CONTRA COSTA",LAFAYETTE,-122.10794007,37.895904250000001
6606389,2015,2016-01-29,0708,2015-10-20,1838,195,46,2,5,5,0708,0,0,0,,0,004,"HARBOR ST","GARCIA AV",0.00,,Y,A,-,N,,,,,,,,,,Y,1,1,1,2,A,-,03,22350,A,N,C,C,A,A,H,-,B,A,0,,,Y,,Y,,C,02,1,0,0,0,0,0,0,1,1,"- ","- ",,,"CONTRA COSTA",PITTSBURG,-121.88537986999999,38.012849899999999
6612388,2014,2016-05-11,9320,2014-08-24,1905,019423,,7,2,5,0712,0,1,1,,2,682,"RT 680","TREAT BL",100.00,N,N,A,-,Y,CC,4,680,-,-,16.420,H,-,N,Y,2,0,5,3,A,-,01,23152,A,N,C,C,A,A,H,-,B,D,1,,,,,Y,Y,A,01,1,1,3,0,0,0,0,0,0,"- ","- ",,,"CONTRA COSTA","WALNUT CREEK",-122.06047091000001,37.926710890000003
6627208,2014,2014-10-03,0704,2014-09-13,2206,386,,6,5,6,0704,0,0,0,,0,001,"GRANT ST","KARREN ST",37.00,S,N,A,-,N,,,,,,,,,,N,2,0,1,1,B,-,22,,,N,H,A,A,A,H,-,C,D,0,,Y,,,Y,,L,04,1,0,0,0,0,0,1,0,0,"- ","- ",,,"CONTRA COSTA",CONCORD,-122.03853006999999,37.985640109999999
6628910,2014,2014-10-10,9320,2014-08-28,2350,019743,,4,3,9,0700,0,3,5,,2,075,"ALVES LN","HILL ST",25.00,N,N,A,-,N,,,,,,,,,,Y,2,0,1,1,A,-,01,23152,E,N,E,I,A,A,H,-,D,D,0,,,,,Y,,A,01,1,0,0,0,0,0,0,0,0,"- ","- ",,,"CONTRA COSTA",UNINCORPORATED,-121.95122071,38.022978670000001
6631059,2014,2014-11-03,0740,2014-09-10,1255,501,"SR 72",3,5,4,0791,0,0,0,,0,004,"OLD RANCH RD","BRIDLE CT",223.00,W,N,A,-,N,,,,,,,,,,N,2,0,1,1,B,-,22,,,N,F,I,A,A,H,-,A,D,0,,Y,,,Y,,L,04,1,0,0,0,0,0,1,0,0,"- ","- ",37.737940000000002,-121.92309,"CONTRA COSTA","SAN RAMON",-121.92289780999999,37.737934060000001
6647928,2014,2014-10-15,0710,2014-08-10,1804,1559,SOUTH,7,5,5,0710,0,0,0,,0,002,"CUTTING BL","MARINA WY",36.00,W,N,A,-,N,,,,,,,,,,N,2,0,1,2,A,-,09,21801,A,N,A,C,A,A,H,-,A,A,0,,,,,Y,,-,,1,0,0,0,0,0,0,0,0,"- ","- ",,,"CONTRA COSTA",RICHMOND,-122.35599482000001,37.925202050000003
6651123,2014,2016-05-28,9320,2014-09-28,2158,19253,,7,2,9,0700,0,1,1,,2,180,RT80,"POMONA AV",1000.00,W,N,A,-,Y,CC,4,80,-,-,13.330,H,-,E,Y,2,0,1,2,A,-,03,22350,,N,C,C,A,A,H,-,D,D,1,,,,,Y,,A,01,1,0,0,0,0,0,0,0,0,"- ","- ",,,"CONTRA COSTA",UNINCORPORATED,-122.23039713999999,38.050557589999997
6661643,2014,2014-11-07,0701,2014-09-23,1854,3361,,2,5,5,0701,0,0,0,,0,,"VERNE ROBERTS CIR","W 10TH ST",5.00,N,N,A,-,N,,,,,,,,,,N,2,0,4,2,A,-,08,22107,,N,A,C,A,A,H,-,A,D,0,,,,,Y,,A,01,1,2,1,0,0,0,0,0,0,"- ","- ",,,"CONTRA COSTA",ANTIOCH,-121.84178,38.01249
6669516,2014,2014-11-20,0704,2014-06-30,1505,384,,1,5,6,0704,0,0,0,,0,006,"KIRKER PASS RD","CLEARBROOK DR",145.00,W,N,A,-,N,,,,,,,,,,Y,2,0,1,2,A,-,08,22107,,N,B,C,A,A,H,-,A,D,0,,,Y,,Y,,C,03,1,0,0,0,0,0,0,0,1,"- ","- ",,,"CONTRA COSTA",CONCORD,-121.94189882000001,37.962695789999998
6673818,2014,2016-05-21,9390,2014-11-06,1715,15650,,4,2,4,0791,0,1,1,,2,068,RT80,"FOSTORIA WY",94.00,N,N,A,-,Y,CC,4,680,-,R,4.150,H,-,N,Y,2,0,2,3,A,-,07,21658,A,N,B,C,A,A,H,-,B,D,1,,,,,Y,,A,01,1,0,1,0,0,0,0,0,0,"- ","- ",37.780110000000001,-121.97647000000001,"CONTRA COSTA","SAN RAMON",-121.9749442,37.776739980000002
6678007,2015,2016-01-29,0708,2015-08-01,0855,229,,6,5,5,0708,0,0,0,,0,005,"EAST LELAND RD","COMMERCE PL",0.00,,Y,A,-,N,,,,,,,,,,Y,1,1,0,2,A,-,03,22350,,N,D,C,A,A,H,-,A,-,0,,,Y,,Y,,C,02,0,0,0,0,0,0,0,1,0,"- ","- ",,,"CONTRA COSTA",PITTSBURG,-121.86419993,38.008179890000001
6678017,2015,2016-02-02,9320,2015-07-12,0253,20295,,7,3,3,0792,0,1,3,,2,240,"RT 24","CAMINO PABLO",737.00,W,N,A,-,Y,CC,4,24,-,R,1.910,H,-,E,Y,1,1,0,2,A,-,08,22107,,N,E,I,A,A,H,-,D,D,1,,,,,Y,Y,A,01,0,0,0,0,0,0,0,0,0,"- ","- ",,,"CONTRA COSTA",ORINDA,-122.1881652,37.8735535
6678078,2015,2016-02-17,0704,2015-02-18,0649,0501,0322,3,5,6,0704,0,0,0,,0,,"CLAYTON RD","DETROIT AV",0.00,,Y,A,-,N,,,,,,,,,,Y,1,1,0,2,A,-,11,21456,B,N,G,B,B,-,H,-,A,A,0,Y,,,,Y,,N,60,0,0,0,1,0,0,0,0,0,"- ","- ",,,"CONTRA COSTA",CONCORD,-122.04308992,37.970829979999998
6678504,2014,2014-12-11,0704,2014-10-18,1248,549,,6,5,6,0704,0,0,0,,0,005,"WILLOW PASS RD","CLAYTON WY",3.00,W,N,A,-,N,,,,,,,,,,Y,2,0,1,2,A,-,08,22107,,N,B,C,A,A,H,-,A,D,0,,,Y,,Y,,C,02,1,0,0,0,0,0,0,0,1,"- ","- ",,,"CONTRA COSTA",CONCORD,-122.01214788,37.985164609999998
6680529,2014,2015-01-07,0714,2014-10-13,1451,137,08-1,1,5,4,0714,0,0,0,,0,001,"MARINA VISTA","SHELL AV",0.00,,Y,A,-,N,,,,,,,,,,N,2,0,1,2,A,-,05,21650,,N,A,C,A,A,H,-,A,A,0,,,,,Y,,-,,1,0,0,0,0,0,0,0,0,"- ","- ",38.024790000000003,-122.11827,"CONTRA COSTA",MARTINEZ,-122.11793991,38.02519994
6683170,2014,2014-12-30,0704,2014-10-07,2225,539,,2,5,6,0704,0,0,0,,0,005,"TREAT BL","COBBLESTONE DR",10.00,N,N,A,-,N,,,,,,,,,,N,2,0,1,2,A,-,11,21954,A,N,G,B,E,A,H,-,C,D,0,Y,,,,Y,Y,N,60,1,0,0,0,1,0,0,0,0,"- ","- ",,,"CONTRA COSTA",CONCORD,-121.99520962,37.96078223
6698721,2014,2014-11-18,0700,2014-10-22,0825,,,3,5,3,0734,0,0,0,,0,,"BROWNSTONE RD","KESSLER LN",232.00,E,N,A,-,N,,,,,,,,,,Y,2,0,1,2,A,-,03,22350,,N,D,C,A,A,H,-,A,D,0,,,,,Y,,A,01,1,0,0,0,0,0,0,0,0,"- ","- ",,,"CONTRA COSTA",OAKLEY,-121.70906519,37.971406940000001
6698938,2014,2014-11-17,0702,2014-08-27,0723,534M,431B,3,5,3,0702,0,0,0,,0,0B4,"BALFOUR RD","MOUNTAIN VIEW DR",0.00,,Y,A,-,N,,,,,,,,,,Y,2,0,1,3,A,-,03,22350,,N,C,C,A,A,G,-,A,D,0,,,,,Y,,A,01,1,0,0,0,0,0,0,0,0,"- ","- ",,,"CONTRA COSTA",BRENTWOOD,-121.75078988,37.925349910000001
6702368,2014,2014-12-08,0708,2014-10-22,1813,322,,3,5,5,0708,0,0,0,,0,002,"RAILROAD AV","CALIFORNIA AV",120.00,N,N,A,-,N,,,,,,,,,,N,2,0,1,1,A,-,"- ",,,N,E,I,A,A,H,-,A,A,0,,,Y,,Y,,C,02,1,0,0,0,0,0,0,0,1,"- ","- ",,,"CONTRA COSTA",PITTSBURG,-121.88904026,38.017780530000003
6718143,2014,2015-03-09,0708,2014-08-31,1857,195,46,7,5,5,0708,0,0,0,,0,001,"WILLOW PASS RD","MOUNTAIN VIEW AV",11.00,E,N,A,-,N,,,,,,,,,,N,1,1,0,3,A,-,07,21658,A,F,G,B,F,A,H,-,A,A,0,Y,,,,Y,,D,22,0,0,0,1,0,0,0,0,0,"- ","- ",,,"CONTRA COSTA",PITTSBURG,-121.9300518,38.026800000000001
6718208,2014,2016-01-08,9390,2014-12-27,0945,19587,,6,1,9,0700,0,2,4,,2,113,"HIGHLAND RD","MANNING RD",3696.00,W,N,A,-,N,,,,,,,,,,Y,1,1,3,5,A,-,08,22107,,N,F,A,A,A,H,-,A,D,0,,Y,,Y,Y,Y,L,04,0,3,0,0,0,1,3,0,0,"- ","- ",37.766300000000001,-121.7961,"CONTRA COSTA",UNINCORPORATED,-121.7961,37.766300000000001
6718550,2014,2015-06-10,0700,2014-06-17,1313,68227,40,2,5,3,0715,0,0,0,,0,041,"EL NIDO RANCH","UPPER HAPPY VALLEY RD",0.00,,Y,A,-,N,,,,,,,,,,N,1,1,0,2,A,-,10,21950,A,N,G,B,B,A,H,-,A,A,0,Y,,,Y,Y,,F,24,0,0,0,1,0,0,0,0,0,"- ","- ",,,"CONTRA COSTA",LAFAYETTE,-122.15155989,37.892969979999997
6718594,2017,2018-02-16,0708,2017-09-13,0546,328,,3,5,5,0708,0,0,0,,0,004,"RAILROAD AV","MARKS BL",400.00,S,N,B,-,N,,,,,,,,,,N,1,1,0,4,A,-,11,21955,,F,G,B,D,A,H,-,C,D,0,Y,,,,Y,,N,60,0,0,0,1,0,0,0,0,0,"- ","- ",,,"CONTRA COSTA",PITTSBURG,-121.89596938,37.999622600000002
6718684,2017,2018-03-01,0740,2017-12-27,1812,SR033,SR72,3,5,4,0791,0,0,0,,0,PD15,"DOUGHERTY RD","OLD RANCH RD",0.00,,Y,A,-,N,,,,,,,,,,Y,1,1,0,1,A,-,07,21658,A,N,E,I,A,A,H,-,C,D,0,,,Y,,Y,,C,02,0,0,0,0,0,0,0,1,0,"- ","- ",37.739710000000002,-121.91398,"CONTRA COSTA","SAN RAMON",-121.91403999000001,37.739779980000002
6720965,2014,2016-02-29,9320,2014-11-03,1955,019299,,1,2,4,0714,0,1,1,,2,683,"PACHECO BL","ARTHUR RD",500.00,W,N,A,-,N,,,,,,,,,,Y,2,0,1,1,A,-,01,23152,A,N,F,A,A,A,H,-,C,A,0,,,,,Y,Y,A,01,1,0,0,0,0,0,0,0,0,"- ","- ",,,"CONTRA COSTA",MARTINEZ,-122.09198671,38.006926960000001
6725730,2014,2016-05-06,0711,2014-11-27,2240,1045,BAY,4,5,4,0711,0,0,0,,0,001,"EL PORTAL DR",RT80,0.00,,Y,A,-,Y,CC,4,80,-,-,4.747,R,4,W,Y,2,0,2,2,A,-,01,23153,B,N,D,C,A,A,H,-,C,D,0,,,,,Y,Y,A,01,1,1,0,0,0,0,0,0,0,"- ",WO,37.962949999999999,-122.32922000000001,"CONTRA COSTA","SAN PABLO",-122.32964822,37.961800969999999
6765317,2014,2015-02-10,0704,2014-12-08,2241,544,032,1,5,6,0704,0,0,0,,0,003,"OAK GROVE RD","SIERRA RD",0.00,,Y,A,-,N,,,,,,,,,,N,2,0,1,1,A,-,01,23152,A,N,E,I,A,A,H,-,C,D,0,,,Y,,Y,Y,C,03,1,0,0,0,0,0,0,0,1,"- ","- ",,,"CONTRA COSTA",CONCORD,-122.03728992000001,37.95245997
6773286,2014,2015-02-18,0700,2014-12-21,0058,75627,078,7,5,3,0792,0,0,0,,0,081,"MORAGA WY","MONTE VISTA",0.00,,Y,C,-,N,,,,,,,,,,Y,2,0,1,2,A,-,11,21956,,N,G,B,E,B,H,-,D,A,0,Y,,,,Y,Y,N,60,1,0,0,0,1,0,0,0,0,"- ","- ",,,"CONTRA COSTA",ORINDA,-122.20694304,37.896181919999997
6779559,2014,2015-02-11,0704,2014-12-22,1958,539,,1,5,6,0704,0,0,0,,0,004,"OAKLAND AV","ATLANTIC ST",46.00,N,N,A,-,N,,,,,,,,,,N,2,0,1,2,A,-,11,21954,A,N,G,B,D,A,H,-,C,D,0,Y,,,,Y,,N,60,1,0,0,0,1,0,0,0,0,"- ","- ",,,"CONTRA COSTA",CONCORD,-122.02824181,37.973430460000003
6781809,2015,2015-02-20,0712,2015-01-21,1028,P297,,3,5,5,0712,0,0,0,,0,001,"CIVIC DR","CARLBACK AV",0.00,,Y,A,-,N,,,,,,,,,,Y,2,0,1,2,A,-,10,21950,A,N,G,B,B,A,H,-,A,D,0,Y,,,,Y,,A,01,1,0,0,0,1,0,0,0,0,"- ","- ",,,"CONTRA COSTA","WALNUT CREEK",-122.05962989,37.904019900000002
6782453,2015,2015-02-20,0704,2015-01-07,1612,538,VALLE,3,5,6,0704,0,0,0,,0,005,"PLUMLEIGH LN","DORSET CT",60.00,S,N,A,-,N,,,,,,,,,,Y,2,0,1,3,A,-,03,22350,,N,C,E,A,A,H,-,A,D,0,,,,,Y,,A,01,1,0,0,0,0,0,0,0,0,"- ","- ",,,"CONTRA COSTA",CONCORD,-121.99716385000001,37.955820879999997
6785962,2014,2015-02-17,9320,2014-12-21,1430,019605,,7,2,9,0700,0,2,4,,2,074,"DEER VALLEY RD","WETZEL RD",1200.00,S,N,B,-,N,,,,,,,,,,N,2,0,1,1,A,-,01,23152,A,N,F,A,A,A,H,-,A,D,0,,,Y,,Y,Y,C,02,1,0,0,0,0,0,0,0,1,"- ","- ",,,"CONTRA COSTA",UNINCORPORATED,-121.7634537,37.906977060000003
6799295,2015,2015-02-19,0704,2015-01-23,1831,0552,MTDIA,5,5,6,0704,0,0,0,,0,001,"CLAYTON RD","SUTTER ST",285.00,W,N,A,-,N,,,,,,,,,,Y,2,0,1,2,A,-,11,21955,,N,A,B,D,A,H,-,C,D,0,Y,,,,Y,Y,N,60,1,0,0,0,1,0,0,0,0,"- ","- ",,,"CONTRA COSTA",CONCORD,-122.03846351999999,37.972869279999998
6799954,2015,2015-03-03,0708,2015-01-22,1727,P313,,4,5,5,0708,0,0,0,,0,002,"CENTURY BL","AUTO CENTER DR",1320.00,W,N,A,-,N,,,,,,,,,,Y,2,0,1,2,A,-,08,22107,,N,B,J,A,A,H,-,C,D,0,,,Y,,Y,Y,A,07,1,0,0,0,0,0,0,0,1,"- ","- ",,,"CONTRA COSTA",PITTSBURG,-121.83968575,38.006101000000001
6808397,2015,2015-02-27,9320,2015-01-06,0648,014859,,2,1,9,0700,0,2,4,,2,094,"BYRON HWY","N BRUNS RD",210.00,S,N,A,-,N,,,,,,,,,,Y,2,0,4,2,A,-,01,23152,E,N,A,C,A,A,H,-,D,D,0,,,,,Y,,A,08,2,2,0,0,0,0,0,0,0,"- ","- ",37.828949999999999,-121.60422,"CONTRA COSTA",UNINCORPORATED,-121.60426209000001,37.828993400000002
6809433,2015,2015-03-17,0704,2015-02-06,2009,360,,5,5,6,0704,0,0,0,,0,004,"CLAYTON RD","OAKLAND AV",0.00,,Y,C,-,N,,,,,,,,,,N,2,0,1,2,A,-,10,21950,A,N,G,B,B,B,H,-,C,A,0,Y,,,,Y,,D,22,1,0,0,0,1,0,0,0,0,"- ","- ",,,"CONTRA COSTA",CONCORD,-122.02751994,37.975079960000002
6809545,2015,2015-02-27,0704,2015-01-25,1604,531,,7,5,6,0704,0,0,0,,0,005,"COWELL RD","ALMENDRA CT",351.00,E,N,A,-,N,,,,,,,,,,Y,2,0,1,2,A,-,01,23152,A,N,D,C,A,A,H,-,A,D,0,,,,,Y,Y,A,01,1,0,0,0,0,0,0,0,0,"- ","- ",,,"CONTRA COSTA",CONCORD,-122.02825042000001,37.967491709999997
6809633,2015,2015-03-10,0704,2015-02-04,2022,539,,3,5,6,0704,0,0,0,,0,001,"WILLOW PASS RD","SUTTER ST",17.00,W,N,A,-,N,,,,,,,,,,Y,2,0,2,2,A,-,12,21453,A,N,D,G,A,A,H,-,C,A,0,,Y,,,Y,,L,04,1,0,1,0,0,0,1,0,0,"- ","- ",,,"CONTRA COSTA",CONCORD,-122.03866816999999,37.974422240000003
6814647,2015,2015-03-26,0708,2015-01-12,1249,,,1,5,5,0708,0,0,0,,0,,"EAST LELAND RD","LOVERIDGE RD",0.00,,Y,A,-,N,,,,,,,,,,Y,2,0,4,5,B,-,22,,,N,D,C,A,A,H,-,A,A,0,,,Y,,Y,,J,48,1,1,2,0,0,0,0,0,1,"- ","- ",,,"CONTRA COSTA",PITTSBURG,-121.87095991,38.008159939999999
6822197,2015,2015-02-26,0710,2015-01-11,1835,1524,NORTH,7,5,5,0710,0,0,0,,0,007,"40TH ST","CLINTON AV",204.00,N,N,A,-,N,,,,,,,,,,Y,2,0,1,3,A,-,05,21650,,N,C,E,A,A,H,-,C,A,0,,,,,Y,,A,01,1,0,0,0,0,0,0,0,0,"- ","- ",,,"CONTRA COSTA",RICHMOND,-122.32979013000001,37.941255910000002
6827101,2015,2015-03-12,0704,2015-02-22,1409,423,,7,5,6,0704,0,0,0,,0,003,"TREAT BL","NAVARONE WY",422.00,E,N,A,-,N,,,,,,,,,,Y,2,0,2,1,A,-,01,23153,A,N,B,I,A,A,H,-,A,D,0,,,,,Y,Y,A,01,1,0,1,0,0,0,0,0,0,"- ","- ",,,"CONTRA COSTA",CONCORD,-122.01115787000001,37.947015630000003
6836711,2015,2015-03-12,9320,2015-02-12,1620,16788,,4,2,9,0700,0,2,4,,2,093,"CAMINO DIABLO RD","VASCO RD",2855.00,E,N,A,-,N,,,,,,,,,,Y,2,0,1,1,A,-,01,23152,A,N,E,I,A,A,H,-,A,D,0,,,,,Y,Y,A,07,1,0,0,0,0,0,0,0,0,"- ","- ",37.867379999999997,-121.65863,"CONTRA COSTA",UNINCORPORATED,-121.65827087,37.867420009999996