CASE_ID,ACCIDENT_YEAR,PROC_DATE,JURIS,COLLISION_DATE,COLLISION_TIME,OFFICER_ID,REPORTING_DISTRICT,DAY_OF_WEEK,CHP_SHIFT,POPULATION,CNTY_CITY_LOC,SPECIAL_COND,BEAT_TYPE,CHP_BEAT_TYPE,CITY_DIVISION_LAPD,CHP_BEAT_CLASS,BEAT_NUMBER,PRIMARY_RD,SECONDARY_RD,DISTANCE,DIRECTION,INTERSECTION,WEATHER_1,WEATHER_2,STATE_HWY_IND,CALTRANS_COUNTY,CALTRANS_DISTRICT,STATE_ROUTE,ROUTE_SUFFIX,POSTMILE_PREFIX,POSTMILE,LOCATION_TYPE,RAMP_INTERSECTION,SIDE_OF_HWY,TOW_AWAY,COLLISION_SEVERITY,NUMBER_KILLED,NUMBER_INJURED,PARTY_COUNT,PRIMARY_COLL_FACTOR,PCF_CODE_OF_VIOL,PCF_VIOL_CATEGORY,PCF_VIOLATION,PCF_VIOL_SUBSECTION,HIT_AND_RUN,TYPE_OF_COLLISION,MVIW,PED_ACTION,ROAD_SURFACE,ROAD_COND_1,ROAD_COND_2,LIGHTING,CONTROL_DEVICE,CHP_ROAD_TYPE,PEDESTRIAN_ACCIDENT,BICYCLE_ACCIDENT,MOTORCYCLE_ACCIDENT,TRUCK_ACCIDENT,NOT_PRIVATE_PROPERTY,ALCOHOL_INVOLVED,STWD_VEHTYPE_AT_FAULT,CHP_VEHTYPE_AT_FAULT,COUNT_SEVERE_INJ,COUNT_VISIBLE_INJ,COUNT_COMPLAINT_PAIN,COUNT_PED_KILLED,COUNT_PED_INJURED,COUNT_BICYCLIST_KILLED,COUNT_BICYCLIST_INJURED,COUNT_MC_KILLED,COUNT_MC_INJURED,PRIMARY_RAMP,SECONDARY_RAMP,LATITUDE,LONGITUDE,COUNTY,CITY,POINT_X,POINT_Y
6837795,2015,2015-06-22,9320,2015-02-24,1425,19238,,2,2,9,0700,0,2,4,,2,013,"SAN PABLO DAM RD","BEAR CREEK RD",6864.00,N,N,A,-,N,,,,,,,,,,Y,1,1,1,2,A,-,05,21460,A,N,A,C,A,A,H,-,A,D,0,,,,,Y,,A,01,0,0,1,0,0,0,0,0,0,"- ","- ",37.908999999999999,-122.23163,"CONTRA COSTA",UNINCORPORATED,-122.23057806,37.908216330000002
6847116,2015,2015-03-19,0704,2015-02-27,2327,0469,,5,5,6,0704,0,0,0,,0,003,"MONUMENT BL","LACEY LN",108.00,S,N,A,-,N,,,,,,,,,,N,2,0,1,2,A,-,11,21955,,N,G,B,D,A,H,-,C,D,0,Y,,,,Y,Y,N,60,1,0,0,0,1,0,0,0,0,"- ","- ",,,"CONTRA COSTA",CONCORD,-122.04354322,37.953175790000003
6848200,2015,2015-04-01,9320,2015-03-03,0523,018078,,2,3,9,0700,0,2,4,,2,094,"J 4","BYRON  HOT SPRINGS RD",1320.00,S,N,A,-,N,,,,,,,,,,Y,2,0,3,2,A,-,06,21751,,N,A,C,A,A,H,-,D,D,0,,,,,Y,,D,22,2,0,1,0,0,0,0,0,0,"- ","- ",,,"CONTRA COSTA",UNINCORPORATED,,
6852049,2015,2016-10-04,9320,2015-02-18,2310,019559,,3,3,9,0700,0,1,3,,2,240,"RT 24","FISH RANCH RD",2640.00,E,N,A,-,Y,CC,4,24,-,-,0.900,H,-,E,Y,2,0,2,1,A,-,01,23152,A,N,E,I,A,A,H,-,D,D,1,,,,,Y,Y,A,07,2,0,0,0,0,0,0,0,0,"- ","- ",37.866770000000002,-122.20556000000001,"CONTRA COSTA",UNINCORPORATED,-122.20315777,37.86699462
6854044,2015,2017-04-25,9320,2015-02-07,2220,19535,,6,3,9,0700,0,2,4,,2,072,"BAILEY RD","CANAL RD",5.00,N,N,B,-,N,,,,,,,,,,N,1,1,0,2,A,-,12,21453,A,F,G,B,B,A,H,-,C,A,0,Y,,,,Y,,-,99,0,0,0,1,0,0,0,0,0,"- ","- ",,,"CONTRA COSTA",UNINCORPORATED,-121.94187594,38.021573349999997
6854317,2014,2015-08-15,0710,2014-12-31,1908,1586,,3,5,5,0710,0,0,0,,0,003,"CENTRAL AV","SAN MATEO ST",46.00,E,N,B,-,N,,,,,,,,,,N,1,1,0,2,A,-,05,21650,1,N,H,G,A,A,H,-,C,D,0,,Y,,Y,Y,,L,04,0,0,0,0,0,1,0,0,0,"- ","- ",,,"CONTRA COSTA",RICHMOND,-122.30859375999999,37.901285340000001
6854404,2014,2015-04-23,0701,2014-10-21,1557,4265,507,2,5,5,0701,0,0,0,,0,005,"HILLCREST AV","EAST TREGALLAS RD",171.00,S,N,A,-,N,,,,,,,,,,Y,1,1,0,2,A,-,"- ",,,N,D,G,A,A,H,-,A,A,0,,Y,,,Y,,L,04,0,0,0,0,0,1,0,0,0,"- ","- ",,,"CONTRA COSTA",ANTIOCH,-121.78460803,37.994428689999999
6854411,2014,2016-01-08,0701,2014-01-15,1739,4265,102,3,5,5,0701,0,0,0,,0,001,"AUTO CENTER DR","W 18TH ST",0.00,,Y,A,-,N,,,,,,,,,,Y,1,1,0,2,A,-,12,21453,A,N,D,G,A,A,H,-,C,A,0,,Y,,,Y,,L,04,0,0,0,0,0,1,0,0,0,"- ","- ",,,"CONTRA COSTA",ANTIOCH,-121.83156995,38.009439899999997
6854517,2015,2015-07-15,9370,2015-04-15,1446,19469,,3,2,5,0710,0,1,1,,2,082,"RT 80","CARLSON BL",1779.00,W,N,A,-,Y,CC,4,80,-,-,0.660,H,-,W,Y,1,1,2,3,A,-,08,22107,,N,F,A,A,A,H,-,A,D,6,,,Y,Y,Y,,C,02,0,1,1,0,0,0,0,1,0,"- ","- ",37.906179999999999,-122.31453999999999,"CONTRA COSTA",RICHMOND,-122.31465768,37.906355169999998
6854603,2015,2015-05-12,9320,2015-02-17,1337,019195,,2,1,9,0700,0,2,4,,2,013,"SAN PABLO DAM RD","BEAR CREEK RD",4271.00,S,N,B,-,N,,,,,,,,,,Y,1,1,0,1,A,-,08,22107,,N,E,I,A,A,H,-,A,D,0,,,,,Y,,A,01,0,0,0,0,0,0,0,0,0,"- ","- ",,,"CONTRA COSTA",UNINCORPORATED,-122.2105,37.899529999999999
6854705,2015,2015-07-15,9370,2015-05-08,2152,20633,,5,2,5,0710,0,1,1,,2,082,RT80,"SOLANO AV",513.00,W,N,A,-,Y,CC,4,80,-,-,3.310,H,-,W,Y,1,1,0,2,A,-,03,22350,,F,C,C,A,A,H,-,C,D,6,,,,,Y,,A,01,0,0,0,0,0,0,0,0,0,"- ","- ",37.563110000000002,-122.1927,"CONTRA COSTA",RICHMOND,-122.32398422,37.941972960000001
6854706,2015,2015-07-11,0700,2015-05-05,1637,70914,DAN33,2,5,4,0790,0,0,0,,0,063,"CROW CANYON RD","TASSAJARA RANCH RD",0.00,,Y,A,-,N,,,,,,,,,,Y,1,1,0,2,A,-,00,21483,A,N,D,G,A,A,H,-,A,A,0,,Y,,,Y,,A,01,0,0,0,0,0,1,0,0,0,"- ","- ",,,"CONTRA COSTA",DANVILLE,-121.9225299,37.793519910000001
6855394,2015,2015-03-24,0710,2015-02-27,1150,1662,0710,5,5,5,0710,0,0,0,,0,001,"RICHMOND PKWY","S GARRARD BL",0.00,,Y,A,-,N,,,,,,,,,,Y,2,0,2,3,A,-,12,21453,A,N,D,C,A,A,H,-,C,A,0,,,,,Y,,A,01,1,0,1,0,0,0,0,0,0,"- ","- ",,,"CONTRA COSTA",RICHMOND,-122.37814998,37.930799890000003
6855396,2015,2015-04-13,0710,2015-02-03,1256,1494,SOUTH,2,5,5,0710,0,0,0,,0,002,"S 23RD ST","FLORIDA AV",0.00,,Y,A,-,N,,,,,,,,,,Y,2,0,1,1,A,-,03,22350,,N,F,A,A,A,H,-,A,D,0,,,Y,,Y,,C,02,1,0,0,0,0,0,0,0,1,"- ","- ",,,"CONTRA COSTA",RICHMOND,-122.34766987,37.929629980000001
6859096,2014,2015-03-27,0701,2014-11-30,1925,3343,411,7,5,5,0701,0,0,0,,0,004,"JAMES DONLON BL","BLYTHE DR",227.00,E,N,B,C,N,,,,,,,,,,Y,2,0,4,2,A,-,03,22350,,N,D,C,A,B,H,-,C,A,0,,,,,Y,,A,01,2,0,2,0,0,0,0,0,0,"- ","- ",,,"CONTRA COSTA",ANTIOCH,-121.81960383000001,37.980211400000002
6860145,2015,2016-10-21,9320,2015-03-03,0540,16824,,2,3,9,0700,0,1,1,,2,681,"RT 680","LIVORNA RD",3.00,S,N,A,-,Y,CC,4,680,-,R,11.170,R,1,N,Y,2,0,1,2,A,-,03,22350,,N,E,I,A,A,H,-,C,A,6,,,,,Y,,A,01,1,0,0,0,0,0,0,0,0,"- ","- ",37.863419999999998,-122.03480999999999,"CONTRA COSTA",UNINCORPORATED,-122.03409109,37.862385000000003
6865683,2015,2015-04-09,9320,2015-03-13,1345,019107,,5,1,9,0700,0,3,5,,2,050,"PINEHURST RD","OAK LN",100.00,S,N,A,-,N,,,,,,,,,,N,2,0,1,1,A,-,08,22107,,N,F,A,A,A,H,-,A,D,0,,Y,,,Y,,L,04,1,0,0,0,0,0,1,0,0,"- ","- ",,,"CONTRA COSTA",UNINCORPORATED,-122.16552347,37.829319990000002
6867102,2015,2016-10-21,9390,2015-01-17,0458,020188,,6,3,4,0791,0,1,1,,2,068,"RT 680","BOLLINGER CANYON RD",2135.00,S,N,B,-,Y,CC,4,680,-,R,2.370,H,-,S,Y,2,0,1,2,C,-,18,,,N,A,C,A,A,H,-,D,D,1,,,,,Y,Y,-,"- ",1,0,0,0,0,0,0,0,0,"- ","- ",,,"CONTRA COSTA","SAN RAMON",-121.96130358000001,37.753468320000003
6867737,2015,2016-09-23,9320,2015-03-18,0800,16713,,3,1,6,0704,0,1,3,,2,242,"RT 242","RT 680",528.00,N,N,A,-,Y,CC,4,242,-,L,0.100,H,-,S,Y,2,0,1,3,A,-,07,21658,A,N,B,C,A,A,H,-,A,D,1,,,Y,,Y,,A,01,1,0,0,0,0,0,0,0,1,"- ","- ",,,"CONTRA COSTA",CONCORD,-122.05364475,37.956084400000002
6869718,2015,2015-04-13,0707,2015-03-11,0829,349,,3,5,3,0707,0,0,0,,0,002,"PINOLE VALLEY RD","RAMONA AV",654.00,N,N,B,-,N,,,,,,,,,,N,2,0,1,2,A,-,10,21950,A,N,G,B,C,B,H,-,A,A,0,Y,,,,Y,,A,01,1,0,0,0,1,0,0,0,0,"- ","- ",,,"CONTRA COSTA",PINOLE,-122.28546214000001,37.992566230000001
6872027,2015,2016-10-21,9390,2015-01-17,0457,020188,,6,3,4,0791,0,1,1,,2,068,"RT 680","BOLLINGER CANYON RD",2132.00,S,N,B,-,Y,CC,4,680,-,R,2.480,H,-,S,Y,2,0,1,2,C,-,18,,,N,A,C,A,A,H,-,D,D,1,,,,,Y,Y,-,"- ",1,0,0,0,0,0,0,0,0,"- ","- ",,,"CONTRA COSTA","SAN RAMON",-121.9622166,37.754865219999999
6877626,2015,2016-09-08,9320,2015-03-19,0630,16713,,4,1,9,0700,0,1,1,,2,683,"RT 680","RT 4",500.00,,N,A,-,Y,CC,4,680,-,-,21.139,R,1,S,Y,2,0,2,3,A,-,03,22350,,N,C,C,A,-,H,-,D,D,1,,,Y,,Y,,A,07,1,0,1,0,0,0,0,0,1,TO,"- ",,,"CONTRA COSTA",UNINCORPORATED,-122.06941682,37.993970529999999
6877636,2015,2016-10-04,9320,2015-03-27,2326,018973,,5,3,3,0715,0,1,3,,2,241,"RT 24","EL CURTOLA BL",477.00,E,N,A,-,Y,CC,4,24,-,R,8.370,H,-,E,Y,2,0,1,1,A,-,08,22107,,N,E,I,A,A,H,-,C,D,1,,,Y,,Y,,C,02,1,0,0,0,0,0,0,0,1,"- ","- ",37.897579999999998,-122.0835,"CONTRA COSTA",LAFAYETTE,-122.08377402000001,37.897706560000003
6881598,2015,2015-04-27,0710,2015-03-08,0118,1641,SOUTH,7,5,5,0710,0,0,0,,0,003,"PACIFIC MALL","SAN DIEGO ST",67.00,S,N,A,-,N,,,,,,,,,,Y,2,0,1,2,A,-,01,23153,A,F,G,B,E,A,H,-,C,D,0,Y,,,,Y,,-,,1,0,0,0,1,0,0,0,0,"- ","- ",,,"CONTRA COSTA",RICHMOND,,
6895732,2015,2015-05-11,9320,2015-04-07,1358,016584,,2,1,9,0700,0,3,5,,2,030,"VAQUEROS AV","3RD ST",0.00,,Y,B,-,N,,,,,,,,,,N,2,0,2,3,A,-,12,22450,A,N,D,G,A,A,H,-,A,A,0,,Y,,,Y,,L,04,1,1,0,0,0,0,2,0,0,"- ","- ",,,"CONTRA COSTA",UNINCORPORATED,-122.26505993000001,38.035169889999999
6898198,2015,2017-01-06,9320,2015-04-14,1548,019411,,2,2,9,0700,0,1,3,,2,402,RT4,"RT 680",1080.00,W,N,A,-,Y,CC,4,4,-,-,12.440,H,-,E,Y,2,0,3,4,A,-,03,22350,,N,B,C,A,A,H,-,A,D,1,,,Y,,Y,,C,02,1,0,2,0,0,0,0,0,1,"- ","- ",,,"CONTRA COSTA",UNINCORPORATED,-122.07367325,37.993171070000002
6898199,2015,2016-11-05,9320,2015-04-15,1635,019238,,3,2,9,0700,0,1,1,,2,681,"RT 680","LIVORNA RD",100.00,N,N,A,-,Y,CC,4,680,-,R,11.330,H,-,N,N,2,0,1,2,A,-,07,21658,A,N,B,C,A,A,H,-,E,D,6,,,Y,,Y,,A,01,1,0,0,0,0,0,0,0,1,"- ","- ",,,"CONTRA COSTA",UNINCORPORATED,-122.03620607000001,37.863991519999999
6898773,2015,2015-05-06,0708,2015-04-15,2040,P289,,3,5,5,0708,0,0,0,,0,001,"RAILROAD AV","W 3RD ST",0.00,,Y,A,-,N,,,,,,,,,,Y,2,0,1,2,A,-,08,22107,,F,G,B,D,A,H,-,C,A,0,Y,,,,Y,,A,01,1,0,0,0,1,0,0,0,0,"- ","- ",,,"CONTRA COSTA",PITTSBURG,-121.88329989,38.033409910000003
6902029,2015,2015-05-20,9320,2015-04-22,0515,019559,,3,3,9,0700,0,3,5,,2,075,"WILLOW PASS RD","KEVIN DR",0.00,,Y,A,-,N,,,,,,,,,,Y,2,0,2,2,A,-,12,21453,A,N,D,C,A,A,H,-,E,A,0,,,,,Y,,A,01,1,0,1,0,0,0,0,0,0,"- ","- ",38.026769999999999,-121.95446,"CONTRA COSTA",UNINCORPORATED,-121.95442989,38.026779900000001
6904370,2015,2017-01-06,9320,2015-04-21,0738,16713,,2,1,6,0704,0,1,3,,2,402,"RT 4","RT 242",160.00,W,N,A,-,Y,CC,4,4,-,R,14.560,H,-,W,Y,2,0,1,4,A,-,07,21658,A,N,B,C,A,A,H,-,A,D,1,,,Y,,Y,,D,22,1,0,0,0,0,0,0,0,1,"- ",TO,,,"CONTRA COSTA",CONCORD,-122.03823332,38.005085180000002
6910847,2015,2015-05-14,0704,2015-04-27,0946,0338,,1,5,6,0704,0,0,0,,0,002,"DARLENE DR","PAMELA CT",15.00,E,N,A,-,N,,,,,,,,,,N,2,0,1,1,C,-,18,,,N,E,I,A,A,H,-,A,D,0,,,,,Y,,-,"- ",1,0,0,0,0,0,0,0,0,"- ","- ",,,"CONTRA COSTA",CONCORD,-122.04860438999999,37.963559310000001
6910956,2015,2015-05-12,0709,2015-04-11,2006,430,3020,6,5,4,0709,0,0,0,,0,002,"CHILPANCINGO PKWY","CONTRA COSTA BL",264.00,W,N,A,-,N,,,,,,,,,,Y,2,0,1,1,A,-,07,21658,A,N,E,I,A,A,H,-,C,A,0,,,Y,,Y,,C,02,1,0,0,0,0,0,0,0,1,"- ","- ",,,"CONTRA COSTA","PLEASANT HILL",-122.06580801,37.97546595
6916212,2015,2016-12-06,9370,2015-04-20,1500,020961,,1,2,5,0710,0,1,1,,2,083,"RT 80","EL PORTAL DR",1900.00,E,N,A,-,Y,CC,4,80,-,-,5.640,H,-,E,Y,2,0,1,2,A,-,07,21658,A,F,F,A,A,A,H,-,A,D,6,,,Y,,Y,,-,99,1,0,0,0,0,0,0,0,1,"- ","- ",37.971200000000003,-122.31999999999999,"CONTRA COSTA",RICHMOND,-122.32014851,37.971190329999999
6919001,2015,2015-10-21,0704,2015-07-10,1433,490,,5,5,6,0704,0,0,0,,0,005,"LANDANA DR","JUNIPER DR",0.00,,N,A,-,N,,,,,,,,,,N,2,0,1,1,A,-,05,21650,,N,E,I,A,A,H,-,A,A,0,,,Y,,Y,,C,02,1,0,0,0,0,0,0,0,1,"- ","- ",,,"CONTRA COSTA",CONCORD,-121.99864997,37.982469909999999
6921776,2015,2015-05-28,0700,2015-04-18,1220,72229,,6,5,3,0734,0,0,0,,0,053,"TAZETTA DR","VALERIAN CT",0.00,E,N,A,-,N,,,,,,,,,,N,2,0,1,2,A,-,05,21650,,N,F,E,A,A,H,-,A,D,0,,,,,Y,,A,01,1,0,0,0,0,0,0,0,0,"- ","- ",,,"CONTRA COSTA",OAKLEY,-121.72830988,37.971249899999997
6923013,2015,2015-06-02,9320,2015-05-01,0121,20295,,5,3,9,0700,0,3,5,,2,092,"NEWPORT DR","CLIPPER DR",370.00,N,N,A,-,N,,,,,,,,,,Y,2,0,1,2,A,-,01,23152,A,N,B,C,A,A,H,-,C,D,0,,,,,Y,Y,A,01,1,0,0,0,0,0,0,0,0,"- ","- ",37.891309999999997,-121.61516,"CONTRA COSTA",UNINCORPORATED,-121.61554322000001,37.891354530000001
6929832,2015,2015-06-03,0704,2015-05-13,2216,517,,3,5,6,0704,0,0,0,,0,,"CLAYTON RD","ADELAIDE ST",101.00,W,N,B,-,N,,,,,,,,,,N,2,0,1,2,A,-,11,21955,,N,G,B,D,A,H,-,C,D,0,Y,,,,Y,Y,N,60,1,0,0,0,1,0,0,0,0,"- ","- ",,,"CONTRA COSTA",CONCORD,-122.04155354,37.971551339999998
6944943,2015,2015-08-12,0711,2015-03-29,1601,1062,,7,5,4,0711,0,0,0,,0,001,"CHURCH LANE","EL PORTAL DR",737.00,W,N,A,-,N,,,,,,,,,,Y,2,0,1,2,A,-,05,21650,,N,B,C,A,-,-,-,A,D,0,,,,,Y,,A,01,1,0,0,0,0,0,0,0,0,"- ","- ",,,"CONTRA COSTA","SAN PABLO",-122.33634000000001,37.963169999999998
6945591,2015,2017-01-06,9320,2015-05-30,1845,20026,,6,2,5,0701,0,1,3,,2,404,"RT 4","SOMERSVILLE RD",528.00,W,N,A,-,Y,CC,4,4,-,-,25.910,H,-,E,N,2,0,2,1,A,-,03,22350,,N,F,I,A,A,H,-,A,D,1,,,Y,,Y,,C,02,1,0,1,0,0,0,0,0,2,"- ","- ",,,"CONTRA COSTA",ANTIOCH,-121.83953698000001,38.00437805
6958127,2015,2015-06-23,0708,2015-05-31,0349,P324,,7,5,5,0708,0,0,0,,0,001,"W 10TH ST","MONTEZUMA ST",490.00,W,N,A,-,N,,,,,,,,,,Y,2,0,1,4,A,-,03,22350,,N,C,E,A,A,H,-,C,D,0,,,,,Y,Y,A,01,1,0,0,0,0,0,0,0,0,"- ","- ",,,"CONTRA COSTA",PITTSBURG,-121.89314078,38.029449999999997
6965273,2015,2016-11-05,9320,2015-06-18,0335,18973,,4,3,3,0715,0,1,3,,2,241,"RT 24","EL NIDO RANCH RD",570.00,W,N,A,-,Y,CC,4,24,-,R,4.850,H,-,E,Y,2,0,2,1,A,-,08,22107,,N,E,I,A,A,H,-,C,D,1,,,,,Y,,A,01,1,1,0,0,0,0,0,0,0,"- ","- ",37.89076,-122.14646999999999,"CONTRA COSTA",LAFAYETTE,-122.14640519,37.890830970000003
6965733,2015,2016-11-05,9320,2015-06-10,1100,16713,,3,1,3,0715,0,1,3,,2,241,"RT 24","ACALANES RD",2640.00,E,N,B,C,Y,CC,4,24,-,R,4.930,H,-,W,Y,2,0,1,1,A,-,07,21658,A,N,F,A,A,B,H,-,A,D,1,,,,,Y,,D,22,1,0,0,0,0,0,0,0,0,"- ","- ",,,"CONTRA COSTA",LAFAYETTE,-122.14533107,37.89152026
6971680,2015,2015-07-07,0701,2015-04-06,1925,4306,101,1,5,5,0701,0,0,0,,0,001,"W 10TH ST","O ST",100.00,,N,A,-,N,,,,,,,,,,Y,2,0,2,2,A,-,05,21651,C,N,A,C,A,A,H,-,A,A,0,,,,,Y,,A,01,1,0,1,0,0,0,0,0,0,"- ","- ",,,"CONTRA COSTA",ANTIOCH,-121.82342989999999,38.011259950000003
6975521,2015,2017-01-06,9320,2015-06-17,0858,16713,,3,1,9,0700,0,1,3,,2,402,"SR 4","PACHECO BL",30.00,E,N,A,-,Y,CC,4,4,-,-,12.450,H,-,E,Y,2,0,2,4,A,-,07,21658,A,N,C,C,A,A,H,-,A,D,1,,,,,Y,,A,01,1,0,1,0,0,0,0,0,0,"- ","- ",,,"CONTRA COSTA",UNINCORPORATED,-122.07350049999999,37.99322952
6976657,2015,2016-06-13,0700,2015-04-28,1507,70451,LAFAY,2,5,3,0715,0,0,0,,0,040,"PLEASANT HILL RD","OLYMPIC BL",0.00,,Y,A,-,N,,,,,,,,,,N,2,0,1,2,A,-,05,21202,A,N,D,G,A,A,H,-,A,A,0,,Y,,,Y,,L,04,1,0,0,0,0,0,1,0,0,"- ","- ",,,"CONTRA COSTA",LAFAYETTE,-122.09297986999999,37.88598992
6976701,2015,2015-07-10,0716,2015-04-30,2036,178,R5,4,5,3,0716,0,0,0,,0,002,"MORAGA WY","MORAGA VALLEY LN",0.00,,Y,A,-,N,,,,,,,,,,N,2,0,1,2,A,-,00,20001,,F,H,C,A,A,H,-,C,D,0,,,,,Y,Y,-,,1,0,0,0,0,0,0,0,0,"- ","- ",,,"CONTRA COSTA",MORAGA,-122.13799993000001,37.838889960000003
6978548,2015,2015-07-13,0703,2015-06-24,1349,C023,42,3,5,3,0703,0,0,0,,0,007,"CLAYTON RD","MITCHELL CANYON RD",303.00,E,N,A,-,N,,,,,,,,,,N,2,0,1,2,A,-,08,22107,,N,D,G,A,A,E,-,A,D,0,,Y,,,Y,,L,04,1,0,0,0,0,0,1,0,0,"- ","- ",37.943339999999999,-121.94110000000001,"CONTRA COSTA",CLAYTON,-121.94100569,37.943182839999999
6987393,2015,2017-01-28,9320,2015-07-13,0910,18449,,1,1,4,0714,0,1,1,,2,681,"RT 680","EL CERRO BL",341.00,N,N,A,-,Y,CC,4,680,-,R,8.290,H,-,N,Y,2,0,1,2,A,-,03,22350,,N,E,J,A,A,C,-,A,D,6,,,,Y,Y,,J,49,1,0,0,0,0,0,0,0,0,"- ","- ",,,"CONTRA COSTA",MARTINEZ,-122.00244379,37.830773780000001
6990942,2015,2015-08-04,0701,2015-04-04,0352,5321,201,6,5,5,0701,0,0,0,,0,002,"W 10TH ST","A ST",0.00,,Y,A,-,N,,,,,,,,,,Y,2,0,1,1,A,-,03,22350,,M,A,I,A,A,H,-,C,A,0,,,,,Y,,A,01,1,0,0,0,0,0,0,0,0,"- ","- ",,,"CONTRA COSTA",ANTIOCH,-121.80604,38.01117988
6997801,2015,2015-08-24,0704,2015-07-13,0748,500,VALLE,1,5,6,0704,0,0,0,,0,006,"CLAYTON RD","AYERS RD",0.00,,Y,A,-,N,,,,,,,,,,N,2,0,1,2,A,-,11,21456,B,N,G,B,B,A,H,-,A,A,0,Y,,,,Y,,N,60,1,0,0,0,1,0,0,0,0,"- ","- ",,,"CONTRA COSTA",CONCORD,-121.96900993,37.956189930000001
6998444,2015,2015-07-22,0701,2015-03-27,1856,5428,607,5,5,5,0701,0,0,0,,0,006,"HILLCREST AV","BELLFLOWER DR",250.00,S,N,A,-,N,,,,,,,,,,Y,2,0,1,1,D,-,00,,,N,E,I,A,A,H,-,B,D,0,,,,,Y,,-,"- ",1,0,0,0,0,0,0,0,0,"- ","- ",,,"CONTRA COSTA",ANTIOCH,-121.76952951,37.9830939
7002260,2015,2017-01-07,9320,2015-07-07,0700,16094,,2,1,5,0708,0,1,3,,2,403,"RT 4","RAILROAD AV",865.00,W,N,A,-,Y,CC,4,4,-,-,22.890,H,-,E,N,2,0,1,2,A,-,08,22107,,N,B,B,E,A,H,-,A,D,1,Y,,,,Y,,A,01,1,0,0,0,1,0,0,0,0,"- ","- ",,,"CONTRA COSTA",PITTSBURG,-121.89233321,38.017542450000001
7003271,2015,2015-08-03,9320,2015-07-15,1415,016788,,3,2,9,0700,0,2,4,,2,095,"MARSH CREEK RD","DEER VALLEY RD",286.00,E,N,A,-,N,,,,,,,,,,Y,2,0,1,1,A,-,08,22107,,N,E,I,A,A,H,-,A,D,0,,,Y,,Y,,C,02,1,0,0,0,0,0,0,0,1,"- ","- ",,,"CONTRA COSTA",UNINCORPORATED,-121.77658345,37.881522760000003
7006007,2015,2015-07-23,0712,2015-06-05,1451,P535,,5,5,5,0712,0,0,0,,0,002,"SAN LUIS RD","KEAVENY CT",315.00,E,N,A,-,N,,,,,,,,,,Y,1,1,1,2,A,-,03,22350,,N,C,E,A,A,H,-,A,D,0,,,,,Y,,A,01,0,1,0,0,0,0,0,0,0,"- ","- ",,,"CONTRA COSTA","WALNUT CREEK",-122.07997649000001,37.917175110000002
7006139,2015,2015-09-25,0714,2015-03-27,2022,145,134,5,5,4,0714,0,0,0,,0,004,"MORELLO AV","RT 4",0.00,,Y,A,-,Y,CC,4,4,-,R,10.198,R,1,E,Y,1,1,0,2,A,-,11,21954,A,N,G,B,B,A,H,-,C,A,0,Y,,,,Y,,A,01,0,0,0,1,0,0,0,0,0,"- ",EF,37.991320000000002,-122.10075999999999,"CONTRA COSTA",MARTINEZ,-122.10316322,37.992684560000001
7006160,2015,2015-09-24,9320,2015-06-06,1045,17219,,6,1,9,0700,0,2,4,,2,094,"BYRON HWY","BYRON HOT SPRINGS RD",2112.00,S,N,A,-,N,,,,,,,,,,Y,1,2,4,2,A,-,06,21750,A,N,B,C,A,A,H,-,A,D,0,,,,,Y,,D,22,0,2,2,0,0,0,0,0,0,"- ","- ",37.84563,-121.61856,"CONTRA COSTA",UNINCORPORATED,-121.61880465,37.845645650000002
7006260,2015,2015-11-13,0704,2015-03-18,1121,0500,VALLE,3,5,6,0704,0,0,0,,0,006,"CONCORD BL","AYERS RD",0.00,,Y,A,-,N,,,,,,,,,,Y,1,1,1,2,A,-,12,21453,A,N,D,C,A,A,H,-,A,A,0,,,,,Y,,D,22,0,1,0,0,0,0,0,0,0,"- ","- ",,,"CONTRA COSTA",CONCORD,-121.96458997000001,37.962969960000002
7006319,2015,2015-12-01,9320,2015-05-24,1550,19522,,7,2,4,0714,0,1,3,,2,402,"RT 4","GLACIER DR",394.00,W,N,A,-,Y,CC,4,4,-,R,11.070,H,-,E,N,1,1,1,1,A,-,03,22350,,N,F,A,A,A,H,-,A,D,1,,,Y,,Y,,C,02,1,0,0,0,0,0,0,1,1,"- ","- ",,,"CONTRA COSTA",MARTINEZ,-122.08775942,37.990923019999997
7006372,2015,2015-12-23,0701,2015-04-18,1116,4265,406,6,5,5,0701,0,0,0,,0,004,"CONTRA LOMA BL","SAN CARLOS DR",324.00,S,N,A,-,N,,,,,,,,,,Y,1,1,0,1,A,-,03,22350,,N,E,I,A,A,H,-,A,A,0,,,Y,,Y,,C,02,0,0,0,0,0,0,0,1,0,"- ","- ",,,"CONTRA COSTA",ANTIOCH,-121.82277123999999,37.99520528
7006569,2016,2016-04-23,0740,2016-03-05,1203,53,72,6,5,4,0791,0,0,0,,0,005,"BOLLINGER CANYON RD","WATERMILL RD",813.00,N,N,C,-,N,,,,,,,,,,Y,1,1,0,1,A,-,03,22350,,N,E,I,A,B,H,-,A,D,0,,,,,Y,Y,A,01,0,0,0,0,0,0,0,0,0,"- ","- ",,,"CONTRA COSTA","SAN RAMON",-121.90701059,37.75688083
7006688,2015,2016-04-12,9370,2015-04-05,0551,20425,,7,3,4,0711,0,1,1,,2,083,"RT 80","SAN PABLO DAM RD",69.00,E,N,B,-,Y,CC,4,80,-,-,4.350,H,-,W,Y,1,1,0,1,A,-,01,23152,A,N,E,I,A,A,H,-,D,D,6,,,,,Y,Y,A,01,0,0,0,0,0,0,0,0,0,"- ","- ",37.956029999999998,-122.33006,"CONTRA COSTA","SAN PABLO",-122.33003868,37.956048010000004