CASE_ID,ACCIDENT_YEAR,PROC_DATE,JURIS,COLLISION_DATE,COLLISION_TIME,OFFICER_ID,REPORTING_DISTRICT,DAY_OF_WEEK,CHP_SHIFT,POPULATION,CNTY_CITY_LOC,SPECIAL_COND,BEAT_TYPE,CHP_BEAT_TYPE,CITY_DIVISION_LAPD,CHP_BEAT_CLASS,BEAT_NUMBER,PRIMARY_RD,SECONDARY_RD,DISTANCE,DIRECTION,INTERSECTION,WEATHER_1,WEATHER_2,STATE_HWY_IND,CALTRANS_COUNTY,CALTRANS_DISTRICT,STATE_ROUTE,ROUTE_SUFFIX,POSTMILE_PREFIX,POSTMILE,LOCATION_TYPE,RAMP_INTERSECTION,SIDE_OF_HWY,TOW_AWAY,COLLISION_SEVERITY,NUMBER_KILLED,NUMBER_INJURED,PARTY_COUNT,PRIMARY_COLL_FACTOR,PCF_CODE_OF_VIOL,PCF_VIOL_CATEGORY,PCF_VIOLATION,PCF_VIOL_SUBSECTION,HIT_AND_RUN,TYPE_OF_COLLISION,MVIW,PED_ACTION,ROAD_SURFACE,ROAD_COND_1,ROAD_COND_2,LIGHTING,CONTROL_DEVICE,CHP_ROAD_TYPE,PEDESTRIAN_ACCIDENT,BICYCLE_ACCIDENT,MOTORCYCLE_ACCIDENT,TRUCK_ACCIDENT,NOT_PRIVATE_PROPERTY,ALCOHOL_INVOLVED,STWD_VEHTYPE_AT_FAULT,CHP_VEHTYPE_AT_FAULT,COUNT_SEVERE_INJ,COUNT_VISIBLE_INJ,COUNT_COMPLAINT_PAIN,COUNT_PED_KILLED,COUNT_PED_INJURED,COUNT_BICYCLIST_KILLED,COUNT_BICYCLIST_INJURED,COUNT_MC_KILLED,COUNT_MC_INJURED,PRIMARY_RAMP,SECONDARY_RAMP,LATITUDE,LONGITUDE,COUNTY,CITY,POINT_X,POINT_Y
7008360,2015,2017-01-07,9320,2015-07-21,1858,016788,,2,2,3,0702,0,1,3,,1,406,"RT 4","FAIRVIEW AV",375.00,W,N,A,-,Y,CC,4,4,-,R,36.970,H,-,W,Y,2,0,2,2,A,-,01,23152,E,N,A,C,A,A,H,-,A,D,0,,,,,Y,,A,01,1,1,0,0,0,0,0,0,0,"- ","- ",,,"CONTRA COSTA",BRENTWOOD,-121.72563085,37.907255790000001
7009872,2014,2015-08-14,0714,2014-11-25,1711,118,20,2,5,4,0714,0,0,0,,0,003,"ALHAMBRA VALLEY RD","GILBERT CT",189.00,S,N,A,-,N,,,,,,,,,,Y,2,0,1,2,A,-,11,21954,A,N,G,B,D,A,H,-,D,D,0,Y,,,,Y,,N,60,1,0,0,0,1,0,0,0,0,"- ","- ",,,"CONTRA COSTA",MARTINEZ,-122.12538601999999,37.982282040000001
7022724,2015,2015-08-17,9320,2015-07-12,2050,019238,,7,2,9,0700,0,2,4,,2,023,"BEAR CREEK RD","HAPPY VALLEY RD",9082.00,S,N,A,-,N,,,,,,,,,,Y,2,0,2,1,A,-,08,22107,,N,E,I,A,A,H,-,D,D,0,,,,,Y,,A,01,1,0,1,0,0,0,0,0,0,"- ","- ",37.921930000000003,-122.19422,"CONTRA COSTA",UNINCORPORATED,-122.19386597,37.921683129999998
7032423,2015,2015-09-02,0702,2015-07-24,0823,556,1:201,5,5,3,0702,0,0,0,,0,0B2,"BRENTWOOD BL","LONE TREE WY",210.00,S,N,A,-,N,,,,,,,,,,Y,2,0,1,1,A,-,03,22350,,N,A,I,A,A,H,-,A,D,0,,,,,Y,,A,01,1,0,0,0,0,0,0,0,0,"- ","- ",,,"CONTRA COSTA",BRENTWOOD,-121.6961,37.961013260000001
7037871,2015,2015-08-29,0708,2015-07-27,0115,P324,,1,5,5,0708,0,0,0,,0,002,"PITTSBURG ANTIOCH HWY","EAST 14TH ST",0.00,,N,A,-,N,,,,,,,,,,Y,2,0,2,1,A,-,01,23152,,N,E,I,A,A,H,-,C,A,0,,,,,Y,Y,A,01,1,0,1,0,0,0,0,0,0,"- ","- ",38.164900000000003,-121.52131,"CONTRA COSTA",PITTSBURG,-121.87276987,38.019389889999999
7041435,2015,2015-09-03,0702,2015-05-10,1235,549D,29229,7,5,3,0702,0,0,0,,0,0B2,"ADAMS LN","GRANT ST",0.00,,Y,A,-,N,,,,,,,,,,N,2,0,1,1,C,-,18,,,N,E,I,A,A,H,-,A,A,0,,Y,,,Y,,-,"- ",1,0,0,0,0,0,1,0,0,"- ","- ",,,"CONTRA COSTA",BRENTWOOD,-121.70580998,37.953909899999999
7047074,2015,2015-09-11,0701,2015-08-03,0759,3657,603,1,5,5,0701,0,0,0,,0,006,"DEER VALLEY RD","COUNTRY HILLS DR",0.00,,Y,A,-,N,,,,,,,,,,Y,2,0,1,2,A,-,12,21453,A,N,D,C,A,A,H,-,A,A,0,,,Y,,Y,,C,02,1,0,0,0,0,0,0,0,1,"- ","- ",,,"CONTRA COSTA",ANTIOCH,-121.78229999,37.971149959999998
7059132,2015,2015-10-13,0712,2015-09-19,2223,P519,,6,5,5,0712,0,0,0,,0,001,"SOUTH BROADWAY","NEWELL AV",3696.00,S,N,A,-,N,,,,,,,,,,Y,2,0,1,1,A,-,01,23152,A,N,E,I,A,A,H,-,C,D,0,,,,,Y,Y,A,01,1,0,0,0,0,0,0,0,0,"- ","- ",,,"CONTRA COSTA","WALNUT CREEK",-122.05406000000001,37.890529999999998
7061065,2015,2015-10-09,0700,2015-08-19,1820,70698,,3,5,3,0715,0,0,0,,0,040,"MORAGA RD","MORAGA BL",30.00,N,N,A,-,N,,,,,,,,,,Y,2,0,1,2,A,-,03,22350,,N,C,C,A,A,H,-,A,A,0,,,Y,,Y,,C,02,1,0,0,0,0,0,0,0,1,"- ","- ",,,"CONTRA COSTA",LAFAYETTE,-122.11845147,37.890161910000003
7071061,2015,2015-09-22,0712,2015-09-03,2109,316,,4,5,5,0712,0,0,0,,0,003,MONTEGO,"YGNACIO VALLEY RD",391.00,S,N,A,-,N,,,,,,,,,,N,2,0,1,1,D,-,00,,,N,F,I,A,A,H,-,C,D,0,,Y,,,Y,Y,-,"- ",1,0,0,0,0,0,1,0,0,"- ","- ",,,"CONTRA COSTA","WALNUT CREEK",-122.04915880999999,37.908553560000001
7092351,2015,2015-11-12,0708,2015-10-10,0728,304,,6,5,5,0708,0,0,0,,0,003,"WEST LELAND RD","DAFFODIL DR",218.00,E,N,A,-,N,,,,,,,,,,Y,2,0,1,2,A,-,03,22350,,N,D,C,A,A,H,-,A,A,0,,,,,Y,,A,01,1,0,0,0,0,0,0,0,0,"- ","- ",,,"CONTRA COSTA",PITTSBURG,-121.92374842,38.014720269999998
7093701,2015,2015-11-24,0701,2015-08-03,1523,5330,106,1,5,5,0701,0,0,0,,0,001,"TEXAS ST","BATACAO LN",0.00,,Y,A,-,N,,,,,,,,,,Y,2,0,1,2,A,-,12,22450,,N,D,C,A,A,H,-,A,A,0,,,,,Y,,A,01,1,0,0,0,0,0,0,0,0,"- ","- ",,,"CONTRA COSTA",ANTIOCH,-121.81163995,37.999479940000001
7105699,2015,2015-10-30,0700,2015-10-13,1727,71772,DAN33,2,5,4,0790,0,0,0,,0,063,"CROW CANYON","CENTER WY",0.00,,Y,A,-,N,,,,,,,,,,Y,2,0,1,2,A,-,03,22350,,N,C,C,A,A,H,-,A,A,0,,,Y,,Y,,C,02,1,0,0,0,0,0,0,0,1,"- ","- ",,,"CONTRA COSTA",DANVILLE,-121.92172999,37.797389959999997
7109406,2015,2015-11-16,0701,2015-08-18,1838,5320,511,2,5,5,0701,0,0,0,,0,005,"WAWONA CT","MAMMOTH WAY",0.00,,Y,A,-,N,,,,,,,,,,N,2,0,2,2,A,-,03,22350,,N,D,C,A,A,H,-,A,D,0,,,Y,,Y,,C,02,1,1,0,0,0,0,0,0,2,"- ","- ",,,"CONTRA COSTA",ANTIOCH,-121.78487,37.954589929999997
7109427,2015,2015-11-19,0709,2015-10-07,2252,437,1360,3,5,4,0709,0,0,0,,0,001,"PLEASANT HILL RD","ACKLEY CT",70.00,E,N,A,-,N,,,,,,,,,,Y,2,0,1,1,A,-,03,22350,,N,A,I,A,A,H,-,D,D,0,,,,,Y,,-,,1,0,0,0,0,0,0,0,0,"- ","- ",,,"CONTRA COSTA","PLEASANT HILL",-122.08475724,37.933651660000002
7109436,2015,2015-11-19,0711,2015-10-25,0656,S1024,,7,5,4,0711,0,0,0,,0,003,"23RD ST","MARKET AV",0.00,,Y,B,-,N,,,,,,,,,,N,2,0,1,2,A,-,12,21453,A,N,D,G,A,A,H,-,B,A,0,,Y,,,Y,,L,04,1,0,0,0,0,0,1,0,0,"- ","- ",,,"CONTRA COSTA","SAN PABLO",-122.34762986,37.956899929999999
7117410,2015,2015-11-23,0710,2015-11-12,0355,1478,NORTH,4,5,5,0710,0,0,0,,0,009,"MORNINGSIDE DR","MEADOWBROOK DR",2112.00,N,N,A,-,N,,,,,,,,,,Y,2,0,1,3,A,-,08,22107,,N,C,E,A,A,H,-,C,D,0,,,,,Y,,-,,1,0,0,0,0,0,0,0,0,"- ","- ",,,"CONTRA COSTA",RICHMOND,-122.28505,37.970959999999998
7120362,2015,2015-11-20,0700,2015-10-23,2333,77155,78,5,5,3,0792,0,0,0,,0,082,"OVERHILL RD","TARA RD",0.00,,Y,A,-,N,,,,,,,,,,Y,2,0,2,1,A,-,07,21658,A,N,E,I,A,A,H,-,D,A,0,,,,,Y,Y,-,,2,0,0,0,0,0,0,0,0,"- ","- ",,,"CONTRA COSTA",ORINDA,-122.16617989,37.8779799
7123000,2015,2015-11-23,0702,2015-10-16,1755,541F,16416,5,5,3,0702,0,0,0,,0,0B4,"BACCHINI LN","CONCORD AV",0.00,,Y,A,-,N,,,,,,,,,,N,2,0,2,2,A,-,09,21800,A,N,D,C,A,A,H,-,A,D,0,,,Y,,Y,,A,01,1,0,1,0,0,0,0,0,1,"- ","- ",,,"CONTRA COSTA",BRENTWOOD,-121.71724992999999,37.903709980000002
7140946,2015,2015-12-22,0708,2015-12-10,1458,285,046,4,5,5,0708,0,0,0,,0,004,"BUCHANAN RD","BROOKSIDE DR",247.00,W,N,B,-,N,,,,,,,,,,Y,2,0,1,1,C,-,18,,,N,E,I,A,A,H,-,A,A,0,,,,,Y,,-,"- ",1,0,0,0,0,0,0,0,0,"- ","- ",,,"CONTRA COSTA",PITTSBURG,-121.89362737,37.998100000000001
7153402,2015,2016-01-27,0714,2015-08-09,1101,118,01,7,5,4,0714,0,0,0,,0,001,"MARINA VISTA","SHELL AV",0.00,,Y,A,-,N,,,,,,,,,,N,2,0,1,1,-,-,"- ",,,N,H,-,A,A,G,-,A,D,0,,Y,,,Y,,-,"- ",1,0,0,0,0,0,1,0,0,"- ","- ",38.019019999999998,-122.13507,"CONTRA COSTA",MARTINEZ,-122.11793991,38.02519994
7157355,2015,2016-01-19,0701,2015-09-22,1348,4265,611,2,5,5,0701,0,0,0,,0,006,"HILLCREST AV","DEERFIELD DR",650.00,S,N,A,-,N,,,,,,,,,,Y,2,0,2,1,A,-,03,22350,,N,A,I,A,A,H,-,A,A,0,,,,,Y,,A,01,1,0,1,0,0,0,0,0,0,"- ","- ",,,"CONTRA COSTA",ANTIOCH,-121.76256046,37.971890770000002
7171341,2016,2016-02-03,0708,2016-01-22,2146,P326,,5,5,5,0708,0,0,0,,0,003,"WEST LELAND RD","JACQUELINE DR",14.00,N,N,C,-,N,,,,,,,,,,Y,2,0,2,2,A,-,03,22350,,N,C,C,A,B,H,-,C,A,0,,,,,Y,,A,01,1,1,0,0,0,0,0,0,0,"- ","- ",,,"CONTRA COSTA",PITTSBURG,-121.92825797,38.015456190000002
7177205,2016,2016-02-09,0704,2016-01-28,2141,523,,4,5,6,0704,0,0,0,,0,004,"BATES AV","COMMERCIAL CIR W",18.00,E,N,B,-,N,,,,,,,,,,Y,2,0,1,1,A,-,01,23152,,N,E,I,A,A,H,-,C,D,0,,,,,Y,Y,A,01,1,0,0,0,0,0,0,0,0,"- ","- ",,,"CONTRA COSTA",CONCORD,-122.03077868,38.014299559999998
7188286,2016,2016-02-23,0704,2016-02-12,1901,485,,5,5,6,0704,0,0,0,,0,002,"SUNVALLEY BL","SUN VALLEY CENTER",117.00,W,N,A,-,N,,,,,,,,,,Y,2,0,1,3,A,-,03,22350,,N,C,C,A,A,H,-,C,A,0,,,,,Y,,A,01,1,0,0,0,0,0,0,0,0,"- ","- ",,,"CONTRA COSTA",CONCORD,-122.05862189,37.964574280000001
7188298,2016,2016-02-23,0704,2016-02-10,1918,567,,3,5,6,0704,0,0,0,,0,001,"CONCORD AV","BONIFACIO ST",0.00,,Y,A,-,N,,,,,,,,,,N,2,0,1,2,A,-,11,21456,B,N,G,B,B,A,H,-,C,A,0,Y,,,,Y,Y,N,60,1,0,0,0,1,0,0,0,0,"- ","- ",37.978009999999998,-122.03892999999999,"CONTRA COSTA",CONCORD,-122.03859996,37.978089930000003
7189422,2016,2016-02-25,0707,2016-01-27,2011,349,,3,5,3,0707,0,0,0,,0,002,"PINOLE VALLEY RD","ESTATES AV",472.00,S,N,A,-,N,,,,,,,,,,Y,2,0,1,2,A,-,09,21804,A,N,D,C,A,A,H,-,C,D,0,,,Y,,Y,,A,07,1,0,0,0,0,0,0,0,1,"- ","- ",,,"CONTRA COSTA",PINOLE,-122.28570376,37.994288220000001
7189425,2016,2016-02-26,0708,2016-01-27,1719,342,DELTA,3,5,5,0708,0,0,0,,0,002,"RAILROAD AV","OAK PL",11.00,N,N,A,-,N,,,,,,,,,,Y,2,0,1,2,A,-,12,21453,A,N,D,C,A,A,H,-,B,A,0,,,Y,,Y,,C,02,1,0,0,0,0,0,0,0,1,"- ","- ",,,"CONTRA COSTA",PITTSBURG,-121.88796872,38.020868870000001
7190217,2016,2016-06-22,0710,2016-02-05,0812,1242,SOUTH,5,5,5,0710,0,0,0,,0,002,"CUTTING BL","S 13TH ST",0.00,,Y,B,-,N,,,,,,,,,,Y,1,1,0,2,A,-,09,21802,A,N,D,C,A,A,H,-,A,A,0,,,Y,Y,Y,,F,27,0,0,0,0,0,0,0,1,0,"- ","- ",,,"CONTRA COSTA",RICHMOND,-122.35692989,37.92520991
7190458,2016,2016-10-05,0710,2016-01-28,1422,1586,,4,5,5,0710,0,0,0,,0,,"BECK ST","BECK ST 374",0.00,,N,A,-,N,,,,,,,,,,N,1,1,0,2,C,-,18,,,N,G,B,F,A,H,-,A,D,0,Y,,,,Y,,-,"- ",0,0,0,1,0,0,0,0,0,"- ","- ",,,"CONTRA COSTA",RICHMOND,-122.33684242,37.927024160000002
7190503,2016,2016-11-02,0701,2016-05-18,2200,2372,205,3,5,5,0701,0,0,0,,0,002,"CAVALLO RD","MINNER AV",295.00,S,N,A,-,N,,,,,,,,,,N,1,1,0,1,A,-,01,23152,A,N,E,I,A,A,H,-,C,A,0,,,,,Y,Y,-,"- ",0,0,0,0,0,0,0,0,0,"- ","- ",,,"CONTRA COSTA",ANTIOCH,-121.79733047000001,37.999657749999997
7190648,2016,2016-12-08,0704,2016-07-27,2500,539,,3,5,6,0704,0,0,0,,0,005,"WILLOW PASS RD","LYNWOOD DR",2429.00,N,N,A,-,N,,,,,,,,,,N,1,1,0,2,D,-,00,,,F,G,B,E,A,H,-,-,D,0,Y,,,,Y,,-,"- ",0,0,0,1,0,0,0,0,0,"- ","- ",37.996589999999998,-122.00166,"CONTRA COSTA",CONCORD,-122.00162549,37.997415019999998
7190699,2016,2016-12-28,0701,2016-06-18,0040,4265,601,6,5,5,0701,0,0,0,,0,006,"HILLCREST AV","WILDFLOWER DR",733.00,E,N,A,-,N,,,,,,,,,,Y,1,1,4,1,A,-,03,22349,A,N,E,I,A,A,H,-,C,D,0,,,,,Y,,A,01,4,0,0,0,0,0,0,0,0,"- ","- ",,,"CONTRA COSTA",ANTIOCH,-121.78015546,37.986931040000002
7198412,2015,2016-03-04,0712,2015-11-20,0835,P518,,5,5,5,0712,0,0,0,,0,,"OAK GROVE RD","FILBERT DR",652.00,S,N,A,-,N,,,,,,,,,,N,2,0,2,3,A,-,10,21950,A,N,G,B,C,A,H,-,A,A,0,Y,,,,Y,,A,07,2,0,0,0,2,0,0,0,0,"- ","- ",,,"CONTRA COSTA","WALNUT CREEK",-122.00872545999999,37.915577280000001
7199530,2016,2016-05-04,0710,2016-01-29,0006,1662,0710,5,5,5,0710,0,0,0,,0,007,"SOLANO AV","VENTURA ST",0.00,,Y,B,-,N,,,,,,,,,,Y,1,1,1,4,A,-,12,22450,A,F,D,C,A,B,H,-,C,A,0,,,,,Y,,D,22,0,0,1,0,0,0,0,0,0,"- ","- ",,,"CONTRA COSTA",RICHMOND,-122.32527991000001,37.942959989999999
7199801,2015,2017-02-10,0701,2015-09-18,1823,187,,5,5,5,0701,0,0,0,,0,901,"SOMERSVILLE RD","RT 4",0.00,,Y,A,-,Y,CC,4,4,-,-,25.876,R,4,E,Y,1,1,2,2,A,-,01,23152,A,N,D,C,A,A,H,-,A,A,0,,,Y,,Y,Y,C,02,0,1,1,0,0,0,0,1,0,"- ",TO,38.003500000000003,-121.83797,"CONTRA COSTA",ANTIOCH,-121.84012537,38.004549750000002
7199862,2016,2016-12-08,0701,2016-08-16,0956,2372,202,2,5,5,0701,0,0,0,,0,002,"A ST","W 17TH ST",0.00,,Y,A,-,N,,,,,,,,,,Y,1,1,1,2,A,-,09,21801,A,N,D,C,A,A,H,-,A,A,0,,,,,Y,,D,22,0,0,1,0,0,0,0,0,0,"- ","- ",,,"CONTRA COSTA",ANTIOCH,-121.80602988,38.005659909999999
7200000,2016,2017-04-11,0708,2016-11-30,2027,285,,3,5,5,0708,0,0,0,,0,005,"BUCHANAN RD","MEADOWS AV",1062.00,E,N,A,-,N,,,,,,,,,,Y,1,1,1,2,A,-,05,21650,,N,A,C,A,A,H,-,D,A,0,,,,,Y,Y,A,01,0,1,0,0,0,0,0,0,0,"- ","- ",37.997979999999998,-121.86382999999999,"CONTRA COSTA",PITTSBURG,-121.86011397,37.998023949999997
7200002,2016,2017-04-13,0701,2016-11-11,2133,2372,615,5,5,5,0701,0,0,0,,0,006,"LONE TREE WY","SLATTEN RANCH RD",585.00,W,N,A,-,N,,,,,,,,,,Y,1,1,2,3,A,-,01,23152,A,N,B,C,A,A,H,-,C,A,0,,,,,Y,Y,D,22,1,1,0,0,0,0,0,0,0,"- ","- ",,,"CONTRA COSTA",ANTIOCH,-121.73906954,37.961739999999999
7200046,2016,2017-05-05,0710,2016-09-27,0830,1505,SOUTH,2,5,5,0710,0,0,0,,0,003,"CARLSON BLVD","SAN JOSE AV",0.00,,Y,B,-,N,,,,,,,,,,N,1,1,0,2,A,-,06,21951,,N,G,B,D,A,H,-,A,D,0,Y,,,,Y,,I,11,0,0,0,1,0,0,0,0,0,"- ","- ",,,"CONTRA COSTA",RICHMOND,-122.30602994,37.904089900000002
7206024,2016,2016-08-24,0709,2016-02-08,2130,412,1260,1,5,4,0709,0,0,0,,0,001,"GREGORY LN","CLEAVELAND RD",0.00,,Y,A,-,N,,,,,,,,,,N,2,0,1,2,A,-,11,21456,B,N,G,B,D,A,H,-,C,A,0,Y,,,,Y,,N,60,1,0,0,0,1,0,0,0,0,"- ","- ",,,"CONTRA COSTA","PLEASANT HILL",-122.06420998,37.947979969999999
8007094,2014,2016-03-30,0700,2014-09-08,1402,76624,78,1,5,3,0792,0,0,0,,0,081,"MORAGA VIA","GLORIETTA BL",0.00,,Y,A,-,N,,,,,,,,,,Y,2,0,1,2,A,-,01,23152,A,N,D,G,A,A,-,-,A,-,0,,Y,,,Y,Y,A,01,1,0,0,0,0,0,1,0,0,"- ","- ",,,"CONTRA COSTA",ORINDA,-122.16467987,37.866939969999997
8018204,2016,2016-08-29,0707,2016-04-04,1720,369,,1,5,3,0707,0,0,0,,0,001,"APPIAN WY","MARLESTA RD",0.00,,Y,A,-,N,,,,,,,,,,N,2,0,1,2,A,-,11,21950,B,N,G,B,B,A,H,-,A,D,0,Y,,,,Y,,A,01,1,0,0,0,1,0,0,0,0,"- ","- ",,,"CONTRA COSTA",PINOLE,-122.29928998,38.00174999
8018273,2016,2016-04-28,0710,2016-01-11,1733,1494,NORTH,1,5,5,0710,0,0,0,,0,007,"MACDONALD AV","45TH ST",0.00,E,N,A,-,N,,,,,,,,,,Y,2,0,2,2,A,-,05,21651,A,N,D,C,A,A,H,-,A,D,0,,,,,Y,,A,01,1,0,1,0,0,0,0,0,0,"- ","- ",,,"CONTRA COSTA",RICHMOND,-122.32735997,37.932869940000003
8030786,2015,2016-05-05,0701,2015-12-03,1516,2372,306,4,5,5,0701,0,0,0,,0,003,"BUCHANAN RD","CORTEZ CT",12.00,W,N,B,C,N,,,,,,,,,,N,2,0,1,2,A,-,03,22350,,N,E,I,A,B,H,-,A,A,0,,,,,Y,,A,01,1,0,0,0,0,0,0,0,0,"- ","- ",,,"CONTRA COSTA",ANTIOCH,-121.82430891,37.999401759999998
8030797,2015,2016-05-05,0701,2015-04-18,1455,4578,107,6,5,5,0701,0,0,0,,0,001,"ROSSI AV","D ST",200.00,E,N,A,-,N,,,,,,,,,,Y,2,0,1,2,C,-,18,,,N,G,B,D,A,H,-,A,D,0,Y,,,,Y,,-,"- ",1,0,0,0,1,0,0,0,0,"- ","- ",,,"CONTRA COSTA",ANTIOCH,-121.80932577999999,38.000226699999999
8034763,2016,2018-09-27,0701,2016-02-18,2010,5565,408,4,5,5,0701,0,0,0,,0,004,"W TREGALLAS RD","G ST",240.00,N,N,A,-,N,,,,,,,,,,N,1,1,0,2,A,-,11,21955,,N,G,B,D,A,H,-,C,D,0,Y,,,,Y,Y,N,60,0,0,0,1,0,0,0,0,0,"- ","- ",,,"CONTRA COSTA",ANTIOCH,-121.81574999999999,37.997540000000001
8035954,2016,2016-05-02,0704,2016-04-09,1718,485,,6,5,6,0704,0,0,0,,0,003,"MONUMENT BL","LANDINI LN",101.00,W,N,B,C,N,,,,,,,,,,Y,2,0,6,4,A,-,03,22350,,N,C,C,A,B,H,-,A,A,0,,,,,Y,,A,01,1,1,4,0,0,0,0,0,0,"- ","- ",,,"CONTRA COSTA",CONCORD,-122.03828349,37.956877169999999
8050687,2016,2016-05-31,0701,2016-03-30,1858,5330,201,3,5,5,0701,0,0,0,,0,002,"F ST","W 6TH ST",0.00,,Y,A,-,N,,,,,,,,,,N,2,0,1,3,A,-,12,22450,A,M,D,C,A,A,H,-,A,A,0,,,,,Y,,A,01,1,0,0,0,0,0,0,0,0,"- ","- ",,,"CONTRA COSTA",ANTIOCH,-121.81251999,38.014049900000003
8050695,2016,2016-05-31,0701,2016-03-25,1332,5563,201,5,5,5,0701,0,0,0,,0,002,"A ST","W 9TH ST",0.00,,Y,A,-,N,,,,,,,,,,Y,2,0,3,2,A,-,17,21451,A,N,D,C,A,A,H,-,A,A,0,,,Y,,Y,,A,01,1,1,1,0,0,0,0,0,1,"- ","- ",,,"CONTRA COSTA",ANTIOCH,-121.80607993,38.011899900000003
8055768,2016,2016-06-08,0700,2016-04-19,1417,73446,ORIND,2,5,3,0792,0,0,0,,0,081,"EL TOYONAL","UTILITY POLE #110161138",41.00,N,N,-,-,N,,,,,,,,,,Y,2,0,1,1,A,-,03,22350,,N,-,-,A,-,-,-,-,-,0,,,,,Y,,A,01,1,0,0,0,0,0,0,0,0,"- ","- ",,,"CONTRA COSTA",ORINDA,,
8058647,2016,2016-06-11,0701,2016-03-02,1043,5473,102,3,5,5,0701,0,0,0,,0,001,"AUTO CENTER DR","W 10TH ST",0.00,,Y,A,-,N,,,,,,,,,,N,2,0,1,1,C,-,18,,,N,H,J,A,D,G,-,A,A,0,,,Y,,Y,,-,"- ",1,0,0,0,0,0,0,0,1,"- ","- ",,,"CONTRA COSTA",ANTIOCH,-121.82903998,38.012479900000002
8058675,2016,2016-06-11,0701,2016-03-15,0830,5323,505,2,5,5,0701,0,0,0,,0,005,"HANSEN DR","UNION MINE DR",0.00,,Y,A,-,N,,,,,,,,,,N,2,0,1,2,A,-,12,22450,A,N,D,G,A,A,H,-,A,A,0,,Y,,,Y,,L,04,1,0,0,0,0,0,1,0,0,"- ","- ",,,"CONTRA COSTA",ANTIOCH,-121.81159995,37.96512998
8067051,2016,2016-07-11,0710,2016-02-20,2105,1692,SOUTH,6,5,5,0710,0,0,0,,0,002,"HOFFMAN BL","HARBOUR WY S",0.00,,Y,B,-,N,,,,,,,,,,Y,2,0,1,1,A,-,01,23152,E,N,A,I,A,A,H,-,C,A,0,,,,,Y,,-,,1,0,0,0,0,0,0,0,0,"- ","- ",,,"CONTRA COSTA",RICHMOND,-122.36005994999999,37.922569969999998
8067579,2016,2016-07-05,0701,2016-03-26,1752,4308,411,6,5,5,0701,0,0,0,,0,004,"JAMES DONLON BL","SILVERADO DR",495.00,W,N,A,-,N,,,,,,,,,,N,2,0,3,1,A,-,03,22350,,N,E,I,A,A,H,-,A,D,0,,,,,Y,,A,01,2,1,0,0,0,0,0,0,0,"- ","- ",,,"CONTRA COSTA",ANTIOCH,-121.84085748,37.983312910000002
8072310,2016,2016-07-15,0701,2016-04-25,1631,4306,205,1,5,5,0701,0,0,0,,0,002,"EVERGREEN AV","E 19TH ST",0.00,,Y,A,-,N,,,,,,,,,,N,2,0,1,2,A,-,12,22450,A,N,B,G,A,A,H,-,A,A,0,,Y,,,Y,Y,L,04,1,0,0,0,0,0,1,0,0,"- ","- ",,,"CONTRA COSTA",ANTIOCH,-121.80202996,38.004139989999999
8075770,2016,2017-02-04,0707,2016-06-16,1754,214/381,,4,5,3,0707,0,0,0,,0,001,"PINOLE VALLEY RD","RT 80",0.00,,N,A,-,Y,CC,4,80,-,-,8.397,R,3,W,N,2,0,1,2,A,-,10,21950,,F,G,B,B,A,H,-,A,A,0,Y,,,,Y,,A,01,1,0,0,0,1,0,0,0,0,"- ",WO,,,"CONTRA COSTA",PINOLE,-122.28798424,37.996046079999999
8077271,2016,2016-07-28,0710,2016-06-27,1902,1407,N,1,5,5,0710,0,0,0,,0,007,"MACDONALD AV","25TH ST",0.00,,Y,A,-,N,,,,,,,,,,N,2,0,1,2,A,-,10,21950,A,F,G,B,B,A,H,-,A,A,0,Y,,,,Y,,-,,1,0,0,0,1,0,0,0,0,"- ","- ",,,"CONTRA COSTA",RICHMOND,-122.34544989,37.935449949999999
8086453,2016,2016-07-18,0709,2016-06-20,1633,440,3070,1,5,4,0709,0,0,0,,0,002,"PLEASANT HILL RD","TAYLOR BL",0.00,,Y,A,-,N,,,,,,,,,,Y,2,0,4,3,A,-,12,21453,A,F,D,C,A,A,H,-,A,A,0,,,,,Y,,-,,1,0,3,0,0,0,0,0,0,"- ","- ",,,"CONTRA COSTA","PLEASANT HILL",-122.08799990999999,37.954179969999998
8087470,2016,2016-08-05,0701,2016-06-18,1818,4470,103,6,5,5,0701,0,0,0,,0,001,"W 9TH ST","I ST",0.00,,Y,A,-,N,,,,,,,,,,Y,2,0,2,3,A,-,09,21804,A,N,D,C,A,A,H,-,A,D,0,,,,,Y,,A,01,1,0,1,0,0,0,0,0,0,"- ","- ",,,"CONTRA COSTA",ANTIOCH,-121.81591988,38.011899960000001
8087509,2016,2016-07-25,0701,2016-06-01,1515,5436,602,3,5,5,0701,0,0,0,,0,006,"HILLCREST AV","VIA DORA DR",180.00,W,N,A,-,N,,,,,,,,,,N,2,0,2,2,A,-,17,21209,,N,B,G,A,A,H,-,A,D,0,,Y,,,Y,,-,,1,1,0,0,0,0,1,0,0,"- ","- ",,,"CONTRA COSTA",ANTIOCH,-121.77387357000001,37.98327853
8087510,2016,2016-08-15,0701,2016-06-09,0133,5235,409,4,5,5,0701,0,0,0,,0,004,"LONE TREE WY","CLEARBROOK RD",150.00,S,N,A,-,N,,,,,,,,,,Y,2,0,1,1,A,-,08,22107,,N,E,I,A,A,H,-,C,D,0,,,Y,,Y,,C,02,1,0,0,0,0,0,0,0,1,"- ","- ",,,"CONTRA COSTA",ANTIOCH,-121.80654799,37.987053979999999
8090399,2016,2016-07-25,0704,2016-07-12,0920,0535,,2,5,6,0704,0,0,0,,0,001,"WILLOW PASS RD","SUTTER ST",0.00,,Y,A,-,N,,,,,,,,,,N,2,0,1,2,A,-,11,21954,A,N,G,B,D,A,H,-,A,D,0,Y,,,,Y,,N,60,1,0,0,0,1,0,0,0,0,"- ","- ",,,"CONTRA COSTA",CONCORD,-122.03860987,37.974429970000003
8095382,2016,2016-08-03,0704,2016-07-22,0202,0571,,5,5,6,0704,0,0,0,,0,001,"OVERHILL RD","HILLSIDE AV",78.00,N,N,A,-,N,,,,,,,,,,Y,2,0,1,3,A,-,01,23152,A,N,A,E,A,A,H,-,C,D,0,,,Y,,Y,Y,C,02,1,0,0,0,0,0,0,0,1,"- ","- ",,,"CONTRA COSTA",CONCORD,-122.04535869999999,37.991474660000002