CASE_ID,ACCIDENT_YEAR,PROC_DATE,JURIS,COLLISION_DATE,COLLISION_TIME,OFFICER_ID,REPORTING_DISTRICT,DAY_OF_WEEK,CHP_SHIFT,POPULATION,CNTY_CITY_LOC,SPECIAL_COND,BEAT_TYPE,CHP_BEAT_TYPE,CITY_DIVISION_LAPD,CHP_BEAT_CLASS,BEAT_NUMBER,PRIMARY_RD,SECONDARY_RD,DISTANCE,DIRECTION,INTERSECTION,WEATHER_1,WEATHER_2,STATE_HWY_IND,CALTRANS_COUNTY,CALTRANS_DISTRICT,STATE_ROUTE,ROUTE_SUFFIX,POSTMILE_PREFIX,POSTMILE,LOCATION_TYPE,RAMP_INTERSECTION,SIDE_OF_HWY,TOW_AWAY,COLLISION_SEVERITY,NUMBER_KILLED,NUMBER_INJURED,PARTY_COUNT,PRIMARY_COLL_FACTOR,PCF_CODE_OF_VIOL,PCF_VIOL_CATEGORY,PCF_VIOLATION,PCF_VIOL_SUBSECTION,HIT_AND_RUN,TYPE_OF_COLLISION,MVIW,PED_ACTION,ROAD_SURFACE,ROAD_COND_1,ROAD_COND_2,LIGHTING,CONTROL_DEVICE,CHP_ROAD_TYPE,PEDESTRIAN_ACCIDENT,BICYCLE_ACCIDENT,MOTORCYCLE_ACCIDENT,TRUCK_ACCIDENT,NOT_PRIVATE_PROPERTY,ALCOHOL_INVOLVED,STWD_VEHTYPE_AT_FAULT,CHP_VEHTYPE_AT_FAULT,COUNT_SEVERE_INJ,COUNT_VISIBLE_INJ,COUNT_COMPLAINT_PAIN,COUNT_PED_KILLED,COUNT_PED_INJURED,COUNT_BICYCLIST_KILLED,COUNT_BICYCLIST_INJURED,COUNT_MC_KILLED,COUNT_MC_INJURED,PRIMARY_RAMP,SECONDARY_RAMP,LATITUDE,LONGITUDE,COUNTY,CITY,POINT_X,POINT_Y
8096676,2016,2016-08-11,0710,2016-08-02,2240,1402,,2,5,5,0710,0,0,0,,0,008,"ATLAS RD",OAKMONT,39.00,W,N,A,-,N,,,,,,,,,,Y,2,0,2,3,A,-,10,21950,A,N,G,B,B,A,H,-,C,D,0,Y,,,,Y,,-,,1,0,1,0,2,0,0,0,0,"- ","- ",,,"CONTRA COSTA",RICHMOND,-122.34136221999999,37.994593000000002
8113423,2016,2016-09-07,0709,2016-07-03,2323,435,3200,7,5,4,0709,0,0,0,,0,001,"N MAIN ST","OAK PARK BL",386.00,S,N,A,-,N,,,,,,,,,,Y,2,0,1,2,A,-,05,21651,C,F,A,C,A,A,H,-,C,A,0,,,,,Y,,-,,1,0,0,0,0,0,0,0,0,"- ","- ",,,"CONTRA COSTA","PLEASANT HILL",-122.06066782000001,37.932391610000003
8117009,2016,2016-09-07,0740,2016-06-02,1359,SR501,SR72,4,5,4,0791,0,0,0,,0,BEAT1,"CROW CANYON RD","BOLLINGER CANYON RD",0.00,,Y,A,-,N,,,,,,,,,,N,2,0,1,1,D,-,00,,,N,F,I,A,A,H,-,A,A,0,,Y,,,Y,,-,"- ",1,0,0,0,0,0,1,0,0,"- ","- ",37.772539999999999,-121.99569,"CONTRA COSTA","SAN RAMON",-121.99594995,37.772619990000003
8123902,2016,2016-09-19,0700,2016-07-17,1257,71124,DAN33,7,5,4,0790,0,0,0,,0,062,"CAMINO TASSAJARA","LOMITAS DR",0.00,,Y,A,-,N,,,,,,,,,,Y,2,0,1,2,A,-,09,21802,A,N,D,G,A,A,H,-,A,A,0,,Y,,,Y,,L,04,1,0,0,0,0,0,1,0,0,"- ","- ",,,"CONTRA COSTA",DANVILLE,-121.98144986,37.820529989999997
8127913,2016,2016-10-31,0710,2016-09-01,0736,1380,SOUTH,4,5,5,0710,0,0,0,,0,002,"CUTTING BL","MARINA WAY SOUTH",0.00,,Y,A,-,N,,,,,,,,,,Y,2,0,1,3,A,-,12,21453,A,N,D,C,A,A,H,-,A,A,0,,,,,Y,,A,01,1,0,0,0,0,0,0,0,0,"- ","- ",,,"CONTRA COSTA",RICHMOND,-122.35586992,37.925199900000003
8128584,2016,2017-02-28,0706,2016-09-16,2013,158,84,5,5,3,0706,0,0,0,,0,,"WILLOW AV","RT 80",20.00,E,N,A,-,Y,CC,4,4,-,R,0.607,R,4,W,Y,2,0,2,2,A,-,09,21801,A,N,A,C,A,A,H,-,C,D,0,,,,,Y,,A,01,1,0,1,0,0,0,0,0,0,"- ",WO,,,"CONTRA COSTA",HERCULES,-122.25848722000001,38.0135918
81398621,2020,2021-01-29,0704,2020-12-01,1405,0537,,2,5,6,0704,0,0,0,,0,006,"CLAYTON RD","NEWHALL PKWY (N)",0.00,,Y,A,-,N,,,,,,,,,,Y,2,0,1,2,A,-,09,21802,A,N,D,C,A,A,H,-,A,D,0,,,Y,,Y,,A,07,1,0,0,0,0,0,0,0,1,"- ","- ",37.958240509033203,-121.97415161132812,"CONTRA COSTA",CONCORD,-121.97422790527344,37.958080291748047
81398642,2020,2021-01-29,0704,2020-12-07,2228,0539,,1,5,6,0704,0,0,0,,0,003,"MONUMENT BLVD","REGANTI DR",167.00,W,N,A,-,N,,,,,,,,,,N,2,0,1,2,A,-,11,21954,A,F,G,B,E,A,H,-,C,D,0,Y,,,,Y,,N,60,1,0,0,0,1,0,0,0,0,"- ","- ",37.952438354492188,-122.04460144042969,"CONTRA COSTA",CONCORD,-122.044677734375,37.952377319335938
81398696,2020,2021-01-29,0704,2020-12-29,1414,0539,,2,5,6,0704,0,0,0,,0,005,"MOUNT DIABLO ST","CARLETON DR",52.00,W,N,A,-,N,,,,,,,,,,Y,2,0,1,1,A,-,03,22350,,N,F,A,A,A,H,-,A,A,0,,,Y,,Y,,C,02,1,0,0,0,0,0,0,0,1,"- ","- ",37.969749450683594,-122.02497863769531,"CONTRA COSTA",CONCORD,-122.02510833740234,37.969825744628906
81414872,2021,2021-02-25,0708,2021-01-29,0747,338,8113,5,5,5,0708,0,0,0,,0,001,"17TH STREET","DAVI AVENUE",34.00,W,N,A,-,N,,,,,,,,,,Y,2,0,3,1,A,-,03,22350,,N,E,I,A,A,H,-,A,A,0,,,,,Y,,A,08,3,0,0,0,0,0,0,0,0,"- ","- ",,,"CONTRA COSTA",PITTSBURG,-121.89229583740234,38.021629333496094
81417623,2021,2021-03-01,0708,2021-02-16,1012,355,8410,2,5,5,0708,0,0,0,,0,005,"E LELAND ROAD","GLADSTONE DRIVE",0.00,,Y,B,-,N,,,,,,,,,,Y,2,0,2,3,A,-,01,23152,F,N,D,C,F,A,H,-,A,A,0,Y,,,,Y,,A,01,1,1,0,0,1,0,0,0,0,"- ","- ",,,"CONTRA COSTA",PITTSBURG,-121.86602020263672,38.0084228515625
81419506,2021,2021-03-03,0708,2021-01-15,1941,348,8409,5,5,5,0708,0,0,0,,0,005,"LOVERIDGE ROAD","LELAND ROAD",827.00,N,N,A,-,N,,,,,,,,,,N,2,0,1,2,A,-,03,22350,,N,G,B,D,A,H,-,C,A,0,Y,,,,Y,,A,01,1,0,0,0,1,0,0,0,0,"- ","- ",38.00823974609375,-121.87078094482422,"CONTRA COSTA",PITTSBURG,-121.86994934082031,38.010269165039062
81424863,2021,2021-03-11,0704,2021-03-09,2300,0571,4,2,5,6,0704,0,0,0,,0,004,"WILLOW PASS RD","MOUNT DIABLO ST",0.00,,Y,C,-,N,,,,,,,,,,Y,2,0,3,1,A,-,03,22350,,N,E,I,A,B,H,-,C,A,0,,,,,Y,Y,A,01,1,1,1,0,0,0,0,0,0,"- ","- ",37.97650146484375,-122.0340576171875,"CONTRA COSTA",CONCORD,-122.03401947021484,37.976581573486328
81425778,2021,2021-03-12,0708,2021-02-13,1517,363,8416,6,5,5,0708,0,0,0,,0,005,"GREENBRIAR DRIVE","PARK PLACE DRIVE",48.00,E,N,A,-,N,,,,,,,,,,N,2,0,1,1,A,-,03,22350,,N,E,I,A,A,H,-,A,D,0,,,Y,,Y,,C,02,1,0,0,0,0,0,0,0,1,"- ","- ",,,"CONTRA COSTA",PITTSBURG,-121.88208770751953,38.0018310546875
81426781,2021,2021-03-15,0708,2021-02-23,0743,355,8104,2,5,5,0708,0,0,0,,0,001,"W 10TH STREET","BLACK DIAMOND STREET",201.00,W,N,A,-,N,,,,,,,,,,N,2,0,2,3,A,-,10,21954,B,N,G,B,E,A,H,-,A,D,0,Y,,,,Y,,A,07,1,0,1,0,2,0,0,0,0,"- ","- ",,,"CONTRA COSTA",PITTSBURG,-121.88712310791016,38.028411865234375
8145204,2016,2016-10-14,0700,2016-08-13,1432,67043,,6,5,3,0715,0,0,0,,0,041,"RELIEZ VALLEY RD","SHANGRI-LA RD",0.00,,Y,A,-,N,,,,,,,,,,N,2,0,1,2,A,-,03,22350,,N,C,C,A,A,H,-,A,D,0,,,Y,,Y,,C,,1,0,0,0,0,0,0,0,1,"- ","- ",,,"CONTRA COSTA",LAFAYETTE,-122.10814993,37.926529979999998
8145811,2016,2016-10-17,0700,2016-05-04,2015,OA013,57,3,5,3,0734,0,0,0,,0,052,"MAIN ST","ROSE AV",944.00,E,N,A,-,N,,,,,,,,,,Y,2,0,1,2,A,-,03,22350,,N,C,D,A,A,H,-,D,D,0,,,,,Y,,A,01,1,0,0,0,0,0,0,0,0,"- ","- ",,,"CONTRA COSTA",OAKLEY,-121.70183058000001,37.994063969999999
81463699,2021,2021-05-03,0708,2021-03-27,2138,355,8403,6,5,5,0708,0,0,0,,0,005,"BUCHANAN ROAD","KIRKER PASS ROAD",652.00,E,N,A,-,N,,,,,,,,,,Y,2,0,1,2,D,-,00,,,N,G,B,E,A,H,-,D,D,0,Y,,,,Y,,-,"- ",1,0,0,0,1,0,0,0,0,"- ","- ",,,"CONTRA COSTA",PITTSBURG,-121.89423370361328,37.998100280761719
81469701,2021,2021-05-11,0704,2021-05-01,2149,0613,1,6,5,6,0704,0,0,0,,0,001,"MARSH DR","IRON HORSE TRAIL",15.00,E,N,A,-,N,,,,,,,,,,Y,2,0,1,2,A,-,11,21955,,N,A,B,D,A,H,-,D,D,0,Y,,,,Y,,N,60,1,0,0,0,1,0,0,0,0,"- ","- ",,,"CONTRA COSTA",CONCORD,-122.05571746826172,37.999240875244141
81479335,2021,2021-05-24,0708,2021-04-28,2114,372,8205,3,5,5,0708,0,0,0,,0,002,"PITTSBURG - ANTIOCH HIGHWAY","HARBOR STREET",1635.00,E,N,A,-,N,,,,,,,,,,Y,2,0,1,2,A,-,01,23152,A,N,B,C,A,A,H,-,C,D,0,,,,Y,Y,Y,A,01,1,0,0,0,0,0,0,0,0,"- ","- ",,,"CONTRA COSTA",PITTSBURG,-121.87335205078125,38.024284362792969
81490133,2021,2021-06-07,0708,2021-04-12,1804,355,8306,1,5,5,0708,0,0,0,,0,003,"W LELAND ROAD","JOHN HENRY JOHNSON PARKWAY",342.00,E,N,A,-,N,,,,,,,,,,Y,1,2,6,2,A,-,01,23152,B,N,C,C,A,A,H,-,A,A,0,,,,,Y,Y,A,01,4,0,2,0,0,0,0,0,0,"- ","- ",,,"CONTRA COSTA",PITTSBURG,-121.91846466064453,38.013668060302734
81490134,2021,2021-06-07,0708,2021-05-06,1451,355,8113,4,5,5,0708,0,0,0,,0,001,"N PARKSIDE DRIVE","DORY ROAD",570.00,W,N,A,-,N,,,,,,,,,,N,2,0,1,2,A,-,03,22350,,F,G,B,E,A,H,-,A,D,0,Y,,,,Y,,-,99,1,0,0,0,1,0,0,0,0,"- ","- ",,,"CONTRA COSTA",PITTSBURG,-121.91744995117188,38.026699066162109
81506244,2021,2021-06-25,0704,2021-06-22,1959,0583,6,2,5,6,0704,0,0,0,,0,006,"CLAYTON RD","THORNWOOD DR",0.00,,Y,A,-,N,,,,,,,,,,Y,2,0,1,2,A,-,12,21453,A,N,D,C,A,A,H,-,A,A,0,,,Y,,Y,,C,02,1,0,0,0,0,0,0,0,1,"- ","- ",37.962631225585938,-121.98680114746094,"CONTRA COSTA",CONCORD,-121.98690795898438,37.962646484375
81507364,2021,2021-06-28,0708,2021-05-11,1011,330,8400,2,5,5,0708,0,0,0,,0,004,"HARBOR STREET","BLISS AVENUE",0.00,,Y,A,-,N,,,,,,,,,,Y,2,0,2,2,A,-,01,23152,F,N,A,C,A,A,H,-,A,A,0,,,,,Y,,A,01,1,0,1,0,0,0,0,0,0,"- ","- ",38.013378143310547,-121.88485717773438,"CONTRA COSTA",PITTSBURG,-121.88430786132812,38.014316558837891
8155704,2016,2016-12-07,0711,2016-10-15,2040,S1079,0711,6,5,4,0711,0,0,0,,0,003,"SANFORD AV","23RD ST",163.00,W,N,B,C,N,,,,,,,,,,Y,2,0,1,2,A,-,05,21650,,N,A,E,A,B,-,-,C,D,0,,,,,Y,,A,01,1,0,0,0,0,0,0,0,0,"- ","- ",37.570369999999997,-122.20531,"CONTRA COSTA","SAN PABLO",-122.34800547,37.951017909999997
81560026,2021,2021-09-01,0704,2021-08-19,1649,0533,,4,5,6,0704,0,0,0,,0,001,"MARKET ST","BROADWAY ST",0.00,,Y,A,-,N,,,,,,,,,,Y,2,0,1,2,A,-,09,21804,A,N,D,C,A,A,H,-,A,A,0,,,,,Y,,A,01,1,0,0,0,0,0,0,0,0,"- ","- ",37.9769287109375,-122.04280853271484,"CONTRA COSTA",CONCORD,-122.04273986816406,37.976966857910156
81560878,2021,2021-09-02,0704,2021-07-31,0459,0593,4,6,5,6,0704,0,0,0,,0,006,"KIRKER PASS RD","1955 KIRKER PASS RD",67.00,W,N,A,-,N,,,,,,,,,,Y,1,1,0,2,A,-,11,21955,,N,G,B,E,A,H,-,D,D,0,Y,,,,Y,Y,N,60,0,0,0,1,0,0,0,0,0,"- ","- ",37.959789276123047,-121.94611358642578,"CONTRA COSTA",CONCORD,-121.95092010498047,37.957157135009766
81562937,2021,2021-09-06,0708,2021-08-15,0049,305,8403,7,5,5,0708,0,0,0,,0,004,"BUCHANAN ROAD","HARBOR STREET",38.00,W,N,A,-,N,,,,,,,,,,Y,2,0,1,2,A,-,12,21453,A,M,D,C,A,A,H,-,C,A,0,,,Y,,Y,,O,05,1,0,0,0,0,0,0,0,1,"- ","- ",37.997108459472656,-121.88771820068359,"CONTRA COSTA",PITTSBURG,-121.88718414306641,37.997993469238281
81567043,2021,2021-09-10,0704,2021-08-16,0938,0593,4,1,5,6,0704,0,0,0,,0,003,"ELLIS LAKE PARK","ELLIS ST",80.00,E,N,A,-,N,,,,,,,,,,N,2,0,1,2,C,-,18,,,N,G,B,F,A,H,-,A,D,0,Y,,,,Y,,-,"- ",1,0,0,0,1,0,0,0,0,"- ","- ",,,"CONTRA COSTA",CONCORD,-120.05616760253906,36.986618041992188
81569044,2021,2021-09-13,0710,2021-08-19,1608,1739,SOUTH,4,5,5,0710,0,0,0,,0,003,"CARLSON BLVD","CUTTING BLVD",4.00,S,N,A,-,N,,,,,,,,,,N,2,0,1,2,A,-,12,21453,A,F,D,G,A,A,H,-,A,A,0,,Y,,,Y,,L,04,1,0,0,0,0,0,1,0,0,"- ","- ",37.925300598144531,-122.33804321289062,"CONTRA COSTA",RICHMOND,-122.33811187744141,37.925201416015625
81585468,2021,2021-10-01,0704,2021-09-25,1655,0598,,6,5,6,0704,0,0,0,,0,006,"CONCORD BLVD","MEADOW PINE CT",41.00,E,N,A,-,N,,,,,,,,,,Y,2,0,3,3,A,-,03,22350,,N,C,C,A,A,H,-,A,D,0,,,,,Y,,-,"- ",1,0,2,0,0,0,0,0,0,"- ","- ",37.961788177490234,-121.96218872070312,"CONTRA COSTA",CONCORD,-121.96210479736328,37.961715698242188
81586644,2021,2021-10-04,0704,2021-10-01,1607,624,,5,5,6,0704,0,0,0,,0,004,"GRANT ST","MILDRED ST",0.00,,Y,A,-,N,,,,,,,,,,Y,2,0,1,2,A,-,03,22350,,F,B,C,A,A,H,-,A,D,0,,,Y,,Y,,D,22,1,0,0,0,0,0,0,0,1,"- ","- ",37.986068725585938,-122.03858947753906,"CONTRA COSTA",CONCORD,-122.03897094726562,37.986354827880859
81598390,2021,2021-10-18,0706,2021-09-18,1925,224,84,6,5,3,0706,0,0,0,,0,001,"SYCAMORE AVE","WEST CURBLINE PROLONGATION OF WILLOW AVENUE",30.00,W,N,A,-,N,,,,,,,,,,N,2,0,1,2,A,-,11,21456,C,N,G,B,B,A,H,-,C,A,0,Y,,,,Y,,N,60,1,0,0,0,1,0,0,0,0,"- ","- ",38.012340545654297,-122.27285003662109,"CONTRA COSTA",HERCULES,-122.27283477783203,38.012256622314453
81636276,2021,2021-11-29,0704,2021-11-28,1442,0615,,7,5,6,0704,0,0,0,,0,003,"OAK GROVE RD","MINERT RD",0.00,,Y,A,-,N,,,,,,,,,,N,2,0,1,2,A,-,10,21950,A,N,G,B,B,A,H,-,A,A,0,Y,,,,Y,Y,-,"- ",1,0,0,0,1,0,0,0,0,"- ","- ",37.942951202392578,-122.02896881103516,"CONTRA COSTA",CONCORD,-122.02894592285156,37.942955017089844
81644131,2021,2021-12-06,0710,2021-11-01,0653,1687,SOUTH,1,5,5,0710,0,0,0,,0,002,"HARBOUR WY S","VIRGINIA AV",6.00,S,N,B,-,N,,,,,,,,,,Y,2,0,1,2,A,-,03,22350,,F,D,G,A,A,H,-,C,A,0,,Y,,,Y,,A,01,1,0,0,0,0,0,1,0,0,"- ","- ",37.926628112792969,-122.36016845703125,"CONTRA COSTA",RICHMOND,-122.36004638671875,37.926605224609375
81648587,2021,2021-12-10,0708,2021-11-18,1814,253,8302,4,5,5,0708,0,0,0,,0,004,"RAILROAD AVENUE","BLISS AVENUE",489.00,S,N,A,-,N,,,,,,,,,,N,2,0,1,2,A,-,11,21955,,F,G,B,D,A,H,-,C,D,0,Y,,,,Y,Y,N,60,1,0,0,0,1,0,0,0,0,"- ","- ",38.015460968017578,-121.88990020751953,"CONTRA COSTA",PITTSBURG,-121.89040374755859,38.014354705810547
81661578,2021,2021-12-27,0710,2021-11-03,0509,1324,NORTH,3,5,5,0710,0,0,0,,0,005,"KELSEY ST","SANFORD AV",79.00,N,N,A,-,N,,,,,,,,,,Y,2,0,1,3,A,-,03,22350,,N,A,E,A,A,H,-,C,D,0,,,,,Y,,A,01,1,0,0,0,0,0,0,0,0,"- ","- ",37.951839447021484,-122.3642578125,"CONTRA COSTA",RICHMOND,-122.36421203613281,37.952175140380859
8166746,2016,2017-03-30,0700,2016-06-28,1447,OA009,57,2,5,3,0734,0,0,0,,0,052,"EAST CYPRESS RD","CYPRESS FRONTAGE RD",291.00,W,N,A,-,N,,,,,,,,,,Y,1,1,1,3,A,-,01,23153,A,N,G,B,E,A,H,-,A,D,0,Y,,,,Y,,A,01,1,0,0,1,1,0,0,0,0,"- ","- ",37.990720000000003,-121.64707,"CONTRA COSTA",OAKLEY,-121.73207995999999,37.990540000000003
8166876,2016,2017-04-06,0704,2016-10-01,1951,539,,6,5,6,0704,0,0,0,,0,003,"MONUMENT BL","LACEY LN",167.00,E,N,A,-,N,,,,,,,,,,Y,1,1,0,2,A,-,11,21954,A,N,G,B,D,A,H,-,C,D,0,Y,,,,Y,Y,N,60,0,0,0,1,0,0,0,0,0,"- ","- ",,,"CONTRA COSTA",CONCORD,-122.04282535999999,37.953673299999998
8166890,2016,2017-04-18,0704,2016-11-18,1856,514,,5,5,6,0704,0,0,0,,0,006,"KIRKER PASS RD","CLEARBROOK DR",1726.00,E,N,A,-,N,,,,,,,,,,Y,1,1,1,2,A,-,21,22106,,N,C,C,A,A,H,-,D,D,0,,,,,Y,,A,01,0,0,1,0,0,0,0,0,0,"- ","- ",,,"CONTRA COSTA",CONCORD,-121.93559394,37.962258499999997
8167157,2018,2020-05-26,0709,2018-03-18,0031,443,1110,7,5,4,0709,0,0,0,,0,001,"PLEASANT HILL RD","MANGINI DR",95.00,S,N,B,-,N,,,,,,,,,,Y,1,1,0,1,A,-,01,23152,B,N,E,I,A,A,H,-,C,D,0,,,,,Y,Y,A,01,0,0,0,0,0,0,0,0,0,"- ","- ",,,"CONTRA COSTA","PLEASANT HILL",-122.08470916748047,37.952129364013672
8167202,2017,2018-06-28,0708,2017-11-22,0655,285,,3,5,5,0708,0,0,0,,0,,"BAILEY RD","KELLEY CANYON LANDFILL",6864.00,S,N,A,-,N,,,,,,,,,,Y,1,1,2,3,A,-,03,22350,,N,D,C,A,B,H,-,A,D,0,,,,,Y,,A,01,1,1,0,0,0,0,0,0,0,"- ","- ",37.990389999999998,-121.94886,"CONTRA COSTA",PITTSBURG,-121.94892883,37.99196894
8167586,2018,2018-06-12,0740,2018-03-22,2237,SR067,SR72,4,5,4,0791,0,0,0,,0,PD48,"BOLLINGER CANYON RD","TALAVERA DR",0.00,E,N,B,-,N,,,,,,,,,,Y,1,1,0,1,A,-,03,22350,,N,E,I,A,A,H,-,C,A,0,,,,,Y,,A,71,0,0,0,0,0,0,0,0,0,"- ","- ",37.75933837890625,-121.97061920166016,"CONTRA COSTA","SAN RAMON",-121.97067260742188,37.759330749511719
81688106,2021,2022-01-28,0708,2021-12-23,1638,343,,4,5,5,0708,0,0,0,,0,004,"RAILROAD AVENUE","BLISS AVENUE",277.00,S,N,B,-,N,,,,,,,,,,Y,2,0,1,2,A,-,01,23152,A,N,C,C,A,B,H,-,A,A,0,,,Y,,Y,Y,C,02,1,0,0,0,0,0,0,0,1,"- ","- ",,,"CONTRA COSTA",PITTSBURG,-121.89020538330078,38.014915466308594
81689184,2021,2022-01-31,0710,2021-11-17,0217,1687,NORTH,3,5,5,0710,0,0,0,,0,008,"HILLTOP DR","MOYERS RD",0.00,,Y,A,-,N,,,,,,,,,,N,1,1,0,2,A,-,10,21950,A,F,G,B,D,A,H,-,C,D,0,Y,,,,Y,,A,07,0,0,0,1,0,0,0,0,0,"- ","- ",,,"CONTRA COSTA",RICHMOND,-122.3232421875,37.976768493652344
81689250,2021,2022-01-31,0708,2021-12-22,1102,247,8410,3,5,5,0708,0,0,0,,0,005,"LELAND ROAD","GLADSTONE DRIVE",333.00,W,N,B,-,N,,,,,,,,,,Y,2,0,1,1,A,-,03,22350,,N,E,I,A,B,H,-,A,A,0,,,,,Y,,A,01,1,0,0,0,0,0,0,0,0,"- ","- ",38.008350372314453,-121.86601257324219,"CONTRA COSTA",PITTSBURG,-121.86711883544922,38.008132934570312
81690142,2022,2022-02-01,0710,2022-01-12,0856,1635,SOUTH,3,5,5,0710,0,0,0,,0,002,"MARINA WY S","CUTTING BLVD",0.00,,Y,A,-,N,,,,,,,,,,N,2,0,1,2,A,-,08,22107,,N,D,G,A,A,H,-,A,A,0,,Y,,,Y,,E,22,1,0,0,0,0,0,1,0,0,"- ","- ",37.924869537353516,-122.35545349121094,"CONTRA COSTA",RICHMOND,-122.35586547851562,37.925197601318359
81694517,2022,2022-02-07,0704,2022-02-04,2318,0617,,5,5,6,0704,0,0,0,,0,,"MONTECITO DR","YGNACIO VALLEY RD",0.00,,Y,-,-,N,,,,,,,,,,Y,2,0,1,1,A,-,01,23152,B,N,F,I,A,A,H,-,C,A,0,,,,,Y,Y,A,01,1,0,0,0,0,0,0,0,0,"- ","- ",37.947261810302734,-121.99207305908203,"CONTRA COSTA",CONCORD,-121.99214935302734,37.947113037109375
81695557,2022,2022-02-08,0704,2022-01-25,1552,0625,,2,5,6,0704,0,0,0,,0,,"GALINDO ST","CONCORD AVE",6.00,N,N,A,-,N,,,,,,,,,,N,2,0,1,2,A,-,08,22107,,F,D,G,A,A,H,-,A,D,0,,Y,,,Y,,A,01,1,0,0,0,0,0,1,0,0,"- ","- ",37.976848602294922,-122.03607940673828,"CONTRA COSTA",CONCORD,-122.03600311279297,37.976879119873047
8171123,2016,2016-12-05,0709,2016-10-13,1205,401,3050,4,5,4,0709,0,0,0,,0,002,"TAYLOR BL","NORSE DR",0.00,,Y,A,-,N,,,,,,,,,,Y,2,0,2,3,A,-,12,21453,A,N,D,C,A,A,H,-,A,A,0,,,,,Y,,-,,2,0,0,0,0,0,0,0,0,"- ","- ",,,"CONTRA COSTA","PLEASANT HILL",-122.07309992,37.961309919999998
81711805,2022,2022-03-01,0704,2022-02-26,0402,0613,,6,5,6,0704,0,0,0,,0,004,"SUNSET AVE","SINCLAIR AVE",0.00,,Y,-,-,N,,,,,,,,,,Y,2,0,1,1,A,-,03,22350,,N,E,I,A,A,H,-,C,D,0,,,,,Y,Y,A,07,1,0,0,0,0,0,0,0,0,"- ","- ",37.976829528808594,-122.02857971191406,"CONTRA COSTA",CONCORD,-122.02854156494141,37.976848602294922
81713953,2022,2022-03-03,0704,2022-02-23,1234,0593,4,3,5,6,0704,0,0,0,,0,005,"ROSAL LN","CLAYTON RD",126.00,S,N,A,B,N,,,,,,,,,,Y,2,0,1,1,C,-,18,,,N,E,I,A,A,H,-,A,D,0,,,,,Y,,-,"- ",1,0,0,0,0,0,0,0,0,"- ","- ",37.966800689697266,-121.99838256835938,"CONTRA COSTA",CONCORD,-121.99850463867188,37.966480255126953
81715814,2022,2022-03-07,0710,2022-02-14,1815,1740,SOUTH,1,5,5,0710,0,0,0,,0,002,"OHIO AV","16TH ST",0.00,,Y,A,-,N,,,,,,,,,,N,2,0,1,2,A,-,10,21950,A,N,A,B,B,A,H,-,C,D,0,Y,,,,Y,,A,01,1,0,0,0,1,0,0,0,0,"- ","- ",37.930679321289062,-122.35401153564453,"CONTRA COSTA",RICHMOND,-122.35400390625,37.930744171142578
81721461,2022,2022-03-14,0708,2022-02-14,1536,355,8205,1,5,5,0708,0,0,0,,0,002,"E 12TH STREET","MAPLE STREET",0.00,,Y,A,-,N,,,,,,,,,,Y,2,0,2,4,A,-,12,22450,A,N,D,C,A,A,H,-,A,A,0,,,,,Y,,A,01,1,0,1,0,0,0,0,0,0,"- ","- ",,,"CONTRA COSTA",PITTSBURG,-121.87444305419922,38.022930145263672
81727131,2022,2022-03-21,0710,2022-02-07,2050,1730,NORTH,1,5,5,0710,0,0,0,,0,008,"SAN PABLO AV","HILLTOP DR",0.00,,Y,A,-,N,,,,,,,,,,Y,2,0,2,2,A,-,03,22350,,N,A,C,A,A,H,-,C,A,0,,,,,Y,,A,01,2,0,0,0,0,0,0,0,0,"- ","- ",37.985988616943359,-122.33545684814453,"CONTRA COSTA",RICHMOND,-122.33541107177734,37.985939025878906
81729497,2021,2022-03-23,0701,2021-12-31,1457,6012,,5,5,5,0701,0,0,0,,0,001,"10TH ST","L ST",15.00,E,N,A,-,N,,,,,,,,,,N,2,0,1,2,A,-,12,21453,A,F,D,C,A,A,H,-,A,A,0,,,Y,,Y,,-,"- ",1,0,0,0,0,0,0,0,0,"- ","- ",,,"CONTRA COSTA",ANTIOCH,-121.81962585449219,38.011188507080078
81739415,2022,2022-04-04,0704,2022-03-31,0001,0600,,4,5,6,0704,0,0,0,,0,001,"CONCORD AVE","VIA DE MERCADOS",0.00,,Y,A,-,N,,,,,,,,,,N,2,0,1,2,A,-,12,21453,A,N,D,C,A,A,H,-,C,A,0,,,Y,,Y,,C,02,1,0,0,0,0,0,0,0,1,"- ","- ",37.980140686035156,-122.04953765869141,"CONTRA COSTA",CONCORD,-122.04953002929688,37.980091094970703
81754172,2022,2022-04-22,0704,2022-01-14,1817,0537,,5,5,6,0704,0,0,0,,0,001,"CONCORD AVE","FREMONT ST",43.00,E,N,A,-,Y,,,,,,,,,,Y,2,0,1,2,A,-,11,21955,,N,G,B,D,A,H,-,C,D,0,Y,,,,Y,,N,60,1,0,0,0,1,0,0,0,0,"- ","- ",37.978401184082031,-122.04081726074219,"CONTRA COSTA",CONCORD,-122.04063415527344,37.978427886962891