CASE_ID,ACCIDENT_YEAR,PROC_DATE,JURIS,COLLISION_DATE,COLLISION_TIME,OFFICER_ID,REPORTING_DISTRICT,DAY_OF_WEEK,CHP_SHIFT,POPULATION,CNTY_CITY_LOC,SPECIAL_COND,BEAT_TYPE,CHP_BEAT_TYPE,CITY_DIVISION_LAPD,CHP_BEAT_CLASS,BEAT_NUMBER,PRIMARY_RD,SECONDARY_RD,DISTANCE,DIRECTION,INTERSECTION,WEATHER_1,WEATHER_2,STATE_HWY_IND,CALTRANS_COUNTY,CALTRANS_DISTRICT,STATE_ROUTE,ROUTE_SUFFIX,POSTMILE_PREFIX,POSTMILE,LOCATION_TYPE,RAMP_INTERSECTION,SIDE_OF_HWY,TOW_AWAY,COLLISION_SEVERITY,NUMBER_KILLED,NUMBER_INJURED,PARTY_COUNT,PRIMARY_COLL_FACTOR,PCF_CODE_OF_VIOL,PCF_VIOL_CATEGORY,PCF_VIOLATION,PCF_VIOL_SUBSECTION,HIT_AND_RUN,TYPE_OF_COLLISION,MVIW,PED_ACTION,ROAD_SURFACE,ROAD_COND_1,ROAD_COND_2,LIGHTING,CONTROL_DEVICE,CHP_ROAD_TYPE,PEDESTRIAN_ACCIDENT,BICYCLE_ACCIDENT,MOTORCYCLE_ACCIDENT,TRUCK_ACCIDENT,NOT_PRIVATE_PROPERTY,ALCOHOL_INVOLVED,STWD_VEHTYPE_AT_FAULT,CHP_VEHTYPE_AT_FAULT,COUNT_SEVERE_INJ,COUNT_VISIBLE_INJ,COUNT_COMPLAINT_PAIN,COUNT_PED_KILLED,COUNT_PED_INJURED,COUNT_BICYCLIST_KILLED,COUNT_BICYCLIST_INJURED,COUNT_MC_KILLED,COUNT_MC_INJURED,PRIMARY_RAMP,SECONDARY_RAMP,LATITUDE,LONGITUDE,COUNTY,CITY,POINT_X,POINT_Y
81757300,2022,2022-04-27,0701,2022-04-07,0114,6131,6,4,5,5,0701,0,0,0,,0,006,"2900 WINDSOR DR","SHADDICK DR",98.00,S,N,A,-,N,,,,,,,,,,Y,2,0,2,1,A,-,01,23152,A,N,E,I,A,A,H,-,C,D,0,,,,,Y,Y,A,01,2,0,0,0,0,0,0,0,0,"- ","- ",,,"CONTRA COSTA",ANTIOCH,-121.79346466064453,37.994731903076172
8176647,2016,2016-11-29,0709,2016-10-21,1155,445,3130,5,5,4,0709,0,0,0,,0,002,"PLEASANT HILL RD","GREGORY LN",0.00,,Y,A,-,N,,,,,,,,,,Y,2,0,3,3,A,-,12,21453,A,N,B,C,A,A,H,-,A,A,0,,,,,Y,,-,,1,0,2,0,0,0,0,0,0,"- ","- ",,,"CONTRA COSTA","PLEASANT HILL",-122.08239994,37.947919910000003
81768236,2022,2022-05-10,0701,2022-01-17,0117,3651,,1,5,5,0701,0,0,0,,0,007,"LONE TREE WAY","CANADA VALLEY RD",100.00,W,N,A,-,N,,,,,,,,,,N,2,0,1,2,A,-,17,21228,A,N,E,J,A,A,H,-,D,D,0,,,,,Y,,M,94,1,0,0,0,0,0,0,0,0,"- ","- ",,,"CONTRA COSTA",ANTIOCH,-121.74781036376953,37.961753845214844
81776530,2022,2022-05-20,0704,2022-05-06,2108,0493,,5,5,6,0704,0,0,0,,0,003,"OAK GROVE RD","MONUMENT BLVD",72.00,S,N,A,-,N,,,,,,,,,,N,2,0,1,1,A,-,08,22107,,N,E,I,A,A,H,-,C,D,0,,,Y,,Y,,C,02,1,0,0,0,0,0,0,0,1,"- ","- ",37.956459045410156,-122.03900909423828,"CONTRA COSTA",CONCORD,-122.03888702392578,37.956226348876953
81776532,2022,2022-05-20,0704,2022-05-11,1001,0593,4,3,5,6,0704,0,0,0,,0,004,"WILLOW PASS RD","SECOND ST",166.00,E,N,A,-,N,,,,,,,,,,Y,2,0,1,2,A,-,09,21801,A,N,D,C,A,A,H,-,A,A,0,,,Y,,Y,,A,01,1,0,0,0,0,0,0,0,0,"- ","- ",37.979118347167969,-122.02748870849609,"CONTRA COSTA",CONCORD,-122.02694702148438,37.979255676269531
81777151,2022,2022-05-23,0704,2022-05-13,1608,0625,,5,5,6,0704,0,0,0,,0,001,"OLIVERA RD","NORTHWOOD DR",35.00,E,N,A,-,N,,,,,,,,,,Y,2,0,1,2,A,-,08,22107,,N,B,C,A,A,H,-,A,A,0,,,,,Y,,A,07,1,0,0,0,0,0,0,0,0,"- ","- ",37.997570037841797,-122.04135894775391,"CONTRA COSTA",CONCORD,-122.04042053222656,37.998023986816406
81784054,2022,2022-05-30,0704,2022-05-20,0646,6011,,5,5,6,0704,0,0,0,,0,003,"CLAYTON RD","ELLIS ST",20.00,E,N,A,-,N,,,,,,,,,,N,2,0,1,2,A,-,11,21950,B,N,G,B,B,A,H,-,A,A,0,Y,,,,Y,Y,N,60,1,0,0,0,1,0,0,0,0,"- ","- ",,,"CONTRA COSTA",CONCORD,-122.03927612304688,37.972553253173828
81785811,2022,2022-06-01,0708,2022-03-31,2149,359,8111,4,5,5,0708,0,0,0,,0,001,"POWER AVE","DRIVEWAY OF BELMONT APT.",87.00,E,N,A,-,N,,,,,,,,,,Y,2,0,1,1,A,-,03,22350,,N,E,I,A,A,H,-,C,-,0,,,,,Y,,A,01,1,0,0,0,0,0,0,0,0,"- ","- ",,,"CONTRA COSTA",PITTSBURG,,
81785827,2022,2022-06-01,0708,2022-04-22,0151,346,8310,5,5,5,0708,0,0,0,,0,003,"LELAND RD","OAK HILLS DR",152.00,E,N,C,-,N,,,,,,,,,,Y,2,0,1,2,A,-,01,23152,A,N,D,C,A,B,H,-,C,A,0,,,,,Y,Y,A,01,1,0,0,0,0,0,0,0,0,"- ","- ",,,"CONTRA COSTA",PITTSBURG,-121.94383239746094,38.01531982421875
81786399,2022,2022-06-02,0701,2022-02-21,1211,6157,,1,5,5,0701,0,0,0,,0,004,"MONTEREY DR","EL MONTE WAY",35.00,W,N,A,-,N,,,,,,,,,,N,2,0,1,2,A,-,21,22106,,F,A,G,A,A,H,-,A,D,0,,Y,,,Y,,L,04,1,0,0,0,0,0,1,0,0,"- ","- ",,,"CONTRA COSTA",ANTIOCH,-121.82931518554688,37.992145538330078
81793479,2022,2022-06-13,0708,2022-05-14,1400,386,8318,6,5,5,0708,0,0,0,,0,003,"BAILEY RD","LELAND RD",8448.00,S,N,A,-,N,,,,,,,,,,Y,2,0,2,2,A,-,05,21460,A,N,A,C,A,A,H,-,A,D,0,,,,,Y,,A,01,1,0,1,0,0,0,0,0,0,"- ","- ",38.011039733886719,-121.942138671875,"CONTRA COSTA",PITTSBURG,-121.94825744628906,37.994647979736328
8179452,2016,2017-01-25,0707,2016-11-08,1815,219,,2,5,3,0707,0,0,0,,0,001,"PINOLE VALLEY RD","ELLERHORST ST",218.00,S,N,A,-,N,,,,,,,,,,Y,2,0,2,2,A,-,01,23152,,N,C,E,A,A,H,-,C,D,0,,,,,Y,Y,A,01,1,0,1,0,0,0,0,0,0,"- ","- ",,,"CONTRA COSTA",PINOLE,-122.28768036,38.001660340000001
81799615,2022,2022-06-21,0711,2022-05-07,0016,S1080,21,6,5,4,0711,0,0,0,,0,0S1,"RUMRILL BLVD","20TH STREET",0.00,,Y,A,-,N,,,,,,,,,,N,1,1,0,2,A,-,00,23350,,F,C,G,A,A,D,-,C,D,0,,Y,,,Y,,A,01,0,0,0,0,0,1,0,0,0,"- ","- ",37.967979431152344,-122.34674072265625,"CONTRA COSTA","SAN PABLO",-122.34676361083984,37.967994689941406
81805581,2022,2022-06-29,0704,2022-04-24,0122,0593,4,7,5,6,0704,0,0,0,,0,006,"YGNACIO VALLEY RD","COWELL RD",893.00,E,N,A,-,N,,,,,,,,,,Y,1,1,0,2,A,-,01,23152,A,N,C,C,A,A,H,-,C,A,0,,,Y,,Y,Y,C,02,0,0,0,0,0,0,0,1,0,"- ","- ",37.947261810302734,-121.99207305908203,"CONTRA COSTA",CONCORD,-121.98928070068359,37.947681427001953
81809660,2022,2022-07-04,0704,2022-06-17,1435,0539,,5,5,6,0704,0,0,0,,0,004,"WILLOW PASS RD","ESPERANZA DR",19.00,W,N,A,-,N,,,,,,,,,,Y,2,0,1,2,A,-,09,21802,A,N,D,C,A,A,H,-,A,A,0,,,Y,,Y,,D,82,1,0,0,0,0,0,0,0,1,"- ","- ",37.980319976806641,-122.02092742919922,"CONTRA COSTA",CONCORD,-122.02125549316406,37.980823516845703
81813875,2022,2022-07-11,0708,2022-05-04,2106,253,8307,3,5,5,0708,0,0,0,,0,003,"WEST LELAND ROAD","GOLF CLUB ROAD",892.00,W,N,A,-,N,,,,,,,,,,N,2,0,1,1,A,-,01,23152,A,N,E,I,A,A,H,-,C,D,0,,,Y,,Y,Y,C,02,1,0,0,0,0,0,0,0,1,"- ","- ",,,"CONTRA COSTA",PITTSBURG,-121.91451263427734,38.012928009033203
81814724,2022,2022-07-12,0710,2022-06-29,0747,1635,SOUTH,3,5,5,0710,0,0,0,,0,002,"S 11TH ST","OHIO AV",210.00,S,N,A,B,N,,,,,,,,,,N,2,0,2,2,A,-,21,22106,,N,C,C,A,A,H,-,A,D,0,,,,,Y,,A,01,1,0,1,0,0,0,0,0,0,"- ","- ",,,"CONTRA COSTA",RICHMOND,-122.35904693603516,37.930194854736328
81818817,2022,2022-07-18,0708,2022-04-21,1812,355,8409,4,5,5,0708,0,0,0,,0,005,"LOVERIDGE RD","DRIVEWAY OF 2112 LOVERIDGE ROAD",101.00,S,N,A,-,N,,,,,,,,,,Y,1,1,0,1,A,-,01,23152,B,N,E,I,A,A,H,-,A,A,0,,,,,Y,Y,A,01,0,0,0,0,0,0,0,0,0,"- ","- ",,,"CONTRA COSTA",PITTSBURG,-121.87149810791016,38.006351470947266
81821796,2022,2022-07-21,0701,2022-04-10,0205,5444,,7,5,5,0701,0,0,0,,0,002,"WILBUR AVE","APOLLO CT",0.00,,Y,A,-,N,,,,,,,,,,Y,2,0,1,1,A,-,03,22350,,N,E,I,A,A,H,-,C,D,0,,,,,Y,,A,01,1,0,0,0,0,0,0,0,0,"- ","- ",,,"CONTRA COSTA",ANTIOCH,-121.79020690917969,38.012302398681641
81821798,2022,2022-07-21,0701,2022-07-09,1433,6014,0701,6,5,5,0701,0,0,0,,0,006,"LARKSPUR DR","HILLCREST AVE",720.00,E,N,A,-,N,,,,,,,,,,Y,2,0,1,2,A,-,09,21804,A,N,A,C,A,A,H,-,A,D,0,,,Y,,Y,,-,"- ",1,0,0,0,0,0,0,0,1,"- ","- ",,,"CONTRA COSTA",ANTIOCH,-121.78221130371094,37.995235443115234
81828625,2022,2022-07-29,0708,2022-07-10,0217,363,8307,7,5,5,0708,0,0,0,,0,003,"LELAND RD","JOHN HENRY JOHNSON PKWY",1397.00,E,N,A,-,N,,,,,,,,,,Y,2,0,1,1,A,-,03,22350,,N,A,I,A,A,H,-,D,D,0,,,,,Y,,A,07,1,0,0,0,0,0,0,0,0,"- ","- ",,,"CONTRA COSTA",PITTSBURG,-121.91493988037109,38.012905120849609
81832684,2022,2022-08-04,0701,2022-06-05,1800,5330,,7,5,5,0701,0,0,0,,0,003,"SOMERSVILLE RD","DELTA FAIR BLVD",0.00,,Y,A,-,N,,,,,,,,,,Y,2,0,1,2,A,-,01,23152,A,N,D,C,A,A,H,-,A,A,0,,,,,Y,Y,A,07,1,0,0,0,0,0,0,0,0,"- ","- ",,,"CONTRA COSTA",ANTIOCH,-121.83922576904297,38.002231597900391
81835732,2021,2022-08-09,0701,2021-11-25,2314,6166,,4,5,5,0701,0,0,0,,0,005,"LONE TREE WAY","GOLF COURSE RD",0.00,,Y,A,-,N,,,,,,,,,,Y,2,0,1,2,A,-,12,21453,A,F,D,C,A,A,H,-,C,A,0,,,,,Y,Y,A,01,1,0,0,0,0,0,0,0,0,"- ","- ",,,"CONTRA COSTA",ANTIOCH,-121.80252838134766,37.976993560791016
81837756,2022,2022-08-11,0704,2022-08-09,1953,0571,,2,5,6,0704,0,0,0,,0,005,"CONCORD BLVD","WEST ST",0.00,,Y,A,-,N,,,,,,,,,,N,2,0,1,2,A,-,12,21453,A,N,D,G,A,A,H,-,B,A,0,,Y,,,Y,,L,04,1,0,0,0,0,0,1,0,0,"- ","- ",37.977260589599609,-121.99137115478516,"CONTRA COSTA",CONCORD,-121.99124145507812,37.977291107177734
81838662,2022,2022-08-12,0704,2022-07-25,1658,0583,,1,5,6,0704,0,0,0,,0,,"MONUMENT BLVD","COWELL RD.",0.00,,Y,A,-,N,,,,,,,,,,Y,2,0,1,2,A,-,09,21453,C,N,D,C,A,A,H,-,A,A,0,,,Y,,Y,,A,01,1,0,0,0,0,0,0,0,0,"- ","- ",,,"CONTRA COSTA",CONCORD,-122.03202819824219,37.968715667724609
81839894,2022,2022-08-15,0710,2022-07-21,1902,1687,SOUTH,4,5,5,0710,0,0,0,,0,001,"CASTRO ST","REDWOOD WAY",81.00,S,N,A,-,N,,,,,,,,,,N,2,0,1,2,A,-,12,21453,A,F,H,G,A,A,H,-,A,A,0,,Y,,,Y,,A,01,1,0,0,0,0,0,1,0,0,"- ","- ",37.929508209228516,-122.38558959960938,"CONTRA COSTA",RICHMOND,-122.38515472412109,37.930133819580078
81844051,2022,2022-08-19,0704,2022-08-17,1954,0600,,3,5,6,0704,0,0,0,,0,002,"DIAMOND BLVD","WILLOW WAY",0.00,,Y,A,-,N,,,,,,,,,,N,2,0,1,2,A,-,00,20001,,F,G,B,B,A,H,-,A,A,0,Y,,,,Y,,A,01,1,0,0,0,1,0,0,0,0,"- ","- ",37.971458435058594,-122.05577087402344,"CONTRA COSTA",CONCORD,-122.05587005615234,37.971439361572266
81848217,2022,2022-08-25,0701,2022-05-15,1313,6169,,7,5,5,0701,0,0,0,,0,004,"JAMES DONLON BLVD","TABORA DR",0.00,,Y,A,-,N,,,,,,,,,,Y,2,0,1,2,A,-,09,21802,A,N,D,C,A,A,H,-,A,A,0,,,,,Y,,A,01,1,0,0,0,0,0,0,0,0,"- ","- ",,,"CONTRA COSTA",ANTIOCH,-121.82357025146484,37.981342315673828
81851068,2022,2022-08-29,0708,2022-07-22,2133,355,8400,5,5,5,0708,0,0,0,,0,004,"RAILROAD AVE","BLISS AVE",285.00,S,N,A,-,N,,,,,,,,,,N,2,0,2,3,A,-,11,21955,,F,G,B,D,A,H,-,C,D,0,Y,,,,Y,Y,N,60,1,1,0,0,2,0,0,0,0,"- ","- ",,,"CONTRA COSTA",PITTSBURG,-121.89021301269531,38.014892578125
81851069,2022,2022-08-29,0708,2022-07-23,2303,381,8312,6,5,5,0708,0,0,0,,0,002,"LOVERIDGE RD","CALIFORNIA AVE (W)",16.00,W,N,A,-,N,,,,,,,,,,Y,2,0,6,6,A,-,12,21453,A,N,B,C,A,A,H,-,C,A,0,,,,,Y,,A,01,1,0,5,0,0,0,0,0,0,"- ","- ",38.007259368896484,-121.86566925048828,"CONTRA COSTA",PITTSBURG,-121.86614227294922,38.012275695800781
81851391,2022,2022-08-29,0710,2022-08-02,2038,1712,NORTH,2,5,5,0710,0,0,0,,0,007,"SAN PABLO AV","MACDONALD AV",0.00,,Y,A,-,N,,,,,,,,,,Y,2,0,1,2,A,-,03,22350,,F,C,C,A,A,H,-,C,D,0,,,,,Y,,-,"- ",1,0,0,0,0,0,0,0,0,"- ","- ",37.932151794433594,-122.32318878173828,"CONTRA COSTA",RICHMOND,-122.32337951660156,37.932281494140625
81867501,2022,2022-09-19,0704,2022-09-18,1505,0539,,7,5,6,0704,0,0,0,,0,004,"ESPERANZA DR","BONIFACIO ST",412.00,N,N,B,-,N,,,,,,,,,,Y,2,0,2,2,A,-,08,22107,,N,C,E,A,A,H,-,A,D,0,,,,,Y,,M,96,1,1,0,0,0,0,0,0,0,"- ","- ",37.984241485595703,-122.02565765380859,"CONTRA COSTA",CONCORD,-122.02692413330078,37.984790802001953
81878340,2022,2022-09-30,0710,2022-08-18,2135,1818,CENTR,4,5,5,0710,0,0,0,,0,006,"CHANSLOR AV","15TH ST",0.00,,Y,A,-,N,,,,,,,,,,N,2,0,1,2,A,-,05,21202,A,F,A,G,A,A,H,-,C,D,0,,Y,,,Y,,L,04,1,0,0,0,0,0,1,0,0,"- ","- ",37.932399749755859,-122.35517120361328,"CONTRA COSTA",RICHMOND,-122.35518646240234,37.932460784912109
81885733,2022,2022-10-10,0710,2022-08-27,1530,1741,NORTH,6,5,5,0710,0,0,0,,0,007,"29TH ST","MORAN AV",0.00,,Y,A,-,N,,,,,,,,,,N,2,0,1,2,A,-,12,22450,A,F,D,C,A,A,H,-,A,D,0,,,,,Y,Y,A,01,1,0,0,0,0,0,0,0,0,"- ","- ",37.952129364013672,-122.33879089355469,"CONTRA COSTA",RICHMOND,-122.33880615234375,37.952011108398438
81885970,2022,2022-10-10,0704,2022-10-02,2132,0580,,7,5,6,0704,0,0,0,,0,,"FARM BUREAU RD","BONARI CT",130.00,N,N,A,-,N,,,,,,,,,,N,2,0,2,2,A,-,01,23152,A,N,A,C,A,A,H,-,C,A,0,,,,,Y,Y,D,22,1,0,1,0,0,0,0,0,0,"- ","- ",37.975799560546875,-122.00888061523438,"CONTRA COSTA",CONCORD,-122.00897979736328,37.976119995117188
8189927,2016,2016-12-15,0701,2016-11-25,1714,4470,103,5,5,5,0701,0,0,0,,0,001,"W 10TH ST","J ST",6.00,W,N,A,-,N,,,,,,,,,,N,2,0,1,2,A,-,11,21950,B,N,G,B,B,A,H,-,C,D,0,Y,,,,Y,,A,01,1,0,0,0,1,0,0,0,0,"- ","- ",,,"CONTRA COSTA",ANTIOCH,-121.81719083,38.011189999999999
8189959,2016,2016-12-20,0701,2016-11-27,0140,5556,605,7,5,5,0701,0,0,0,,0,006,"DEER VALLEY RD","MARITA DR",100.00,N,N,C,-,N,,,,,,,,,,Y,2,0,4,1,A,-,03,22350,,N,A,I,A,B,H,-,C,D,0,,,,,Y,,A,01,1,1,2,0,0,0,0,0,0,"- ","- ",,,"CONTRA COSTA",ANTIOCH,-121.78092533,37.963765860000002
81909093,2022,2022-11-03,0711,2022-09-29,1631,S1085,22,4,5,4,0711,0,0,0,,0,0S3,"DOVER AVE","MASON STREET",0.00,,Y,A,-,N,,,,,,,,,,N,2,0,1,2,A,-,12,22450,,N,H,G,A,A,H,-,A,A,0,,Y,,,Y,,A,01,1,0,0,0,0,0,1,0,0,"- ","- ",37.958339691162109,-122.34477233886719,"CONTRA COSTA","SAN PABLO",-122.34510803222656,37.958194732666016
81909110,2022,2022-11-03,0711,2022-09-23,0626,S1156,23,5,5,4,0711,0,0,0,,0,0S2,"SAN PABLO AVE","N CURBLINE OF SAN PABLO DAM RD",542.00,N,-,A,-,N,,,,,,,,,,N,2,0,1,2,A,-,11,21955,,N,G,B,D,A,H,-,C,A,0,Y,,,,Y,,N,60,1,0,0,0,1,0,0,0,0,"- ","- ",37.954719543457031,-122.33439636230469,"CONTRA COSTA","SAN PABLO",-122.33438110351562,37.954593658447266
81909151,2022,2022-11-03,0711,2022-10-28,2330,S1070,21,5,5,4,0711,0,0,0,,0,0S1,"SAN PABLO AVE","PURISIMIA ST",95.00,N,-,A,-,N,,,,,,,,,,N,2,0,2,3,A,-,11,21954,A,N,G,B,D,A,H,-,C,D,0,Y,,,,Y,Y,A,01,2,0,0,0,2,0,0,0,0,"- ","- ",37.964279174804688,-122.34567260742188,"CONTRA COSTA","SAN PABLO",-122.34531402587891,37.964260101318359
81916277,2022,2022-11-14,0704,2022-10-29,2124,0607,,6,5,6,0704,0,0,0,,0,005,"CONCORD BLVD","WEST ST",15.00,N,N,A,-,N,,,,,,,,,,Y,2,0,1,2,A,-,08,22107,,N,C,C,A,A,H,-,C,A,0,,,Y,,Y,,C,02,1,0,0,0,0,0,0,0,1,"- ","- ",37.977260589599609,-121.99137115478516,"CONTRA COSTA",CONCORD,-121.99128723144531,37.977306365966797
81921057,2022,2022-11-18,0704,2022-11-07,0943,0426,,1,5,6,0704,0,0,0,,0,003,"TREAT BLVD","OAK GROVE RD",228.00,W,N,A,-,N,,,,,,,,,,Y,2,0,1,2,A,-,09,21804,A,N,B,C,A,A,H,-,A,D,0,,,,,Y,,A,07,1,0,0,0,0,0,0,0,0,"- ","- ",37.938789367675781,-122.02512359619141,"CONTRA COSTA",CONCORD,-122.02571105957031,37.938385009765625
81927878,2022,2022-11-28,0711,2022-11-23,1600,S1097,22,3,5,4,0711,0,0,0,,0,0S3,"23RD ST","BUSH AVE",0.00,,Y,A,-,N,,,,,,,,,,N,2,0,1,2,A,-,09,21801,A,N,-,G,A,-,H,-,-,-,0,,Y,,,Y,,-,"- ",1,0,0,0,0,0,1,0,0,"- ","- ",37.955928802490234,-122.34731292724609,"CONTRA COSTA","SAN PABLO",-122.34734344482422,37.955753326416016
81928354,2021,2022-11-29,0701,2021-03-28,2234,5319,,7,5,5,0701,0,0,0,,0,002,"HILLCREST AVE","TREGALLAS RD",460.00,S,N,A,-,N,,,,,,,,,,Y,2,0,1,3,A,-,01,23152,A,F,C,E,E,A,H,-,C,A,0,Y,,,,Y,Y,A,01,1,0,0,0,1,0,0,0,0,"- ","- ",,,"CONTRA COSTA",ANTIOCH,-121.78425598144531,37.993648529052734
81928391,2022,2022-11-29,0701,2022-09-25,2037,5235,,7,5,5,0701,0,0,0,,0,004,"PUTNAM ST","ENEA WAY",0.00,,Y,A,-,N,,,,,,,,,,N,2,0,1,2,A,-,00,21223,A,N,D,C,A,A,H,-,C,D,0,,,Y,,Y,,C,03,1,0,0,0,0,0,0,0,1,"- ","- ",,,"CONTRA COSTA",ANTIOCH,-121.81852722167969,37.993930816650391
8192912,2016,2016-12-23,0704,2016-11-29,1203,548,"MT DI",2,5,6,0704,0,0,0,,0,004,"BATES AV","COMMERCIAL CIR",0.00,,Y,A,-,N,,,,,,,,,,N,2,0,1,2,A,-,09,21802,A,N,B,G,A,A,H,-,A,D,0,,Y,,,Y,,A,01,1,0,0,0,0,0,1,0,0,"- ","- ",,,"CONTRA COSTA",CONCORD,-122.03083991,38.014289980000001
81933331,2022,2022-12-05,0704,2022-11-06,0149,0616,,7,5,6,0704,0,0,0,,0,,"MEADOW LN","MAYETTE AVE",0.00,,Y,A,-,N,,,,,,,,,,N,2,0,1,2,A,-,01,23152,A,N,E,E,A,A,H,-,C,D,0,,,,,Y,Y,A,01,1,0,0,0,0,0,0,0,0,"- ","- ",37.963310241699219,-122.04509735107422,"CONTRA COSTA",CONCORD,-122.04509735107422,37.963279724121094
81938034,2022,2022-12-09,0704,2022-08-18,1753,0537,,4,5,6,0704,0,0,0,,0,,"MONUMENT BLVD","LACEY LN",58.00,W,N,A,-,N,,,,,,,,,,Y,1,1,2,3,A,-,09,21804,A,F,D,C,A,A,H,-,A,D,0,,,,,Y,,A,01,0,0,2,0,0,0,0,0,0,"- ","- ",37.953330993652344,-122.04324340820312,"CONTRA COSTA",CONCORD,-122.04338836669922,37.953281402587891
81952092,2022,2022-12-26,0706,2022-11-02,1319,200,BAY,3,5,3,0706,0,0,0,,0,001,"SAN PABLO AVE","HERCULES AVE",127.00,S,N,B,-,Y,,,,,,,,,,Y,2,0,8,5,A,-,04,21703,,N,C,C,A,B,D,-,A,A,0,,,,,Y,,A,07,1,0,7,0,0,0,0,0,0,"- ","- ",38.009979248046875,-122.28253936767578,"CONTRA COSTA",HERCULES,-122.28327941894531,38.009956359863281
81958006,2022,2023-01-03,0706,2022-11-29,0547,199,,2,5,3,0706,0,0,0,,0,002,"TURQUOISE DR","OPAL CT",33.00,N,N,A,-,N,,,,,,,,,,Y,2,0,2,2,A,-,05,21460,A,N,A,C,A,B,H,-,C,D,0,,,,Y,Y,Y,A,01,1,0,1,0,0,0,0,0,0,"- ","- ",38.004669189453125,-122.27458190917969,"CONTRA COSTA",HERCULES,-122.27444458007812,38.004718780517578
81962356,2022,2023-01-09,0704,2022-12-19,1715,0509,,1,5,6,0704,0,0,0,,0,,"SAN SIMEON DR","SAINT JOSEPH DR",0.00,,Y,B,-,N,,,,,,,,,,N,2,0,1,2,A,-,00,21960,A,N,G,B,B,A,H,-,B,D,0,Y,,,,Y,,D,22,1,0,0,0,1,0,0,0,0,"- ","- ",37.949428558349609,-122.02413177490234,"CONTRA COSTA",CONCORD,-122.02410125732422,37.949436187744141
81964074,2022,2023-01-10,0708,2022-12-30,0002,392,7809,5,5,5,0708,0,0,0,,0,005,"LOVERIDGE RD","EAST LELAND RD",250.00,N,N,C,-,N,,,,,,,,,,Y,2,0,1,2,A,-,10,21950,A,F,G,B,D,B,H,-,C,A,0,Y,,,,Y,Y,A,01,1,0,0,0,1,0,0,0,0,"- ","- ",,,"CONTRA COSTA",PITTSBURG,-121.87071228027344,38.008819580078125
81965070,2022,2023-01-11,0710,2022-11-27,1305,1770,SOUTH,7,5,5,0710,0,0,0,,0,001,"HARBOUR WY S","CUTTING BLVD",0.00,,Y,A,-,N,,,,,,,,,,Y,2,0,2,2,A,-,12,21453,A,N,D,C,A,A,H,-,A,A,0,,,,,Y,,A,01,1,1,0,0,0,0,0,0,0,"- ","- ",37.925220489501953,-122.36019897460938,"CONTRA COSTA",RICHMOND,-122.36004638671875,37.925216674804688
81987125,2023,2023-02-06,0704,2023-02-01,"750 ",611,4,3,5,6,0704,0,0,0,,0,004,"OLIVERA RD","ESPERANZA DR",60.00,W,N,A,-,N,,,,,,,,,,N,2,0,1,2,A,-,11,21955,,N,G,B,D,A,H,-,A,D,0,Y,,,,Y,,N,60,1,0,0,0,1,0,0,0,0,"- ","- ",37.993881225585938,-122.02455139160156,"CONTRA COSTA",CONCORD,-122.02476501464844,37.993938446044922
81990374,2022,2023-02-09,0704,2022-12-29,1557,0596,4490,4,5,6,0704,0,0,0,,0,005,"CLAYTON RD","LOEFFLER LN",100.00,E,N,B,-,N,,,,,,,,,,N,2,0,1,1,A,-,03,22350,,N,F,I,A,B,H,-,-,D,0,,Y,,,Y,,L,04,1,0,0,0,0,0,1,0,0,"- ","- ",37.967029571533203,-122.00157165527344,"CONTRA COSTA",CONCORD,-122.00126647949219,37.967655181884766
81997862,2023,2023-02-20,0710,2023-02-07,"124 ",1426,SOUTH,2,5,5,0710,0,0,0,,0,002,"446 MARINA WAY SOUTH","CUTTING BOULEVARD",132.00,N,N,A,-,Y,,,,,,,,,,N,2,0,1,2,D,-,00,,,F,G,B,D,A,H,-,C,D,0,Y,,,,Y,,-,"- ",1,0,0,0,1,0,0,0,0,"- ","- ",,,"CONTRA COSTA",RICHMOND,-122.35589599609375,37.925563812255859
82000902,2023,2023-02-23,0704,2023-02-01,1629,0537,,3,5,6,0704,0,0,0,,0,003,"MINERT RD","SAN SIMEON DR",4.00,E,N,A,-,N,,,,,,,,,,N,2,0,1,2,A,-,12,22450,A,F,G,B,D,A,H,-,A,D,0,Y,,,,Y,,A,01,1,0,0,0,1,0,0,0,0,"- ","- ",37.948410034179688,-122.02307891845703,"CONTRA COSTA",CONCORD,-122.02326965332031,37.948307037353516
8200431,2017,2017-03-14,0709,2017-02-07,1712,395,3170,2,5,4,0709,0,0,0,,0,001,"CONTRA COSTA BL","ASTRID DR",300.00,N,N,B,-,N,,,,,,,,,,N,2,0,1,2,A,-,09,21804,A,N,D,G,A,A,H,-,B,D,0,,Y,,,Y,,L,04,1,0,0,0,0,0,1,0,0,"- ","- ",,,"CONTRA COSTA","PLEASANT HILL",-122.06092,37.938856710000003