CASE_ID,ACCIDENT_YEAR,PROC_DATE,JURIS,COLLISION_DATE,COLLISION_TIME,OFFICER_ID,REPORTING_DISTRICT,DAY_OF_WEEK,CHP_SHIFT,POPULATION,CNTY_CITY_LOC,SPECIAL_COND,BEAT_TYPE,CHP_BEAT_TYPE,CITY_DIVISION_LAPD,CHP_BEAT_CLASS,BEAT_NUMBER,PRIMARY_RD,SECONDARY_RD,DISTANCE,DIRECTION,INTERSECTION,WEATHER_1,WEATHER_2,STATE_HWY_IND,CALTRANS_COUNTY,CALTRANS_DISTRICT,STATE_ROUTE,ROUTE_SUFFIX,POSTMILE_PREFIX,POSTMILE,LOCATION_TYPE,RAMP_INTERSECTION,SIDE_OF_HWY,TOW_AWAY,COLLISION_SEVERITY,NUMBER_KILLED,NUMBER_INJURED,PARTY_COUNT,PRIMARY_COLL_FACTOR,PCF_CODE_OF_VIOL,PCF_VIOL_CATEGORY,PCF_VIOLATION,PCF_VIOL_SUBSECTION,HIT_AND_RUN,TYPE_OF_COLLISION,MVIW,PED_ACTION,ROAD_SURFACE,ROAD_COND_1,ROAD_COND_2,LIGHTING,CONTROL_DEVICE,CHP_ROAD_TYPE,PEDESTRIAN_ACCIDENT,BICYCLE_ACCIDENT,MOTORCYCLE_ACCIDENT,TRUCK_ACCIDENT,NOT_PRIVATE_PROPERTY,ALCOHOL_INVOLVED,STWD_VEHTYPE_AT_FAULT,CHP_VEHTYPE_AT_FAULT,COUNT_SEVERE_INJ,COUNT_VISIBLE_INJ,COUNT_COMPLAINT_PAIN,COUNT_PED_KILLED,COUNT_PED_INJURED,COUNT_BICYCLIST_KILLED,COUNT_BICYCLIST_INJURED,COUNT_MC_KILLED,COUNT_MC_INJURED,PRIMARY_RAMP,SECONDARY_RAMP,LATITUDE,LONGITUDE,COUNTY,CITY,POINT_X,POINT_Y
8201664,2017,2017-03-29,0708,2017-02-25,2232,329,0708,6,5,5,0708,0,0,0,,0,002,"CENTURY BL","DELTA GATEWAY BL",0.00,,Y,A,-,N,,,,,,,,,,Y,2,0,1,2,A,-,03,22350,,N,D,C,A,A,H,-,C,A,0,,,,,Y,,A,01,1,0,0,0,0,0,0,0,0,"- ","- ",,,"CONTRA COSTA",PITTSBURG,-121.83631989,38.00616995
82026329,2023,2023-03-23,0710,2023-02-12,"40  ",1818,CENTR,7,5,5,0710,0,0,0,,0,007,"23RD ST","BROOKS AVE",0.00,,Y,A,-,N,,,,,,,,,,N,2,0,1,1,A,-,03,22350,,N,E,I,A,A,H,-,C,D,0,,,Y,,Y,,C,02,1,0,0,0,0,0,0,0,1,"- ","- ",,,"CONTRA COSTA",RICHMOND,-122.34748077392578,37.940769195556641
82050125,2023,2023-04-24,0704,2023-04-19,"649 ",0533,3,3,5,6,0704,0,0,0,,0,003,"OAK GROVE RD","RISDON RD",0.00,,Y,A,-,N,,,,,,,,,,Y,2,0,1,2,A,-,09,21804,,N,D,C,A,A,H,-,A,A,0,,,,,Y,,A,01,1,0,0,0,0,0,0,0,0,"- ","- ",37.944721221923828,-122.03054046630859,"CONTRA COSTA",CONCORD,-122.03055572509766,37.944667816162109
82061430,2023,2023-09-26,0711,2023-05-01,1000,S1122,21,1,5,4,0711,0,0,0,,0,0S1,"14800 SAN PABLO AVE","RIVERS ST",0.00,,Y,A,-,N,,,,,,,,,,N,2,0,1,2,A,-,12,21453,A,F,G,G,A,A,H,-,A,A,0,,Y,,,Y,Y,A,01,1,0,0,0,0,0,1,0,0,"- ","- ",37.972251892089844,-122.34221649169922,"CONTRA COSTA","SAN PABLO",-122.34317016601562,37.972061157226562
82069573,2023,2023-05-16,0708,2023-04-04,1546,357,8409,2,5,5,0708,0,0,0,,0,005,"FREED CIR","GARCIA AVE",46.00,S,N,A,-,N,,,,,,,,,,Y,2,0,1,1,A,-,03,22350,,F,E,I,A,A,H,-,A,A,0,,,,,Y,,A,01,1,0,0,0,0,0,0,0,0,"- ","- ",,,"CONTRA COSTA",PITTSBURG,-121.8809814453125,38.011676788330078
82073835,2023,2023-05-22,0704,2023-05-19,1711,0637,,5,5,6,0704,0,0,0,,0,006,"KIRKER PASS RD","KIRKWOOD DR",0.00,,Y,A,-,N,,,,,,,,,,Y,2,0,2,2,A,-,21,22106,,N,D,C,A,A,H,-,A,D,0,,,,,Y,,A,01,1,0,1,0,0,0,0,0,0,"- ","- ",37.958789825439453,-121.94799041748047,"CONTRA COSTA",CONCORD,-121.94798278808594,37.958786010742188
82096228,2023,2023-06-19,0708,2023-03-31,1209,357,8303,5,5,5,0708,0,0,0,,0,004,"RAILROAD AVE","MARKS BLVD",0.00,,Y,A,-,N,,,,,,,,,,Y,1,1,0,2,A,-,01,23152,F,N,F,A,A,A,H,-,A,A,0,,,Y,,Y,,C,02,0,0,0,0,0,0,0,1,0,"- ","- ",,,"CONTRA COSTA",PITTSBURG,-121.89555358886719,38.00067138671875
82096229,2023,2023-06-19,0708,2023-04-25,1216,357,8303,2,5,5,0708,0,0,0,,0,005,"RAILROAD AVE","BUCHANAN RD",151.00,N,N,A,-,N,,,,,,,,,,Y,2,0,1,1,A,-,03,22350,,N,E,I,A,A,H,-,A,D,0,,,,,Y,,A,08,1,0,0,0,0,0,0,0,0,"- ","- ",,,"CONTRA COSTA",PITTSBURG,-121.89634704589844,37.998497009277344
82097516,2022,2023-06-22,0704,2022-12-29,1803,0537,,4,5,6,0704,0,0,0,,0,002,"CLAYTON RD","ELLIS ST",60.00,E,N,A,C,N,,,,,,,,,,N,1,1,0,2,A,-,11,21453,D,N,G,B,D,B,H,-,C,A,0,Y,,,,Y,,N,60,0,0,0,1,0,0,0,0,0,"- ","- ",37.972480773925781,-122.03926849365234,"CONTRA COSTA",CONCORD,-122.03915405273438,37.972602844238281
82110437,2023,2023-07-06,0704,2023-06-25,"901 ",647,,7,5,6,0704,0,0,0,,0,004,"PORT CHICAGO HWY","SIXTH ST",16.00,N,N,A,-,N,,,,,,,,,,N,2,0,1,2,A,-,12,21453,A,N,D,C,A,A,H,-,A,A,0,,,Y,,Y,Y,C,03,1,0,0,0,0,0,0,0,1,"- ","- ",37.989189147949219,-122.03324890136719,"CONTRA COSTA",CONCORD,-122.03374481201172,37.989532470703125
82112557,2023,2023-07-21,0708,2023-03-07,1914,357,8416,2,5,5,0708,0,0,0,,0,005,"STONEMAN AVE","BRIARCLIFF DR",0.00,,Y,A,-,N,,,,,,,,,,Y,1,1,0,2,A,-,10,21950,A,F,G,B,B,A,H,-,C,A,0,Y,,,,Y,,D,22,0,0,0,1,0,0,0,0,0,"- ","- ",,,"CONTRA COSTA",PITTSBURG,-121.87484741210938,38.003246307373047
82147976,2023,2023-08-21,0704,2023-08-10,"604 ",0581,704,4,5,6,0704,0,0,0,,0,005,"WILLOW PASS RD","FARM BUREAU RD",92.00,E,N,A,-,N,,,,,,,,,,Y,2,0,1,2,A,-,09,21801,A,N,D,C,A,A,H,-,A,A,0,,,Y,,Y,,D,23,1,0,0,0,0,0,0,0,1,"- ","- ",37.983390808105469,-122.01560211181641,"CONTRA COSTA",CONCORD,-122.01525115966797,37.983474731445312
82150458,2022,2023-08-23,0701,2022-01-12,1952,5561,0701,3,5,5,0701,0,0,0,,0,004,"DELTA FAIR BLVD","SAN JOSE DR",267.00,S,N,A,-,N,,,,,,,,,,N,1,1,0,2,A,-,03,22350,,F,G,B,D,A,H,-,C,D,0,Y,,,,Y,Y,A,07,0,0,0,1,0,0,0,0,0,"- ","- ",,,"CONTRA COSTA",ANTIOCH,-121.83786773681641,38.000568389892578
82150477,2022,2023-08-23,0701,2022-08-08,1546,3639,,1,5,5,0701,0,0,0,,0,,"A ST","RAILROAD AVE",151.00,S,N,A,-,N,,,,,,,,,,N,1,1,0,2,A,-,11,21955,,N,G,B,D,A,H,-,A,D,0,Y,,,,Y,,N,60,0,0,0,1,0,0,0,0,0,"- ","- ",38.001800537109375,-121.80606842041016,"CONTRA COSTA",ANTIOCH,-121.805908203125,38.001758575439453
82150478,2022,2023-08-23,0701,2022-08-09,1518,5561,,2,5,5,0701,0,0,0,,0,,"18TH ST","WILLOW AVE",0.00,,Y,A,-,N,,,,,,,,,,Y,1,1,0,2,A,-,03,22350,,N,D,C,A,A,H,-,A,D,0,,,Y,,Y,,C,02,0,0,0,0,0,0,0,1,0,"- ","- ",,,"CONTRA COSTA",ANTIOCH,-121.76909637451172,38.004947662353516
82150503,2022,2023-08-23,0701,2022-11-06,1253,5444,,7,5,5,0701,0,0,0,,0,,"SAGEBRUSH DR","LONE TREE WAY",0.00,,Y,A,-,N,,,,,,,,,,Y,2,0,1,2,A,-,08,22107,,F,B,C,A,A,H,-,A,A,0,,,Y,,Y,,-,99,1,0,0,0,0,0,0,0,1,"- ","- ",,,"CONTRA COSTA",ANTIOCH,-121.77259063720703,37.963817596435547
82150666,2023,2023-08-23,0701,2023-02-09,"41  ",5561,,4,5,5,0701,0,0,0,,0,,"DEER VALLEY RD","ROCKY POINT DR",500.00,N,N,A,-,N,,,,,,,,,,N,2,0,1,2,A,-,11,21956,,F,G,B,E,A,H,-,C,D,0,Y,,,,Y,Y,N,60,1,0,0,0,1,0,0,0,0,"- ","- ",,,"CONTRA COSTA",ANTIOCH,-121.78631591796875,37.978824615478516
82150696,2023,2023-08-23,0701,2023-03-11,1955,6370,,6,5,5,0701,0,0,0,,0,003,"AUTO CENTER DR","MAHOGANY WAY",10.00,N,N,B,-,N,,,,,,,,,,N,2,0,1,2,A,-,11,21954,A,N,G,B,D,B,H,-,C,A,0,Y,,,,Y,,N,60,1,0,0,0,1,0,0,0,0,"- ","- ",,,"CONTRA COSTA",ANTIOCH,-121.83535766601562,38.005710601806641
82150724,2023,2023-08-23,0701,2023-04-13,1158,6392,,4,5,5,0701,0,0,0,,0,006,"LONE TREE WAY","LONE TREE LANDING",0.00,,Y,A,-,N,,,,,,,,,,Y,2,0,2,2,A,-,12,21453,A,N,-,C,A,A,H,-,A,A,0,,,,,Y,,A,01,1,0,1,0,0,0,0,0,0,"- ","- ",37.961780548095703,-121.75727081298828,"CONTRA COSTA",ANTIOCH,-121.57658386230469,39.401279449462891
82150729,2023,2023-08-23,0701,2023-04-18,1713,3639,,2,5,5,0701,0,0,0,,0,,"10TH ST","G ST",150.00,W,N,A,-,N,,,,,,,,,,Y,1,1,0,2,A,-,03,22350,,N,C,C,A,A,H,-,A,A,0,,,Y,,Y,,C,02,0,0,0,0,0,0,0,0,0,"- ","- ",,,"CONTRA COSTA",ANTIOCH,-121.81429290771484,38.011188507080078
82150742,2023,2023-08-23,0701,2023-04-24,1530,5444,ANTIO,1,5,5,0701,0,0,0,,0,004,"G ST","FITZUREN RD",75.00,S,N,A,-,N,,,,,,,,,,Y,2,0,1,1,A,-,03,22350,,N,E,I,A,A,H,-,A,A,0,,,Y,,Y,,C,02,1,0,0,0,0,0,0,0,1,"- ","- ",,,"CONTRA COSTA",ANTIOCH,-121.81585693359375,37.997352600097656
82150861,2023,2023-08-23,0704,2023-07-28,1502,0640,,5,5,6,0704,0,0,0,,0,003,"MONUMENT BLVD","MOHR LN",0.00,,Y,A,-,N,,,,,,,,,,Y,2,0,2,2,A,-,04,21703,,N,C,C,A,A,H,-,A,A,0,,,,,Y,,A,01,1,1,0,0,0,0,0,0,0,"- ","- ",37.948158264160156,-122.05091857910156,"CONTRA COSTA",CONCORD,-122.05088043212891,37.94805908203125
82156508,2023,2023-08-29,0710,2023-02-15,"913 ",1749,NORTH,3,5,5,0710,0,0,0,,0,008,"RICHMOND PKWY","BLUME DR",1331.00,W,N,A,-,N,,,,,,,,,,Y,2,0,4,2,A,-,05,21651,B,N,A,C,A,A,H,-,A,A,0,,,,,Y,,D,22,3,1,0,0,0,0,0,0,0,"- ","- ",37.987049102783203,-122.31694030761719,"CONTRA COSTA",RICHMOND,-122.32114410400391,37.988441467285156
82156536,2023,2023-08-31,0710,2023-04-28,1505,1459,SOUTH,5,5,5,0710,0,0,0,,0,001,"W RICHMOND AVE.","S. GARRARD BLVD.",0.00,,Y,A,-,N,,,,,,,,,,N,2,0,1,2,A,-,10,21950,A,N,G,B,B,A,H,-,A,D,0,Y,,,,Y,,A,01,1,0,0,0,1,0,0,0,0,"- ","- ",,,"CONTRA COSTA",RICHMOND,-122.38333892822266,37.925289154052734
82156600,2023,2023-08-30,0710,2023-05-25,2157,1829,CENTR,4,5,5,0710,0,0,0,,0,005,"BARRETT AV","MARINA WY",0.00,,Y,A,-,N,,,,,,,,,,N,2,0,2,2,A,-,03,22350,,F,D,C,A,A,H,-,C,A,0,,,,,Y,,-,35,2,0,0,0,0,0,0,0,0,"- ","- ",37.938381195068359,-122.35603332519531,"CONTRA COSTA",RICHMOND,-122.35616302490234,37.938510894775391
82156638,2023,2023-08-29,0710,2023-06-06,2233,1707,SOUTH,2,5,5,0710,0,0,0,,0,009,"VALLEY VIEW RD","KEITH DR",0.00,,Y,A,-,N,,,,,,,,,,Y,2,0,4,2,A,-,09,21801,A,N,D,C,A,A,H,-,C,D,0,,,,,Y,,A,01,1,0,3,0,0,0,0,0,0,"- ","- ",37.973968505859375,-122.28975677490234,"CONTRA COSTA",RICHMOND,-122.28983306884766,37.973880767822266
82156647,2023,2023-08-30,0710,2023-06-10,1651,1745,CENTR,6,5,5,0710,0,0,0,,0,006,"RICHMOND PKWY","BARRETT AV",0.00,,N,B,-,N,,,,,,,,,,Y,2,0,1,1,A,-,03,22350,,N,H,J,A,A,H,-,A,D,0,,,Y,,Y,,C,02,1,0,0,0,0,0,0,0,1,"- ","- ",37.93865966796875,-122.37065124511719,"CONTRA COSTA",RICHMOND,-122.37139892578125,37.938697814941406
82156692,2023,2023-09-04,0710,2023-07-01,1000,1707,NORTH,6,5,5,0710,0,0,0,,0,008,"RICHMOND PKWY","GOODRICK AV",5.00,N,N,A,-,N,,,,,,,,,,Y,1,1,0,2,A,-,12,21453,A,F,D,G,A,A,H,-,A,A,0,,Y,,,Y,,L,04,0,0,0,0,0,1,0,0,0,"- ","- ",37.974330902099609,-122.36521148681641,"CONTRA COSTA",RICHMOND,-122.36522674560547,37.974201202392578
82156915,2023,2023-08-29,0708,2023-07-29,1836,389,8203,6,5,5,0708,0,0,0,,0,002,"HARBOR ST","EAST 9TH ST",49.00,N,N,A,-,N,,,,,,,,,,Y,2,0,2,1,A,-,01,23152,A,N,E,I,A,A,H,-,A,D,0,,,,,Y,Y,A,01,1,1,0,0,0,0,0,0,0,"- ","- ",,,"CONTRA COSTA",PITTSBURG,-121.87855529785156,38.027263641357422
82161144,2023,2023-09-04,0710,2023-05-10,1430,1754,NORTH,3,5,5,0710,0,0,0,,0,007,"BARRETT AV","37TH ST",95.00,E,N,A,-,N,,,,,,,,,,N,2,0,1,2,A,-,03,22350,,F,C,C,A,A,H,-,A,A,0,,,,,Y,,-,99,1,0,0,0,0,0,0,0,0,"- ","- ",37.935829162597656,-122.33290863037109,"CONTRA COSTA",RICHMOND,-122.33329772949219,37.936504364013672
82162951,2023,2023-09-06,0701,2023-08-23,2250,4032,,3,5,5,0701,0,0,0,,0,007,"LONE TREE WAY","RT 4",0.00,,Y,A,-,N,,,,,,,,,,Y,2,0,2,2,A,-,09,21453,C,N,D,C,A,A,H,-,C,A,0,,,,,Y,,-,"- ",1,1,0,0,0,0,0,0,0,"- ","- ",,,"CONTRA COSTA",ANTIOCH,-121.74336242675781,37.961566925048828
82167778,2023,2023-09-13,0704,2023-08-27,1148,611,1,7,5,6,0704,0,0,0,,0,005,"TURTLE CREEK RD","WILDCAT LN",0.00,,Y,A,-,N,,,,,,,,,,N,2,0,1,2,D,-,00,,,N,C,G,A,A,H,-,A,D,0,,Y,,,Y,,-,"- ",1,0,0,0,0,0,1,0,0,"- ","- ",37.955181121826172,-121.98365783691406,"CONTRA COSTA",CONCORD,-121.983642578125,37.955169677734375
82176022,2023,2023-09-21,0711,2023-07-28,1207,S1184,21,5,5,4,0711,0,0,0,,0,0S1,"CHURCH LANE","EL PORTAL DRIVE",0.00,,Y,A,-,N,,,,,,,,,,Y,2,0,2,3,A,-,05,21460,A,F,A,C,A,A,H,-,A,A,0,,,,,Y,,A,01,1,0,1,0,0,0,0,0,0,"- ","- ",37.963111877441406,-122.33637237548828,"CONTRA COSTA","SAN PABLO",-122.33634185791016,37.963169097900391
82176205,2023,2023-09-21,0711,2023-05-06,2030,S1093,,6,5,4,0711,0,0,0,,0,,"RHEEM DR","RUMRILL BLVD",0.00,,Y,A,-,N,,,,,,,,,,Y,2,0,2,3,A,-,03,22350,,F,B,C,A,A,H,-,C,A,0,,,,,Y,,A,01,1,1,0,0,0,0,0,0,0,"- ","- ",36.77825927734375,-119.41793060302734,"CONTRA COSTA","SAN PABLO",,
82179756,2023,2024-01-22,0711,2023-08-31,"828 ",S1184,,4,5,4,0711,0,0,0,,0,0S1,"EL PORTAL","CHURCH LN",0.00,,Y,A,-,N,,,,,,,,,,Y,2,0,2,2,A,-,05,21460,A,F,D,C,A,A,H,-,A,A,0,,,,,Y,,A,01,1,1,0,0,0,0,0,0,0,"- ","- ",,,"CONTRA COSTA","SAN PABLO",-122.33634185791016,37.963169097900391
82179775,2023,2023-11-20,0711,2023-05-02,2354,S1156,22,2,5,4,0711,0,0,0,,0,0S3,"RUMRILL BOULEVARD","PINE AVE",0.00,,Y,C,-,N,,,,,,,,,,Y,2,0,1,3,A,-,03,22350,,F,B,C,A,B,D,-,C,D,0,,,,,Y,,D,82,1,0,0,0,0,0,0,0,0,"- ","- ",37.954971313476562,-122.35691070556641,"CONTRA COSTA","SAN PABLO",-122.35689544677734,37.954963684082031
82199621,2023,2023-10-16,0708,2023-09-10,2250,399,8405,7,5,5,0708,0,0,0,,0,005,"LOVERIDGE RD","BUCHANAN RD",176.00,N,N,A,-,N,,,,,,,,,,Y,2,0,1,1,A,-,07,21658,A,N,E,I,A,A,H,-,C,D,0,,,,,Y,,A,01,1,0,0,0,0,0,0,0,0,"- ","- ",,,"CONTRA COSTA",PITTSBURG,-121.87393188476562,37.998451232910156
82206277,2023,2024-01-22,0711,2023-10-21,1355,S1097,,6,5,4,0711,0,0,0,,0,0S2,"SAN PABLO DAM RD","VENTURA AVE",0.00,,Y,A,-,N,,,,,,,,,,N,2,0,1,2,A,-,08,22107,,F,G,B,E,A,H,-,A,A,0,Y,,,,Y,,A,01,1,0,0,0,1,0,0,0,0,"- ","- ",37.954788208007812,-122.3309326171875,"CONTRA COSTA","SAN PABLO",-122.33101654052734,37.954792022705078
82223723,2023,2023-10-31,0701,2023-10-27,1322,3639,,5,5,5,0701,0,0,0,,0,,"MOKELUMNE DR","TRAIL MOUNTAIN WAY",0.00,,Y,A,-,N,,,,,,,,,,N,2,0,1,2,A,-,06,21755,,N,B,C,A,A,H,-,A,A,0,,,Y,,Y,,C,03,1,0,0,0,0,0,0,0,1,"- ","- ",,,"CONTRA COSTA",ANTIOCH,-121.79000854492188,37.962196350097656
82240889,2023,2023-11-20,0711,2023-10-26,1857,S1162,22,4,5,4,0711,0,0,0,,0,0S3,"14TH ST",MARKET,200.00,S,-,A,-,N,,,,,,,,,,N,2,0,1,2,A,-,03,22350,,N,B,E,A,A,H,-,C,D,0,,,,,Y,,A,01,1,0,0,0,0,0,0,0,0,"- ","- ",37.958309173583984,-122.35598754882812,"CONTRA COSTA","SAN PABLO",-122.35572052001953,37.958103179931641
82244126,2023,2023-12-08,0704,2023-11-23,1850,647,,4,5,6,0704,0,0,0,,0,003,"OAK GROVE RD","RYAN RD",160.00,S,N,A,-,N,,,,,,,,,,Y,1,1,1,2,A,-,05,21650,,F,A,C,A,A,H,-,C,D,0,,,,,Y,Y,A,01,0,0,1,0,0,0,0,0,0,"- ","- ",,,"CONTRA COSTA",CONCORD,-122.02625274658203,37.940032958984375
82245998,2023,2023-12-04,0701,2023-07-08,2127,3639,,6,5,5,0701,0,0,0,,0,,"DEER VALLEY RD","WILDFLOWER DR",621.00,S,N,A,-,N,,,,,,,,,,Y,1,1,1,2,A,-,01,23152,B,F,A,C,A,A,H,-,C,A,0,,,Y,,Y,Y,A,01,0,1,0,0,0,0,0,1,0,"- ","- ",,,"CONTRA COSTA",ANTIOCH,-121.78571319580078,37.985263824462891
82250827,2023,2023-12-04,0713,2023-10-21,"110 ",KPD1009,KENSI,6,5,2,0713,0,0,0,,0,001,"COLUSA AVE","VALLEY RD",101.00,S,N,A,-,N,,,,,,,,,,Y,2,0,1,2,A,-,01,23152,A,N,C,E,A,A,H,-,C,D,0,,,Y,,Y,Y,C,02,1,0,0,0,0,0,0,0,1,"- ","- ",37.901699066162109,-122.28852844238281,"CONTRA COSTA",KENSINGTON,-122.28849029541016,37.901535034179688
82251410,2023,2023-12-04,0704,2023-12-03,1733,0656,,7,5,6,0704,0,0,0,,0,004,"CHESTNUT AVE","GARNET LN",75.00,W,N,B,-,N,,,,,,,,,,Y,2,0,1,3,A,-,01,23152,A,N,C,E,A,A,H,-,C,D,0,,,,Y,Y,Y,-,"- ",1,0,0,0,0,0,0,0,0,"- ","- ",37.971038818359375,-122.01004028320312,"CONTRA COSTA",CONCORD,-122.01042175292969,37.971675872802734
82282309,2022,2024-01-09,0701,2022-12-04,1004,5444,,7,5,5,0701,0,0,0,,0,,"JAMES DONLON BLVD","SILVERADO DR",0.00,,Y,A,-,N,,,,,,,,,,Y,1,1,2,2,A,-,01,23152,B,N,D,C,A,A,H,-,A,A,0,,,,,Y,Y,A,01,0,0,2,0,0,0,0,0,0,"- ","- ",,,"CONTRA COSTA",ANTIOCH,-121.83913421630859,37.983158111572266
82282454,2023,2024-01-30,0704,2023-12-20,2022,0589,,3,5,6,0704,0,0,0,,0,003,"MEADOW LN","MONUMENT BLVD",650.00,N,N,A,-,N,,,,,,,,,,N,2,0,1,2,A,-,11,21954,A,N,G,B,D,B,H,-,C,A,0,Y,,,,Y,Y,N,60,1,0,0,0,1,0,0,0,0,"- ","- ",37.956459045410156,-122.03900909423828,"CONTRA COSTA",CONCORD,-122.04027557373047,37.957870483398438
82291226,2023,2024-01-19,0701,2023-10-05,1438,5444,,4,5,5,0701,0,0,0,,0,005,"DEER VALLEY RD","PREWETT RANCH DR",0.00,,Y,A,-,N,,,,,,,,,,Y,1,1,1,4,A,-,03,22350,,N,C,C,A,A,H,-,A,A,0,,,Y,,Y,,A,01,0,0,1,0,0,0,0,1,0,"- ","- ",,,"CONTRA COSTA",ANTIOCH,-121.77800750732422,37.957599639892578
82291322,2023,2024-01-19,0708,2023-07-21,1039,388,,5,5,5,0708,0,0,0,,0,005,"METTEN AVE","MOSS CT",73.00,E,N,A,-,N,,,,,,,,,,Y,1,1,0,2,A,-,01,23152,G,N,C,E,A,A,H,-,A,D,0,,,,,Y,,A,01,0,0,0,0,0,0,0,0,0,"- ","- ",,,"CONTRA COSTA",PITTSBURG,-121.87677001953125,37.997306823730469
82295551,2024,2024-02-08,0704,2024-01-05,1936,0656,,5,5,6,0704,0,0,0,,0,005,"COWELL RD","LARWIN AVE",0.00,,Y,A,-,N,,,,,,,,,,Y,2,0,6,3,A,-,09,21453,B,N,D,C,A,A,H,-,C,A,0,,,,,Y,,A,01,1,1,4,0,0,0,0,0,0,"- ","- ",37.950469970703125,-121.99693298339844,"CONTRA COSTA",CONCORD,-121.99504852294922,37.949020385742188
82295552,2024,2024-01-24,0704,2024-01-07,2251,0656,,7,5,6,0704,0,0,0,,0,005,"CONCORD BLVD","LANDANA DR",133.00,W,N,A,-,N,,,,,,,,,,Y,2,0,1,1,A,-,01,23152,A,N,E,I,A,A,H,-,C,A,0,,,,,Y,Y,A,01,1,0,0,0,0,0,0,0,0,"- ","- ",37.977970123291016,-121.99439239501953,"CONTRA COSTA",CONCORD,-121.99469757080078,37.97796630859375
82300335,2023,2024-02-05,0704,2023-08-17,1122,0493,4,4,5,6,0704,0,0,0,,0,002,"MONUMENT BLVD","SYSTRON DR",323.00,S,N,A,-,N,,,,,,,,,,Y,2,0,2,5,A,-,03,22350,,F,G,B,E,A,H,-,A,D,0,Y,,,,Y,,D,22,2,0,0,0,2,0,0,0,0,"- ","- ",37.964061737060547,-122.03170776367188,"CONTRA COSTA",CONCORD,-122.03171539306641,37.963199615478516
82302505,2024,2024-02-01,0704,2024-01-29,1550,0625,,1,5,6,0704,0,0,0,,0,003,"VIA MONTANAS","ROLLING MEADOW CT",0.00,,Y,A,-,N,,,,,,,,,,Y,2,0,3,2,A,-,09,21804,,N,D,C,A,A,H,-,A,D,0,,,,,Y,,A,01,1,2,0,0,0,0,0,0,0,"- ","- ",37.954238891601562,-122.01822662353516,"CONTRA COSTA",CONCORD,-122.0179443359375,37.954807281494141
82340318,2024,2024-03-18,0708,2024-02-03,2050,406,8301,6,5,5,0708,0,0,0,,0,004,"ALVARADO AVE","RAILROAD AVE",0.00,,Y,A,-,N,,,,,,,,,,N,2,0,1,2,A,-,09,21453,C,N,D,C,A,A,H,-,C,A,0,,,,,Y,,A,01,1,0,0,0,0,0,0,0,0,"- ","- ",38.005180358886719,-121.89202117919922,"CONTRA COSTA",PITTSBURG,-121.89199829101562,38.0098876953125
82342483,2024,2024-03-20,0704,2024-03-12,2135,0571,,2,5,6,0704,0,0,0,,0,006,"BAILEY RD","CLAYTON RD (E)",0.00,,Y,A,-,N,,,,,,,,,,N,2,0,1,2,A,-,12,21453,A,N,D,C,A,A,H,-,C,A,0,,,Y,Y,Y,,C,03,1,0,0,0,0,0,0,0,1,"- ","- ",37.961048126220703,-121.98265075683594,"CONTRA COSTA",CONCORD,-121.98265838623047,37.961116790771484
82346764,2024,2024-03-26,0701,2024-02-24,1545,6119,,6,5,5,0701,0,0,0,,0,002,"10TH ST","A ST",0.00,,Y,A,-,N,,,,,,,,,,Y,2,0,1,2,A,-,08,22107,,N,D,C,A,A,H,-,A,D,0,,,Y,Y,Y,,F,75,1,0,0,0,0,0,0,0,1,"- ","- ",,,"CONTRA COSTA",ANTIOCH,-121.80603790283203,38.011177062988281
82346769,2024,2024-03-26,0701,2024-03-09,2316,6139,,6,5,5,0701,0,0,0,,0,004,"RIO GRANDE DR","SAINT FRANCES DR",300.00,S,N,A,-,N,,,,,,,,,,Y,2,0,1,2,A,-,01,23153,A,N,A,E,A,A,H,-,C,D,0,,,,,Y,Y,A,01,1,0,0,0,0,0,0,0,0,"- ","- ",,,"CONTRA COSTA",ANTIOCH,-121.82558441162109,37.996662139892578
82353107,2024,2024-07-16,0711,2024-02-22,"221 ",S1085,,4,5,4,0711,0,0,0,,0,0S1,"SAN PABLO AVENUE","ROAD 20",0.00,,Y,A,-,N,,,,,,,,,,Y,1,1,0,1,A,-,00,23350,,N,A,I,A,A,H,-,C,D,0,,,,,Y,Y,A,01,0,0,0,0,0,0,0,0,0,"- ","- ",37.963298797607422,-122.34583282470703,"CONTRA COSTA","SAN PABLO",-122.34552001953125,37.963367462158203
82356874,2024,2024-04-05,0708,2024-01-06,"137 ",357,,6,5,5,0708,0,0,0,,0,001,"RAILROAD AVE","CENTRAL AVE",319.00,N,N,A,-,N,,,,,,,,,,Y,1,1,0,2,A,-,03,22350,,F,C,C,A,A,H,-,C,A,0,,,Y,,Y,Y,A,01,0,0,0,0,0,0,0,1,0,"- ","- ",,,"CONTRA COSTA",PITTSBURG,-121.88620758056641,38.026107788085938
82367557,2024,2024-07-16,0711,2024-03-15,"503 ",S1180,,5,5,4,0711,0,0,0,,0,0S1,"SAN PABLO AVE","23RD STREET",0.00,,Y,A,-,N,,,,,,,,,,Y,1,1,0,1,A,-,01,23152,A,N,A,I,A,A,H,-,C,A,0,,,,,Y,Y,A,01,0,0,0,0,0,0,0,0,0,"- ","- ",37.963470458984375,-122.34558868408203,"CONTRA COSTA","SAN PABLO",-122.34535217285156,37.962718963623047