CASE_ID,ACCIDENT_YEAR,PROC_DATE,JURIS,COLLISION_DATE,COLLISION_TIME,OFFICER_ID,REPORTING_DISTRICT,DAY_OF_WEEK,CHP_SHIFT,POPULATION,CNTY_CITY_LOC,SPECIAL_COND,BEAT_TYPE,CHP_BEAT_TYPE,CITY_DIVISION_LAPD,CHP_BEAT_CLASS,BEAT_NUMBER,PRIMARY_RD,SECONDARY_RD,DISTANCE,DIRECTION,INTERSECTION,WEATHER_1,WEATHER_2,STATE_HWY_IND,CALTRANS_COUNTY,CALTRANS_DISTRICT,STATE_ROUTE,ROUTE_SUFFIX,POSTMILE_PREFIX,POSTMILE,LOCATION_TYPE,RAMP_INTERSECTION,SIDE_OF_HWY,TOW_AWAY,COLLISION_SEVERITY,NUMBER_KILLED,NUMBER_INJURED,PARTY_COUNT,PRIMARY_COLL_FACTOR,PCF_CODE_OF_VIOL,PCF_VIOL_CATEGORY,PCF_VIOLATION,PCF_VIOL_SUBSECTION,HIT_AND_RUN,TYPE_OF_COLLISION,MVIW,PED_ACTION,ROAD_SURFACE,ROAD_COND_1,ROAD_COND_2,LIGHTING,CONTROL_DEVICE,CHP_ROAD_TYPE,PEDESTRIAN_ACCIDENT,BICYCLE_ACCIDENT,MOTORCYCLE_ACCIDENT,TRUCK_ACCIDENT,NOT_PRIVATE_PROPERTY,ALCOHOL_INVOLVED,STWD_VEHTYPE_AT_FAULT,CHP_VEHTYPE_AT_FAULT,COUNT_SEVERE_INJ,COUNT_VISIBLE_INJ,COUNT_COMPLAINT_PAIN,COUNT_PED_KILLED,COUNT_PED_INJURED,COUNT_BICYCLIST_KILLED,COUNT_BICYCLIST_INJURED,COUNT_MC_KILLED,COUNT_MC_INJURED,PRIMARY_RAMP,SECONDARY_RAMP,LATITUDE,LONGITUDE,COUNTY,CITY,POINT_X,POINT_Y
82399483,2024,2024-05-31,0704,2024-03-10,1152,647,,7,5,6,0704,0,0,0,,0,001,"OLIVERA RD","NORTHWOOD DR",0.00,W,Y,A,-,N,,,,,,,,,,Y,2,0,1,2,A,-,10,21950,A,N,G,B,B,A,H,-,A,A,0,Y,,,,Y,,I,11,1,0,0,0,1,0,0,0,0,"- ","- ",37.997570037841797,-122.04135894775391,"CONTRA COSTA",CONCORD,-122.04042053222656,37.998023986816406
82402823,2024,2024-05-31,0708,2024-05-17,2350,374,,5,5,5,0708,0,0,0,,0,002,"CALIFORNIA AVE","CLYDE ST",160.00,E,N,A,-,N,,,,,,,,,,Y,2,0,1,2,A,-,01,23152,G,N,C,E,A,A,H,-,C,D,0,,,,,Y,Y,A,01,1,0,0,0,0,0,0,0,0,"- ","- ",,,"CONTRA COSTA",PITTSBURG,-121.8853759765625,38.016551971435547
82414641,2024,2024-06-14,0708,2024-05-16,1709,415,,4,5,5,0708,0,0,0,,0,004,"BUCHANAN RD","HEIGHTS AVE",0.00,,Y,A,-,N,,,,,,,,,,Y,2,0,2,2,A,-,06,21755,A,N,D,C,A,A,H,-,A,D,0,,,Y,,Y,,C,02,1,0,1,0,0,0,0,0,1,"- ","- ",37.993259429931641,-121.88906097412109,"CONTRA COSTA",PITTSBURG,-121.88887023925781,37.998008728027344
82416909,2024,2024-06-18,0708,2024-02-10,1937,357,,6,5,5,0708,0,0,0,,0,002,"RAILROAD AVE","10TH ST",120.00,S,N,A,-,N,,,,,,,,,,Y,1,1,0,2,A,-,01,23152,G,N,B,C,A,A,H,-,C,A,0,,,Y,,Y,,C,02,0,0,0,0,0,0,0,1,0,"- ","- ",,,"CONTRA COSTA",PITTSBURG,-121.88524627685547,38.027587890625
82426456,2024,2024-07-01,0700,2024-06-01,"900 ",057,,6,5,3,0734,0,0,0,,0,052,"CYPRESS RD","MAIN ST",376.00,E,N,A,-,N,,,,,,,,,,N,2,0,1,2,A,-,11,21955,,N,D,G,A,A,H,-,A,D,0,,Y,,,Y,,L,04,1,0,0,0,0,0,1,0,0,"- ","- ",37.990608215332031,-121.69696044921875,"CONTRA COSTA",OAKLEY,-121.69728088378906,37.990631103515625
82432465,2024,2024-07-09,0708,2024-06-13,1101,388,,4,5,5,0708,0,0,0,,0,005,"LOVERIDGE RD","LELAND RD",414.00,S,N,A,-,N,,,,,,,,,,N,2,0,1,2,A,-,11,21950,B,N,G,B,D,A,H,-,A,D,0,Y,,,,Y,,N,60,1,0,0,0,1,0,0,0,0,"- ","- ",38.003341674804688,-121.87087249755859,"CONTRA COSTA",PITTSBURG,-121.87138366699219,38.007072448730469
82437430,2024,2024-07-12,0708,2024-05-29,2009,389,,3,5,5,0708,0,0,0,,0,002,"RAILROAD AVE","17TH ST",261.00,N,N,-,-,N,,,,,,,,,,Y,2,0,1,2,A,-,03,22350,,F,C,C,A,A,H,-,C,D,0,,,,,Y,,A,01,1,0,0,0,0,0,0,0,0,"- ","- ",38.017059326171875,-121.88745880126953,"CONTRA COSTA",PITTSBURG,-121.88719177246094,38.022739410400391
82437440,2024,2024-07-12,0708,2024-06-28,1201,419,,5,5,5,0708,0,0,0,,0,005,"EAST LELAND RD","LOVERIDGE RD",0.00,,Y,A,-,N,,,,,,,,,,Y,2,0,1,2,A,-,12,21453,A,N,D,C,A,A,H,-,A,A,0,,,Y,,Y,,A,08,1,0,0,0,0,0,0,0,1,"- ","- ",,,"CONTRA COSTA",PITTSBURG,-121.87096405029297,38.008159637451172
82439252,2024,2024-07-15,0714,2024-06-09,2341,183,,7,5,4,0714,0,0,0,,0,004,"ARNOLD DR","MILANO WAY",216.00,W,-,A,-,N,,,,,,,,,,N,2,0,1,2,A,-,11,21956,,N,G,B,E,A,H,-,D,A,0,Y,,,,Y,Y,N,60,1,0,0,0,1,0,0,0,0,"- ","- ",37.99176025390625,-122.08650207519531,"CONTRA COSTA",MARTINEZ,-122.08721923828125,37.991657257080078
82441396,2024,2024-07-17,0711,2024-04-30,"922 ",S1159,,2,5,4,0711,0,0,0,,0,0S3,"23RD ST","DROVER AVE",0.00,,Y,A,-,Y,,,,,,,,,,N,2,0,1,2,A,-,10,21950,,N,G,B,B,A,H,-,A,A,0,Y,,,,Y,,A,01,1,0,0,0,0,0,0,0,0,"- ","- ",37.958610534667969,-122.34694671630859,"CONTRA COSTA","SAN PABLO",-122.34696960449219,37.958599090576172
82596542,2024,2025-01-27,0711,2024-05-16,2223,S1093,,4,5,4,0711,0,0,0,,0,0S3,"BROOKSIDE DR","REGELLO CT",0.00,,Y,A,-,N,,,,,,,,,,Y,2,0,1,3,A,-,05,21651,,F,G,G,A,A,H,-,C,D,0,,Y,,,Y,Y,A,01,1,0,0,0,0,0,1,0,0,"- ","- ",37.962650299072266,-122.34987640380859,"CONTRA COSTA","SAN PABLO",-122.34987640380859,37.962646484375
82601572,2024,2024-07-25,0704,2024-07-07,2126,646,,7,5,6,0704,0,0,0,,0,004,"WILLOW PASS RD","EAST CURB LINE PROLONGATION OF N FIFTH ST",72.00,E,N,A,-,N,,,,,,,,,,Y,2,0,1,2,A,-,03,22350,,N,B,E,A,A,H,-,C,D,0,,,Y,,Y,,C,02,1,0,0,0,0,0,0,0,1,"- ","- ",,,"CONTRA COSTA",CONCORD,-122.03041839599609,37.978305816650391
8280035,2016,2017-01-12,0740,2016-12-16,1753,SR501,SR72,5,5,4,0791,0,0,0,,0,BEAT2,"BRIDGEPORT AV","DAVONA DR",3.00,W,N,A,-,N,,,,,,,,,,N,2,0,1,2,A,-,10,21950,A,N,G,B,D,A,H,-,C,A,0,Y,,,,Y,,A,08,1,0,0,0,1,0,0,0,0,"- ","- ",37.743490000000001,-121.9529,"CONTRA COSTA","SAN RAMON",-121.95291926,37.743516280000001
8284191,2016,2017-02-01,0710,2016-12-14,0114,1701,SOUTH,3,5,5,0710,0,0,0,,0,003,"CARLSON BL","CARL AV",10.00,N,N,A,-,N,,,,,,,,,,Y,2,0,1,5,A,-,"- ",,,N,C,E,A,A,H,-,C,D,0,,,,,Y,,-,,1,0,0,0,0,0,0,0,0,"- ","- ",,,"CONTRA COSTA",RICHMOND,-122.32033886000001,37.912515220000003
8284638,2016,2017-01-23,0708,2016-10-15,1830,331,046,6,5,5,0708,0,0,0,,0,003,"WEST LELAND RD","WOODHILL DR",221.00,W,N,C,-,N,,,,,,,,,,N,2,0,1,2,A,-,17,22109,,F,C,G,A,B,H,-,C,D,0,,Y,,,Y,,-,99,1,0,0,0,0,0,1,0,0,"- ","- ",,,"CONTRA COSTA",PITTSBURG,-121.95245731,38.016928659999998
8286940,2017,2017-01-25,0708,2017-01-07,2336,338,,6,5,5,0708,0,0,0,,0,001,"RAILROAD AV","CENTRAL AV",296.00,S,N,C,-,N,,,,,,,,,,N,2,0,1,2,A,-,11,21955,,N,G,B,E,B,H,-,C,A,0,Y,,,,Y,,N,60,1,0,0,0,1,0,0,0,0,"- ","- ",38.025350000000003,-121.88637,"CONTRA COSTA",PITTSBURG,-121.88683333,38.02449317
8292560,2017,2017-04-13,0701,2017-03-27,1547,5473,604,1,5,5,0701,0,0,0,,0,006,"LONE TREE WY","HILLCREST AV",0.00,,Y,A,-,N,,,,,,,,,,Y,2,0,1,2,A,-,01,23152,B,N,D,C,A,A,H,-,A,A,0,,,,,Y,Y,A,01,1,0,0,0,0,0,0,0,0,"- ","- ",,,"CONTRA COSTA",ANTIOCH,-121.7600499,37.961759890000003
8293614,2016,2017-02-02,0702,2016-12-01,1153,526J,25225,4,5,3,0702,0,0,0,,0,0B2,"OHARA AV","CAPER DR",370.00,N,N,A,-,N,,,,,,,,,,Y,2,0,1,1,A,-,03,22350,,N,E,I,A,A,H,-,A,D,0,,,,,Y,,A,07,1,0,0,0,0,0,0,0,0,"- ","- ",,,"CONTRA COSTA",BRENTWOOD,-121.70624072,37.94872934
8293734,2016,2017-05-22,0702,2016-10-26,0702,526J,431B,3,5,3,0702,0,0,0,,0,0B4,"BALFOUR RD","BYPASS HWY",0.00,,Y,A,-,Y,CC,4,4,-,R,35.598,I,5,E,Y,2,0,3,2,A,-,12,21453,A,N,D,C,A,A,H,-,C,A,0,,,,,Y,,A,07,1,1,1,0,0,0,0,0,0,"- ","- ",,,"CONTRA COSTA",BRENTWOOD,-121.73289140999999,37.925269559999997
8300051,2016,2017-02-02,0710,2016-10-31,1835,1586,,1,5,5,0710,0,0,0,,0,,"MACDONALD AV","16TH ST",0.00,,Y,C,-,N,,,,,,,,,,N,2,0,1,2,D,-,00,,,N,G,B,B,B,H,-,C,A,0,Y,,,,Y,Y,-,"- ",1,0,0,0,1,0,0,0,0,"- ","- ",,,"CONTRA COSTA",RICHMOND,-122.35422994,37.935709989999999
8301356,2017,2017-02-13,0708,2017-01-21,0219,329,046,6,5,5,0708,0,0,0,,0,001,"RAILROAD AV","CALIFORNIA AV",0.00,,Y,A,-,N,,,,,,,,,,Y,2,0,2,2,A,-,12,21453,A,N,A,C,A,B,H,-,C,A,0,,,,,Y,Y,A,01,1,1,0,0,0,0,0,0,0,"- ","- ",,,"CONTRA COSTA",PITTSBURG,-121.88917995,38.017469949999999
8313250,2016,2017-03-10,0700,2016-09-07,1727,OA013,57,3,5,3,0734,0,0,0,,0,051,"TERESA LN","ROBERT WY",156.00,E,N,A,-,N,,,,,,,,,,,2,0,1,3,A,-,00,23103,A,N,A,C,A,A,H,-,A,D,0,,,,,Y,,D,22,1,0,0,0,0,0,0,0,0,"- ","- ",,,"CONTRA COSTA",OAKLEY,-121.72720855,38.000894049999999
8313571,2016,2017-03-08,0700,2016-08-15,1916,OA019,DELTA,1,5,3,0734,0,0,0,,0,051,"CAROL LN","MAIN ST",891.00,W,N,A,-,N,,,,,,,,,,N,2,0,1,2,A,-,11,21956,,N,G,B,E,A,H,-,A,D,0,Y,,,,Y,,N,60,1,0,0,0,1,0,0,0,0,"- ","- ",,,"CONTRA COSTA",OAKLEY,-121.73466000000001,38.002079999999999
8314504,2017,2017-03-03,0708,2017-02-02,1651,318,046,4,5,5,0708,0,0,0,,0,004,"RAILROAD AV","MARIPOSA DR",0.00,,Y,C,-,N,,,,,,,,,,N,2,0,1,2,A,-,00,21453,,N,G,B,B,B,H,-,A,A,0,Y,,,,Y,,A,07,1,0,0,0,1,0,0,0,0,"- ","- ",38.00694,-121.8931,"CONTRA COSTA",PITTSBURG,-121.89310989000001,38.006919949999997
8314993,2016,2017-03-06,0701,2016-11-05,1408,5436,602,6,5,5,0701,0,0,0,,0,006,"HILLCREST AV","VIA DORA DR",500.00,N,N,A,-,N,,,,,,,,,,Y,2,0,1,1,A,-,03,22350,I,N,E,I,A,A,H,-,A,A,0,,,Y,,Y,,C,02,1,0,0,0,0,0,0,0,1,"- ","- ",,,"CONTRA COSTA",ANTIOCH,-121.77325,37.983269999999997
8320117,2017,2017-06-28,0706,2017-02-23,2305,H196,HERCU,4,5,3,0706,0,0,0,,0,001,"WILLOW AV","RT 80",0.00,,Y,A,-,Y,CC,4,80,-,-,10.249,R,4,E,Y,2,0,2,2,A,-,01,23153,,N,D,C,A,A,H,-,C,A,0,,,,,Y,Y,-,,2,0,0,0,0,0,0,0,0,"- ","- ",,,"CONTRA COSTA",HERCULES,-122.26720886,38.017239119999999
8322940,2017,2017-03-14,0700,2017-01-24,1526,OA013,DELTA,2,5,3,0734,0,0,0,,0,053,"NEROLY RD","NEROLY RD 1050",0.00,,Y,A,-,N,,,,,,,,,,Y,2,0,3,2,A,-,09,21804,A,N,D,C,A,A,H,-,A,D,0,,,,,Y,,A,07,3,0,0,0,0,0,0,0,0,"- ","- ",,,"CONTRA COSTA",OAKLEY,-121.71914935,37.96889908
8329923,2016,2017-03-30,0740,2016-12-17,1945,SR060,SR072,6,5,4,0791,0,0,0,,0,005,"BOLLINGER CANYON RD","BLUEHART WAY",0.00,,Y,A,-,N,,,,,,,,,,Y,2,0,2,2,D,-,00,,,N,G,B,B,A,H,-,C,A,0,Y,,,,Y,,-,"- ",1,1,0,0,1,0,0,0,0,"- ","- ",37.7697,-121.90895,"CONTRA COSTA","SAN RAMON",-121.90885993000001,37.7698599
8334238,2017,2017-03-29,0704,2017-03-04,1955,0532,,6,5,6,0704,0,0,0,,0,006,"CLAYTON RD","THORNWOOD DR",21.00,W,N,C,-,N,,,,,,,,,,Y,2,0,5,2,A,-,01,23152,A,N,C,C,A,B,H,-,C,A,0,,,,,Y,Y,A,01,1,0,4,0,0,0,0,0,0,"- ","- ",,,"CONTRA COSTA",CONCORD,-121.98691635,37.962653840000002
8334725,2017,2017-04-03,0740,2017-01-26,2130,SR501,SR72,4,5,4,0791,0,0,0,,0,BEAT6,"E BRANCH PKWY","CHANCERY WAY",0.00,,Y,A,-,N,,,,,,,,,,N,2,0,1,2,A,-,12,21453,A,N,D,C,A,A,H,-,C,A,0,,,,,Y,,A,01,1,0,0,0,0,0,0,0,0,"- ","- ",37.754019999999997,-121.90149,"CONTRA COSTA","SAN RAMON",-121.90153992,37.753989959999998
8336133,2017,2017-06-26,0700,2017-02-26,0029,OA020`,59,7,5,3,0734,0,0,0,,0,051,"LAUREL RD","NEROLY RD",0.00,,Y,A,-,N,,,,,,,,,,N,2,0,3,3,D,-,00,,,N,D,C,A,A,H,-,C,A,0,,,,,Y,,-,"- ",1,0,2,0,0,0,0,0,0,"- ","- ",,,"CONTRA COSTA",OAKLEY,-121.74079996,37.981029960000001
8344290,2017,2017-04-18,0714,2017-03-06,1518,108,"05  1",1,5,4,0714,0,0,0,,0,001,"ALHAMBRA AV","BROWN ST",0.00,,Y,A,-,N,,,,,,,,,,N,2,0,1,2,A,-,05,21202,A,N,D,G,A,A,H,-,A,A,0,,Y,,,Y,,L,04,1,0,0,0,0,0,1,0,0,"- ","- ",38.009779999999999,-122.13184,"CONTRA COSTA",MARTINEZ,-122.13178988999999,38.009749999999997
8357641,2017,2017-05-10,0710,2017-03-27,1525,1477,SOUTH,1,5,5,0710,0,0,0,,0,003,"CENTRAL AV","SAN JOAQUIN ST",70.00,E,N,A,-,N,,,,,,,,,,N,2,0,1,2,A,-,05,21650,1,N,D,G,A,A,H,-,A,A,0,,Y,,Y,Y,,L,04,1,0,0,0,0,0,1,0,0,"- ","- ",,,"CONTRA COSTA",RICHMOND,-122.31131816,37.900803699999997
8366891,2017,2017-05-19,0714,2017-04-29,1623,144,233,6,5,4,0714,0,0,0,,0,003,"RELIEZ VALLEY RD","CORTE BRIONES",0.00,,Y,A,-,N,,,,,,,,,,N,2,0,1,1,A,-,"- ",,,N,F,I,A,A,H,-,A,D,0,,,,,Y,,-,,1,0,0,0,0,0,0,0,0,"- ","- ",37.959679999999999,-122.10961,"CONTRA COSTA",MARTINEZ,-122.11029990999999,37.960269959999998
8369543,2016,2017-06-01,0710,2016-03-12,1229,1685,NORTH,6,5,5,0710,0,0,0,,0,007,"ROOSEVELT AV","23RD ST",0.00,,Y,B,-,N,,,,,,,,,,Y,2,0,4,2,A,-,09,21800,B,N,A,C,A,B,H,-,A,A,0,,,,,Y,,A,01,1,1,2,0,0,0,0,0,0,"- ","- ",,,"CONTRA COSTA",RICHMOND,-122.34749997999999,37.939959979999998
8381644,2017,2017-06-09,0701,2017-04-25,0800,4265,513,2,5,5,0701,0,0,0,,0,005,"DEER VALLEY RD","BALFOUR RD",0.00,,Y,A,-,N,,,,,,,,,,Y,2,0,1,2,A,-,09,21801,A,N,A,C,A,A,H,-,A,A,0,,,,,Y,,A,07,1,0,0,0,0,0,0,0,0,"- ","- ",,,"CONTRA COSTA",ANTIOCH,-121.77810992000001,37.925259959999998
8385155,2017,2017-07-11,0704,2017-06-21,1645,0509,,3,5,6,0704,0,0,0,,0,001,"WILLOW PASS RD","FRY WY",0.00,,Y,A,-,N,,,,,,,,,,N,2,0,1,2,A,-,10,21950,A,N,-,B,B,A,H,-,A,A,0,Y,,,,Y,,D,22,1,0,0,0,1,0,0,0,0,"- ","- ",,,"CONTRA COSTA",CONCORD,-122.04138998000001,37.973129929999999
8386429,2017,2018-04-17,0740,2017-05-06,1426,SR040,SR72,6,5,4,0791,0,0,0,,0,PD60,"CROW CANYON RD","RT 680",0.00,,Y,A,-,Y,CC,4,680,-,R,4.400,R,4,S,Y,2,0,1,2,A,-,12,21453,A,N,D,C,A,A,H,-,A,A,0,,,,,Y,,A,01,1,0,0,0,0,0,0,0,0,"- ",SF,37.777149999999999,-121.9752,"CONTRA COSTA","SAN RAMON",-121.97682742000001,37.780051499999999
8391273,2017,2017-06-23,0714,2017-05-02,1558,101,20,2,5,4,0714,0,0,0,,0,003,"ALHAMBRA AV","ELDERWOOD DR",54.00,N,N,A,-,N,,,,,,,,,,Y,2,0,2,4,A,-,05,21650,,N,A,D,A,A,H,-,A,D,0,,,,,Y,,D,22,1,0,1,0,0,0,0,0,0,"- ","- ",37.96969,-122.10202,"CONTRA COSTA",MARTINEZ,-122.10219269,37.969687559999997
8392393,2017,2017-06-20,0705,2017-05-10,1937,E183,PATRO,3,5,3,0705,0,0,0,,0,011,"POTRERO AV","S 53RD ST",0.00,,Y,A,-,N,,,,,,,,,,N,2,0,1,2,A,-,10,21950,A,N,G,B,B,A,H,-,A,D,0,Y,,,,Y,,A,01,1,0,0,0,1,0,0,0,0,"- ","- ",,,"CONTRA COSTA","EL CERRITO",-122.31981992999999,37.920959959999998
8397344,2016,2017-06-26,0705,2016-07-20,0515,E188,,3,5,3,0705,0,0,0,,0,012,"KING DR","CONTRA COSTA DR",285.00,S,N,A,-,N,,,,,,,,,,N,2,0,1,1,D,-,00,,,N,H,G,A,A,H,-,D,D,0,,Y,,,Y,,-,"- ",1,0,0,0,0,0,1,0,0,"- ","- ",,,"CONTRA COSTA","EL CERRITO",-122.29610862,37.921694180000003
8401052,2017,2017-07-31,0707,2017-06-10,1259,332,,6,5,3,0707,0,0,0,,0,001,"SAN PABLO AV","DEL MONTE DR",415.00,E,N,A,-,N,,,,,,,,,,Y,2,0,1,2,A,-,09,21804,,N,D,C,A,A,H,-,A,D,0,,,Y,,Y,,A,01,1,0,0,0,0,0,0,0,1,"- ","- ",,,"CONTRA COSTA",PINOLE,-122.31469235,38.003443109999999
8409169,2017,2017-10-13,0701,2017-05-22,1857,5730,513,1,5,5,0701,0,0,0,,0,005,"DEER VALLEY RD","EMPIRE MINE RD",0.00,,Y,A,-,N,,,,,,,,,,Y,2,0,1,2,A,-,03,22350,,N,C,C,A,A,H,-,A,D,0,,,Y,,Y,,A,01,1,0,0,0,0,0,0,0,1,"- ","- ",,,"CONTRA COSTA",ANTIOCH,-121.77801986,37.933109899999998
8410599,2017,2017-07-27,0704,2017-07-09,1309,0426,,7,5,6,0704,0,0,0,,0,002,"MEADOW LANE","BELMONT RD",40.00,E,N,A,-,N,,,,,,,,,,Y,2,0,2,2,A,-,01,23152,A,N,A,C,A,A,H,-,A,D,0,,,,,Y,Y,A,01,1,0,1,0,0,0,0,0,0,"- ","- ",37.964530000000003,-122.04644999999999,"CONTRA COSTA",CONCORD,-122.04641861,37.964477309999999
8411629,2017,2017-07-31,0710,2017-05-29,2100,1496,SOUTH,1,5,5,0710,0,0,0,,0,002,"SOUTH 32ND ST","JULIGA WOODS",240.00,S,N,A,-,N,,,,,,,,,,N,2,0,2,1,A,-,03,22350,,N,H,-,A,A,H,-,C,D,0,,,,,Y,,-,,1,1,0,0,0,0,0,0,0,"- ","- ",,,"CONTRA COSTA",RICHMOND,-122.33850364,37.923080710000001
8411746,2017,2017-07-27,0704,2017-06-19,1101,577,,1,5,6,0704,0,0,0,,0,004,"CONCORD AV","MARKET ST",0.00,,Y,A,-,N,,,,,,,,,,Y,2,0,1,2,A,-,12,21453,A,N,D,C,A,A,H,-,A,A,0,,,Y,,Y,Y,A,01,1,0,0,0,0,0,0,0,1,"- ","- ",,,"CONTRA COSTA",CONCORD,-122.04189995999999,37.97865994
8413872,2017,2017-08-09,0701,2017-05-14,1942,5430,305,7,5,5,0701,0,0,0,,0,003,"MAHOGANY WY","SOMERSVILLE RD",528.00,E,N,A,-,N,,,,,,,,,,N,2,0,1,2,A,-,11,21955,,N,G,B,D,A,H,-,B,D,0,Y,,,,Y,,N,60,1,0,0,0,1,0,0,0,0,"- ","- ",,,"CONTRA COSTA",ANTIOCH,-121.83509767,38.004367680000001
8416172,2017,2017-07-27,0709,2017-06-26,1638,400,1300,1,5,4,0709,0,0,0,,0,001,"GREGORY LN","BRANDON RD",0.00,,Y,A,-,N,,,,,,,,,,Y,2,0,1,2,A,-,09,21801,A,N,A,C,A,A,H,-,A,D,0,,,,,Y,,-,,1,0,0,0,0,0,0,0,0,"- ","- ",,,"CONTRA COSTA","PLEASANT HILL",-122.07770997999999,37.94792992
8420800,2017,2018-03-08,0705,2017-06-25,2113,E214,PATRO,7,5,3,0705,0,0,0,,0,011,"SAN PABLO AV","MOESER LN",9.00,N,N,A,-,Y,CC,4,123,-,-,1.000,I,5,N,N,2,0,1,2,A,-,01,21200,5,N,A,G,A,A,H,-,C,A,0,,Y,,,Y,Y,L,04,1,0,0,0,0,0,1,0,0,"- ","- ",,,"CONTRA COSTA","EL CERRITO",-122.30857768,37.911297939999997
8420942,2017,2018-06-14,0705,2017-07-04,1030,E134,TRAFF,2,5,3,0705,0,0,0,,0,011,"RT 123","BLAKE ST",30.00,S,N,A,-,Y,CC,4,123,-,-,1.820,H,-,N,N,2,0,1,2,A,-,11,21950,B,N,G,B,D,A,H,-,A,D,0,Y,,,,Y,,N,60,1,0,0,0,1,0,0,0,0,"- ","- ",,,"CONTRA COSTA","EL CERRITO",-122.31581869,37.921597259999999
8421216,2017,2017-08-02,0703,2017-07-15,1908,C067,,6,5,3,0703,0,0,0,,0,007,"PINE LN","MARSH CREEK RD",0.00,,Y,A,-,N,,,,,,,,,,N,2,0,1,1,A,-,03,22350,,N,F,I,A,A,H,-,A,D,0,,,,,Y,,A,01,1,0,0,0,0,0,0,0,0,"- ","- ",37.924300000000002,-121.91200000000001,"CONTRA COSTA",CLAYTON,-121.91198986000001,37.924329989999997
8435367,2017,2017-08-29,0700,2017-08-17,1253,75434,78,4,5,3,0792,0,0,0,,0,082,"ALICE LN","180 ALICE LN",0.00,,Y,A,-,N,,,,,,,,,,N,2,0,1,1,C,-,18,,,N,E,J,A,A,A,-,A,D,0,,Y,,,Y,,-,"- ",1,0,0,0,0,0,1,0,0,"- ","- ",,,"CONTRA COSTA",ORINDA,-122.14679717999999,37.861694460000002
84381642,2024,2025-02-19,0711,2024-08-24,1817,S1053,,6,5,4,0711,0,0,0,,0,0S3,"23RD ST","CALIFORNIA AVENUE",74.00,S,-,A,-,N,,,,,,,,,,Y,1,1,0,2,A,-,05,21650,,F,G,B,E,A,H,-,B,D,0,Y,,,,Y,,A,01,0,0,0,1,0,0,0,0,0,"- ","- ",37.953079223632812,-122.34742736816406,"CONTRA COSTA","SAN PABLO",-122.34738922119141,37.953197479248047
84427153,2024,2024-10-11,0704,2024-09-04,1418,0592,,3,5,6,0704,0,0,0,,0,004,"BATES AVE","MASON CIR (E)",463.00,E,N,A,-,N,,,,,,,,,,Y,2,0,2,2,A,-,09,21804,,N,A,C,A,A,H,-,A,D,0,,,Y,,Y,,A,07,1,1,0,0,0,0,0,0,1,"- ","- ",38.01287841796875,-122.03962707519531,"CONTRA COSTA",CONCORD,-122.0401611328125,38.012752532958984
84429087,2024,2024-10-14,0708,2024-09-20,2132,388,,5,5,5,0708,0,0,0,,0,004,"BUCHANAN RD","HARBOR ST",486.00,W,N,A,-,N,,,,,,,,,,Y,2,0,1,4,A,-,03,22350,,F,G,B,E,A,H,-,C,D,0,Y,,,,Y,,A,07,1,0,0,0,1,0,0,0,0,"- ","- ",37.993240356445312,-121.88722991943359,"CONTRA COSTA",PITTSBURG,-121.88874053955078,37.998008728027344
8444069,2017,2017-09-14,0700,2017-08-04,1926,OA029,,5,5,3,0734,0,0,0,,0,051,"FETZER LN","FETZER LN 1153",0.00,,Y,A,-,N,,,,,,,,,,N,2,0,1,2,A,-,03,22350,,N,D,E,A,A,H,-,A,D,0,,,Y,,Y,,C,02,1,0,0,0,0,0,0,0,1,"- ","- ",,,"CONTRA COSTA",OAKLEY,-121.70985818,37.999155649999999
84441894,2024,2024-10-23,0711,2024-10-17,1759,S1093,,4,5,4,0711,0,0,0,,0,0S3,"RUMRILL BLVD","MANOR AVE",0.00,,Y,A,-,N,,,,,,,,,,N,2,0,1,2,A,-,05,21202,A,N,A,G,A,A,H,-,A,D,0,,Y,,,Y,Y,-,"- ",1,0,0,0,0,0,1,0,0,"- ","- ",37.963161468505859,-122.35601043701172,"CONTRA COSTA","SAN PABLO",-122.35552215576172,37.962638854980469
84453116,2024,2024-10-31,0711,2024-08-25,1556,S1184,,7,5,4,0711,0,0,0,,0,0S2,"SAN PABLO DAM RD","PRINCETON PLAZA ENTRANCE/PARKING LOT",0.00,,Y,A,-,N,,,,,,,,,,Y,2,0,1,2,A,-,03,22350,A,N,G,B,F,A,H,-,A,D,0,Y,,,,Y,,A,01,1,0,0,0,1,0,0,0,0,"- ","- ",37.960109710693359,-122.32914733886719,"CONTRA COSTA","SAN PABLO",,
84453384,2024,2024-11-01,0704,2024-10-07,1114,0592,,1,5,6,0704,0,0,0,,0,,"TREAT BLVD","COWELL RD",0.00,,Y,A,-,N,,,,,,,,,,N,2,0,1,3,A,-,06,21755,,N,D,C,A,A,H,-,A,A,0,,,Y,,Y,,C,02,1,0,0,0,0,0,0,0,1,"- ","- ",37.954788208007812,-122.00184631347656,"CONTRA COSTA",CONCORD,-122.00167083740234,37.955493927001953
84453418,2024,2024-11-01,0708,2024-10-17,1937,389,,4,5,5,0708,0,0,0,,0,002,"RAILROAD AVE","PARKSIDE DR",59.00,N,N,A,-,N,,,,,,,,,,N,2,0,1,2,A,-,11,21954,A,N,G,B,D,A,H,-,C,D,0,Y,,,,Y,,N,60,1,0,0,0,1,0,0,0,0,"- ","- ",38.018711090087891,-121.88710784912109,"CONTRA COSTA",PITTSBURG,-121.88713836669922,38.023715972900391