CASE_ID,ACCIDENT_YEAR,PROC_DATE,JURIS,COLLISION_DATE,COLLISION_TIME,OFFICER_ID,REPORTING_DISTRICT,DAY_OF_WEEK,CHP_SHIFT,POPULATION,CNTY_CITY_LOC,SPECIAL_COND,BEAT_TYPE,CHP_BEAT_TYPE,CITY_DIVISION_LAPD,CHP_BEAT_CLASS,BEAT_NUMBER,PRIMARY_RD,SECONDARY_RD,DISTANCE,DIRECTION,INTERSECTION,WEATHER_1,WEATHER_2,STATE_HWY_IND,CALTRANS_COUNTY,CALTRANS_DISTRICT,STATE_ROUTE,ROUTE_SUFFIX,POSTMILE_PREFIX,POSTMILE,LOCATION_TYPE,RAMP_INTERSECTION,SIDE_OF_HWY,TOW_AWAY,COLLISION_SEVERITY,NUMBER_KILLED,NUMBER_INJURED,PARTY_COUNT,PRIMARY_COLL_FACTOR,PCF_CODE_OF_VIOL,PCF_VIOL_CATEGORY,PCF_VIOLATION,PCF_VIOL_SUBSECTION,HIT_AND_RUN,TYPE_OF_COLLISION,MVIW,PED_ACTION,ROAD_SURFACE,ROAD_COND_1,ROAD_COND_2,LIGHTING,CONTROL_DEVICE,CHP_ROAD_TYPE,PEDESTRIAN_ACCIDENT,BICYCLE_ACCIDENT,MOTORCYCLE_ACCIDENT,TRUCK_ACCIDENT,NOT_PRIVATE_PROPERTY,ALCOHOL_INVOLVED,STWD_VEHTYPE_AT_FAULT,CHP_VEHTYPE_AT_FAULT,COUNT_SEVERE_INJ,COUNT_VISIBLE_INJ,COUNT_COMPLAINT_PAIN,COUNT_PED_KILLED,COUNT_PED_INJURED,COUNT_BICYCLIST_KILLED,COUNT_BICYCLIST_INJURED,COUNT_MC_KILLED,COUNT_MC_INJURED,PRIMARY_RAMP,SECONDARY_RAMP,LATITUDE,LONGITUDE,COUNTY,CITY,POINT_X,POINT_Y
84457365,2024,2024-11-04,0711,2024-09-02,2213,S1178,,1,5,4,0711,0,0,0,,0,0S1,"SAN PABLO AVENUE",,0.00,,Y,A,-,N,,,,,,,,,,Y,2,0,3,7,A,-,01,23153,A,N,G,B,F,A,H,-,C,D,0,Y,,,,Y,Y,A,01,3,0,0,0,3,0,0,0,0,"- ","- ",37.963871002197266,-122.34528350830078,"CONTRA COSTA","SAN PABLO",,
8447993,2016,2017-10-30,0710,2016-02-15,2027,1712,,1,5,5,0710,0,0,0,,0,,"CASTRO ST","TEWKSBURY AV",0.00,,N,A,-,N,,,,,,,,,,N,2,0,1,1,D,-,00,,,N,E,I,A,A,H,-,C,-,0,,,,,Y,,-,"- ",1,0,0,0,0,0,0,0,0,"- ","- ",,,"CONTRA COSTA",RICHMOND,-122.38719989000001,37.928749959999998
84481584,2024,2024-11-25,0708,2024-10-30,"803 ",357,,3,5,5,0708,0,0,0,,0,005,"LOVERIDGE RD","BUCHANAN RD",0.00,,Y,A,-,N,,,,,,,,,,Y,2,0,2,1,A,-,03,22350,,N,A,I,A,A,H,-,A,A,0,,,,,Y,,A,01,2,0,0,0,0,0,0,0,0,"- ","- ",,,"CONTRA COSTA",PITTSBURG,-121.87396240234375,37.997974395751953
8448183,2017,2017-09-13,0708,2017-08-20,0453,339,0708,7,5,5,0708,0,0,0,,0,004,"CRESTVIEW DR","ATHERTON AV",107.00,S,N,A,-,N,,,,,,,,,,Y,2,0,1,2,A,-,03,22350,,N,A,C,A,A,H,-,C,A,0,,,,,Y,,A,01,1,0,0,0,0,0,0,0,0,"- ","- ",,,"CONTRA COSTA",PITTSBURG,-121.89922279,38.010223750000002
8448432,2017,2017-09-20,0704,2017-08-30,2013,0537,,3,5,6,0704,0,0,0,,0,006,"AYERS RD","KENNETH RD",76.00,S,N,A,-,N,,,,,,,,,,N,2,0,1,2,A,-,08,22107,,N,D,G,A,A,H,-,C,D,0,,Y,,,Y,,L,04,1,0,0,0,0,0,1,0,0,"- ","- ",,,"CONTRA COSTA",CONCORD,-121.97728425,37.950473080000002
84509434,2024,2024-12-19,0701,2024-03-17,"131 ",3639,,7,5,5,0701,0,0,0,,0,,"WILBUR AVE","WILBUR LN",2280.00,W,N,A,-,N,,,,,,,,,,N,1,1,0,2,A,-,11,21954,A,F,G,B,D,A,H,-,D,D,0,Y,,,,Y,Y,N,60,0,0,0,1,0,0,0,0,0,"- ","- ",,,"CONTRA COSTA",ANTIOCH,-121.78174591064453,38.0123291015625
84509440,2024,2024-12-19,0701,2024-03-21,2313,3639,,4,5,5,0701,0,0,0,,0,,"JAMES DONLON BLVD","NIGHTINGALE DR",68.00,E,N,A,-,N,,,,,,,,,,Y,2,0,1,1,A,-,01,23152,B,N,E,I,A,A,H,-,C,D,0,,,,,Y,Y,A,01,1,0,0,0,0,0,0,0,0,"- ","- ",,,"CONTRA COSTA",ANTIOCH,-121.81673431396484,37.980258941650391
84511044,2024,2024-12-20,0701,2024-04-11,"707 ",3639,,4,5,5,0701,0,0,0,,0,,"DELTA FAIR BLVD","BELLE DR",399.00,N,N,A,-,N,,,,,,,,,,N,2,0,1,2,A,-,11,21954,A,N,G,B,D,A,H,-,A,A,0,Y,,,,Y,,N,60,1,0,0,0,1,0,0,0,0,"- ","- ",,,"CONTRA COSTA",ANTIOCH,-121.85420227050781,38.005702972412109
84517524,2024,2024-12-30,0704,2024-09-23,"855 ",0592,,1,5,6,0704,0,0,0,,0,004,"SALVIO ST","ENCIMA DR",40.00,E,N,A,-,N,,,,,,,,,,N,2,0,1,2,A,-,10,21954,B,N,G,B,E,A,H,-,A,D,0,Y,,,,Y,,D,22,1,0,0,0,1,0,0,0,0,"- ","- ",37.98284912109375,-122.02223205566406,"CONTRA COSTA",CONCORD,-122.02243804931641,37.983413696289062
8452241,2015,2017-10-10,0700,2015-03-24,1140,70433,,2,5,3,0715,0,0,0,,0,041,"RT 24","PLEASANT HILL RD",0.00,,-,A,-,Y,CC,4,24,-,R,7.556,R,2,E,N,2,0,1,2,D,-,00,,,N,G,B,C,A,H,-,A,D,0,Y,,,,Y,,-,"- ",1,0,0,0,1,0,0,0,0,EF,"- ",,,"CONTRA COSTA",LAFAYETTE,-122.09812325999999,37.897447540000002
8452677,2017,2017-09-19,0710,2017-08-01,1941,1242,SOUTH,2,5,5,0710,0,0,0,,0,003,"CUTTING BL","STEGE AV",53.00,E,N,B,-,N,,,,,,,,,,Y,2,0,1,2,A,-,01,23152,B,N,B,C,A,A,H,-,A,A,0,,,Y,,Y,Y,A,07,1,0,0,0,0,0,0,0,1,"- ","- ",,,"CONTRA COSTA",RICHMOND,-122.3367564,37.9252568
84529656,2025,2025-01-08,0711,2025-01-04,1456,S1156,,6,5,4,0711,0,0,0,,0,0S1,"2015 RIVERS ST","21ST ST",85.00,W,Y,A,-,N,,,,,,,,,,N,2,0,1,2,A,-,23,647,F,N,G,B,D,A,H,-,A,A,0,Y,,,,Y,Y,-,"- ",1,0,0,0,1,0,0,0,0,"- ","- ",37.972488403320312,-122.34420776367188,"CONTRA COSTA","SAN PABLO",-122.34403991699219,37.972244262695312
84532514,2024,2025-01-10,0708,2024-06-22,1859,406,,6,5,5,0708,0,0,0,,0,,"EAST LELAND RD","HARBOR ST",167.00,E,N,A,-,N,,,,,,,,,,Y,2,0,1,1,A,-,08,22107,,N,E,I,A,A,H,-,A,A,0,,,,,Y,,A,01,1,0,0,0,0,0,0,0,0,"- ","- ",,,"CONTRA COSTA",PITTSBURG,-121.88556671142578,38.010791778564453
84543471,2024,2025-01-21,0704,2024-10-02,2028,0612,,3,5,6,0704,0,0,0,,0,004,"PARKSIDE DR","CONCORD BLVD",11.00,W,N,A,-,N,,,,,,,,,,N,2,0,2,2,D,-,00,,,N,D,C,A,A,H,-,C,A,0,,,,,Y,,-,"- ",1,1,0,0,0,0,0,0,0,"- ","- ",37.977390289306641,-122.02424621582031,"CONTRA COSTA",CONCORD,-122.02422332763672,37.977451324462891
84543479,2024,2025-01-22,0704,2024-11-04,2240,668,,1,5,6,0704,0,0,0,,0,001,"CONCORD AVE","PACHECO ST",0.00,,Y,A,-,N,,,,,,,,,,Y,2,0,1,2,A,-,03,22350,,N,G,B,B,A,H,-,C,A,0,Y,,,,Y,Y,N,60,1,0,0,0,1,0,0,0,0,"- ","- ",37.977188110351562,-122.03707885742188,"CONTRA COSTA",CONCORD,-122.03730010986328,37.977462768554688
84543532,2025,2025-01-21,0708,2025-01-04,2058,391,,6,5,5,0708,0,0,0,,0,002,"HARBOR ST","9TH ST",0.00,,Y,A,-,N,,,,,,,,,,Y,2,0,3,2,A,-,01,23152,A,F,C,C,A,A,H,-,C,A,0,,,,,Y,Y,A,01,3,0,0,0,0,0,0,0,0,"- ","- ",38.02191162109375,-121.87841796875,"CONTRA COSTA",PITTSBURG,-121.87857055664062,38.027133941650391
84561180,2024,2025-02-03,0701,2024-09-08,"510 ",6392,,7,5,5,0701,0,0,0,,0,,"AUTO CENTER DR","HIGHWAY 4 W/B ON RAMP INTERSECTION",0.00,,Y,A,-,N,,,,,,,,,,N,2,0,2,1,A,-,03,22350,,N,E,I,A,A,H,-,B,A,0,,,,,Y,Y,A,01,1,1,0,0,0,0,0,0,0,"- ","- ",38.004650115966797,-121.83621215820312,"CONTRA COSTA",ANTIOCH,,
84561375,2024,2025-02-03,0701,2024-12-09,2041,7046,,1,5,5,0701,0,0,0,,0,,"G ST","W.TREGALLAS RD",0.00,,Y,A,-,N,,,,,,,,,,Y,2,0,2,1,A,-,01,23153,A,N,E,I,A,A,H,-,C,A,0,,,,,Y,Y,A,01,1,1,0,0,0,0,0,0,0,"- ","- ",,,"CONTRA COSTA",ANTIOCH,-121.81575012207031,37.997539520263672
84561395,2025,2025-02-03,0701,2025-01-14,1806,3639,,2,5,5,0701,0,0,0,,0,002,"WILBUR AVE","VIERA AVE",2048.00,E,N,A,-,N,,,,,,,,,,N,1,1,0,2,A,-,11,21954,A,F,G,B,E,A,H,-,D,D,0,Y,,,Y,Y,,N,60,0,0,0,1,0,0,0,0,0,"- ","- ",,,"CONTRA COSTA",ANTIOCH,-121.76551055908203,38.012310028076172
84565599,2024,2025-02-05,0701,2024-08-07,"21  ",6712,,3,5,5,0701,0,0,0,,0,,"LONE TREE WAY","HEIDORN RANCH RD",8.00,W,N,A,-,N,,,,,,,,,,Y,2,0,1,2,A,-,11,21955,,N,G,B,D,A,H,-,C,A,0,Y,,,,Y,,N,60,1,0,0,0,1,0,0,0,0,"- ","- ",,,"CONTRA COSTA",ANTIOCH,-121.75080108642578,37.961639404296875
84565600,2024,2025-02-05,0701,2024-08-08,1257,3639,,4,5,5,0701,0,0,0,,0,,"FITZUREN RD","CONTRA LOMA BLVD",49.00,E,N,A,-,N,,,,,,,,,,Y,2,0,1,2,A,-,03,22350,,N,B,C,A,A,H,-,A,A,0,,,Y,,Y,,C,03,1,0,0,0,0,0,0,0,1,"- ","- ",,,"CONTRA COSTA",ANTIOCH,-121.82193756103516,37.997974395751953
84570551,2025,2025-02-10,0734,2025-01-21,1609,017,,2,5,3,0734,0,0,0,,0,053,"NEROLY RD","BROWN RD",0.00,,Y,A,-,N,,,,,,,,,,Y,2,0,1,2,A,-,00,23123,A,N,H,G,A,A,H,-,A,A,0,,Y,,,Y,,-,"- ",1,0,0,0,0,0,1,0,0,"- ","- ",37.968959808349609,-121.72190093994141,"CONTRA COSTA",OAKLEY,-121.72177124023438,37.968803405761719
84574788,2025,2025-02-12,0701,2025-01-23,1554,5961,,4,5,5,0701,0,0,0,,0,,"PREWETT RANCH DR","SPRINGFIELD CT",0.00,,Y,A,-,Y,,,,,,,,,,N,2,0,1,2,A,-,08,22107,,N,D,C,A,A,H,-,A,D,0,,,Y,,Y,,A,01,1,0,0,0,0,0,0,0,1,"- ","- ",,,"CONTRA COSTA",ANTIOCH,-121.80233001708984,37.959560394287109
84585799,2025,2025-02-21,0701,2025-02-01,2258,6131,,6,5,5,0701,0,0,0,,0,,"HILLCREST AVE","DAVISON DR",600.00,N,N,A,C,N,,,,,,,,,,N,2,0,1,2,A,-,03,22349,A,F,C,D,A,B,H,-,C,D,0,,,,,Y,,-,99,1,0,0,0,0,0,0,0,0,"- ","- ",,,"CONTRA COSTA",ANTIOCH,-121.78416442871094,37.991798400878906
8459353,2017,2017-09-29,0704,2017-09-13,0553,358,,3,5,6,0704,0,0,0,,0,FIVE,"PLUMLEIGH LN","DORSET CT",83.00,N,N,B,-,N,,,,,,,,,,Y,2,0,1,2,A,-,08,22107,,N,A,E,A,A,H,-,C,D,0,,,,,Y,,A,01,1,0,0,0,0,0,0,0,0,"- ","- ",,,"CONTRA COSTA",CONCORD,-121.99681095,37.956096789999997
8462698,2017,2018-01-18,0711,2017-09-29,1027,1033,,5,5,4,0711,0,0,0,,0,002,"SAN PABLO DAM RD","MORROW DR",602.00,S,N,A,-,N,,,,,,,,,,N,2,0,1,2,A,-,"- ",,,F,G,B,D,A,H,-,A,D,0,Y,,,,Y,,-,,1,0,0,0,1,0,0,0,0,"- ","- ",,,"CONTRA COSTA","SAN PABLO",-122.32946330999999,37.958446549999998
84635035,2025,2025-04-02,0714,2025-03-01,1238,129,,6,5,4,0714,0,0,0,,0,002,"FLORENCE DR","FRIDA CT",56.00,S,-,A,-,N,,,,,,,,,,N,2,0,1,1,A,-,03,22350,,N,F,A,A,A,G,-,E,D,0,,,Y,,Y,,C,03,1,0,0,0,0,0,0,0,1,"- ","- ",37.992649078369141,-122.13303375244141,"CONTRA COSTA",MARTINEZ,-122.13300323486328,37.992485046386719
84635306,2025,2025-04-03,0701,2025-02-04,1744,6391,,2,5,5,0701,0,0,0,,0,,"GOLF COURSE RD","CACHE PEAK DR",561.00,W,N,C,-,N,,,,,,,,,,N,2,0,1,2,A,-,01,23153,A,N,A,C,A,B,H,-,C,D,0,,,,,Y,Y,D,73,1,0,0,0,0,0,0,0,0,"- ","- ",,,"CONTRA COSTA",ANTIOCH,-121.80483245849609,37.973712921142578
84638424,2025,2025-04-07,0701,2025-02-14,1541,6171,,5,5,5,0701,0,0,0,,0,,"HILLCREST AVE","WILDFLOWER DR",528.00,S,N,A,-,N,,,,,,,,,,Y,2,0,1,1,A,-,08,22107,,N,E,I,A,A,H,-,A,A,0,,,,,Y,,A,01,1,0,0,0,0,0,0,0,0,"- ","- ",,,"CONTRA COSTA",ANTIOCH,-121.78066253662109,37.987327575683594
84638427,2025,2025-04-07,0701,2025-02-25,"534 ",6131,,2,5,5,0701,0,0,0,,0,006,"DEER VALLEY RD","ROCKY POINT DR",600.00,S,N,A,-,N,,,,,,,,,,Y,2,0,1,1,A,-,08,22107,,N,E,I,A,A,H,-,B,D,0,,,,,Y,,A,01,1,0,0,0,0,0,0,0,0,"- ","- ",,,"CONTRA COSTA",ANTIOCH,-121.78604888916016,37.975875854492188
84638429,2025,2025-04-07,0701,2025-03-11,1017,6594,,2,5,5,0701,0,0,0,,0,006,"DAVISON DR","BURWOOD WAY",28.00,N,N,A,-,N,,,,,,,,,,N,2,0,2,2,A,-,12,22450,A,N,D,C,A,A,H,-,A,A,0,,,,,Y,,A,01,2,0,0,0,0,0,0,0,0,"- ","- ",,,"CONTRA COSTA",ANTIOCH,-121.79596710205078,37.987262725830078
8465283,2017,2017-10-02,0710,2017-06-03,0946,1705,SOUTH,6,5,5,0710,0,0,0,,0,002,"CUTTING BL","S 16TH ST",0.00,,Y,A,-,N,,,,,,,,,,Y,1,1,0,2,A,-,10,21950,A,N,G,B,B,A,-,-,A,D,0,Y,,,,Y,,A,01,0,0,0,1,0,0,0,0,0,"- ","- ",,,"CONTRA COSTA",RICHMOND,-122.3539899,37.925209950000003
8465399,2017,2018-09-19,0712,2017-10-31,2119,378,,2,5,5,0712,0,0,0,,0,003,"TREAT BL","CHERRY LN",500.00,E,N,A,-,N,,,,,,,,,,Y,1,1,1,2,A,-,01,23152,A,N,F,C,A,A,H,-,C,D,0,,,,,Y,Y,A,01,0,1,0,0,0,0,0,0,0,"- ","- ",,,"CONTRA COSTA","WALNUT CREEK",-122.04937181,37.926157400000001
8465458,2017,2019-04-10,0710,2017-04-07,2222,1586,,5,5,5,0710,0,0,0,,0,,"BARRETT AV","18TH ST",377.00,W,N,C,E,N,,,,,,,,,,N,1,1,0,2,D,-,00,,,F,G,B,E,B,F,-,E,D,0,Y,,,,Y,Y,-,"- ",0,0,0,1,0,0,0,0,0,"- ","- ",,,"CONTRA COSTA",RICHMOND,-122.35378778,37.938400000000001
8465514,2017,2018-12-07,0710,2017-08-30,1441,1380,SOUTH,3,5,5,0710,0,0,0,,0,001,"HARBOUR WY S","CUTTING BL",260.00,N,N,A,-,N,,,,,,,,,,Y,2,0,1,2,C,-,18,,,N,A,E,A,A,H,-,A,D,0,,,,,Y,,-,"- ",1,0,0,0,0,0,0,0,0,"- ","- ",,,"CONTRA COSTA",RICHMOND,-122.360044,37.925934140000003
84655503,2024,2025-04-21,0701,2024-12-10,1936,7046,,2,5,5,0701,0,0,0,,0,003,"L ST","SYCAMORE DR",0.00,,Y,A,-,N,,,,,,,,,,N,2,0,1,2,A,-,11,21456,A,F,D,G,A,A,H,-,C,A,0,,Y,,,Y,,L,04,1,0,0,0,0,0,1,0,0,"- ","- ",,,"CONTRA COSTA",ANTIOCH,-121.82022094726562,38.003616333007812
8465596,2018,2019-02-08,0700,2018-08-02,1228,70451,,4,5,3,0715,0,0,0,,0,041,"RELIEZ VALLEY RD","ATTRI CT",49.00,S,N,A,-,N,,,,,,,,,,Y,1,1,0,2,A,-,06,21750,,N,B,G,A,A,H,-,A,D,0,,Y,,Y,Y,,G,27,0,0,0,0,0,1,0,0,0,"- ","- ",,,"CONTRA COSTA",LAFAYETTE,-122.10143280029297,37.938217163085938
8465613,2018,2019-02-21,0701,2018-04-21,1505,5319,402,6,5,5,0701,0,0,0,,0,004,"DIMAGGIO WY","JAMES DONLON BL",24.00,N,N,A,-,N,,,,,,,,,,Y,1,1,1,3,A,-,09,21802,A,N,D,C,A,A,H,-,A,D,0,,,,,Y,,A,01,0,0,1,0,0,0,0,0,0,"- ","- ",,,"CONTRA COSTA",ANTIOCH,-121.83106231689453,37.983264923095703
8465621,2018,2019-02-15,0701,2018-08-07,0031,2372,503,2,5,5,0701,0,0,0,,0,005,"DAVISON DR","SERPENTINE DR",302.00,W,N,A,-,N,,,,,,,,,,Y,1,1,0,1,A,-,01,23152,B,N,E,I,A,A,H,-,C,A,0,,,Y,,Y,Y,C,02,0,0,0,0,0,0,0,1,0,"- ","- ",,,"CONTRA COSTA",ANTIOCH,-121.79237365722656,37.988029479980469
8465732,2018,2019-04-15,0708,2018-10-26,2325,285,046,5,5,5,0708,0,0,0,,0,004,"KIRKER PASS RD","CASTLEWOOD DR",0.00,,Y,A,-,N,,,,,,,,,,Y,1,1,0,2,A,-,12,21453,A,N,H,G,A,A,H,-,C,A,0,,Y,,,Y,,L,04,0,0,0,0,0,1,0,0,0,"- ","- ",,,"CONTRA COSTA",PITTSBURG,-121.89740753173828,37.995491027832031
8465753,2018,2019-04-26,0710,2018-08-23,2341,1332,,4,5,5,0710,0,0,0,,0,009,"SAN PABLO AV","RICHMOND PKWY",0.00,,Y,-,-,N,,,,,,,,,,Y,1,1,1,2,D,-,00,,,N,D,C,A,A,H,-,C,A,0,,,,,Y,,-,"- ",0,0,1,0,0,0,0,0,0,"- ","- ",,,"CONTRA COSTA",RICHMOND,-122.33290863037109,37.990760803222656
8465858,2018,2019-06-14,0710,2018-11-25,1149,1705,SOUTH,7,5,5,0710,0,0,0,,0,002,"CUTTING BL","S 17TH ST",93.00,E,N,A,-,N,,,,,,,,,,N,1,1,0,2,A,-,01,23153,F,F,G,B,E,A,H,-,A,D,0,Y,,,,Y,,A,07,0,0,0,1,0,0,0,0,0,"- ","- ",,,"CONTRA COSTA",RICHMOND,-122.35270690917969,37.925205230712891
8465859,2018,2019-06-14,0710,2018-11-18,0128,1380,NORTH,7,5,5,0710,0,0,0,,0,008,"RICHMOND PKWY","GOODRICK AV",900.00,S,N,E,-,N,,,,,,,,,,Y,1,1,0,1,A,-,01,23152,A,N,E,I,A,A,H,-,C,D,0,,,,,Y,Y,A,01,0,0,0,0,0,0,0,0,0,"- ","- ",,,"CONTRA COSTA",RICHMOND,-122.36522674560547,37.974430084228516
8465868,2019,2019-06-21,0710,2019-04-13,1038,1705,NORTH,6,5,5,0710,0,0,0,,0,008,"RICHMOND PKWY","LAKESIDE DR",732.00,E,N,A,-,N,,,,,,,,,,Y,1,1,0,1,A,-,03,22350,,N,E,I,A,A,H,-,A,D,0,,,,,Y,Y,A,01,0,0,0,0,0,0,0,0,0,"- ","- ",37.989921569824219,-122.32865905761719,"CONTRA COSTA",RICHMOND,-122.3262939453125,37.990577697753906
8465937,2019,2021-05-20,0712,2019-06-22,0930,P518,,6,5,5,0712,0,0,0,,0,003,"BANCROFT RD","BENTLEY ST",0.00,,Y,A,-,N,,,,,,,,,,Y,1,1,0,2,A,-,09,21802,A,N,D,C,A,A,H,-,A,A,0,,,Y,,Y,,A,01,0,0,0,0,0,0,0,1,0,"- ","- ",,,"CONTRA COSTA","WALNUT CREEK",-122.04739379882812,37.934608459472656
8466027,2019,2019-08-22,0710,2019-06-27,0243,1740,NORTH,4,5,5,0710,0,0,0,,0,008,"RICHMOND PKWY","LAKESIDE DR",400.00,W,N,A,-,N,,,,,,,,,,Y,1,1,0,1,A,-,08,22107,,N,E,I,A,A,H,-,C,D,0,,,,,Y,,A,07,0,0,0,0,0,0,0,0,0,"- ","- ",,,"CONTRA COSTA",RICHMOND,-122.33010101318359,37.990058898925781
84691032,2024,2025-05-19,0701,2024-10-12,2025,6169,,6,5,5,0701,0,0,0,,0,007,"LONE TREE WAY","CANADA VALLEY RD",0.00,,Y,A,-,Y,,,,,,,,,,N,1,1,0,2,A,-,10,21950,A,F,G,B,B,A,H,-,C,A,0,Y,,,,Y,,A,01,0,0,0,1,0,0,0,0,0,"- ","- ",,,"CONTRA COSTA",ANTIOCH,-121.74745941162109,37.961746215820312
84692374,2025,2025-05-26,0704,2025-05-18,1646,0663,,7,5,6,0704,0,0,0,,0,004,"SINCLAIR AVE","FIRST ST",58.00,E,N,A,-,N,,,,,,,,,,N,2,0,1,2,A,-,08,22107,,N,C,E,A,A,H,-,A,D,0,,,,,Y,,A,08,1,0,0,0,0,0,0,0,0,"- ","- ",37.976451873779297,-122.02793884277344,"CONTRA COSTA",CONCORD,-122.02768707275391,37.976490020751953
84713787,2025,2025-06-05,0701,2025-03-12,1537,6594,,3,5,5,0701,0,0,0,,0,006,"DEER VALLEY RD","COUNTRY HILLS DR",75.00,N,N,C,-,N,,,,,,,,,,N,2,0,3,2,A,-,09,21801,A,N,A,C,A,B,H,-,A,A,0,,,,Y,Y,,F,26,2,1,0,0,0,0,0,0,0,"- ","- ",,,"CONTRA COSTA",ANTIOCH,-121.78247833251953,37.971298217773438
84719092,2025,2025-06-10,0701,2025-04-27,"632 ",6819,,7,5,5,0701,0,0,0,,0,,"E 18TH ST","SOUTH E 18TH ST CURB",63.00,N,N,C,-,N,,,,,,,,,,N,2,0,1,2,A,-,05,21202,A,N,D,G,A,B,H,-,B,D,0,,Y,,,Y,,L,04,1,0,0,0,0,0,1,0,0,"- ","- ",38.004978179931641,-121.78237915039062,"CONTRA COSTA",ANTIOCH,-121.8060302734375,38.004901885986328
84727232,2025,2025-06-16,0704,2025-06-02,"736 ",0593,,1,5,6,0704,0,0,0,,0,003,"OAK GROVE RD","CONTRA COSTA CANAL TRL",0.00,,Y,A,-,N,,,,,,,,,,N,2,0,1,2,A,-,12,21453,A,N,D,G,A,A,H,-,A,A,0,,Y,,,Y,,A,01,1,0,0,0,0,0,1,0,0,"- ","- ",37.934310913085938,-122.02100372314453,"CONTRA COSTA",CONCORD,,
8472864,2017,2017-10-30,0702,2017-09-29,1055,526J,228B,5,5,3,0702,0,0,0,,0,002,"STEEPLE BL","OHARA AV",34.00,W,N,A,-,N,,,,,,,,,,N,2,0,1,1,A,-,03,22350,,N,E,I,A,A,H,-,A,D,0,,,Y,,Y,,C,02,1,0,0,0,0,0,0,0,1,"- ","- ",37.961640000000003,-121.71407000000001,"CONTRA COSTA",BRENTWOOD,-121.71412796,37.964390000000002
84728911,2025,2025-06-19,0704,2025-06-16,2354,0649,,1,5,6,0704,0,0,0,,0,005,"CLAYTON RD","SAN CARLOS AVE",0.00,,Y,A,-,N,,,,,,,,,,Y,2,0,1,2,A,-,09,21801,A,N,D,C,A,A,H,-,C,A,0,,,Y,,Y,,D,22,1,0,0,0,0,0,0,0,1,"- ","- ",37.97406005859375,-122.02397155761719,"CONTRA COSTA",CONCORD,-122.02406311035156,37.97412109375
8473376,2017,2018-01-17,0712,2017-10-15,2327,P524,,7,5,5,0712,0,0,0,,0,003,"MARCHBANKS DR","HEATHER DR",528.00,W,N,A,-,N,,,,,,,,,,Y,2,0,1,2,A,-,01,23152,A,F,B,E,A,A,H,-,C,D,0,,,,,Y,Y,A,07,1,0,0,0,0,0,0,0,0,"- ","- ",,,"CONTRA COSTA","WALNUT CREEK",-122.04356091,37.917713569999997
84739133,2025,2025-06-25,0711,2025-05-13,1735,S1148,,2,5,4,0711,0,0,0,,0,0S3,"1148 RUMRILL BLVD",,0.00,,Y,A,-,N,,,,,,,,,,N,2,0,1,2,A,-,05,21202,,N,B,G,A,A,H,-,A,D,0,,Y,,,Y,,L,04,1,0,0,0,0,0,1,0,0,"- ","- ",37.950569152832031,-122.35682678222656,"CONTRA COSTA","SAN PABLO",,
8474154,2017,2018-05-18,0701,2017-08-19,1232,4265,408,6,5,5,0701,0,0,0,,0,004,"FITZUREN RD","FITZUREN RD 1014",0.00,,N,A,-,Y,CC,4,4,-,-,26.810,R,4,W,Y,2,0,3,1,A,-,03,22350,,N,E,I,A,A,H,-,A,A,0,,,,,Y,,A,01,2,1,0,0,0,0,0,0,0,"- ","- ",,,"CONTRA COSTA",ANTIOCH,-121.82378756,38.000176140000001
84743587,2025,2025-06-30,0708,2025-06-09,1129,305,,1,5,5,0708,0,0,0,,0,002,"PITTSBURG ANTIOCH HWY","PG&E POLE #110170382",81.00,W,N,A,-,N,,,,,,,,,,Y,2,0,1,3,A,-,01,23153,B,F,C,C,A,A,H,-,A,A,0,,,,,Y,Y,A,01,1,0,0,0,0,0,0,0,0,"- ","- ",,,"CONTRA COSTA",PITTSBURG,,
84745691,2025,2025-07-01,0714,2025-06-23,1609,197,,1,5,4,0714,0,0,0,,0,001,"BERRELLESA ST","SOTO ST",0.00,,Y,A,-,N,,,,,,,,,,N,2,0,1,2,A,-,10,21950,,N,G,B,B,A,H,-,A,A,0,Y,,,,Y,,A,01,1,0,0,0,1,0,0,0,0,"- ","- ",38.00823974609375,-122.13146209716797,"CONTRA COSTA",MARTINEZ,-122.13143920898438,38.008243560791016
84745694,2025,2025-07-01,0714,2025-06-24,"848 ",190,,2,5,4,0714,0,0,0,,0,004,"CHILPANCINGO PK","QUIET LAKE PL",46.00,W,-,A,-,N,,,,,,,,,,N,2,0,1,1,C,-,18,,,N,H,J,A,A,H,-,A,D,0,,Y,,,Y,,-,"- ",1,0,0,0,0,0,1,0,0,"- ","- ",37.977371215820312,-122.08512115478516,"CONTRA COSTA",MARTINEZ,-122.08527374267578,37.977317810058594
84748345,2025,2025-07-29,0711,2025-06-14,"133 ",S1178,,6,5,4,0711,0,0,0,,0,0S1,"EL PORTAL DR","ROAD 20",21.00,N,Y,A,-,N,,,,,,,,,,N,2,0,2,2,A,-,01,23152,,N,E,I,A,A,H,-,C,A,0,,,,,Y,Y,A,01,1,1,0,0,0,0,0,0,0,"- ","- ",37.965690612792969,-122.33904266357422,"CONTRA COSTA","SAN PABLO",-122.33782196044922,37.963565826416016
84761356,2025,2025-07-15,0734,2025-06-28,1508,063,,6,5,3,0734,0,0,0,,0,053,"MAIN ST","DEL ANTICO AVE",0.00,,Y,A,-,N,,,,,,,,,,N,2,0,1,1,A,-,00,21235,C,N,H,A,A,A,H,-,A,A,0,,,Y,,Y,Y,C,03,1,0,0,0,0,0,0,0,1,"- ","- ",37.996150970458984,-121.70800018310547,"CONTRA COSTA",OAKLEY,-121.70821380615234,37.996219635009766