CASE_ID,ACCIDENT_YEAR,PROC_DATE,JURIS,COLLISION_DATE,COLLISION_TIME,OFFICER_ID,REPORTING_DISTRICT,DAY_OF_WEEK,CHP_SHIFT,POPULATION,CNTY_CITY_LOC,SPECIAL_COND,BEAT_TYPE,CHP_BEAT_TYPE,CITY_DIVISION_LAPD,CHP_BEAT_CLASS,BEAT_NUMBER,PRIMARY_RD,SECONDARY_RD,DISTANCE,DIRECTION,INTERSECTION,WEATHER_1,WEATHER_2,STATE_HWY_IND,CALTRANS_COUNTY,CALTRANS_DISTRICT,STATE_ROUTE,ROUTE_SUFFIX,POSTMILE_PREFIX,POSTMILE,LOCATION_TYPE,RAMP_INTERSECTION,SIDE_OF_HWY,TOW_AWAY,COLLISION_SEVERITY,NUMBER_KILLED,NUMBER_INJURED,PARTY_COUNT,PRIMARY_COLL_FACTOR,PCF_CODE_OF_VIOL,PCF_VIOL_CATEGORY,PCF_VIOLATION,PCF_VIOL_SUBSECTION,HIT_AND_RUN,TYPE_OF_COLLISION,MVIW,PED_ACTION,ROAD_SURFACE,ROAD_COND_1,ROAD_COND_2,LIGHTING,CONTROL_DEVICE,CHP_ROAD_TYPE,PEDESTRIAN_ACCIDENT,BICYCLE_ACCIDENT,MOTORCYCLE_ACCIDENT,TRUCK_ACCIDENT,NOT_PRIVATE_PROPERTY,ALCOHOL_INVOLVED,STWD_VEHTYPE_AT_FAULT,CHP_VEHTYPE_AT_FAULT,COUNT_SEVERE_INJ,COUNT_VISIBLE_INJ,COUNT_COMPLAINT_PAIN,COUNT_PED_KILLED,COUNT_PED_INJURED,COUNT_BICYCLIST_KILLED,COUNT_BICYCLIST_INJURED,COUNT_MC_KILLED,COUNT_MC_INJURED,PRIMARY_RAMP,SECONDARY_RAMP,LATITUDE,LONGITUDE,COUNTY,CITY,POINT_X,POINT_Y
8476616,2017,2017-11-09,0740,2017-09-29,1532,SR501,SR72,5,5,4,0791,0,0,0,,0,006,"BOLLINGER CANYON RD","EAST BRANCH PKWY",1268.00,E,N,A,-,N,,,,,,,,,,Y,2,0,1,1,A,-,08,22107,,N,E,I,A,A,H,-,A,D,0,,,,,Y,,A,07,1,0,0,0,0,0,0,0,0,"- ","- ",37.749429999999997,-121.91394,"CONTRA COSTA","SAN RAMON",-121.90729847999999,37.756425479999997
8478081,2017,2017-11-27,0710,2017-09-27,1132,1705,NORTH,3,5,5,0710,0,0,0,,0,007,"MACDONALD AV","27TH ST",139.00,E,N,A,-,N,,,,,,,,,,N,2,0,1,4,A,-,11,21950,B,F,G,B,E,A,H,-,A,D,0,Y,,,,Y,,N,60,1,0,0,0,1,0,0,0,0,"- ","- ",,,"CONTRA COSTA",RICHMOND,-122.34246686,37.935026690000001
8478312,2017,2017-11-01,0710,2017-08-19,1222,1380,NORTH,6,5,5,0710,0,0,0,,0,008,"RICHMOND PKWY","RICHMOND PKWY 3400",0.00,,-,A,-,N,,,,,,,,,,N,2,0,1,1,A,-,03,22350,,N,F,A,A,A,H,-,A,D,0,,,Y,,Y,,C,02,1,0,0,0,0,0,0,0,1,"- ","- ",,,"CONTRA COSTA",RICHMOND,-122.32489407,37.990479370000003
84785308,2025,2025-08-01,0701,2025-05-27,2234,6392,,2,5,5,0701,0,0,0,,0,,"CONTRA LOMA BLVD","GATTER DR",617.00,N,N,A,-,N,,,,,,,,,,N,2,0,1,1,A,-,03,22350,,N,E,I,A,A,H,-,C,D,0,,,,,Y,,A,01,1,0,0,0,0,0,0,0,0,"- ","- ",37.987758636474609,-121.82367706298828,"CONTRA COSTA",ANTIOCH,-121.82373046875,37.987567901611328
84794396,2025,2025-08-08,0701,2025-06-07,"234 ",7046,,6,5,5,0701,0,0,0,,0,006,"ASILOMAR DR","DEER VALLEY RD",0.00,,Y,A,-,N,,,,,,,,,,Y,2,0,2,2,A,-,12,21453,A,N,D,C,A,A,H,-,C,A,0,,,,,Y,,-,"- ",1,1,0,0,0,0,0,0,0,"- ","- ",37.973178863525391,-121.78417205810547,"CONTRA COSTA",ANTIOCH,-121.78411865234375,37.973178863525391
8480581,2017,2017-11-06,0704,2017-10-13,1703,543,"MT DI",5,5,6,0704,0,0,0,,0,006,"YGNACIO VALLEY RD","ALBERTA WY",0.00,,Y,A,-,N,,,,,,,,,,Y,2,0,3,3,A,-,12,21453,A,N,D,C,A,A,H,-,A,A,0,,,,,Y,,A,01,1,1,1,0,0,0,0,0,0,"- ","- ",,,"CONTRA COSTA",CONCORD,-121.96941988,37.945969910000002
8480589,2017,2017-11-06,0704,2017-10-03,1209,533,,2,5,6,0704,0,0,0,,0,004,"CONCORD BL","PARKSIDE DR",2.00,W,N,A,-,N,,,,,,,,,,N,2,0,1,2,A,-,10,21950,A,N,-,B,B,A,H,-,A,A,0,Y,,,,Y,,A,08,1,0,0,0,1,0,0,0,0,"- ","- ",,,"CONTRA COSTA",CONCORD,-122.02422694000001,37.977449849999999
8482289,2017,2017-12-04,0704,2017-10-17,0711,577,,2,5,6,0704,0,0,0,,0,003,"TREAT BL","OAK GROVE RD",3.00,W,N,A,-,N,,,,,,,,,,N,2,0,1,2,A,-,09,21804,A,N,D,G,A,A,H,-,A,A,0,,Y,,,Y,,L,04,1,0,0,0,0,0,1,0,0,"- ","- ",,,"CONTRA COSTA",CONCORD,-122.02505875999999,37.938725560000002
8485859,2017,2017-12-04,0712,2017-10-21,0913,P412,,6,5,5,0712,0,0,0,,0,003,"VIA MONTE","YGNACIO VALLEY RD",0.00,,Y,A,-,N,,,,,,,,,,N,2,0,1,2,A,-,08,22107,,N,H,G,A,A,H,-,A,A,0,,Y,,,Y,,A,01,1,0,0,0,0,0,1,0,0,"- ","- ",,,"CONTRA COSTA","WALNUT CREEK",-122.01834999,37.925849970000002
8487131,2017,2017-11-15,0710,2017-07-03,2016,1686,NORTH,1,5,5,0710,0,0,0,,0,007,"GARVIN AV","24TH ST",0.00,,Y,B,-,N,,,,,,,,,,,2,0,1,3,A,-,12,22450,A,N,A,C,A,A,H,-,C,D,0,,,Y,,Y,,O,05,1,0,0,0,0,0,0,0,1,"- ","- ",,,"CONTRA COSTA",RICHMOND,-122.34543994000001,37.943649960000002
8493311,2017,2018-07-06,0709,2017-10-25,2256,447,1260,3,5,4,0709,0,0,0,,0,001,"GREGORY LN","CONTRA COSTA BL",0.00,,Y,A,-,Y,CC,4,680,-,R,17.950,R,4,S,N,2,0,1,2,A,-,11,21954,A,F,G,B,D,A,H,-,C,A,0,Y,,,,Y,,N,60,1,0,0,0,1,0,0,0,0,"- ","- ",,,"CONTRA COSTA","PLEASANT HILL",-122.05670653,37.949118589999998
8498378,2017,2017-12-08,0712,2017-11-05,2030,P583,,7,5,5,0712,0,0,0,,0,002,"N MAIN ST","TREAT BL",125.00,N,N,A,-,N,,,,,,,,,,N,2,0,1,2,A,-,11,21954,A,M,G,B,D,A,H,-,C,D,0,Y,,,,Y,,N,60,1,0,0,0,1,0,0,0,0,"- ","- ",,,"CONTRA COSTA","WALNUT CREEK",-122.0623932,37.926706930000002
8500837,2017,2017-12-21,0710,2017-11-02,2041,1732,NORTH,4,5,5,0710,0,0,0,,0,008,"BLUME DR","RICHMOND PKWY",240.00,S,N,A,-,N,,,,,,,,,,Y,2,0,1,1,A,-,03,22350,,N,D,I,A,A,H,-,C,D,0,,,,,Y,,A,01,1,0,0,0,0,0,0,0,0,"- ","- ",,,"CONTRA COSTA",RICHMOND,-122.31734226,37.986324279999998
8510347,2017,2017-12-14,0700,2017-10-31,2050,OA027,OAKLE,2,5,3,0734,0,0,0,,0,001,"MAIN ST","LIVE OAK AV",713.00,W,N,-,-,N,,,,,,,,,,N,2,0,1,2,A,-,09,21801,,F,G,B,D,A,H,-,C,D,0,Y,,Y,,Y,,N,60,1,0,0,0,1,0,0,0,0,"- ","- ",38.005159999999997,-121.74393999999999,"CONTRA COSTA",OAKLEY,-121.74406499,38.005176759999998
8510830,2017,2017-12-19,0701,2017-10-12,0349,5322,106,4,5,5,0701,0,0,0,,0,001,"G ST","DRAKE ST",15.00,N,N,A,-,N,,,,,,,,,,N,2,0,1,2,A,-,10,21952,,F,G,B,F,A,H,-,C,D,0,Y,,,,Y,,-,,1,0,0,0,1,0,0,0,0,"- ","- ",,,"CONTRA COSTA",ANTIOCH,-121.81511729,37.99876115
8518429,2017,2017-12-22,0708,2017-11-11,1546,323,46,6,5,5,0708,0,0,0,,0,005,"LOVERIDGE RD","LOVERIDGE RD 2203",202.00,S,N,A,-,N,,,,,,,,,,N,2,0,1,2,A,-,03,22350,,N,C,C,A,A,H,-,A,A,0,,,Y,,Y,Y,C,02,1,0,0,0,0,0,0,0,1,"- ","- ",,,"CONTRA COSTA",PITTSBURG,,
8519335,2017,2018-01-08,0704,2017-12-11,0714,0581,MTDIA,1,5,6,0704,0,0,0,,0,002,"MONUMENT BL","SYSTRON DR",0.00,,Y,A,-,N,,,,,,,,,,N,2,0,1,2,A,-,10,21950,A,N,D,B,B,A,H,-,A,A,0,Y,,,,Y,,D,22,1,0,0,0,1,0,0,0,0,"- ","- ",,,"CONTRA COSTA",CONCORD,-122.03165987,37.964079949999999
8526103,2017,2018-07-06,0705,2017-11-27,1130,E184,TRAFF,1,5,3,0705,0,0,0,,0,010,"RT 123","CENTRAL AV",224.00,N,N,A,-,Y,CC,4,123,-,-,0.350,H,-,N,Y,2,0,1,3,A,-,08,22107,,N,F,E,A,A,H,-,A,D,0,,,,,Y,,A,01,1,0,0,0,0,0,0,0,0,"- ","- ",,,"CONTRA COSTA","EL CERRITO",-122.30368070999999,37.902896720000001
8531798,2017,2018-01-16,0701,2017-10-11,1735,4265,302,3,5,5,0701,0,0,0,,0,003,"FAIRVIEW DR","POTOMAC CT",38.00,E,N,A,-,N,,,,,,,,,,Y,2,0,1,2,A,-,10,21950,A,N,G,B,D,A,H,-,A,A,0,Y,,,,Y,,A,07,1,0,0,0,1,0,0,0,0,"- ","- ",,,"CONTRA COSTA",ANTIOCH,-121.84493891,38.001608560000001
8532825,2017,2018-01-13,0709,2017-12-28,2156,407,3020,4,5,4,0709,0,0,0,,0,002,"CONTRA COSTA BL","CONCORD AV",80.00,S,N,A,-,N,,,,,,,,,,Y,2,0,4,3,A,-,03,22350,,N,C,C,A,A,H,-,C,A,0,,,,,Y,,-,,1,0,3,0,0,0,0,0,0,"- ","- ",,,"CONTRA COSTA","PLEASANT HILL",-122.06473783,37.975555669999999
8533385,2017,2018-01-16,0708,2017-05-18,1837,281,0708,4,5,5,0708,0,0,0,,0,005,"EAST LELAND RD","PIEDMONT WY",1357.00,W,N,A,-,N,,,,,,,,,,Y,2,0,4,2,A,-,03,22350,,N,F,I,A,A,H,-,A,A,0,,,,,Y,,A,01,1,2,1,0,0,0,0,0,0,"- ","- ",,,"CONTRA COSTA",PITTSBURG,-121.8796234,38.009360800000003
8543060,2017,2018-03-12,0716,2017-12-16,1729,171,R2,6,5,3,0716,0,0,0,,0,001,"MORAGA RD","LUCAS DR",0.00,,Y,A,-,N,,,,,,,,,,N,2,0,1,2,A,-,10,21950,A,N,E,B,B,A,H,-,D,D,0,Y,,,,Y,,A,01,1,0,0,0,1,0,0,0,0,"- ","- ",,,"CONTRA COSTA",MORAGA,-122.12479985,37.855489949999999
8544176,2018,2018-01-31,0709,2018-01-02,1434,432,3090,2,5,4,0709,0,0,0,,0,002,"CONTRA COSTA BL","BETH DR",0.00,,Y,B,-,N,,,,,,,,,,N,2,0,1,2,A,-,10,21950,A,N,D,B,B,A,H,-,A,A,0,Y,,,,Y,,-,,1,0,0,0,1,0,0,0,0,"- ","- ",,,"CONTRA COSTA","PLEASANT HILL",-122.06008911132812,37.954818725585938
8546246,2018,2018-02-09,0701,2018-01-05,1814,5569,605,5,5,5,0701,0,0,0,,0,006,"LONE TREE WY","SAGEBRUSH DR",0.00,,Y,C,-,N,,,,,,,,,,N,2,0,1,2,A,-,11,21950,B,N,-,B,B,B,H,-,C,A,0,Y,,,,Y,,A,01,1,0,0,0,1,0,0,0,0,"- ","- ",,,"CONTRA COSTA",ANTIOCH,-121.77259063720703,37.963821411132812
8549099,2018,2018-02-20,0701,2018-01-21,2320,5565,207,7,5,5,0701,0,0,0,,0,002,"EAST 18TH ST","HILLCREST AV",200.00,W,N,C,-,N,,,,,,,,,,N,2,0,1,1,A,-,01,23152,A,N,E,I,A,B,H,-,C,A,0,,,,,Y,Y,A,01,1,0,0,0,0,0,0,0,0,"- ","- ",,,"CONTRA COSTA",ANTIOCH,-121.78819274902344,38.004341125488281
8553057,2018,2018-02-15,0712,2018-01-31,1125,P518,,3,5,5,0712,0,0,0,,0,001,"TICE CREEK DR","ROCKLEDGE LN",210.00,N,N,A,-,N,,,,,,,,,,Y,2,0,1,2,A,-,08,22107,,N,D,E,A,A,A,H,A,D,0,,,,,Y,,A,07,1,0,0,0,0,0,0,0,0,"- ","- ",,,"CONTRA COSTA","WALNUT CREEK",-122.07470703125,37.867778778076172
8562256,2017,2019-04-10,0711,2017-09-15,2122,1045,BAY,5,5,4,0711,0,0,0,,0,001,"EL PORTAL DR","RT 80",88.00,W,N,A,-,Y,CC,4,80,-,-,5.449,R,4,W,Y,1,1,0,1,A,-,03,22350,,N,E,I,A,A,H,-,C,D,0,,,,,Y,Y,D,22,0,0,0,0,0,0,0,0,0,"- ","- ",37.966389999999997,-122.32344000000001,"CONTRA COSTA","SAN PABLO",-122.32111811999999,37.968294329999999
8564658,2018,2018-03-06,0708,2018-02-05,2157,291,,1,5,5,0708,0,0,0,,0,003,"WEST LELAND RD","SOUTHWOOD DR",2.00,W,N,A,-,N,,,,,,,,,,Y,2,0,1,1,C,-,18,,,N,E,J,A,A,H,-,C,A,0,,,,,Y,,-,"- ",1,0,0,0,0,0,0,0,0,"- ","- ",,,"CONTRA COSTA",PITTSBURG,-121.94841766357422,38.015762329101562
8567696,2018,2018-03-20,0740,2018-02-23,1849,SR501,SR72,5,5,4,0791,0,0,0,,0,BEAT3,"BOLLINGER CANYON RD","CANYON VIEW CIR",94.00,E,N,A,-,N,,,,,,,,,,Y,2,0,1,1,A,-,01,23152,A,N,E,I,A,A,H,-,C,A,0,,,,,Y,Y,D,22,1,0,0,0,0,0,0,0,0,"- ","- ",37.771270751953125,-121.94605255126953,"CONTRA COSTA","SAN RAMON",-121.94577789306641,37.77130126953125
8569609,2018,2018-04-02,0702,2018-02-13,1539,490M,305B,2,5,3,0702,0,0,0,,0,003,"SYCAMORE AV","BARBARA ST",95.00,E,N,A,-,N,,,,,,,,,,Y,2,0,4,2,A,-,08,22107,,N,C,E,A,A,H,-,A,A,0,,,,,Y,,A,07,4,0,0,0,0,0,0,0,0,"- ","- ",37.939830780029297,-121.69622802734375,"CONTRA COSTA",BRENTWOOD,-121.69271087646484,37.939899444580078
8570296,2018,2018-03-28,0702,2018-03-03,2318,580M,309B,6,5,3,0702,0,0,0,,0,003,"CENTRAL BL","GRIFFITH LN",0.00,,Y,A,-,N,,,,,,,,,,Y,2,0,1,1,A,-,01,23153,F,N,E,I,A,A,H,-,C,A,0,,,,,Y,,A,01,1,0,0,0,0,0,0,0,0,"- ","- ",37.932628631591797,-121.70684051513672,"CONTRA COSTA",BRENTWOOD,-121.70683288574219,37.934429168701172
8578264,2018,2018-03-16,0701,2018-01-20,1552,5839,107,6,5,5,0701,0,0,0,,0,001,"A ST","ROSSI AV",17.00,S,N,A,-,N,,,,,,,,,,N,2,0,2,3,A,-,11,21950,B,F,G,B,B,A,H,-,A,A,0,Y,,,,Y,Y,A,01,2,0,0,0,2,0,0,0,0,"- ","- ",,,"CONTRA COSTA",ANTIOCH,-121.80606842041016,38.000194549560547
8583218,2018,2018-05-29,0740,2018-01-07,1451,SR067,SR/72,7,5,4,0791,0,0,0,,0,004,"ALCOSTA BL","OLD RANCH RD",0.00,,Y,B,-,N,,,,,,,,,,Y,2,0,4,2,A,-,03,22350,,N,D,C,A,A,H,-,A,A,0,,,,,Y,,A,07,2,2,0,0,0,0,0,0,0,"- ","- ",37.737579345703125,-121.92527770996094,"CONTRA COSTA","SAN RAMON",-121.92539215087891,37.737518310546875
8583631,2018,2018-04-03,0701,2018-03-17,1752,5851,202,6,5,5,0701,0,0,0,,0,002,"W 18TH ST","D ST",0.00,,Y,A,-,N,,,,,,,,,,Y,2,0,3,2,A,-,01,23152,A,N,D,C,A,B,H,-,A,A,0,,,,,Y,Y,A,01,3,0,0,0,0,0,0,0,0,"- ","- ",,,"CONTRA COSTA",ANTIOCH,-121.81004333496094,38.004909515380859
8584322,2018,2018-03-28,0704,2018-03-15,1935,0436,03,4,5,6,0704,0,0,0,,0,,"EAST OLIVERA RD","SALVIO ST",0.00,N,N,B,-,N,,,,,,,,,,Y,2,0,1,2,A,-,09,21801,A,N,A,C,A,B,H,-,C,A,0,,,,,Y,,A,01,1,0,0,0,0,0,0,0,0,"- ","- ",,,"CONTRA COSTA",CONCORD,-122.01914978027344,37.986221313476562
8584895,2018,2018-04-09,0709,2018-03-03,0744,407,3130,6,5,4,0709,0,0,0,,0,001,"GREGORY LN","PLEASANT HILL RD",140.00,E,N,B,-,N,,,,,,,,,,Y,2,0,1,4,A,-,07,21658,A,N,B,C,A,A,H,-,A,A,0,,,,,Y,,-,,1,0,0,0,0,0,0,0,0,"- ","- ",,,"CONTRA COSTA","PLEASANT HILL",-122.08191680908203,37.947910308837891
8590963,2018,2018-08-07,0704,2018-01-31,1802,509,,3,5,6,0704,0,0,0,,0,001,"PORT CHICAGO HWY","RT 242",20.00,S,N,A,-,Y,CC,4,4,-,R,15.644,R,4,W,N,2,0,1,2,A,-,12,21453,A,N,D,C,A,A,H,-,A,A,0,,,,,Y,,A,01,1,0,0,0,0,0,0,0,0,"- ",WO,,,"CONTRA COSTA",CONCORD,-122.0191650390625,38.010459899902344
8593162,2018,2018-04-09,0740,2018-03-21,1500,SR067,SR72,3,5,4,0791,0,0,0,,0,004,"ALCOSTA BL","CANYON WOODS CT",0.00,,Y,B,-,N,,,,,,,,,,N,2,0,1,2,A,-,05,21651,A,N,D,A,A,A,H,-,A,A,0,,Y,,,Y,,L,04,1,0,0,0,0,0,1,0,0,"- ","- ",37.762168884277344,-121.94673156738281,"CONTRA COSTA","SAN RAMON",-121.94673919677734,37.762119293212891
8595096,2018,2018-04-25,0708,2018-02-17,1002,341,046,6,5,5,0708,0,0,0,,0,004,"RAILROAD AV","BLISS AV",4.00,N,N,A,-,N,,,,,,,,,,N,2,0,1,2,A,-,21,22106,,F,G,B,B,A,H,-,A,A,0,Y,,,,Y,,A,01,1,0,0,0,1,0,0,0,0,"- ","- ",,,"CONTRA COSTA",PITTSBURG,-121.89003753662109,38.015689849853516
8598411,2018,2018-04-19,0701,2018-03-03,0330,5569,409,6,5,5,0701,0,0,0,,0,004,"LONE TREE WY","TERRANOVA DR",645.00,N,N,C,-,N,,,,,,,,,,Y,2,0,1,1,A,-,01,23152,A,N,E,I,A,B,H,-,C,D,0,,,,,Y,Y,-,,1,0,0,0,0,0,0,0,0,"- ","- ",,,"CONTRA COSTA",ANTIOCH,-121.80771636962891,37.989990234375
8604666,2018,2018-05-09,0704,2018-04-03,1615,0551,,2,5,6,0704,0,0,0,,0,006,"CLAYTON RD","BAILEY RD",0.00,,Y,A,-,N,,,,,,,,,,Y,2,0,1,2,A,-,09,21453,C,N,A,C,A,A,H,-,A,A,0,,,Y,,Y,,A,01,1,0,0,0,0,0,0,0,1,"- ","- ",,,"CONTRA COSTA",CONCORD,-121.98265838623047,37.96112060546875
8604691,2018,2018-05-14,0704,2018-04-09,2244,0588,,1,5,6,0704,0,0,0,,0,001,"MONUMENT BL","THE TREES",318.00,W,N,A,-,N,,,,,,,,,,N,2,0,1,2,A,-,11,21955,,N,G,B,D,A,H,-,C,D,0,Y,,,,Y,Y,N,60,1,0,0,0,1,0,0,0,0,"- ","- ",,,"CONTRA COSTA",CONCORD,-122.04825592041016,37.949871063232422
8610997,2018,2018-05-11,0701,2018-04-12,2024,5430,204,4,5,5,0701,0,0,0,,0,002,"E 18TH ST","A ST",129.00,E,N,A,-,N,,,,,,,,,,N,2,0,1,2,A,-,00,21955,1,N,G,B,E,A,H,-,C,A,0,Y,,,,Y,,N,60,1,0,0,0,1,0,0,0,0,"- ","- ",,,"CONTRA COSTA",ANTIOCH,-121.80558013916016,38.004890441894531
8612732,2018,2018-05-01,0702,2018-03-19,0307,553C,228B,1,5,3,0702,0,0,0,,0,002,"OHARA AV","ATHERTON BL",394.00,S,N,A,-,N,,,,,,,,,,Y,2,0,1,1,A,-,08,22107,,N,A,I,A,A,H,-,C,D,0,,,,,Y,,A,01,1,0,0,0,0,0,0,0,0,"- ","- ",37.961631774902344,-121.71407318115234,"CONTRA COSTA",BRENTWOOD,-121.71412658691406,37.966110229492188
8620166,2018,2018-05-25,0702,2018-04-21,1652,542E,307B,6,5,3,0702,0,0,0,,0,003,"BRENTWOOD BL","2ND ST",0.00,,Y,A,-,N,,,,,,,,,,Y,2,0,3,2,A,-,01,23153,A,N,D,C,A,A,H,-,A,A,0,,,,,Y,Y,A,01,2,0,1,0,0,0,0,0,0,"- ","- ",37.936580657958984,-121.69680786132812,"CONTRA COSTA",BRENTWOOD,-121.69673156738281,37.936550140380859
8622784,2018,2018-06-04,0704,2018-05-16,1535,585,,3,5,6,0704,0,0,0,,0,001,"EAST ST","HIGH SCHOOL AV",79.00,E,N,A,-,N,,,,,,,,,,N,2,0,1,2,A,-,00,23103,C,F,A,B,F,A,H,-,A,D,0,Y,,,,Y,Y,A,01,1,0,0,0,1,0,0,0,0,"- ","- ",,,"CONTRA COSTA",CONCORD,-122.03539276123047,37.984481811523438
8623110,2018,2018-05-30,0709,2018-04-20,0919,403,3170,5,5,4,0709,0,0,0,,0,001,"CONTRA COSTA BL","ASTRID DR",450.00,N,N,A,-,N,,,,,,,,,,N,2,0,1,2,B,-,22,,,N,C,E,A,A,H,-,A,A,0,,Y,,,Y,,L,04,1,0,0,0,0,0,1,0,0,"- ","- ",,,"CONTRA COSTA","PLEASANT HILL",-122.06090545654297,37.93927001953125
8623585,2018,2018-05-29,0701,2018-03-20,1757,5851,208,2,5,5,0701,0,0,0,,0,002,"EAST 18TH ST","HARGROVE ST",0.00,,Y,B,-,N,,,,,,,,,,Y,2,0,4,3,A,-,09,21804,A,N,B,C,A,B,H,-,A,A,0,,,,,Y,,A,01,1,1,2,0,0,0,0,0,0,"- ","- ",,,"CONTRA COSTA",ANTIOCH,-121.78240966796875,38.004920959472656
8623593,2018,2018-05-31,0701,2018-03-11,0051,4190,402,7,5,5,0701,0,0,0,,0,004,"JAMES DONLON BL","DIMAGGIO WY",488.00,W,N,A,-,N,,,,,,,,,,Y,2,0,1,1,A,-,08,22107,,N,A,I,A,A,H,-,C,D,0,,,,,Y,,A,01,1,0,0,0,0,0,0,0,0,"- ","- ",,,"CONTRA COSTA",ANTIOCH,-121.832763671875,37.983180999755859
8624313,2018,2018-05-30,0714,2018-04-20,1319,129,194,5,5,4,0714,0,0,0,,0,004,"CENTER AV","YELLOWSTONE DR",63.00,E,N,-,-,N,,,,,,,,,,N,2,0,1,1,A,-,03,22350,,N,-,-,A,-,-,-,-,-,0,,Y,,,Y,,L,04,1,0,0,0,0,0,1,0,0,"- ","- ",37.983528137207031,-122.08173370361328,"CONTRA COSTA",MARTINEZ,-122.08171081542969,37.983783721923828
8625914,2018,2018-05-31,0701,2018-04-19,1926,5321,205,4,5,5,0701,0,0,0,,0,002,"E 18TH ST","CRESTWOOD DR",41.00,E,N,A,-,N,,,,,,,,,,N,2,0,1,2,A,-,09,21804,A,N,D,C,A,A,H,-,A,D,0,,,Y,,Y,,A,01,1,0,0,0,0,0,0,0,1,"- ","- ",,,"CONTRA COSTA",ANTIOCH,-121.79957580566406,38.004909515380859
8626568,2018,2018-06-05,0708,2018-01-12,2325,363,046,5,5,5,0708,0,0,0,,0,2325,"EAST LELAND RD","PIEDMONT WY",0.00,,Y,B,-,N,,,,,,,,,,N,2,0,1,2,A,-,12,21453,,N,G,B,B,A,H,-,C,A,0,Y,,,,Y,,A,01,1,0,0,0,1,0,0,0,0,"- ","- ",,,"CONTRA COSTA",PITTSBURG,-121.87496948242188,38.009151458740234
8637359,2018,2018-06-21,0704,2018-05-21,0720,533,,1,5,6,0704,0,0,0,,0,002,"CLAYTON RD","PINE ST",0.00,,Y,A,-,N,,,,,,,,,,Y,2,0,1,2,A,-,12,21453,A,N,D,C,A,A,H,-,A,A,0,,,Y,,Y,,C,02,1,0,0,0,0,0,0,0,1,"- ","- ",,,"CONTRA COSTA",CONCORD,-122.04502868652344,37.969928741455078
8638559,2018,2018-06-20,0704,2018-02-15,0948,556,,4,5,6,0704,0,0,0,,0,004,"PORT CHICAGO HWY","SUN VIEW TER",0.00,,Y,A,-,N,,,,,,,,,,Y,2,0,2,3,A,-,07,21658,A,N,C,B,E,A,H,-,A,D,0,Y,,,,Y,,A,07,1,0,1,0,1,0,0,0,0,"- ","- ",,,"CONTRA COSTA",CONCORD,-122.02610015869141,38.001850128173828
8645286,2018,2018-07-03,0701,2018-05-19,2016,5430,107,6,5,5,0701,0,0,0,,0,001,"W MADILL ST","LINDBERG ST",0.00,,Y,A,-,N,,,,,,,,,,Y,2,0,1,2,A,-,09,21802,A,N,D,C,A,A,H,-,B,A,0,,,,,Y,,A,01,1,0,0,0,0,0,0,0,0,"- ","- ",,,"CONTRA COSTA",ANTIOCH,-121.80790710449219,38.000919342041016
8646979,2018,2018-07-06,0701,2018-06-20,1903,5444,202,3,5,5,0701,0,0,0,,0,002,"F ST","WEST 10TH ST",0.00,,Y,A,-,N,,,,,,,,,,Y,2,0,1,2,A,-,01,23152,A,N,D,C,A,A,H,-,A,D,0,,,,,Y,Y,A,01,1,0,0,0,0,0,0,0,0,"- ","- ",,,"CONTRA COSTA",ANTIOCH,-121.81252288818359,38.011199951171875
8648340,2018,2019-03-22,0712,2018-10-25,1832,386,,4,5,5,0712,0,0,0,,0,001,"SOUTH BROADWAY","NEWELL AV",3696.00,S,N,A,-,N,,,,,,,,,,Y,1,2,4,4,A,-,01,23153,A,N,A,C,A,A,H,-,B,D,0,,,,,Y,Y,A,07,2,1,1,0,0,0,0,0,0,"- ","- ",,,"CONTRA COSTA","WALNUT CREEK",-122.05406188964844,37.890529632568359
8649002,2018,2018-07-23,0740,2018-05-30,2132,SR501,SR72,3,5,4,0791,0,0,0,,0,BEAT5,"BOLLINGER CANYON RD","N WEDGEWOOD RD",10.00,W,N,A,-,N,,,,,,,,,,N,2,0,1,2,A,-,12,21453,A,N,G,B,B,A,H,-,C,A,0,Y,,,,Y,,A,08,1,0,0,0,1,0,0,0,0,"- ","- ",37.773639678955078,-121.92135620117188,"CONTRA COSTA","SAN RAMON",-121.92142486572266,37.773777008056641
8657193,2018,2018-09-11,0704,2018-06-26,1909,0591,,2,5,6,0704,0,0,0,,0,002,"DIAMOND BL","WILLOW WY",60.00,S,N,A,-,N,,,,,,,,,,N,2,0,3,1,A,-,08,22107,,N,F,I,A,A,H,-,A,A,0,,,,,Y,,A,01,1,2,0,0,0,0,0,0,0,"- ","- ",,,"CONTRA COSTA",CONCORD,-122.05575561523438,37.971302032470703
8678599,2018,2018-09-12,0704,2018-07-21,1216,0366,,6,5,6,0704,0,0,0,,0,,"CLAYTON RD","THORNWOOD DR",285.00,E,N,A,-,N,,,,,,,,,,N,2,0,1,2,A,-,09,21804,A,N,G,B,F,A,H,-,A,D,0,Y,,,,Y,,D,22,1,0,0,0,1,0,0,0,0,"- ","- ",,,"CONTRA COSTA",CONCORD,-121.98595428466797,37.962303161621094
8681986,2018,2018-09-12,0704,2018-08-04,1915,579,CONCO,6,5,6,0704,0,0,0,,0,005,"CONCORD BL","FARM BUREAU RD",0.00,,Y,A,-,N,,,,,,,,,,Y,2,0,2,4,A,-,12,21453,A,N,D,C,A,A,H,-,A,A,0,,,,,Y,Y,A,01,1,1,0,0,0,0,0,0,0,"- ","- ",,,"CONTRA COSTA",CONCORD,-122.00994110107422,37.977691650390625