CASE_ID,ACCIDENT_YEAR,PROC_DATE,JURIS,COLLISION_DATE,COLLISION_TIME,OFFICER_ID,REPORTING_DISTRICT,DAY_OF_WEEK,CHP_SHIFT,POPULATION,CNTY_CITY_LOC,SPECIAL_COND,BEAT_TYPE,CHP_BEAT_TYPE,CITY_DIVISION_LAPD,CHP_BEAT_CLASS,BEAT_NUMBER,PRIMARY_RD,SECONDARY_RD,DISTANCE,DIRECTION,INTERSECTION,WEATHER_1,WEATHER_2,STATE_HWY_IND,CALTRANS_COUNTY,CALTRANS_DISTRICT,STATE_ROUTE,ROUTE_SUFFIX,POSTMILE_PREFIX,POSTMILE,LOCATION_TYPE,RAMP_INTERSECTION,SIDE_OF_HWY,TOW_AWAY,COLLISION_SEVERITY,NUMBER_KILLED,NUMBER_INJURED,PARTY_COUNT,PRIMARY_COLL_FACTOR,PCF_CODE_OF_VIOL,PCF_VIOL_CATEGORY,PCF_VIOLATION,PCF_VIOL_SUBSECTION,HIT_AND_RUN,TYPE_OF_COLLISION,MVIW,PED_ACTION,ROAD_SURFACE,ROAD_COND_1,ROAD_COND_2,LIGHTING,CONTROL_DEVICE,CHP_ROAD_TYPE,PEDESTRIAN_ACCIDENT,BICYCLE_ACCIDENT,MOTORCYCLE_ACCIDENT,TRUCK_ACCIDENT,NOT_PRIVATE_PROPERTY,ALCOHOL_INVOLVED,STWD_VEHTYPE_AT_FAULT,CHP_VEHTYPE_AT_FAULT,COUNT_SEVERE_INJ,COUNT_VISIBLE_INJ,COUNT_COMPLAINT_PAIN,COUNT_PED_KILLED,COUNT_PED_INJURED,COUNT_BICYCLIST_KILLED,COUNT_BICYCLIST_INJURED,COUNT_MC_KILLED,COUNT_MC_INJURED,PRIMARY_RAMP,SECONDARY_RAMP,LATITUDE,LONGITUDE,COUNTY,CITY,POINT_X,POINT_Y
8968644,2019,2019-11-18,0704,2019-10-10,1508,0533,,4,5,6,0704,0,0,0,,0,006,"CONCORD BL","BAILEY RD",0.00,,Y,A,-,N,,,,,,,,,,,2,0,4,2,A,-,12,21453,A,N,D,C,A,A,H,-,A,A,0,,,,,Y,,A,01,1,1,2,0,0,0,0,0,0,"- ","- ",37.969150543212891,-121.9730224609375,"CONTRA COSTA",CONCORD,-121.97308349609375,37.969139099121094
8972430,2019,2020-01-11,0701,2019-09-06,0740,6102,409,5,5,5,0701,0,0,0,,0,004,"LONE TREE WY","CLAYBURN RD",0.00,,Y,A,-,N,,,,,,,,,,Y,2,0,1,2,A,-,12,21453,A,N,D,C,A,A,H,-,A,A,0,,,,,Y,,A,01,1,0,0,0,0,0,0,0,0,"- ","- ",,,"CONTRA COSTA",ANTIOCH,-121.80577850341797,37.983379364013672
8975389,2019,2020-06-04,0709,2019-09-04,1348,412,3120,3,5,4,0709,0,0,0,,0,001,"MONUMENT BL","RT 680",0.00,,Y,A,-,Y,CC,4,680,-,R,17.513,R,4,S,N,2,0,1,2,A,-,11,21954,A,F,G,B,D,A,H,-,A,A,0,Y,,,,Y,,N,60,1,0,0,0,1,0,0,0,0,"- ",SO,37.947078704833984,-122.05754852294922,"CONTRA COSTA","PLEASANT HILL",-122.05929565429688,37.943157196044922
8975853,2019,2019-11-25,0704,2019-10-11,1758,6580,MTDIA,5,5,6,0704,0,0,0,,0,005,"WILLOW PASS RD","LANDANA DR",112.00,S,N,A,-,N,,,,,,,,,,N,2,0,1,2,A,-,03,22350,,N,D,D,A,A,H,-,A,A,0,,,Y,,Y,,C,02,1,0,0,0,0,0,0,0,0,"- ","- ",37.990009307861328,-122.00566101074219,"CONTRA COSTA",CONCORD,-122.00592803955078,37.989845275878906
8981344,2019,2019-12-17,0740,2019-11-17,2349,SR099,,7,5,4,0791,0,0,0,,0,005,"ELDERBERRY DR","ROSAMUND DR",538.00,N,N,A,-,N,,,,,,,,,,Y,2,0,1,2,A,-,05,21650,,M,B,E,A,A,H,-,C,D,0,,,,,Y,,A,01,1,0,0,0,0,0,0,0,0,"- ","- ",37.763599395751953,-121.92526245117188,"CONTRA COSTA","SAN RAMON",-121.92557525634766,37.763607025146484
8989184,2019,2020-01-27,0702,2019-11-03,2300,5731,416B,7,5,3,0702,0,0,0,,0,004,"FAIRVIEW AV","BALDWIN DR",0.00,,Y,A,-,N,,,,,,,,,,Y,2,0,1,1,A,-,03,22350,,N,E,I,A,A,H,-,C,A,0,,,,,Y,,A,01,1,0,0,0,0,0,0,0,0,"- ","- ",37.918048858642578,-121.72279357910156,"CONTRA COSTA",BRENTWOOD,-121.72274780273438,37.9180908203125
8989301,2019,2019-12-16,0710,2019-10-19,0725,1716,CENTR,6,5,5,0710,0,0,0,,0,006,"W BARRETT AV","GARRARD BL",0.00,,Y,A,-,N,,,,,,,,,,Y,2,0,1,2,A,-,12,21453,A,M,D,C,A,A,H,-,A,A,0,,,,,Y,,A,01,1,0,0,0,0,0,0,0,0,"- ","- ",,,"CONTRA COSTA",RICHMOND,-122.371224,37.938595999999997
8991370,2019,2020-01-28,0708,2019-11-27,1748,253,46,3,5,5,0708,0,0,0,,0,005,"EAST LELAND RD","STONERIDGE DR",417.00,W,N,B,-,N,,,,,,,,,,Y,2,0,1,1,A,-,08,22107,,N,E,J,A,B,H,-,C,D,0,,,,,Y,,A,01,1,0,0,0,0,0,0,0,0,"- ","- ",,,"CONTRA COSTA",PITTSBURG,-121.87797546386719,38.009239196777344
8991957,2019,2020-02-03,0706,2019-10-31,1348,199,84,4,5,3,0706,0,0,0,,0,001,"SYCAMORE AV","RAILROAD AV",0.00,,Y,A,-,N,,,,,,,,,,N,2,0,1,2,A,-,17,21200,A,N,B,G,A,A,H,-,A,A,0,,Y,,,Y,,L,04,1,0,0,0,0,0,1,0,0,"- ","- ",,,"CONTRA COSTA",HERCULES,-122.28742980957031,38.018009185791016
8994548,2019,2019-12-23,0710,2019-10-01,0942,1380,NORTH,2,5,5,0710,0,0,0,,0,007,"SAN PABLO AV","ANDRADE AV",0.00,,Y,A,-,N,,,,,,,,,,Y,2,0,3,3,A,-,12,22450,A,F,D,C,A,A,H,-,A,D,0,,,,,Y,,A,01,1,1,1,0,0,0,0,0,0,"- ","- ",,,"CONTRA COSTA",RICHMOND,-122.33101654052734,37.947818756103516
8995248,2019,2019-12-18,0700,2019-10-24,1731,OA029,,4,5,3,0734,0,0,0,,0,,"CYPRESS RD","MANRESA SHORE LN",0.00,,-,A,-,N,,,,,,,,,,Y,2,0,1,2,A,-,05,21460,A,N,A,C,A,A,H,-,A,D,0,,,,,Y,,A,08,1,0,0,0,0,0,0,0,0,"- ","- ",,,"CONTRA COSTA",OAKLEY,-121.63456726074219,37.991611480712891
8995664,2019,2020-01-07,0711,2019-11-26,1631,1045,BAY,2,5,4,0711,0,0,0,,0,003,"23RD ST","EMERIC AV",0.00,,Y,C,-,N,,,,,,,,,,N,2,0,1,2,A,-,09,21801,A,N,D,G,A,B,H,-,A,D,0,,Y,,,Y,,D,22,1,0,0,0,0,0,1,0,0,"- ","- ",37.954158782958984,-122.34731292724609,"CONTRA COSTA","SAN PABLO",-122.34738159179688,37.954170227050781
8995747,2019,2020-01-09,0711,2019-11-15,2005,1045,BAY,5,5,4,0711,0,0,0,,0,001,"SAN PABLO AV","23RD ST",0.00,,Y,A,-,N,,,,,,,,,,Y,2,0,4,2,A,-,01,23152,A,F,D,C,A,A,H,-,D,A,0,,,,,Y,Y,A,01,1,1,2,0,0,0,0,0,0,"- ","- ",37.962600708007812,-122.34539031982422,"CONTRA COSTA","SAN PABLO",-122.34535217285156,37.962718963623047
8998857,2018,2019-12-07,0710,2018-07-07,0039,1705,NORTH,6,5,5,0710,0,0,0,,0,007,"23RD ST","DOWNER AV",18.00,S,N,A,-,N,,,,,,,,,,N,2,0,1,2,A,-,03,22350,,N,C,G,A,A,H,-,C,A,0,,Y,,,Y,Y,-,,1,0,0,0,0,0,1,0,0,"- ","- ",37.942909240722656,-122.34768676757812,"CONTRA COSTA",RICHMOND,-122.34748840332031,37.942909240722656
90008696,2015,2015-10-19,9320,2015-08-02,0031,020010,,7,3,9,0700,0,3,5,,2,075,"RIVERSIDE DRIVE","AGUA WAY",1056.00,E,N,A,-,N,,,,,,,,,,Y,2,0,1,2,A,-,08,22107,,N,G,B,F,A,H,-,D,D,0,Y,,,,Y,,A,01,1,0,0,0,1,0,0,0,0,"- ","- ",38.028919999999999,-121.96521,"CONTRA COSTA",UNINCORPORATED,-121.96831,38.02937
90012422,2015,2015-12-09,9320,2015-08-22,1730,019423,,6,2,9,0700,0,3,5,,2,063,"S. GATE ROAD","EMMONS CANYON DRIVE",200.00,N,N,A,-,Y,,,,,,,,,,N,2,0,1,2,A,-,06,21751,,N,A,G,A,A,H,-,A,D,0,,Y,,,Y,,A,01,1,0,0,0,0,0,1,0,0,"- ","- ",,,"CONTRA COSTA",UNINCORPORATED,,
90017609,2015,2015-10-19,9320,2015-09-03,0700,018449,,4,1,9,0700,0,3,5,,2,040,"SECOND AVENUE SOUTH","TOPSAIL COURT",64.00,E,N,A,-,N,,,,,,,,,,N,2,0,3,4,A,-,03,22350,,N,G,B,D,A,H,-,B,A,0,Y,,,,Y,,A,01,1,1,1,0,3,0,0,0,0,"- ","- ",,,"CONTRA COSTA",UNINCORPORATED,-122.07305985000001,37.981273309999999
90017938,2015,2015-10-19,9320,2015-09-10,1630,019914,,4,2,9,0700,0,1,3,,2,402,"SR-4 EB","SR-242 U/C",180.00,W,N,A,-,Y,,,,,,,,,,Y,2,0,1,1,A,-,07,21658,A,N,E,I,A,A,H,-,A,D,0,,,,,Y,,D,22,1,0,0,0,0,0,0,0,0,"- ","- ",,,"CONTRA COSTA",UNINCORPORATED,,
90033125,2015,2015-10-19,9350,2015-10-10,1350,019798,,6,1,9,0700,0,1,1,,2,115,"I-580 W/B","I-580 TOLL PLAZA",47.00,E,N,A,-,Y,,,,,,,,,,Y,2,0,1,2,A,-,06,21755,,N,B,C,A,A,H,-,A,D,0,,,Y,,Y,,C,02,1,0,0,0,0,0,0,0,1,"- ","- ",37.932160000000003,-122.40297,"CONTRA COSTA",UNINCORPORATED,,
90034504,2015,2015-10-20,9370,2015-10-02,0042,020586,,5,3,5,0710,0,1,1,,2,082,"I-80 EB TO MCDONALD AVE","MCDONALD AVE",214.00,E,N,A,-,Y,,,80,,,,R,,E,Y,2,0,1,1,A,-,01,23152,E,N,F,A,A,A,H,-,C,D,0,,,Y,,Y,,C,02,1,0,0,0,0,0,0,0,1,"- ","- ",37.933349999999997,-122.32584,"CONTRA COSTA",RICHMOND,-122.32584,37.933349999999997
90036090,2015,2015-10-22,9320,2015-10-14,0945,016970,9320,3,1,3,0706,0,1,1,,2,180,"I-80 E/B","CALIFORNIA STREET O/C",500.00,E,N,A,-,Y,,,,,,,,,,Y,2,0,2,2,A,-,03,22350,,N,C,C,A,A,H,-,A,D,0,,,,,Y,,D,22,1,0,1,0,0,0,0,0,0,"- ","- ",,,"CONTRA COSTA",HERCULES,-122.25437685,38.031037660000003
90044827,2015,2015-11-04,9320,2015-08-07,1557,020579,,5,2,9,0700,0,2,4,,2,095,"MARSH CREEK RD","HOFFMAN LN",1056.00,E,N,A,-,Y,,,,,,,,,,Y,1,1,0,3,A,-,03,22350,,N,C,C,A,A,H,-,A,D,0,,,,Y,Y,,D,22,0,0,0,0,0,0,0,0,0,"- ","- ",37.896500000000003,-121.66678,"CONTRA COSTA",UNINCORPORATED,-121.66691992,37.896498889999997
90045102,2015,2015-11-05,9390,2015-10-10,0606,017392,,6,1,4,0790,0,1,1,,2,069,"I-680 NORTHBOUND","SYCAMORE VALLEY RD",1313.00,S,N,A,-,Y,,,680,,,,,,N,Y,2,0,1,2,A,-,03,22350,,N,C,C,A,A,H,-,A,D,0,,,,Y,Y,,A,01,1,0,0,0,0,0,0,0,0,"- ","- ",37.806600000000003,-121.99064,"CONTRA COSTA",DANVILLE,-121.99074294,37.806554390000002
90048588,2015,2015-11-11,9370,2015-10-27,1224,018453,,2,1,5,0710,0,1,1,,2,058,"I-580 E/B","S. 2ND STREET",785.00,W,N,B,-,Y,,,,,,,,,,Y,2,0,2,1,A,-,08,22107,,N,E,I,A,A,H,-,A,D,0,,,,,Y,,A,01,1,0,1,0,0,0,0,0,0,"- ","- ",37.553780000000003,-122.22148,"CONTRA COSTA",RICHMOND,-122.37067334,37.927070000000001
90052491,2015,2015-11-17,9320,2015-11-13,1735,016788,,5,2,3,0702,0,1,3,,1,406,"SR-4 E/B","SAN JOSE AVE U/C",72.00,E,N,A,-,Y,,,,,,,,,,Y,2,0,1,2,A,-,03,22350,,N,C,C,A,A,H,-,D,D,0,,,,,Y,,A,01,1,0,0,0,0,0,0,0,0,"- ","- ",,,"CONTRA COSTA",BRENTWOOD,-121.74012806,37.939676130000002
90052712,2015,2015-11-17,9320,2015-11-04,0223,019253,,3,3,3,0715,0,1,3,,2,241,"SR-24 E/B","OAK HILL RD U/C",200.00,E,N,A,-,Y,,,,,,,,,,Y,2,0,1,2,A,-,01,23152,A,N,C,C,A,A,H,-,D,D,0,,,,,Y,Y,A,01,1,0,0,0,0,0,0,0,0,"- ","- ",,,"CONTRA COSTA",LAFAYETTE,-122.12032124,37.893901839999998
9005397,2019,2020-01-15,0708,2019-11-30,0126,373,0406,6,5,5,0708,0,0,0,,0,005,"BUCHANAN RD","SUZANNE DR",0.00,,Y,A,-,N,,,,,,,,,,N,2,0,1,1,A,-,08,22107,,N,E,I,A,A,H,-,C,A,0,,,,,Y,,A,01,1,0,0,0,0,0,0,0,0,"- ","- ",,,"CONTRA COSTA",PITTSBURG,-121.88008880615234,37.997989654541016
90056197,2015,2015-11-20,9390,2015-09-21,0438,020494,,1,3,4,0791,0,1,1,,2,068,"I-680 SOUTHBOUND","BOLLINGER CANYON ROAD",650.00,S,N,A,-,Y,,,680,,,,,,S,Y,1,1,0,2,A,-,03,22350,,N,C,C,A,A,C,-,D,D,0,,,Y,,Y,,C,02,0,0,0,0,0,0,0,1,0,"- ","- ",37.757770000000001,-121.96407000000001,"CONTRA COSTA","SAN RAMON",-121.96412012,37.757737900000002
9006319,2019,2020-01-07,0702,2019-11-03,2005,509R,228B,7,5,3,0702,0,0,0,,0,002,"LONE TREE WY","SMITH RD",32.00,E,N,A,-,N,,,,,,,,,,Y,2,0,1,1,A,-,08,22107,,N,E,I,A,A,H,-,C,D,0,,,,,Y,,A,01,1,0,0,0,0,0,0,0,0,"- ","- ",37.961250305175781,-121.71195220947266,"CONTRA COSTA",BRENTWOOD,-121.71160125732422,37.961597442626953
90065570,2015,2015-12-04,9320,2015-11-25,1045,016713,,3,1,4,0714,0,1,3,,2,402,"W/B SR-4","MORELLO U/C",528.00,W,N,A,-,Y,,,,,,,,,,Y,2,0,1,1,A,-,08,22107,,N,E,I,A,A,H,-,A,D,0,,,,,Y,,D,22,1,0,0,0,0,0,0,0,0,"- ","- ",,,"CONTRA COSTA",MARTINEZ,,
9006878,2019,2020-02-15,0704,2019-12-24,1252,537,,2,5,6,0704,0,0,0,,0,006,"BAILEY RD","MONROE WY",3.00,S,N,B,-,N,,,,,,,,,,Y,2,0,1,2,A,-,05,21460,A,N,D,C,A,A,H,-,A,A,0,,,Y,,Y,,C,02,1,0,0,0,0,0,0,0,1,"- ","- ",,,"CONTRA COSTA",CONCORD,-121.97121429443359,37.970714569091797
90068909,2015,2015-12-09,9320,2015-12-06,0356,019559,,7,3,9,0700,0,1,1,,2,180,"I-80 W/B","PINOLE VALLEY RD.",3696.00,E,N,B,-,Y,,,,,,,,,,Y,2,0,1,2,A,-,03,22350,,N,C,C,A,A,H,-,D,D,0,,,,,Y,,A,01,1,0,0,0,0,0,0,0,0,"- ","- ",,,"CONTRA COSTA",UNINCORPORATED,-122.27852102,38.005348329999997
90079506,2015,2015-12-21,9320,2015-12-07,0610,019458,,1,1,9,0700,0,2,4,,2,072,"BAILEY RD.","BAILEY RD. S/B OFFRAMP",4.00,S,N,F,-,Y,,,,,,,,,,Y,2,0,1,2,A,-,11,21456,B,N,G,B,B,B,H,-,C,A,0,Y,,,,Y,,N,60,1,0,0,0,1,0,0,0,0,"- ","- ",,,"CONTRA COSTA",UNINCORPORATED,,
90079944,2015,2015-12-22,9320,2015-12-12,2335,018553,,6,3,9,0700,0,2,4,,2,094,"BYRON HWY","N. BRUNS WAY",30.00,S,N,A,-,N,,,,,,,,,,Y,2,0,1,1,A,-,08,22107,,N,E,I,A,A,H,-,D,D,0,,,Y,,Y,,C,02,1,0,0,0,0,0,0,0,1,"- ","- ",,,"CONTRA COSTA",UNINCORPORATED,-121.60471715,37.829330290000001
90080909,2015,2015-12-23,9320,2015-12-10,0345,018525,,4,3,9,0700,0,1,3,,2,403,"SR-4 W/B","BAILEY RD",2640.00,E,N,A,C,Y,,,,,,,,,,Y,2,0,4,3,A,-,08,22107,,N,C,C,A,B,H,-,C,D,0,,,,,Y,,A,01,2,0,2,0,0,0,0,0,0,"- ","- ",,,"CONTRA COSTA",UNINCORPORATED,-121.93271365,38.019110009999999
90085132,2015,2015-12-30,9320,2015-09-06,1835,019608,,7,2,9,0700,0,3,5,,2,090,"BALFOUR ROAD","SELLERS AVE",1130.00,E,N,A,-,N,,,,,,,,,,Y,1,1,0,2,A,-,01,23152,A,N,H,G,A,A,H,-,A,D,0,,Y,,,Y,Y,A,01,0,0,0,0,0,1,0,0,0,"- ","- ",,,"CONTRA COSTA",UNINCORPORATED,-121.67402172,37.925560009999998
90088742,2015,2016-01-05,9320,2015-07-27,1828,019465,,1,2,9,0700,0,2,4,,2,073,"KIRKER PASS RD","HESS RD",2112.00,N,N,A,-,N,,,,,,,,,,Y,1,1,0,1,A,-,01,23152,A,N,F,A,A,A,H,-,A,D,0,,,,,Y,,A,01,0,0,0,0,0,0,0,0,0,"- ","- ",,,"CONTRA COSTA",UNINCORPORATED,-121.92680616,37.967283219999999
90089312,2015,2016-01-06,9320,2015-11-25,1339,010179,,3,1,9,0700,0,2,4,,2,096,"VASCO ROAD","CAMINO DIABLO",1371.00,S,N,A,-,N,,,,,,,,,,Y,2,0,3,3,A,-,08,22107,,N,D,C,A,A,H,-,A,D,0,,,,,Y,,A,01,1,2,0,0,0,0,0,0,0,"- ","- ",,,"CONTRA COSTA",UNINCORPORATED,-121.66764000000001,37.865209999999998
90093261,2015,2016-01-12,9320,2015-12-31,1810,016788,,4,2,9,0700,0,1,3,,1,406,SR-4,"NEWPORT DR",169.00,W,N,A,-,Y,,,,,,,,,,N,2,0,1,2,A,-,05,21650,,N,B,G,A,A,H,-,D,D,0,,Y,,,Y,,L,04,1,0,0,0,0,0,1,0,0,"- ","- ",,,"CONTRA COSTA",UNINCORPORATED,-121.61565572000001,37.889339999999997
90095054,2016,2016-01-14,9320,2016-01-01,2255,020222,,5,3,9,0700,0,2,4,,2,031,"VAQUEROS AVE","TORMEY AVE",124.00,S,N,A,-,N,,,,,,,,,,Y,2,0,3,6,A,-,03,22350,,F,D,C,A,A,H,-,C,D,0,,,,,Y,,A,07,2,1,0,0,0,0,0,0,0,"- ","- ",38.03537,-122.26501,"CONTRA COSTA",UNINCORPORATED,-122.26499869,38.035522550000003
90104753,2016,2016-01-28,9320,2016-01-08,0047,018525,,5,3,5,0701,0,1,3,,2,400,"SR-4 E/B","HILLCREST AVE",2640.00,W,N,A,-,Y,,,,,,,,,,Y,2,0,1,2,A,-,05,21651,A,F,A,C,A,A,D,-,C,D,0,,,,,Y,,A,01,1,0,0,0,0,0,0,0,0,"- ","- ",,,"CONTRA COSTA",ANTIOCH,-121.7942343,37.99756945
90106685,2016,2016-02-01,9320,2016-01-18,0600,019086,,1,1,9,0700,0,2,4,,2,011,"VALLEY VIEW RD","SOBRANTE AVE",0.00,,Y,B,C,N,,,,,,,,,,Y,2,0,2,2,A,-,12,21453,A,N,D,C,A,B,H,-,C,A,0,,,,,Y,,-,"- ",1,0,1,0,0,0,0,0,0,"- ","- ",37.977739999999997,-122.29343,"CONTRA COSTA",UNINCORPORATED,-122.29350986,37.977679979999998
90106836,2016,2016-02-01,9320,2016-01-19,0852,018959,,2,1,9,0700,0,1,3,,2,240,"SR-24 E/B","CAMINO PABLO U/C",1684.00,W,N,B,C,Y,,,,,,,,,,Y,2,0,2,5,A,-,03,22350,,N,E,I,A,B,H,-,A,D,0,,,,,Y,,A,01,1,0,1,0,0,0,0,0,0,"- ","- ",,,"CONTRA COSTA",UNINCORPORATED,-122.18683473,37.874671450000001
90106851,2016,2016-02-01,9320,2016-01-24,1610,019522,,7,2,5,0708,0,1,3,,2,403,"SR-4 W/B","SAN MARCO BLVD.",78.00,W,N,A,-,Y,,,,,,,,,,Y,2,0,1,1,A,-,03,22350,,N,E,I,A,A,H,-,A,D,0,,,Y,,Y,,C,02,1,0,0,0,0,0,0,0,1,"- ","- ",,,"CONTRA COSTA",PITTSBURG,-121.96614345,38.022849710000003
90107646,2015,2016-02-02,9320,2015-10-14,2155,018553,,3,2,5,0712,0,1,1,,2,682,"I-680 S/B TO SR-24 W/B","YGNACIO VALLEY RD.",237.00,N,N,A,-,Y,,,,,,,,,,Y,1,1,2,3,A,-,03,22350,,N,C,C,A,A,H,-,D,D,0,,,,Y,Y,Y,A,07,1,1,0,0,0,0,0,0,0,"- ","- ",,,"CONTRA COSTA","WALNUT CREEK",-122.06947783,37.90621822
90108182,2016,2016-02-03,9390,2016-01-23,0030,020148,,6,3,4,0791,0,1,1,,2,068,"INTERSTATE 680 SOUTHBOUND","MONTEVIDEO DRIVE UNDERCROSSING",500.00,N,N,B,C,Y,,,,,,,,,,Y,2,0,2,2,A,-,01,23152,A,N,C,C,A,B,H,-,C,D,0,,,,Y,Y,Y,A,07,1,0,1,0,0,0,0,0,0,"- ","- ",37.4452,-121.5728,"CONTRA COSTA","SAN RAMON",,
90108349,2015,2016-02-03,9320,2015-10-03,2330,020196,,6,3,9,0700,0,2,4,,2,076,"MORGAN TERRITORY RD","LEON LANE",247.00,N,N,A,-,Y,,,,,,,,,,Y,1,1,0,1,A,-,01,23152,A,N,F,A,A,A,H,-,D,D,0,,,Y,,Y,Y,C,02,0,0,0,0,0,0,0,1,0,"- ","- ",37.876249999999999,-121.86154999999999,"CONTRA COSTA",UNINCORPORATED,-121.85903881,37.876118769999998
90115625,2016,2016-02-16,9320,2016-02-02,1155,016503,,2,1,5,0708,0,1,3,,2,403,"SR-4 E/B","WILLOW PASS RD. (CONCORD)",5280.00,E,N,B,-,Y,,,,,,,,,,Y,2,0,2,4,A,-,08,22107,,N,F,C,A,B,H,-,A,D,0,,,,,Y,,A,01,1,0,1,0,0,0,0,0,0,"- ","- ",,,"CONTRA COSTA",PITTSBURG,-121.99728,38.013570000000001
90118295,2015,2016-02-18,9320,2015-09-25,1720,018371,,5,2,9,0700,0,2,4,,2,012,"SAN PABLO DAM ROAD","TRI LANE",2640.00,E,N,A,-,N,,,,,,,,,,Y,1,1,3,2,A,-,05,21460,A,N,A,C,A,A,H,-,A,D,0,,,,,Y,,A,01,0,0,3,0,0,0,0,0,0,"- ","- ",,,"CONTRA COSTA",UNINCORPORATED,-122.26526758999999,37.942306350000003
90119760,2016,2016-02-22,9320,2016-02-13,1335,019190,,6,1,9,0700,0,2,4,,2,022,"WILDCAT CANYON ROAD","CAMINO PABLO",1056.00,E,N,A,-,N,,,,,,,,,,N,2,0,1,1,A,-,03,22350,,N,F,A,A,A,H,-,A,D,0,,Y,,,Y,,L,04,1,0,0,0,0,0,1,0,0,"- ","- ",37.540649999999999,-122.12508,"CONTRA COSTA",UNINCORPORATED,-122.2105,37.899529999999999
90123152,2015,2016-02-24,9320,2015-08-30,0125,020196,,7,3,9,0700,0,2,4,,2,077,"MARSH CREEK ROAD","10030 MARSH CREEK RD",286.00,E,N,A,-,Y,,,,,,,,,,Y,1,1,0,1,A,-,01,23152,A,N,E,I,A,A,H,-,D,D,0,,,Y,,Y,Y,C,02,0,0,0,0,0,0,0,1,0,"- ","- ",37.912230000000001,-121.88448,"CONTRA COSTA",UNINCORPORATED,,
90123404,2016,2016-05-24,9320,2016-02-17,1653,017906,,3,2,6,0704,0,1,1,,2,683,"I-680 S/B","WILLOW PASS RD U/C",1281.00,S,N,A,-,Y,,,,,,,,,,Y,1,1,0,1,A,-,08,22107,,N,F,I,A,A,H,-,A,D,0,,,,,Y,,A,01,0,0,0,0,0,0,0,0,0,"- ","- ",,,"CONTRA COSTA",CONCORD,-122.05429207,37.962878940000003
90126845,2016,2016-03-01,9320,2016-02-29,0422,019253,,1,3,9,0700,0,1,3,,2,401,"SR-4 W/B","MCEWEN RD U/C",500.00,W,N,E,-,Y,,,,,,,,,,Y,2,0,2,1,A,-,03,22350,,N,E,I,A,A,H,-,D,D,0,,,,,Y,,A,01,1,1,0,0,0,0,0,0,0,"- ","- ",,,"CONTRA COSTA",UNINCORPORATED,-122.17919999999999,38.015611999999997
90132979,2015,2016-03-09,9320,2015-11-30,1140,018042,,1,1,9,0700,0,2,4,,2,073,"KIRKER PASS RD N/B","HESS ROAD",2112.00,N,N,B,-,Y,,,,,,,,,,Y,1,1,0,1,A,-,08,22107,,N,F,I,A,A,H,-,A,D,0,,,,,Y,,A,01,0,0,0,0,0,0,0,0,0,"- ","- ",,,"CONTRA COSTA",UNINCORPORATED,-121.92680616,37.967283219999999
90134471,2015,2016-03-11,9320,2015-11-21,1235,019086,,6,1,9,0700,0,1,3,,2,403,"SR-4 W/B","RAILROAD AVE",2500.00,W,N,A,-,Y,,,,,,,,,,Y,2,0,1,3,A,-,03,22350,,F,F,A,A,A,H,-,A,D,0,,,Y,,Y,,C,02,1,0,0,0,0,0,0,0,1,"- ","- ",38.019930000000002,-121.90134,"CONTRA COSTA",UNINCORPORATED,-121.89776637999999,38.019285840000002
90135578,2016,2016-03-14,9320,2016-03-01,2030,018371,,2,2,9,0700,0,1,1,,2,180,"INTERSTATE 80 EASTBOUND","CUMMINGS SKYWAY O/C",1477.00,W,N,A,-,Y,,,,,,,,,,Y,2,0,1,3,A,-,03,22350,,N,C,C,A,A,C,-,D,D,0,,,Y,,Y,,C,02,1,0,0,0,0,0,0,0,1,"- ","- ",,,"CONTRA COSTA",UNINCORPORATED,-122.24184830999999,38.042457910000003
90138349,2016,2016-03-16,9370,2016-03-05,2350,017211,,6,3,5,0710,0,1,1,,2,058,"I-580 W/B","BAYVIEW AVE",400.00,W,N,B,-,Y,,,580,,,,,,W,Y,2,0,1,1,A,-,08,22107,,N,E,I,A,B,H,-,D,D,0,,,,,Y,,A,01,1,0,0,0,0,0,0,0,0,"- ","- ",37.914160000000003,-122.32534,"CONTRA COSTA",RICHMOND,-122.32542893,37.914079800000003
90142601,2015,2016-03-24,9370,2015-11-21,1535,020425,,6,2,5,0710,0,1,1,,2,083,"I-80 W/B","HILLTOP DRIVE",972.00,E,N,A,-,Y,,,80,,,,,,W,Y,2,0,1,1,A,-,08,22107,,N,E,I,A,A,H,-,A,D,0,,,,,Y,,A,07,1,0,0,0,0,0,0,0,0,"- ","- ",37.978439999999999,-122.31780999999999,"CONTRA COSTA",RICHMOND,-122.3176972,37.978402109999998
90153525,2016,2016-04-08,9320,2016-04-06,0845,016970,9320,3,1,9,0700,0,2,4,,2,034,"W/B CUMMINGS SKYWAY","SAN PABLO AVENUE",425.00,E,N,A,-,N,,,,,,,,,,N,2,0,1,1,A,-,03,22350,,N,F,A,A,A,H,-,A,D,0,,Y,,,Y,,L,04,1,0,0,0,0,0,1,0,0,"- ","- ",,,"CONTRA COSTA",UNINCORPORATED,-122.24222213,38.049954020000001
90157910,2016,2016-07-05,9320,2016-01-12,2145,020498,,2,2,9,0700,0,1,3,,2,402,"E/B SR-4 TO I-680 S/B","I-680 S/B",528.00,W,N,B,-,Y,,,4,,,,R,,,Y,1,1,0,1,A,-,08,22107,,N,E,I,A,A,H,-,C,D,0,,,,,Y,,D,22,0,0,0,0,0,0,0,0,0,"- ","- ",37.993510000000001,-122.07067000000001,"CONTRA COSTA",UNINCORPORATED,-122.07067000000001,37.993510000000001