CASE_ID,ACCIDENT_YEAR,PROC_DATE,JURIS,COLLISION_DATE,COLLISION_TIME,OFFICER_ID,REPORTING_DISTRICT,DAY_OF_WEEK,CHP_SHIFT,POPULATION,CNTY_CITY_LOC,SPECIAL_COND,BEAT_TYPE,CHP_BEAT_TYPE,CITY_DIVISION_LAPD,CHP_BEAT_CLASS,BEAT_NUMBER,PRIMARY_RD,SECONDARY_RD,DISTANCE,DIRECTION,INTERSECTION,WEATHER_1,WEATHER_2,STATE_HWY_IND,CALTRANS_COUNTY,CALTRANS_DISTRICT,STATE_ROUTE,ROUTE_SUFFIX,POSTMILE_PREFIX,POSTMILE,LOCATION_TYPE,RAMP_INTERSECTION,SIDE_OF_HWY,TOW_AWAY,COLLISION_SEVERITY,NUMBER_KILLED,NUMBER_INJURED,PARTY_COUNT,PRIMARY_COLL_FACTOR,PCF_CODE_OF_VIOL,PCF_VIOL_CATEGORY,PCF_VIOLATION,PCF_VIOL_SUBSECTION,HIT_AND_RUN,TYPE_OF_COLLISION,MVIW,PED_ACTION,ROAD_SURFACE,ROAD_COND_1,ROAD_COND_2,LIGHTING,CONTROL_DEVICE,CHP_ROAD_TYPE,PEDESTRIAN_ACCIDENT,BICYCLE_ACCIDENT,MOTORCYCLE_ACCIDENT,TRUCK_ACCIDENT,NOT_PRIVATE_PROPERTY,ALCOHOL_INVOLVED,STWD_VEHTYPE_AT_FAULT,CHP_VEHTYPE_AT_FAULT,COUNT_SEVERE_INJ,COUNT_VISIBLE_INJ,COUNT_COMPLAINT_PAIN,COUNT_PED_KILLED,COUNT_PED_INJURED,COUNT_BICYCLIST_KILLED,COUNT_BICYCLIST_INJURED,COUNT_MC_KILLED,COUNT_MC_INJURED,PRIMARY_RAMP,SECONDARY_RAMP,LATITUDE,LONGITUDE,COUNTY,CITY,POINT_X,POINT_Y
90157933,2016,2016-04-14,9320,2016-03-10,0040,019522,,4,3,9,0700,0,2,4,,2,094,"BYRON HWY.","N. BRUNS WAY",30.00,S,N,A,-,N,,,,,,,,,,Y,2,0,2,1,A,-,01,23152,A,N,F,A,A,A,H,-,C,D,0,,,,,Y,Y,A,01,1,1,0,0,0,0,0,0,0,"- ","- ",,,"CONTRA COSTA",UNINCORPORATED,-121.60471715,37.829330290000001
90158576,2015,2016-04-15,9370,2015-10-25,0405,020986,,7,3,4,0711,0,1,1,,2,083,"I-80 W/B","SAN PABLO DAM ROAD",51.00,E,N,A,-,Y,,,80,,,,,,W,Y,1,1,0,1,A,-,08,22107,,N,E,I,A,A,H,-,D,D,0,,,,,Y,,A,08,0,0,0,0,0,0,0,0,0,"- ","- ",37.9559,-122.33009,"CONTRA COSTA","SAN PABLO",-122.32998693,37.955962040000003
90161595,2016,2016-04-20,9320,2016-04-12,0500,016970,9320,2,3,3,0792,0,1,3,,2,240,"SR-24 W/B","CAMINO PABLO UNDER CROSSING",100.00,E,N,A,-,Y,,,,,,,,,,Y,2,0,1,1,A,-,08,22107,,N,E,I,A,A,H,-,C,D,0,,,,,Y,,A,01,1,0,0,0,0,0,0,0,0,"- ","- ",,,"CONTRA COSTA",ORINDA,,
9016276,2020,2020-06-15,0704,2020-02-03,1727,615,SOUTH,1,5,6,0704,0,0,0,,0,002,"EAST ST","SALVIO ST",180.00,N,N,A,-,N,,,,,,,,,,,2,0,1,2,A,-,01,23153,,N,G,B,E,A,H,-,C,D,0,Y,,,,Y,Y,D,22,1,0,0,0,1,0,0,0,0,"- ","- ",,,"CONTRA COSTA",CONCORD,-122.03166198730469,37.979560852050781
90168116,2016,2016-04-28,9320,2016-04-17,0600,017508,,7,1,3,0706,0,1,1,,2,180,"I-80 W/B","HERCULES OFF RAMP",80.00,W,N,A,-,Y,,,80,,,,,,W,Y,2,0,1,1,A,-,08,22107,,N,E,I,A,A,H,-,B,D,0,,,,,Y,,A,01,1,0,0,0,0,0,0,0,0,"- ","- ",38.016280000000002,-122.26833999999999,"CONTRA COSTA",HERCULES,-122.26834789999999,38.016287370000001
9016822,2020,2020-02-24,0709,2020-01-29,1330,411,2160,3,5,4,0709,0,0,0,,0,001,"GREGORY LN","HELEN RD",0.00,,-,A,-,N,,,,,,,,,,Y,2,0,3,2,A,-,05,21650,,N,A,C,A,A,H,-,A,D,0,,,,,Y,,A,01,1,2,0,0,0,0,0,0,0,"- ","- ",37.948001861572266,-122.074951171875,"CONTRA COSTA","PLEASANT HILL",-122.074951171875,37.947921752929688
90170583,2016,2016-05-02,9320,2016-04-24,0312,019559,,7,3,9,0700,0,1,3,,2,402,"SR-4 E/B","WILLOW PASS RD.",2550.00,W,N,A,-,Y,,,,,,,,,,Y,2,0,4,3,A,-,03,22350,,N,C,C,E,A,H,-,C,D,0,Y,,,,Y,Y,A,01,2,0,2,0,1,0,0,0,0,"- ","- ",,,"CONTRA COSTA",UNINCORPORATED,-122.00557999999999,38.012120000000003
90172550,2016,2016-05-04,9320,2016-05-03,0940,016503,,2,1,9,0700,0,1,3,,1,406,SR-4,"BYRON HIGHWAY",0.00,,Y,A,-,Y,,,,,,,,,,Y,2,0,2,2,A,-,12,21453,A,N,D,C,A,A,H,-,A,A,0,,,,,Y,,A,01,1,0,1,0,0,0,0,0,0,"- ","- ",,,"CONTRA COSTA",UNINCORPORATED,-121.64093,37.890389919999997
90181049,2016,2016-05-17,9320,2016-05-08,2115,020667,,7,2,5,0708,0,1,3,,2,404,"SR-4 (W/B) TO CALIFORNIA AVE","CALIFORNIA AVE",15.00,S,N,B,-,Y,,,4,,,,R,,,Y,2,0,1,1,A,-,01,23152,A,N,E,I,A,A,H,-,C,A,0,,,,,Y,Y,A,01,1,0,0,0,0,0,0,0,0,"- ","- ",38.012880000000003,-121.86848000000001,"CONTRA COSTA",PITTSBURG,-121.86848000000001,38.012880000000003
90184465,2016,2016-05-23,9370,2016-05-15,1620,021215,,7,2,5,0710,0,1,1,,2,058,"I-580 E/B TO REGATTA BOULEVARD","REGATTA BOULEVARD",835.00,W,N,A,-,Y,,,580,,,,R,,E,Y,2,0,1,1,A,-,08,22107,,N,E,I,A,A,H,-,A,D,0,,,,,Y,,A,01,1,0,0,0,0,0,0,0,0,"- ","- ",37.920670000000001,-122.3351,"CONTRA COSTA",RICHMOND,-122.3351,37.920670000000001
90186192,2016,2016-05-24,9390,2016-03-13,1215,019917,,7,1,4,0790,0,1,1,,2,069,"I-680 SOUTHBOUND","SYCAMORE VALLEY ROAD O/C",4752.00,S,N,C,-,Y,,,680,,,,,,S,Y,1,2,2,5,A,-,03,22350,,N,G,B,E,B,H,-,A,D,0,Y,,,,Y,,D,22,1,0,1,1,1,0,0,0,0,"- ","- ",37.800620000000002,-121.98829000000001,"CONTRA COSTA",DANVILLE,-121.98836470000001,37.800580670000002
90186877,2016,2016-05-25,9320,2016-05-02,2116,020667,,1,2,9,0700,0,1,1,,2,684,"I-680 (S/B)","MARINA VISTA RD",450.00,N,N,A,-,Y,,,,,,,,,,Y,2,0,9,4,A,-,08,22107,,N,D,C,A,A,H,-,D,D,0,,,,,Y,,A,01,2,2,5,0,0,0,0,0,0,"- ","- ",38.003149999999998,-122.04464,"CONTRA COSTA",UNINCORPORATED,,
90187423,2016,2016-05-25,9320,2016-05-16,1158,016970,9320,1,1,3,0707,0,1,1,,2,180,"E/B I-80","PINOLE VALLEY ROAD",300.00,W,N,A,-,Y,,,,,,,,,,Y,2,0,2,1,A,-,08,22107,,N,E,I,A,A,H,-,A,D,0,,,,,Y,,A,01,1,1,0,0,0,0,0,0,0,"- ","- ",,,"CONTRA COSTA",PINOLE,,
9018963,2019,2020-02-05,0704,2019-12-22,1815,0588,,7,5,6,0704,0,0,0,,0,005,"WILLOW PASS RD","AVILA RD",9.00,S,N,A,-,N,,,,,,,,,,Y,2,0,2,2,A,-,05,21460,A,N,A,C,A,A,H,-,D,D,0,,,,,Y,,A,08,2,0,0,0,0,0,0,0,0,"- ","- ",,,"CONTRA COSTA",CONCORD,-121.99708557128906,38.011177062988281
90190100,2016,2016-05-31,9370,2016-05-19,1833,020734,,4,2,9,0700,0,3,5,,2,012,"TARA HILLS DRIVE","CORNELIUS DRIVE",0.00,,Y,A,-,Y,,,,,,,,,,Y,2,0,2,2,A,-,05,21651,A,N,A,C,A,A,H,-,A,D,0,,,,,Y,,A,01,1,1,0,0,0,0,0,0,0,"- ","- ",37.997799999999998,-122.31236,"CONTRA COSTA",UNINCORPORATED,-122.31235999,37.99778998
90193368,2016,2016-06-02,9320,2016-06-01,0655,016503,,3,1,9,0700,0,2,4,,2,088,"SELLERS AVE.","DELTA RD.",550.00,S,N,A,-,N,,,,,,,,,,N,2,0,1,2,A,-,08,22107,,F,C,G,A,A,H,-,A,D,0,,Y,,,Y,,-,99,1,0,0,0,0,0,1,0,0,"- ","- ",,,"CONTRA COSTA",UNINCORPORATED,-121.67764541,37.967349319999997
90202429,2016,2016-06-15,9320,2016-06-06,0720,016970,9320,1,1,3,0707,0,1,1,,2,180,"I-80 W/B","APPIAN WAY",340.00,E,N,A,-,Y,,,,,,,,,,Y,2,0,1,3,A,-,08,22107,,M,B,C,A,A,H,-,A,D,0,,,Y,,Y,,C,02,1,0,0,0,0,0,0,0,1,"- ","- ",,,"CONTRA COSTA",PINOLE,-122.30168999999999,37.993490000000001
90204120,2016,2016-06-17,9390,2016-04-22,1102,017392,,5,1,4,0790,0,1,1,,2,069,"I-680 S/B","SYCAMORE VALLEY ROAD",3168.00,S,N,B,C,Y,,,680,,,,,,S,Y,1,1,0,2,A,-,03,22350,,N,E,I,A,B,H,-,A,D,0,,,,,Y,,A,01,0,0,0,0,0,0,0,0,0,"- ","- ",37.798900000000003,-121.98712,"CONTRA COSTA",DANVILLE,-121.98726693,37.798795290000001
90205199,2016,2016-06-20,9390,2016-05-28,0652,017392,,6,1,9,0700,0,2,4,,2,111,"BLACKHAWK ROAD","BLACK HAWK EXECUTIVE DR",664.00,N,N,A,-,N,,,,,,,,,,Y,2,0,1,1,A,-,08,22107,,N,E,I,A,A,H,-,A,D,0,,,,,Y,,A,01,1,0,0,0,0,0,0,0,0,"- ","- ",37.801169999999999,-121.92138,"CONTRA COSTA",UNINCORPORATED,-121.92168027,37.802330769999998
90212777,2016,2016-06-30,9320,2016-06-17,2300,018525,,5,3,9,0700,0,2,4,,2,094,"BYRON HIGHWAY","KELLOGG CREEK RD",1056.00,N,N,A,-,N,,,,,,,,,,Y,2,0,6,2,A,-,01,23152,A,F,C,C,A,A,H,-,D,D,0,,,,,Y,Y,A,01,4,1,1,0,0,0,0,0,0,"- ","- ",,,"CONTRA COSTA",UNINCORPORATED,-121.64146562000001,37.88491045
90224305,2016,2016-07-18,9320,2016-05-28,0135,019151,,6,3,3,0706,0,1,1,,2,180,"I-80 W/B","SR-4 U/C WEST EDGE",20.00,W,N,A,-,Y,,,,,,,,,,Y,2,0,1,2,A,-,03,22350,,F,C,C,A,A,H,-,C,D,0,,,Y,,Y,,A,07,1,0,0,0,0,0,0,0,1,"- ","- ",,,"CONTRA COSTA",HERCULES,-122.26951995,38.015025059999999
90225241,2016,2016-07-19,9320,2016-06-24,1705,019458,,5,2,9,0700,0,1,1,,2,681,"I-680 N/B","LIVORNA ROAD U/C",30.00,S,N,A,-,Y,,,,,,,,,,Y,2,0,1,3,A,-,07,21658,A,N,B,C,A,A,H,-,A,D,0,,,Y,,Y,,C,02,1,0,0,0,0,0,0,0,1,"- ","- ",,,"CONTRA COSTA",UNINCORPORATED,-122.0352455,37.863322529999998
90227873,2016,2016-07-21,9320,2016-07-12,0803,016824,,2,1,3,0715,0,1,3,,2,241,"SR-24 E/B","ACALANES ROAD U/C",0.00,,N,A,-,Y,,,,,,,,,,Y,2,0,1,3,A,-,03,22350,,N,C,C,A,A,H,-,A,D,0,,,,,Y,,A,01,1,0,0,0,0,0,0,0,0,"- ","- ",,,"CONTRA COSTA",LAFAYETTE,-122.15439999,37.89182993
90229209,2016,2017-01-19,9320,2016-07-05,0250,020192,,2,3,5,0701,0,1,3,,2,404,"SR-4 E/B","HILLCREST AVE",0.00,,N,A,-,Y,,,,,,,,,,Y,2,0,2,1,A,-,08,22107,,N,E,I,A,A,H,-,C,D,0,,,,,Y,,A,01,2,0,0,0,0,0,0,0,0,"- ","- ",,,"CONTRA COSTA",ANTIOCH,-121.78527993,37.996029960000001
9023206,2019,2020-02-13,0711,2019-12-31,0315,S1063,,2,5,4,0711,0,0,0,,0,002,"SAN PABLO DAM RD","VENTURA AV",48.00,W,N,A,-,N,,,,,,,,,,Y,2,0,2,1,A,-,08,22107,,N,E,I,A,A,H,-,C,A,0,,,,,Y,,A,01,1,0,1,0,0,0,0,0,0,"- ","- ",,,"CONTRA COSTA","SAN PABLO",-122.33111572265625,37.954681396484375
90236486,2016,2016-08-03,9320,2016-07-27,0055,020579,,3,3,9,0700,0,1,3,,2,405,"SR-4 W/B","SR-160 O/C",905.00,W,N,A,-,Y,,,,,,,,,,Y,2,0,1,2,A,-,05,21651,B,N,A,C,A,A,D,-,D,D,0,,,Y,,Y,,C,02,1,0,0,0,0,0,0,0,1,"- ","- ",37.991079999999997,-121.76228999999999,"CONTRA COSTA",UNINCORPORATED,-121.76695315000001,37.99241559
90237315,2016,2016-08-04,9320,2016-07-28,1818,018371,,4,2,3,0706,0,1,1,,2,180,"I-80 E/B TO SR-4 E/B TRANSITION","I-80 OVERCROSSING",397.00,E,N,A,-,Y,,,,,,,,,,Y,2,0,1,1,C,-,18,,,N,E,I,A,D,H,-,A,D,0,,,Y,,Y,,-,"- ",1,0,0,0,0,0,0,0,1,"- ","- ",,,"CONTRA COSTA",HERCULES,-122.27903288,38.004548219999997
9023831,2019,2020-01-23,0710,2019-11-27,1817,1605,NORTH,3,5,5,0710,0,0,0,,0,009,"HILLTOP DR","PARK CENTRAL",427.00,W,N,B,-,N,,,,,,,,,,Y,2,0,1,2,A,-,08,22107,,N,G,B,E,B,H,-,C,A,0,Y,,,,Y,,A,01,1,0,0,0,1,0,0,0,0,"- ","- ",,,"CONTRA COSTA",RICHMOND,-122.31481170654297,37.976211547851562
90251021,2016,2016-09-07,9320,2016-04-05,1238,018553,,2,1,5,0712,0,1,1,,2,682,"I-680 NORTHBOUND","TREAT BLVD. OVERCROSSING",1136.00,S,N,A,-,Y,,,,,,,,,,Y,1,1,1,4,A,-,08,22107,,N,D,C,A,A,H,-,A,D,0,,,Y,,Y,,A,01,0,1,0,0,0,0,0,1,0,"- ","- ",,,"CONTRA COSTA","WALNUT CREEK",-122.06100231000001,37.9233519
90251099,2016,2016-08-23,9320,2016-08-15,0419,020295,,1,3,9,0700,0,1,1,,2,683,"I-680 N/B","WILLOW PASS RD.",2112.00,S,N,A,-,Y,,,,,,,,,,Y,2,0,1,1,A,-,08,22107,,N,E,I,A,A,H,-,C,D,0,,,,,Y,,A,01,1,0,0,0,0,0,0,0,0,"- ","- ",37.960619999999999,-122.05305,"CONTRA COSTA",UNINCORPORATED,-122.05307849,37.960855909999999
90257281,2016,2016-08-30,9320,2016-08-13,1404,019465,,6,2,9,0700,0,1,1,,2,683,"I-680 N/B","BNSF RAILROAD",482.00,N,N,A,-,Y,,,,,,,,,,Y,2,0,1,1,A,-,08,22107,,N,E,I,A,A,H,-,A,D,0,,,Y,,Y,,C,02,1,0,0,0,0,0,0,0,1,"- ","- ",,,"CONTRA COSTA",UNINCORPORATED,,
90260030,2016,2016-09-02,9320,2016-08-27,0030,018525,,6,3,9,0700,0,1,3,,1,406,"SR-4 E/B","SELLERS AVE",2496.00,E,N,A,-,Y,,,,,,,,,,Y,2,0,2,1,A,-,08,22107,,N,E,I,A,A,H,-,D,D,0,,,,Y,Y,,F,26,2,0,0,0,0,0,0,0,0,"- ","- ",,,"CONTRA COSTA",UNINCORPORATED,,
90260116,2016,2016-09-02,9320,2016-07-24,0210,019535,,7,3,6,0704,0,1,3,,2,242,"SR-242 S/B","OLIVERA RD O/C",465.00,S,N,A,-,Y,,,,,,,,,,N,1,1,0,2,C,-,18,,,F,G,B,E,A,H,-,D,D,0,Y,,,,Y,,-,"- ",0,0,0,1,0,0,0,0,0,"- ","- ",,,"CONTRA COSTA",CONCORD,-122.03887048,37.996250760000002
90260133,2016,2016-09-02,9320,2016-05-09,1745,016636,,1,2,5,0708,0,1,3,,2,404,"SR-4 EB","CENTURY BLVD U/C",191.00,W,N,A,-,Y,,,,,,,,,,Y,1,1,1,2,A,-,03,22350,,N,C,C,A,A,H,-,A,D,0,,,,,Y,,A,01,0,1,0,0,0,0,0,0,0,"- ","- ",,,"CONTRA COSTA",PITTSBURG,-121.85559446000001,38.009056409999999
90260487,2016,2016-09-05,9370,2016-08-20,0450,021050,,6,3,5,0710,0,1,1,,2,082,"I-80 E/B","CARLSON BLVD",230.00,E,N,A,-,Y,,,80,,,,,,E,Y,2,0,1,1,A,-,01,23152,A,N,E,I,A,A,H,-,D,D,0,,,,,Y,Y,A,01,1,0,0,0,0,0,0,0,0,"- ","- ",37.91169,-122.31743,"CONTRA COSTA",RICHMOND,-122.31731332,37.911691140000002
90261470,2016,2016-09-06,9320,2016-08-27,1450,020026,,6,2,9,0700,0,3,5,,2,010,"LA COLINA RD","LA CRESENTA RD",135.00,N,N,A,-,N,,,,,,,,,,Y,2,0,1,2,A,-,08,22107,,N,B,C,A,A,H,-,A,D,0,,,,,Y,,A,01,1,0,0,0,0,0,0,0,0,"- ","- ",,,"CONTRA COSTA",UNINCORPORATED,-122.30851432999999,37.964477649999999
90262916,2016,2016-09-07,9320,2016-09-06,0555,016503,,2,3,9,0700,0,2,4,,2,073,"KIRKER PASS RD.","N. HESS RD.",3696.00,N,N,A,-,N,,,,,,,,,,Y,2,0,2,2,A,-,03,22350,,N,C,C,A,A,H,-,D,D,0,,,,,Y,,A,01,1,1,0,0,0,0,0,0,0,"- ","- ",,,"CONTRA COSTA",UNINCORPORATED,-121.9225727,37.970036270000001
90264007,2016,2016-09-08,9320,2016-08-26,0138,020579,,5,3,6,0704,0,1,3,,2,402,"SR-4 E/B","SOLANO WAY",250.00,E,N,A,-,Y,,,4,,,,,,E,Y,2,0,1,1,A,-,01,23152,A,N,F,A,A,A,H,-,D,D,0,,,,,Y,Y,A,07,1,0,0,0,0,0,0,0,0,"- ","- ",38.001089999999998,-122.05085,"CONTRA COSTA",CONCORD,-122.05093964,38.001456320000003
90269530,2016,2016-09-19,9370,2016-08-21,1915,021050,,7,2,9,0700,0,3,5,,2,010,"DUBOCE AVENUE","YORK STREET",0.00,,Y,A,-,N,,,,,,,,,,Y,2,0,1,3,A,-,01,23152,A,F,D,C,A,A,H,-,A,D,0,,,,,Y,Y,A,07,1,0,0,0,0,0,0,0,0,"- ","- ",37.952680000000001,-122.36884999999999,"CONTRA COSTA",UNINCORPORATED,-122.3688599,37.952669899999997
90272051,2016,2016-09-20,9320,2016-09-09,1310,019086,,5,1,9,0700,0,2,4,,2,071,"WILLOW PASS RD","EVORA RD",70.00,E,N,A,-,Y,,,,,,,,,,N,2,0,1,3,A,-,11,21956,,N,G,B,E,A,H,-,A,D,0,Y,,,,Y,,N,60,1,0,0,0,1,0,0,0,0,"- ","- ",38.024619999999999,-121.96365,"CONTRA COSTA",UNINCORPORATED,-121.99870068,38.014643730000003
9027530,2020,2020-03-03,0700,2020-01-29,1641,OA034,DELTA,3,5,3,0734,0,0,0,,0,051,"MAIN ST","VINTAGE PKWY",0.00,,Y,A,-,N,,,,,,,,,,N,2,0,1,2,A,-,10,21950,A,N,G,B,B,A,H,-,A,A,0,Y,,,,Y,,D,22,1,0,0,0,1,0,0,0,0,"- ","- ",,,"CONTRA COSTA",OAKLEY,-121.71884155273438,37.997810363769531
90288908,2016,2016-10-11,9320,2016-10-04,0815,018959,,2,1,9,0700,0,3,5,,2,010,"CALIFORNIA ST.","TRIGGER RD.",72.00,S,N,B,-,Y,,,,,,,,,,N,2,0,1,4,A,-,08,22107,,N,A,E,E,A,H,-,A,D,0,Y,,,,Y,,A,01,1,0,0,0,1,0,0,0,0,"- ","- ",,,"CONTRA COSTA",UNINCORPORATED,-122.26250914000001,38.038615929999999
90292333,2016,2016-10-14,9320,2016-10-08,0730,019086,,6,1,9,0700,0,2,4,,2,011,"GARDEN RD","ANAHID LN",10.00,E,N,A,-,N,,,,,,,,,,N,2,0,1,1,A,-,08,22107,,N,F,A,A,A,H,-,A,D,0,,,Y,,Y,,C,02,1,0,0,0,0,0,0,0,1,"- ","- ",37.968139999999998,-122.31057,"CONTRA COSTA",UNINCORPORATED,-122.31053143,37.968033210000002
90295456,2016,2016-10-19,9320,2016-10-08,1325,019458,,6,1,9,0700,0,3,5,,2,092,"CLIPPER DR","DISCOVERY BAY BLVD.",18.00,W,N,A,-,Y,,,,,,,,,,Y,2,0,2,3,A,-,08,22107,,N,D,C,A,A,H,-,A,A,0,,,,,Y,,A,07,1,0,1,0,0,0,0,0,0,"- ","- ",,,"CONTRA COSTA",UNINCORPORATED,-121.60228239,37.892050330000004
90295999,2016,2016-10-19,9320,2016-10-14,1250,019522,,5,1,9,0700,0,1,3,,2,400,"SR-4 E/B","CHRISTIE RD.",2600.00,W,N,C,-,Y,,,,,,,,,,Y,2,0,1,1,A,-,08,22107,,N,E,I,A,B,H,-,A,D,0,,,,,Y,,A,01,1,0,0,0,0,0,0,0,0,"- ","- ",,,"CONTRA COSTA",UNINCORPORATED,-122.22027803,38.007875329999997
90297203,2016,2016-10-20,9370,2016-05-24,0132,020506,,2,3,5,0710,0,1,1,,2,058,"I-580 W/B","MARINA BAY PARKWAY",367.00,W,N,A,-,Y,,,,,,,,,,Y,1,1,1,2,A,-,01,23152,A,N,C,C,A,A,H,-,C,D,0,,,,,Y,Y,A,01,1,0,0,0,0,0,0,0,0,"- ","- ",37.551900000000003,-122.20564,"CONTRA COSTA",RICHMOND,-122.34879257999999,37.921926669999998
90302788,2016,2016-10-27,9320,2016-09-13,1240,016713,,2,1,4,0714,0,1,1,,2,684,"I-680 S/B","MOCOCO RD U/C",900.00,N,N,A,-,Y,,,,,,,,,,Y,2,0,1,3,A,-,03,22350,,N,C,E,A,A,H,-,A,D,0,,,,Y,Y,,A,01,1,0,0,0,0,0,0,0,0,"- ","- ",,,"CONTRA COSTA",MARTINEZ,-122.11597102,38.027592849999998
90306502,2016,2016-10-31,9370,2016-10-07,2359,021046,,5,3,3,0705,0,1,1,,2,058,"I-580 W/B","CENTRAL AVE",760.00,E,N,A,-,Y,,,,,,,,,,Y,2,0,1,1,A,-,01,23152,A,N,E,I,A,A,H,-,C,D,0,,,,,Y,Y,D,22,1,0,0,0,0,0,0,0,0,"- ","- ",37.898269999999997,-122.31253,"CONTRA COSTA","EL CERRITO",-122.31385,37.900019999999998
90307248,2016,2017-02-01,9320,2016-10-02,1249,018449,,7,1,9,0700,0,1,3,,2,400,"STATE ROUTE 4 EASTBOUND","FRANKLIN CANYON ROAD",2112.00,E,N,B,C,Y,,,4,,,,,,E,Y,1,1,0,1,A,-,03,22350,,N,E,I,A,B,H,-,A,D,0,,,,,Y,,A,01,0,0,0,0,0,0,0,0,0,"- ","- ",38.007899999999999,-122.2205,"CONTRA COSTA",UNINCORPORATED,-122.22049972000001,38.0078928
90311700,2016,2016-11-04,9320,2016-10-27,2045,019759,,4,2,5,0701,0,1,3,,2,160,"SR-160 S/B","OAKLEY RD.",500.00,S,N,C,-,Y,,,160,,,,,,S,Y,2,0,1,1,A,-,01,23152,A,N,E,J,A,B,H,-,D,D,0,,,,,Y,Y,A,07,1,0,0,0,0,0,0,0,0,"- ","- ",37.995049999999999,-121.75597999999999,"CONTRA COSTA",ANTIOCH,-121.75631018999999,37.995133070000001
90312120,2016,2016-11-07,9320,2016-09-22,1700,016788,,4,2,3,0702,0,1,3,,1,406,"SR-4 E/B","SAND CREEK RD U/C",230.00,E,N,A,-,Y,,,,,,,,,,Y,2,0,2,3,A,-,03,22350,,N,C,C,A,A,H,-,A,D,0,,,,,Y,,A,07,1,1,0,0,0,0,0,0,0,"- ","- ",,,"CONTRA COSTA",BRENTWOOD,-121.7417564,37.943086579999999
90316212,2016,2016-11-10,9320,2016-10-30,1013,017508,,7,1,4,0714,0,1,1,,2,683,"SR-4 E/B",MORELLO,100.00,E,N,C,-,Y,,,4,,,,,,E,Y,2,0,1,1,A,-,03,22350,,N,E,I,A,B,H,-,A,D,0,,,,,Y,,D,22,1,0,0,0,0,0,0,0,0,"- ","- ",37.990600000000001,-122.09284,"CONTRA COSTA",MARTINEZ,-122.09283883000001,37.990581370000001
90319472,2016,2016-11-15,9390,2016-08-28,0330,020685,,7,3,9,0700,0,2,4,,2,110,"NORRIS CANYON RD (2200 BLOCK)","ASHBOURNE DRIVE",868.00,W,N,A,-,N,,,,,,,,,,Y,2,0,1,1,A,-,01,23152,A,N,E,I,A,A,H,-,D,D,0,,,,,Y,Y,A,01,1,0,0,0,0,0,0,0,0,"- ","- ",37.753819999999997,-121.00591,"CONTRA COSTA",UNINCORPORATED,-122.00585708,37.753746460000002
90325955,2016,2016-11-21,9320,2016-11-13,1217,019195,,7,1,4,0714,0,1,3,,2,402,"SR-4 E/B","PINE ST. O/C",1190.00,W,N,A,-,Y,,,4,,,,,,E,N,2,0,1,2,A,-,11,21954,A,N,D,B,D,A,H,-,A,D,0,Y,,,,Y,,N,60,1,0,0,0,1,0,0,0,0,"- ","- ",37.992919999999998,-122.12363999999999,"CONTRA COSTA",MARTINEZ,-122.12366704,37.99296631
90328321,2016,2016-11-23,9370,2016-10-10,1935,017736,,1,2,9,0700,0,3,5,,2,012,"6241 BAYVIEW AVENUE  (6200 BLOCK)","ROSE ARBOR AVENUE",292.00,E,N,A,-,N,,,,,,,,,,N,2,0,1,1,A,-,15,26451,A,N,G,B,A,A,H,-,C,D,0,,,,,Y,,A,01,1,0,0,0,0,0,0,0,0,"- ","- ",37.572899999999997,-122.19126,"CONTRA COSTA",UNINCORPORATED,-122.32062000000001,37.957129999999999
90329488,2016,2016-11-25,9320,2016-11-12,0510,20774,,6,3,9,0700,0,1,S,,2,904,"SR-4 E/B","WILLOW PASS RD.",500.00,E,N,A,-,Y,,,4,,,,,,E,Y,2,0,3,1,A,-,08,22107,,N,E,I,A,A,H,-,C,D,0,,,,,Y,,A,01,1,0,2,0,0,0,0,0,0,"- ","- ",38.014130000000002,-121.99566,"CONTRA COSTA",UNINCORPORATED,-121.99567623999999,38.014170729999996
90338887,2016,2016-12-07,9370,2016-11-05,1425,021050,,6,2,5,0710,0,1,1,,2,058,"I-580 W/B TO CENTRAL AVENUE","CENTRAL AVE",400.00,E,N,A,-,Y,,,580,,,,R,,W,Y,2,0,1,2,A,-,01,23152,A,N,C,C,A,A,H,-,A,D,0,,,,,Y,Y,A,01,1,0,0,0,0,0,0,0,0,"- ","- ",37.899050000000003,-122.31292999999999,"CONTRA COSTA",RICHMOND,-122.31292999999999,37.899050000000003
90341087,2016,2016-12-09,9390,2016-04-28,2322,019740,,4,3,4,0791,0,1,1,,2,068,"I-680 SOUTHBOUND","BOLLINGER CANYON ROAD",317.00,S,N,A,-,Y,,,680,,,,,,S,Y,1,1,1,2,A,-,08,22107,,N,C,C,A,A,H,-,D,A,0,,,,,Y,,K,45,0,0,1,0,0,0,0,0,0,"- ","- ",37.752299999999998,-121.9607,"CONTRA COSTA","SAN RAMON",-121.96057926,37.752377549999999
90350069,2016,2016-12-21,9320,2016-12-09,0001,021415,,5,3,5,0708,0,1,3,,2,404,"SR-4 W/B","RAILROAD AVE",1584.00,W,N,B,-,Y,,,4,,,,,,W,Y,2,0,1,1,C,-,18,,,N,E,I,A,B,H,-,C,D,0,,,,,Y,,-,"- ",1,0,0,0,0,0,0,0,0,"- ","- ",38.017530000000001,-121.88966000000001,"CONTRA COSTA",PITTSBURG,-121.88973799,38.017207089999999