CASE_ID,ACCIDENT_YEAR,PROC_DATE,JURIS,COLLISION_DATE,COLLISION_TIME,OFFICER_ID,REPORTING_DISTRICT,DAY_OF_WEEK,CHP_SHIFT,POPULATION,CNTY_CITY_LOC,SPECIAL_COND,BEAT_TYPE,CHP_BEAT_TYPE,CITY_DIVISION_LAPD,CHP_BEAT_CLASS,BEAT_NUMBER,PRIMARY_RD,SECONDARY_RD,DISTANCE,DIRECTION,INTERSECTION,WEATHER_1,WEATHER_2,STATE_HWY_IND,CALTRANS_COUNTY,CALTRANS_DISTRICT,STATE_ROUTE,ROUTE_SUFFIX,POSTMILE_PREFIX,POSTMILE,LOCATION_TYPE,RAMP_INTERSECTION,SIDE_OF_HWY,TOW_AWAY,COLLISION_SEVERITY,NUMBER_KILLED,NUMBER_INJURED,PARTY_COUNT,PRIMARY_COLL_FACTOR,PCF_CODE_OF_VIOL,PCF_VIOL_CATEGORY,PCF_VIOLATION,PCF_VIOL_SUBSECTION,HIT_AND_RUN,TYPE_OF_COLLISION,MVIW,PED_ACTION,ROAD_SURFACE,ROAD_COND_1,ROAD_COND_2,LIGHTING,CONTROL_DEVICE,CHP_ROAD_TYPE,PEDESTRIAN_ACCIDENT,BICYCLE_ACCIDENT,MOTORCYCLE_ACCIDENT,TRUCK_ACCIDENT,NOT_PRIVATE_PROPERTY,ALCOHOL_INVOLVED,STWD_VEHTYPE_AT_FAULT,CHP_VEHTYPE_AT_FAULT,COUNT_SEVERE_INJ,COUNT_VISIBLE_INJ,COUNT_COMPLAINT_PAIN,COUNT_PED_KILLED,COUNT_PED_INJURED,COUNT_BICYCLIST_KILLED,COUNT_BICYCLIST_INJURED,COUNT_MC_KILLED,COUNT_MC_INJURED,PRIMARY_RAMP,SECONDARY_RAMP,LATITUDE,LONGITUDE,COUNTY,CITY,POINT_X,POINT_Y
90350113,2016,2016-12-21,9320,2016-12-01,0030,018525,,4,3,9,0700,0,1,1,,2,683,"CONCORD AVE","DIAMOND BLVD",350.00,W,N,A,-,N,,,,,,,,,,Y,2,0,4,1,A,-,01,23152,A,F,E,I,A,A,H,-,C,D,0,,,,,Y,Y,A,01,2,2,0,0,0,0,0,0,0,"- ","- ",,,"CONTRA COSTA",UNINCORPORATED,-122.06228312,37.977547739999999
90350683,2016,2016-12-21,9320,2016-10-18,0808,017342,,2,1,5,0712,0,1,1,,2,682,"I-680 N/B","MT DIABLO BLVD",175.00,S,N,A,-,Y,,,,,,,,,,N,1,1,1,3,A,-,11,21954,A,N,G,B,E,A,H,-,A,D,0,Y,,,,Y,,N,60,1,0,0,1,1,0,0,0,0,"- ","- ",,,"CONTRA COSTA","WALNUT CREEK",-122.07058000000001,37.8964
90359108,2016,2017-01-02,9370,2016-12-18,0429,020881,,7,3,5,0710,0,1,1,,2,082,"I-80 W/B","SACRAMENTO AVE PEDESTRIAN OVERCROSSING",135.00,W,N,A,-,Y,,,80,,,,,,W,Y,2,0,4,2,A,-,01,23152,F,N,A,C,A,A,H,-,D,D,0,,,,,Y,Y,A,01,3,0,1,0,0,0,0,0,0,"- ","- ",37.903910000000003,-122.31273,"CONTRA COSTA",RICHMOND,-122.31289939,37.903791730000002
9036338,2020,2020-03-17,0712,2020-01-03,1539,P525,,5,5,5,0712,0,0,0,,0,002,"JONES RD","WALDEN RD",600.00,N,N,A,-,N,,,,,,,,,,Y,2,0,2,4,A,-,21,22106,,N,D,C,A,A,H,-,A,D,0,,,,,Y,,A,01,1,0,1,0,0,0,0,0,0,"- ","- ",,,"CONTRA COSTA","WALNUT CREEK",-122.06201171875,37.918804168701172
90365999,2016,2017-02-02,9320,2016-12-03,2330,019850,,6,3,9,0700,0,2,4,,2,095,"MARSH CREEK ROAD","BYRON HIGHWAY",2554.00,E,N,A,-,Y,,,,,,,,,,Y,1,1,1,2,A,-,03,22350,,N,C,C,A,A,H,-,D,D,0,,,,,Y,,A,01,0,0,1,0,0,0,0,0,0,"- ","- ",37.896509999999999,-121.65031,"CONTRA COSTA",UNINCORPORATED,-121.63253978,37.896420110000001
9036730,2019,2020-01-31,0710,2019-11-02,0021,1726,CENTR,6,5,5,0710,0,0,0,,0,004,"LINCOLN AV","17TH ST",40.00,E,N,A,-,N,,,,,,,,,,Y,2,0,2,5,A,-,01,23153,A,N,B,E,A,A,H,-,C,D,0,,,,,Y,Y,A,01,1,1,0,0,0,0,0,0,0,"- ","- ",37.946029663085938,-122.35392761230469,"CONTRA COSTA",RICHMOND,-122.35366058349609,37.945960998535156
90370273,2016,2017-01-17,9370,2016-12-11,2201,021271,,7,3,5,0710,0,1,1,,2,058,"I-580 E/B","CANAL STREET",450.00,W,N,A,-,Y,,,580,,,,,,E,N,2,0,1,2,A,-,11,21954,A,N,G,B,E,A,H,-,C,D,0,Y,,,,Y,Y,N,60,1,0,0,0,1,0,0,0,0,"- ","- ",37.927109999999999,-122.37882999999999,"CONTRA COSTA",RICHMOND,-122.37883004,37.927109389999998
90370857,2016,2017-02-01,9320,2016-11-26,2312,020026,,6,3,4,0714,0,1,3,,2,402,"SR-4 E/B","ALHAMBRA WAY U/C",90.00,W,N,B,C,Y,,,,,,,,,,Y,1,1,1,3,A,-,03,22350,,N,D,C,E,B,H,-,C,D,0,Y,,,,Y,,A,07,0,1,0,1,0,0,0,0,0,"- ","- ",,,"CONTRA COSTA",MARTINEZ,-122.12675344,37.991316070000003
90372006,2017,2017-02-15,9320,2017-01-04,0700,017342,,3,1,9,0700,0,1,3,,2,400,"SR-4 E/B","CHRISTIE RD",3553.00,W,N,B,C,Y,,,,,,,,,,Y,2,0,2,1,A,-,08,22107,,N,E,I,A,B,H,-,D,D,0,,,,,Y,,A,01,1,1,0,0,0,0,0,0,0,"- ","- ",,,"CONTRA COSTA",UNINCORPORATED,-122.22355008,38.008108970000002
90387478,2016,2017-02-07,9320,2016-11-11,0600,020009,,5,1,9,0700,0,1,3,,2,401,"SR-4 W/B","FRANKLIN CANYON RD",5280.00,E,N,A,-,Y,,,4,,,,,,W,Y,1,1,0,2,A,-,08,22107,,N,B,C,A,A,H,-,D,D,0,,,,,Y,,A,01,0,0,0,0,0,0,0,0,0,"- ","- ",38.008479999999999,-122.20948,"CONTRA COSTA",UNINCORPORATED,-122.2094726,38.00842608
90389396,2016,2017-02-09,9320,2016-12-19,0324,020835,,1,3,4,0790,0,1,1,,2,681,"I-680 SOUTHBOUND","EL PINTADO ROAD",1214.00,N,N,A,-,Y,,,680,,,,,,S,Y,1,1,0,2,A,-,08,22107,,N,B,E,A,A,H,-,C,D,0,,,,Y,Y,,F,26,0,0,0,0,0,0,0,0,0,"- ","- ",37.837200000000003,-122.0132,"CONTRA COSTA",DANVILLE,-122.0131749,37.837244220000002
90396264,2017,2017-02-20,9320,2017-02-04,0350,018525,,6,3,9,0700,0,1,3,,2,403,"SR-4 E/B","WILLOW PASS RD (CONCORD SIDE)",528.00,E,N,C,-,Y,,,,,,,,,,Y,2,0,1,1,A,-,01,23152,A,N,E,I,A,A,H,-,C,D,0,,,,,Y,Y,A,01,1,0,0,0,0,0,0,0,0,"- ","- ",,,"CONTRA COSTA",UNINCORPORATED,-121.99728,38.013570000000001
90396294,2017,2017-02-20,9320,2017-02-07,1110,019458,,2,1,9,0700,0,1,1,,2,180,"I-80 W/B","CUMMINGS SKYWAY",40.00,W,N,B,-,Y,,,,,,,,,,Y,2,0,1,1,C,-,18,,,N,E,I,A,B,H,-,A,D,0,,,,,Y,,-,"- ",1,0,0,0,0,0,0,0,0,"- ","- ",,,"CONTRA COSTA",UNINCORPORATED,-122.23841327,38.045106490000002
90396732,2017,2017-02-21,9390,2017-01-20,1240,017815,,5,1,4,0791,0,1,1,,2,068,"I-680 SOUTHBOUND","CROW CANYON ROAD O/C",166.00,N,N,B,C,Y,,,680,,,,,,S,Y,2,0,2,2,A,-,08,22107,,N,D,C,A,B,H,-,A,D,0,,,,,Y,,A,01,1,0,1,0,0,0,0,0,0,"- ","- ",37.777720000000002,-121.97562000000001,"CONTRA COSTA","SAN RAMON",-121.97563493,37.777712719999997
90399743,2017,2017-02-24,9320,2017-02-04,2019,019559,,6,2,9,0700,0,1,3,,2,403,"SR-4 W/B","RAILROAD AVE.",3696.00,W,N,A,-,Y,,,,,,,,,,Y,2,0,2,1,A,-,01,23152,E,N,E,I,A,A,H,-,D,D,0,,,,,Y,,A,01,1,0,1,0,0,0,0,0,0,"- ","- ",38.019689999999997,-121.90260000000001,"CONTRA COSTA",UNINCORPORATED,-121.90181572,38.01999464
90407006,2017,2017-03-07,9320,2017-01-25,0626,018959,,3,1,9,0700,0,1,1,,2,180,"VALLEY VIEW RD","APPIAN WAY",0.00,,Y,B,-,N,,,,,,,,,,Y,2,0,2,2,A,-,11,21456,B,N,G,B,B,A,H,-,C,A,0,Y,,,,Y,,N,60,1,1,0,0,1,0,0,0,0,"- ","- ",,,"CONTRA COSTA",UNINCORPORATED,-122.29519993,37.978199979999999
90416279,2017,2017-03-21,9320,2017-03-11,1825,021472,,6,2,9,0700,0,2,4,,2,072,"BAILEY RD S/B","WILLOW AVE",5808.00,S,N,A,-,N,,,,,,,,,,Y,2,0,1,1,A,-,08,22107,,N,F,A,A,A,A,-,D,D,0,,,Y,,Y,,C,02,1,0,0,0,0,0,0,0,1,"- ","- ",37.997950000000003,-121.94762,"CONTRA COSTA",UNINCORPORATED,-121.94683037999999,37.998775019999997
90423145,2017,2017-03-29,9320,2017-03-25,1648,020789,,6,2,5,0708,0,1,3,,2,403,"SR-4 E/B","BAILEY ROAD",350.00,E,N,A,-,Y,,,4,,,,,,E,Y,2,0,1,1,A,-,08,22107,,N,E,I,A,A,H,-,A,D,0,,,,,Y,,A,01,1,0,0,0,0,0,0,0,0,"- ","- ",38.018830000000001,-121.9402,"CONTRA COSTA",PITTSBURG,-121.94019987,38.018783910000003
90423545,2017,2017-03-29,9320,2017-03-02,1000,016503,,4,1,5,0701,0,1,3,,2,405,"SR-4 E/B","SR-160 O/C",60.00,E,N,A,-,Y,,,,,,,,,,Y,1,1,0,1,A,-,08,22107,,N,E,I,A,A,H,-,A,D,0,,,,,Y,,A,01,0,0,0,0,0,0,0,0,0,"- ","- ",,,"CONTRA COSTA",ANTIOCH,-121.76592884999999,37.991754610000001
9042995,2020,2020-02-20,0708,2020-01-31,2009,374,0708,5,5,5,0708,0,0,0,,0,005,"STONEMAN AV","LOVERIDGE RD",0.00,,Y,A,-,N,,,,,,,,,,Y,2,0,2,4,A,-,12,21453,A,N,A,C,A,A,H,-,C,A,0,,,,,Y,,A,01,2,0,0,0,0,0,0,0,0,"- ","- ",,,"CONTRA COSTA",PITTSBURG,-121.87303161621094,38.002799987792969
90431586,2017,2017-04-11,9320,2017-04-01,1818,021433,,6,2,5,0701,0,1,3,,2,404,"SR-4 W/B","A ST.",1056.00,E,N,A,-,Y,,,,,,,,,,Y,2,0,10,2,A,-,07,21658,A,N,C,C,A,A,H,-,A,D,0,,,,,Y,,A,08,1,4,5,0,0,0,0,0,0,"- ","- ",,,"CONTRA COSTA",ANTIOCH,,
90431685,2017,2017-04-11,9320,2017-03-26,0520,019458,,7,3,9,0700,0,2,4,,2,094,"BYRON HIGHWAY","BRUNS RD.",1056.00,S,N,A,-,N,,,,,,,,,,Y,2,0,4,1,A,-,08,22107,,N,E,I,A,A,H,-,D,D,0,,,,,Y,,A,08,2,2,0,0,0,0,0,0,0,"- ","- ",37.8202,-121.5911,"CONTRA COSTA",UNINCORPORATED,-121.60226509,37.827294019999997
90432198,2017,2017-04-11,9320,2017-04-08,0734,021423,,6,1,9,0700,0,1,3,,2,404,"SR-4 E/B","LOVERIDGE RD.",1975.00,E,N,A,-,Y,,,,,,,,,,Y,2,0,3,2,A,-,01,23152,A,F,C,C,A,A,H,-,A,D,0,,,,,Y,Y,A,01,1,1,1,0,0,0,0,0,0,"- ","- ",,,"CONTRA COSTA",UNINCORPORATED,-121.86727,38.011679999999998
90436517,2017,2017-04-18,9320,2017-03-24,2130,021088,,5,2,9,0700,0,1,3,,2,241,"TAYLOR BLVD","GREENHILLS DR",2640.00,S,N,C,-,N,,,,,,,,,,Y,2,0,1,1,A,-,01,23152,A,N,E,I,A,B,H,-,C,D,0,,,,,Y,,A,01,1,0,0,0,0,0,0,0,0,"- ","- ",37.927210000000002,-122.09595,"CONTRA COSTA",UNINCORPORATED,-122.09715573,37.922438229999997
90441414,2017,2017-04-25,9320,2017-03-25,0420,020981,,6,3,9,0700,0,1,1,,2,682,"I-680 N/B","MONUMENT BOULEVARD",2750.00,S,N,A,-,Y,,,680,,,,,,N,Y,1,1,0,2,A,-,11,21954,A,N,G,B,E,A,H,-,D,D,0,Y,,,,Y,Y,N,60,0,0,0,1,0,0,0,0,0,"- ","- ",37.937620000000003,-122.06025,"CONTRA COSTA",UNINCORPORATED,-122.06018487,37.937622900000001
90441441,2017,2017-04-25,9320,2017-02-21,0725,018042,,2,1,9,0700,0,1,1,,2,684,"I-680 N/B","MOCOCO RD. U/C",1200.00,N,N,B,C,Y,,,,,,,,,,Y,1,1,0,3,A,-,03,22350,,N,G,B,E,B,B,-,A,D,0,Y,,,,Y,,D,22,0,0,0,1,0,0,0,0,0,"- ","- ",38.028840000000002,-122.11637,"CONTRA COSTA",UNINCORPORATED,-122.11611021,38.028687669999997
90445676,2017,2017-05-01,9370,2017-01-20,1958,021247,,5,2,5,0710,0,1,1,,2,082,"I-80 W/B","MCBRYDE AVENUE",4.00,E,N,C,-,Y,,,80,,,,,,W,N,1,1,0,2,A,-,11,21954,A,F,G,B,E,B,H,-,D,D,0,Y,,,,Y,,N,60,0,0,0,1,0,0,0,0,0,"- ","- ",37.948740000000001,-122.32629,"CONTRA COSTA",RICHMOND,-122.32622231000001,37.948772200000001
90446023,2017,2017-05-01,9320,2017-04-07,2357,020196,,5,3,9,0700,0,3,5,,2,040,"BERRY DR","CENTER AVE",75.00,N,N,C,-,N,,,,,,,,,,N,2,0,1,2,A,-,11,21954,A,N,G,B,E,B,H,-,D,D,0,Y,,,,Y,,N,60,1,0,0,0,1,0,0,0,0,"- ","- ",37.983690000000003,-122.06567,"CONTRA COSTA",UNINCORPORATED,-122.06572951,37.983753630000002
90450123,2017,2017-05-05,9320,2017-05-02,1725,019559,,2,2,4,0714,0,1,3,,2,402,"SR-4 E/B","GLACIER DR.",510.00,W,N,A,-,Y,,,,,,,,,,Y,2,0,1,2,A,-,03,22350,,N,C,C,A,A,H,-,A,D,0,,,Y,,Y,,C,02,1,0,0,0,0,0,0,0,1,"- ","- ",37.592709999999997,-122.51937,"CONTRA COSTA",MARTINEZ,-122.0885823,37.990868040000002
9045114,2019,2020-02-18,0711,2019-11-27,0227,1093,BAY,3,5,4,0711,0,0,0,,0,001,"EL PORTAL DR","GLENLOCK AV",0.00,,Y,C,-,N,,,,,,,,,,Y,2,0,1,1,A,-,03,22350,,N,-,I,A,B,H,-,C,A,0,,,,,Y,,A,01,1,0,0,0,0,0,0,0,0,"- ","- ",,,"CONTRA COSTA","SAN PABLO",-122.32595062255859,37.964618682861328
9045657,2019,2020-02-14,0708,2019-12-25,2132,379,046,3,5,5,0708,0,0,0,,0,003,"WEST LELAND RD","PRO GOLF COURSE RD",473.00,N,N,A,-,N,,,,,,,,,,Y,2,0,1,1,A,-,01,23152,A,N,E,I,A,A,H,-,C,A,0,,,,,Y,Y,A,01,1,0,0,0,0,0,0,0,0,"- ","- ",,,"CONTRA COSTA",PITTSBURG,,
90456601,2017,2017-05-16,9320,2017-03-31,2356,020834,,5,3,5,0701,0,1,3,,2,404,"SR-4 EASTBOUND","SOMERSVILLE ROAD",1584.00,W,N,A,-,Y,,,4,,,,,,E,Y,1,1,3,2,A,-,03,22350,,N,C,C,A,A,H,-,C,A,0,,,,,Y,,A,08,0,0,3,0,0,0,0,0,0,"- ","- ",38.005499999999998,-121.84350000000001,"CONTRA COSTA",ANTIOCH,-121.84349851,38.005505360000001
9045681,2019,2020-02-19,0712,2019-08-23,1136,P607,,5,5,5,0712,0,0,0,,0,003,"BANCROFT RD","POMAR WY",0.00,,Y,A,-,N,,,,,,,,,,Y,2,0,1,2,A,-,12,21453,A,N,D,G,A,A,H,-,A,A,0,,Y,,,Y,,A,01,1,0,0,0,0,0,1,0,0,"- ","- ",,,"CONTRA COSTA","WALNUT CREEK",-122.04119110107422,37.927738189697266
90461478,2017,2017-05-23,9320,2017-05-15,1805,019559,,1,2,9,0700,0,3,5,,2,075,"PORT CHICAGO HIGHWAY","LAKEVIEW DR.",0.00,,Y,A,-,N,,,,,,,,,,N,2,0,1,1,A,-,03,22350,,N,F,A,A,A,H,-,A,D,0,,,Y,,Y,,C,02,1,0,0,0,0,0,0,0,1,"- ","- ",38.225090000000002,-121.58138,"CONTRA COSTA",UNINCORPORATED,-121.97043988999999,38.040239929999998
90473692,2017,2017-06-08,9320,2017-06-03,0200,020196,,6,3,9,0700,0,1,1,,2,180,"SR-4 W/B","FRANKLIN CANYON",3960.00,E,N,A,-,Y,,,4,,,,,,W,Y,2,0,1,1,A,-,03,22350,,N,A,I,A,A,H,-,D,D,0,,,,,Y,,A,08,1,0,0,0,0,0,0,0,0,"- ","- ",38.008099999999999,-122.2136,"CONTRA COSTA",UNINCORPORATED,-122.2135997,38.008245039999998
90477597,2017,2017-06-14,9320,2017-06-06,2115,020010,,2,2,5,0712,0,1,1,,2,682,"I-680 S/B","OAK PARK BLVD O/C",150.00,S,N,A,-,Y,,,680,,,,,,S,Y,2,0,3,3,A,-,08,22107,,N,D,C,A,A,H,-,C,D,0,,,,,Y,,A,01,1,0,2,0,0,0,0,0,0,"- ","- ",37.932659999999998,-122.06027,"CONTRA COSTA","WALNUT CREEK",-122.06038285,37.932656170000001
90477598,2017,2017-06-14,9320,2017-06-05,2105,018371,,1,2,3,0707,0,1,1,,2,180,"I-80 E/B FROM PINOLE VALLEY ROAD ONRAMP","PINOLE VALLEY ROAD",300.00,E,N,A,-,Y,,,,,,,,,,N,2,0,1,2,A,-,01,23152,A,N,C,C,A,A,H,-,D,D,0,,,Y,,Y,Y,C,02,1,0,0,0,0,0,0,0,1,"- ","- ",,,"CONTRA COSTA",PINOLE,-122.28538786999999,37.997692129999997
90480353,2017,2017-06-19,9320,2017-06-02,2205,021472,,5,3,9,0700,0,1,3,,2,405,"SR-4 E/B","BALFOUR ROAD",0.00,,Y,A,-,Y,,,,,,,,,,Y,2,0,1,2,A,-,09,21453,C,N,D,C,A,A,D,-,C,A,0,,,Y,,Y,,A,01,1,0,0,0,0,0,0,0,0,"- ","- ",37.925310000000003,-121.73294,"CONTRA COSTA",UNINCORPORATED,-121.73283997,37.925339890000004
90488432,2017,2017-06-27,9320,2017-06-16,2145,021352,,5,2,6,0704,0,1,1,,2,683,"I-680 N/B","CONCORD AVENUE",2640.00,N,N,A,-,Y,,,,,,,,,,Y,2,0,2,2,A,-,01,23152,F,N,B,C,A,A,H,-,C,D,0,,,,,Y,,A,01,1,0,1,0,0,0,0,0,0,"- ","- ",37.982280000000003,-122.06582,"CONTRA COSTA",CONCORD,-122.06604027,37.983294720000004
90496126,2017,2017-07-07,9390,2017-06-21,2115,019780,,3,2,9,0700,0,2,4,,2,111,"BLACKHAWK ROAD","MAGEE RANCH ROAD",664.00,E,N,A,-,N,,,,,,,,,,Y,2,0,2,3,A,-,01,23152,A,N,C,G,A,A,H,-,C,D,0,,Y,,,Y,Y,A,01,2,0,0,0,0,0,2,0,0,"- ","- ",37.827199999999998,-121.93563,"CONTRA COSTA",UNINCORPORATED,-121.9356652,37.827270429999999
90497965,2017,2017-07-12,9320,2017-06-05,0355,021433,,1,3,9,0700,0,3,5,,2,075,"PULLMAN AVE","HWY AVE",100.00,W,N,A,-,N,,,,,,,,,,Y,1,1,0,2,A,-,01,23153,A,N,G,B,E,A,H,-,C,D,0,Y,,,,Y,Y,E,22,0,0,0,1,0,0,0,0,0,"- ","- ",,,"CONTRA COSTA",UNINCORPORATED,-121.93485171,38.02971806
90499715,2017,2017-07-13,9320,2017-05-13,1530,021157,,6,2,6,0704,0,2,S,,2,901,"MYRTLE DRIVE","AYERS ROAD",404.00,W,N,A,-,N,,,,,,,,,,Y,1,1,1,1,A,-,08,22107,,N,E,I,A,A,H,-,A,D,0,,,,,Y,,A,07,1,0,0,0,0,0,0,0,0,"- ","- ",37.96752,-121.96290999999999,"CONTRA COSTA",CONCORD,-121.96299015,37.967674670000001
90499732,2017,2017-07-13,9320,2017-05-22,1823,021157,,1,2,9,0700,0,2,4,,2,094,"BYRON HWY","BRUNS ROAD",1220.00,S,N,A,-,N,,,,,,,,,,Y,1,1,1,3,A,-,01,23152,A,N,A,C,A,A,H,-,A,D,0,,,,,Y,Y,A,01,0,1,0,0,0,0,0,0,0,"- ","- ",37.820689999999999,-121.59202999999999,"CONTRA COSTA",UNINCORPORATED,-121.60186218,37.826976559999999
90503608,2017,2017-07-19,9320,2017-07-15,2007,019759,,6,2,3,0702,0,1,3,,1,406,"SR-4 W/B","SAND CREEK BRIDGE",424.00,W,N,A,-,Y,,,,,,,,,,Y,2,0,8,2,A,-,00,23153,F,N,A,C,A,A,H,-,A,D,0,,,,,Y,,A,01,2,3,3,0,0,0,0,0,0,"- ","- ",,,"CONTRA COSTA",BRENTWOOD,-121.74197595,37.944770579999997
90504840,2017,2017-07-20,9320,2017-07-09,1245,018449,,7,1,9,0700,0,3,5,,2,020,"PINEHURST RD.","SKYLINE BLVD.",2640.00,S,N,A,-,N,,,,,,,,,,Y,2,0,2,2,A,-,05,21460,A,N,B,C,A,A,H,-,A,D,0,,,Y,,Y,,A,01,1,0,1,0,0,0,0,0,2,"- ","- ",37.835160000000002,-122.18137,"CONTRA COSTA",UNINCORPORATED,-122.18126535,37.835187349999998
90516889,2017,2017-08-04,9320,2017-07-30,0430,020295,,7,3,9,0700,0,2,4,,2,071,"WILLOW PASS RD.","MANOR DR.",0.00,,Y,A,-,N,,,,,,,,,,Y,2,0,1,1,A,-,08,22107,,N,E,I,A,A,H,-,C,A,0,,,,,Y,,A,01,1,0,0,0,0,0,0,0,0,"- ","- ",38.026800000000001,-121.94752,"CONTRA COSTA",UNINCORPORATED,-121.94753992,38.026769899999998
90517674,2017,2017-08-07,9370,2017-01-29,2330,021326,,7,3,5,0710,0,1,1,,2,082,"I-80 W/B TO CUTTING BOULEVARD","CUTTING BLVD",520.00,E,N,A,-,Y,,,80,,,,R,,W,Y,1,1,1,1,A,-,01,23152,A,N,E,I,A,A,H,-,C,D,0,,,,,Y,Y,A,01,0,0,1,0,0,0,0,0,0,"- ","- ",37.926720000000003,-122.32235,"CONTRA COSTA",RICHMOND,-122.32235,37.926720000000003
90520042,2017,2017-08-09,9320,2017-06-06,2252,020835,,2,3,9,0700,0,2,4,,2,071,"PORT CHICAGO HIGHWAY","LAKEVIEW DRIVE",178.00,E,N,A,-,N,,,,,,,,,,N,1,1,0,2,A,-,03,22350,,F,E,H,E,A,H,-,D,D,0,Y,,,,Y,,-,99,0,0,0,1,0,0,0,0,0,"- ","- ",38.039999999999999,-121.9695,"CONTRA COSTA",UNINCORPORATED,-121.9698629,38.040064639999997
90525564,2017,2017-08-17,9320,2017-08-11,1925,019759,,5,2,9,0700,0,3,5,,2,092,"SR-4 E/B","OLD RIVER BRIDGE",400.00,W,N,A,-,N,,,,,,,,,,Y,2,0,1,1,A,-,08,22107,,N,E,I,A,A,H,-,A,D,0,,,Y,,Y,,C,02,1,0,0,0,0,0,0,0,1,"- ","- ",,,"CONTRA COSTA",UNINCORPORATED,,
90529516,2017,2017-08-23,9320,2017-08-15,1733,019759,,2,2,9,0700,0,3,5,,2,075,"WILLOW PASS RD. E/B","N. BROADWAY AVE",0.00,,Y,A,-,N,,,,,,,,,,Y,2,0,1,2,A,-,09,21801,A,N,D,C,A,A,H,-,A,D,0,,,,,Y,,A,01,1,0,0,0,0,0,0,0,0,"- ","- ",,,"CONTRA COSTA",UNINCORPORATED,-121.94085998,38.026759980000001
90529640,2017,2017-09-13,9320,2017-06-12,2147,018973,,1,2,5,0712,0,1,3,,2,241,"SR-24 EASTBOUND TO  I-680 NORTHBOUND","OAKVALE DRIVE (OVERCROSSING)",505.00,S,N,A,-,Y,,,24,,,,R,,E,Y,1,1,0,3,A,-,08,22107,,N,E,I,A,A,H,-,C,D,0,,,Y,,Y,,C,02,0,0,0,0,0,0,0,1,0,"- ","- ",37.898420000000002,-122.07057,"CONTRA COSTA","WALNUT CREEK",-122.07057,37.898420000000002
90529935,2017,2017-08-24,9320,2017-07-11,0934,014859,,2,1,9,0700,0,2,4,,2,094,"BYRON HWY","N. BRUNS RD",440.00,N,N,A,-,N,,,,,,,,,,Y,1,1,1,2,A,-,01,23152,A,N,A,C,A,A,H,-,A,D,0,,,,,Y,Y,A,01,1,0,0,0,0,0,0,0,0,"- ","- ",37.822989999999997,-121.59869999999999,"CONTRA COSTA",UNINCORPORATED,-121.60605896,37.830057140000001
90536071,2017,2017-08-29,9320,2017-08-21,1045,019742,,1,1,3,0702,0,1,3,,2,405,SR-4,"BALFOUR RD",2640.00,W,N,A,-,Y,,,4,,,,,,,N,2,0,1,2,A,-,17,23114,A,F,H,C,A,A,H,-,A,D,0,,,,,Y,,-,99,1,0,0,0,0,0,0,0,0,"- ","- ",37.91789,-121.7321,"CONTRA COSTA",BRENTWOOD,-121.73214403999999,37.91789026
90537448,2017,2017-08-30,9320,2017-08-23,0645,017906,,3,1,6,0704,0,1,1,,2,683,"I-680 S/B","WILLOW PASS RD U/C",528.00,S,N,A,-,Y,,,,,,,,,,Y,2,0,1,3,A,-,03,22350,,N,C,C,A,A,H,-,A,D,0,,,,,Y,,A,07,1,0,0,0,0,0,0,0,0,"- ","- ",,,"CONTRA COSTA",CONCORD,-122.05531712,37.964781039999998
90542487,2017,2017-09-07,9370,2017-08-30,1910,021127,,3,2,5,0710,0,1,1,,2,082,"I-80 E/B","SOLANO AVE",921.00,W,N,A,-,Y,,,80,,,,,,E,Y,2,0,1,1,A,-,08,22107,,N,E,I,A,A,H,-,A,D,0,,,Y,,Y,,C,02,1,0,0,0,0,0,0,0,1,"- ","- ",37.940910000000002,-122.32428,"CONTRA COSTA",RICHMOND,-122.32419154999999,37.940869599999999
90543555,2017,2017-11-30,9320,2017-08-18,0040,018803,,5,3,5,0712,0,1,1,,2,681,"I-680 S/B","LIVORNA ROAD",1130.00,N,N,A,-,Y,,,680,,,,,,S,Y,2,0,1,2,C,-,18,,,N,D,C,A,A,H,-,D,D,0,,,,Y,Y,Y,-,"- ",1,0,0,0,0,0,0,0,0,"- ","- ",37.869109999999999,-122.04071,"CONTRA COSTA","WALNUT CREEK",-122.04075772,37.869074230000003
90556104,2017,2017-11-15,9320,2017-08-26,2025,020984,,6,2,5,0701,0,1,3,,2,160,"STATE ROUTE 160 S/B FROM WILBUR AVENUE","WILBUR AVENUE",834.00,S,N,A,-,Y,,,160,,,,R,,S,Y,1,1,0,4,A,-,01,23152,A,F,E,I,A,A,H,-,C,D,0,,,Y,,Y,Y,C,02,0,0,0,0,0,0,0,1,0,"- ","- ",38.009799999999998,-121.7529,"CONTRA COSTA",ANTIOCH,-121.7529,38.009799999999998
90562513,2017,2017-10-04,9320,2017-09-27,1417,016636,,3,2,5,0701,0,1,3,,2,404,"SR-4 WB","A ST U/C",246.00,E,N,A,-,Y,,,,,,,,,,Y,2,0,1,1,A,-,08,22107,,N,B,I,A,A,H,-,A,D,0,,,,,Y,,A,01,1,0,0,0,0,0,0,0,0,"- ","- ",,,"CONTRA COSTA",ANTIOCH,,