CASE_ID,ACCIDENT_YEAR,PROC_DATE,JURIS,COLLISION_DATE,COLLISION_TIME,OFFICER_ID,REPORTING_DISTRICT,DAY_OF_WEEK,CHP_SHIFT,POPULATION,CNTY_CITY_LOC,SPECIAL_COND,BEAT_TYPE,CHP_BEAT_TYPE,CITY_DIVISION_LAPD,CHP_BEAT_CLASS,BEAT_NUMBER,PRIMARY_RD,SECONDARY_RD,DISTANCE,DIRECTION,INTERSECTION,WEATHER_1,WEATHER_2,STATE_HWY_IND,CALTRANS_COUNTY,CALTRANS_DISTRICT,STATE_ROUTE,ROUTE_SUFFIX,POSTMILE_PREFIX,POSTMILE,LOCATION_TYPE,RAMP_INTERSECTION,SIDE_OF_HWY,TOW_AWAY,COLLISION_SEVERITY,NUMBER_KILLED,NUMBER_INJURED,PARTY_COUNT,PRIMARY_COLL_FACTOR,PCF_CODE_OF_VIOL,PCF_VIOL_CATEGORY,PCF_VIOLATION,PCF_VIOL_SUBSECTION,HIT_AND_RUN,TYPE_OF_COLLISION,MVIW,PED_ACTION,ROAD_SURFACE,ROAD_COND_1,ROAD_COND_2,LIGHTING,CONTROL_DEVICE,CHP_ROAD_TYPE,PEDESTRIAN_ACCIDENT,BICYCLE_ACCIDENT,MOTORCYCLE_ACCIDENT,TRUCK_ACCIDENT,NOT_PRIVATE_PROPERTY,ALCOHOL_INVOLVED,STWD_VEHTYPE_AT_FAULT,CHP_VEHTYPE_AT_FAULT,COUNT_SEVERE_INJ,COUNT_VISIBLE_INJ,COUNT_COMPLAINT_PAIN,COUNT_PED_KILLED,COUNT_PED_INJURED,COUNT_BICYCLIST_KILLED,COUNT_BICYCLIST_INJURED,COUNT_MC_KILLED,COUNT_MC_INJURED,PRIMARY_RAMP,SECONDARY_RAMP,LATITUDE,LONGITUDE,COUNTY,CITY,POINT_X,POINT_Y
90568228,2017,2017-10-11,9320,2017-10-05,1800,019238,,4,2,9,0700,0,2,4,,2,077,"MARSH CREEK RD","SYCAMORE SPRINGS RD",281.00,W,N,A,-,N,,,,,,,,,,Y,2,0,1,1,A,-,03,22350,,N,F,A,A,A,H,-,A,D,0,,,Y,,Y,,C,02,1,0,0,0,0,0,0,0,1,"- ","- ",37.887059999999998,-121.81407,"CONTRA COSTA",UNINCORPORATED,-121.81407,37.887059999999998
90573509,2017,2017-10-18,9320,2017-10-04,1247,019559,,3,1,3,0715,0,1,3,,2,241,"SR-24 E/B","FIRST ST.",357.00,E,N,A,-,Y,,,,,,,,,,Y,2,0,1,1,A,-,08,22107,,N,E,I,A,A,H,-,A,D,0,,,,,Y,,A,01,1,0,0,0,0,0,0,0,0,"- ","- ",37.534129999999998,-122.06506,"CONTRA COSTA",LAFAYETTE,-122.11541821,37.894708909999999
90581011,2017,2017-10-27,9320,2017-10-17,2245,020009,,2,3,5,0712,0,2,4,,2,046,"E/B TREAT BLVD","OAK RD",300.00,E,N,A,-,N,,,,,,,,,,N,2,0,1,2,A,-,11,21954,A,N,G,B,D,A,H,-,C,D,0,Y,,,,Y,,N,60,1,0,0,0,1,0,0,0,0,"- ","- ",37.92642,-122.05613,"CONTRA COSTA","WALNUT CREEK",-122.05561638,37.926609480000003
90584017,2017,2017-10-31,9320,2017-10-23,0504,021472,,1,3,3,0707,0,1,1,,2,180,"EB I-80","PINOLE VALLEY ROAD",1584.00,E,N,A,-,Y,,,80,,,,,,,N,2,0,1,2,A,-,11,21954,A,N,G,B,E,A,H,-,D,D,0,Y,,,Y,Y,,N,60,1,0,0,0,1,0,0,0,0,"- ","- ",38.000660000000003,-122.28251,"CONTRA COSTA",PINOLE,-122.28258202000001,38.000729370000002
90585183,2017,2017-11-01,9320,2017-06-06,1910,016636,,2,2,9,0700,0,2,4,,2,073,"KIRKER PASS RD NB","N. HESS RD",2640.00,N,N,A,-,N,,,,,,,,,,Y,1,1,0,1,A,-,08,22107,,N,E,I,A,A,H,-,A,D,0,,,,,Y,,A,01,0,0,0,0,0,0,0,0,0,"- ","- ",37.974699999999999,-121.91419999999999,"CONTRA COSTA",UNINCORPORATED,-121.92550504,37.968303450000001
90588992,2017,2017-11-07,9320,2017-10-27,1445,020810,,5,2,6,0704,0,1,3,,2,402,"SR-4 E/B","PORT CHICAGO HWY",900.00,W,N,A,-,Y,,,4,,,,,,E,Y,2,0,1,1,A,-,08,22107,,N,F,A,A,A,H,-,A,D,0,,,Y,,Y,,C,02,1,0,0,0,0,0,0,0,1,"- ","- ",38.009059999999998,-122.02601,"CONTRA COSTA",CONCORD,-122.02600486,38.009026259999999
9058981,2020,2020-03-12,0702,2020-01-18,1640,616B,312B,6,5,3,0702,0,0,0,,0,003,"MINNESOTA AV","VALLEY GREEN DR",0.00,,Y,A,-,N,,,,,,,,,,N,2,0,1,2,A,-,12,22450,A,N,D,G,A,A,H,-,A,A,0,,Y,,,Y,,L,04,1,0,0,0,0,0,1,0,0,"- ","- ",37.930751800537109,-121.71457672119141,"CONTRA COSTA",BRENTWOOD,-121.71452331542969,37.930751800537109
90591502,2017,2017-11-09,9320,2017-10-24,2134,021472,,2,2,9,0700,0,2,4,,2,011,"APPIAN WAY","MANOR ROAD",0.00,,Y,A,-,N,,,,,,,,,,Y,2,0,1,2,A,-,10,21950,A,N,G,B,B,A,H,-,C,A,0,Y,,,,Y,,D,22,1,0,0,0,1,0,0,0,0,"- ","- ",37.982579999999999,-122.29715,"CONTRA COSTA",UNINCORPORATED,-122.29710987,37.982369910000003
90596623,2017,2017-11-17,9320,2017-11-11,0123,021472,,6,3,9,0700,0,3,5,,2,092,"SR-4 E/B","REGATTA DRIVE",1320.00,W,N,A,-,Y,,,4,,,,,,E,Y,2,0,3,2,A,-,08,22107,,N,B,C,A,A,H,-,D,D,0,,,,,Y,,D,22,1,2,0,0,0,0,0,0,0,"- ","- ",37.889229999999998,-121.63406999999999,"CONTRA COSTA",UNINCORPORATED,-121.63406977,37.889294929999998
90604747,2017,2017-11-29,9320,2017-11-22,0505,020834,,3,3,6,0704,0,1,3,,2,242,"SR-242 N/B","GRANT ST",600.00,S,N,A,-,Y,,,242,,,,,,N,Y,2,0,3,2,A,-,03,22350,,N,C,C,A,A,H,-,D,D,0,,,,,Y,,A,01,1,0,2,0,0,0,0,0,0,"- ","- ",37.986699999999999,-122.0406,"CONTRA COSTA",CONCORD,-122.0408034,37.986743830000002
90612980,2017,2017-12-08,9320,2017-08-29,2223,020295,,2,3,6,0704,0,1,3,,2,402,"SR-4 E/B","SOLANO WAY",339.00,W,N,A,-,Y,,,4,,,,,,E,Y,1,1,0,2,A,-,01,23152,A,N,C,E,A,A,H,-,D,D,0,,,,Y,Y,Y,A,01,0,0,0,0,0,0,0,0,0,"- ","- ",38.000509999999998,-122.05428999999999,"CONTRA COSTA",CONCORD,-122.05431278,38.00060654
90613059,2017,2017-12-08,9320,2017-11-11,0345,021293,,6,3,3,0707,0,1,1,,2,180,"I-80 EB","APPIAN WAY OVERCROSSING",40.00,E,N,A,-,Y,,,80,,,,,,E,Y,2,0,2,2,A,-,01,23152,A,N,C,C,A,A,H,-,C,D,0,,,,,Y,Y,A,07,1,1,0,0,0,0,0,0,0,"- ","- ",37.993389999999998,-122.30146000000001,"CONTRA COSTA",PINOLE,-122.3014579,37.993374209999999
90613226,2017,2017-12-08,9320,2017-12-04,0835,021203,,1,1,3,0715,0,1,3,,2,241,"SR-24 WESTBOUND","PLEASANT HILL ROAD",1584.00,E,N,A,-,Y,,,24,,,,,,W,Y,2,0,2,2,A,-,07,21658,A,N,C,C,A,A,H,-,A,D,0,,,,,Y,,A,01,1,0,1,0,0,0,0,0,0,"- ","- ",37.898000000000003,-122.09077000000001,"CONTRA COSTA",LAFAYETTE,-122.09077143,37.898048930000002
90613495,2017,2017-12-11,9320,2017-12-06,1445,017211,,3,2,6,0704,0,1,3,,2,402,"STATE ROUTE 4 E/B","STATE ROUTE 242",610.00,E,N,A,-,Y,,,4,,,,,,E,Y,2,0,3,3,A,-,03,22350,,N,C,C,A,A,H,-,A,D,0,,,,,Y,,D,22,3,0,0,0,0,0,0,0,0,"- ","- ",38.006149999999998,-122.03613,"CONTRA COSTA",CONCORD,-122.03601422,38.005920260000003
90616339,2017,2017-12-13,9320,2017-12-08,2045,019759,,5,2,5,0708,0,1,3,,2,403,"SR-4 W/B","RAILROAD AVE.",1320.00,W,N,A,-,Y,,,4,,,,,,W,Y,2,0,2,2,A,-,08,22107,,N,D,C,A,A,H,-,D,D,0,,,,,Y,,D,22,1,1,0,0,0,0,0,0,0,"- ","- ",38.020180000000003,-121.90442,"CONTRA COSTA",PITTSBURG,-121.90442111,38.020071690000002
90618794,2017,2017-12-18,9320,2017-12-08,2030,020984,,5,2,5,0708,0,1,3,,2,403,"SR-4 W/B","RAILROAD AVE",3960.00,W,N,A,-,Y,,,4,,,,,,W,Y,2,0,1,2,A,-,08,22107,,N,E,I,A,A,H,-,C,D,0,,,,,Y,,A,01,1,0,0,0,0,0,0,0,0,"- ","- ",38.0199,-121.9029,"CONTRA COSTA",PITTSBURG,-121.90289505,38.020034920000001
90621186,2017,2017-12-20,9320,2017-12-14,1858,019759,,4,2,5,0701,0,1,3,,2,160,"SR-160 N/B FROM SR 4 E/B","SR-4 E/B",10.00,N,N,A,-,Y,,,160,,,,R,,N,Y,2,0,1,1,A,-,01,23152,A,N,E,I,A,A,H,-,D,D,0,,,,,Y,Y,A,07,1,0,0,0,0,0,0,0,0,"- ","- ",37.990459999999999,-121.75933000000001,"CONTRA COSTA",ANTIOCH,-121.75933000000001,37.990459999999999
90621379,2017,2017-12-20,9320,2017-10-31,1740,021088,,2,2,6,0704,0,1,3,,2,402,"SR-4 W/B","PORT CHICAGO HIGHWAY",1305.00,E,N,A,-,Y,,,4,,,,,,W,Y,1,1,1,2,A,-,07,21658,A,N,B,C,A,A,H,-,A,D,0,,,,,Y,,A,07,1,0,0,0,0,0,0,0,0,"- ","- ",38.010669999999998,-122.01759,"CONTRA COSTA",CONCORD,-122.01759464,38.010700120000003
90627628,2017,2017-12-27,9320,2017-12-20,0415,020010,,3,3,9,0700,0,1,3,,2,401,"SR-4 W/B","MCEWEN ROAD U/C",245.00,W,N,B,C,Y,,,4,,,,,,W,Y,2,0,1,1,A,-,08,22107,,N,E,I,A,B,H,-,C,D,0,,,,,Y,,D,22,1,0,0,0,0,0,0,0,0,"- ","- ",38.015389999999996,-122.17856,"CONTRA COSTA",UNINCORPORATED,-122.17854543999999,38.015435310000001
90630302,2017,2018-01-01,9370,2017-12-24,1658,020235,,7,2,9,0700,0,3,5,,2,010,"MARKET AVENUE E/B","GIARAMITA STREET",0.00,,Y,A,-,N,,,,,,,,,,Y,2,0,3,3,A,-,05,21651,A,N,D,C,A,A,H,-,C,D,0,,,,,Y,,A,01,1,1,1,0,0,0,0,0,0,"- ","- ",37.958680000000001,-122.36336,"CONTRA COSTA",UNINCORPORATED,-122.36330986999999,37.958679940000003
9063032,2020,2020-05-22,0701,2020-01-11,1832,6102,507,6,5,5,0701,0,0,0,,0,005,"HARRIS DR","DAVISON DR",6.00,E,N,A,-,N,,,,,,,,,,Y,2,0,1,2,A,-,11,21955,,N,G,B,D,A,H,-,C,A,0,Y,,,,Y,,N,60,1,0,0,0,1,0,0,0,0,"- ","- ",,,"CONTRA COSTA",ANTIOCH,-121.78707122802734,37.990341186523438
90631683,2017,2018-01-03,9320,2017-12-10,0310,021496,,7,3,9,0700,0,2,S,,2,080,"PIPER ROAD","GATEWAY ROAD",20.00,S,N,E,-,N,,,,,,,,,,Y,2,0,1,1,A,-,03,22350,,N,F,I,A,B,H,-,D,D,0,,,,,Y,,A,07,1,0,0,0,0,0,0,0,0,"- ","- ",38.019350000000003,-121.62227,"CONTRA COSTA",UNINCORPORATED,-121.62222,38.01943
90632346,2017,2018-03-28,9320,2017-12-24,2015,021546,,7,2,9,0700,0,2,4,,2,072,"BAILEY RD","CANAL RD",0.00,,Y,A,-,N,,,,,,,,,,Y,2,0,4,2,A,-,01,23152,A,N,D,C,A,A,H,-,C,A,0,,,,,Y,Y,A,07,1,1,2,0,0,0,0,0,0,"- ","- ",38.020220000000002,-121.94190999999999,"CONTRA COSTA",UNINCORPORATED,-121.94187986,38.021559969999998
90632462,2017,2018-01-03,9320,2017-12-14,0244,021460,,4,3,6,0704,0,1,3,,2,242,"PORT CHICAGO HWY TO E/B SR-4","PORT CHICAGO HWY",3770.00,W,N,A,-,Y,,,,,,,,,,Y,2,0,1,1,A,-,01,23152,A,N,F,I,A,A,H,-,D,D,0,,,,,Y,Y,A,01,1,0,0,0,0,0,0,0,0,"- ","- ",38.005809999999997,-122.03519,"CONTRA COSTA",CONCORD,,
90641413,2018,2018-01-17,9320,2018-01-06,0225,021496,,6,3,3,0715,0,1,3,,2,241,"SR-24 EASTBOUND","OAK HILL ROAD U/C",1000.00,W,N,C,-,Y,,,24,,,,,,E,Y,2,0,1,2,A,-,03,22350,,F,C,C,A,B,H,-,D,D,0,,,,,Y,,-,99,1,0,0,0,0,0,0,0,0,"- ","- ",37.892860412597656,-122.12515258789062,"CONTRA COSTA",LAFAYETTE,-122.12514495849609,37.892845153808594
90644686,2018,2018-01-22,9320,2018-01-06,1052,019086,,6,1,6,0704,0,1,3,,2,242,"SR-242 N/B","SR-242 N/B TO SR-4 W/B FLYOVER",180.00,S,N,A,-,Y,,,242,,,,,,N,Y,2,0,4,5,A,-,01,23152,F,N,E,I,A,A,H,-,A,D,0,,,,,Y,,A,07,2,1,1,0,0,0,0,0,0,"- ","- ",38.003841400146484,-122.03701782226562,"CONTRA COSTA",CONCORD,-122.03693389892578,38.003799438476562
90645218,2018,2018-01-23,9320,2018-01-16,1855,020984,,2,2,6,0704,0,1,3,,2,402,"SR-4 E/B","PERALTA RD",150.00,E,N,B,-,Y,,,4,,,,,,E,Y,2,0,2,2,A,-,03,22350,,N,C,C,A,A,H,-,C,D,0,,,,,Y,,A,01,1,0,1,0,0,0,0,0,0,"- ","- ",38.002498626708984,-122.04640197753906,"CONTRA COSTA",CONCORD,-122.04640960693359,38.002555847167969
90645224,2018,2018-01-23,9370,2018-01-16,2150,020881,,2,2,9,0700,0,3,5,,2,010,"JENNIFER DRIVE, (400 BLOCK)","LETTIA ROAD",90.00,S,N,A,-,Y,,,,,,,,,,Y,2,0,1,3,A,-,08,22107,,M,C,E,A,A,H,-,C,D,0,,,,,Y,,A,07,1,0,0,0,0,0,0,0,0,"- ","- ",37.998908996582031,-122.3321533203125,"CONTRA COSTA",UNINCORPORATED,-122.33213806152344,37.998977661132812
90651875,2018,2018-01-31,9320,2018-01-21,0034,021472,,7,3,3,0715,0,1,3,,2,241,"E/B SR-24","OAK HILL ROAD",7920.00,W,N,A,-,Y,,,,,,,,,,Y,2,0,2,3,A,-,07,21658,A,F,B,C,A,A,H,-,D,D,0,,,,,Y,,-,99,1,1,0,0,0,0,0,0,0,"- ","- ",37.146961212158203,-122.14695739746094,"CONTRA COSTA",LAFAYETTE,,
90652328,2018,2018-01-31,9370,2018-01-20,0225,021718,,6,3,5,0710,0,1,1,,2,058,"I-580 E/B","CANAL BLVD",1220.00,W,N,A,-,Y,,,580,,,,,,E,Y,2,0,1,1,A,-,01,23152,A,N,A,I,A,A,H,-,C,D,0,,,,,Y,Y,A,01,1,0,0,0,0,0,0,0,0,"- ","- ",37.927799224853516,-122.38260650634766,"CONTRA COSTA",RICHMOND,-122.38257598876953,37.927898406982422
90653298,2018,2018-02-01,9320,2018-01-18,1600,018803,,4,2,5,0712,0,1,3,,2,241,"SR-24 E/B TO I-680 N/B",I-680,1056.00,W,N,C,-,Y,,,24,,,,R,,E,Y,2,0,4,5,A,-,01,23153,G,N,B,C,A,B,H,-,A,D,0,,,,,Y,Y,A,01,1,1,2,0,0,0,0,0,0,"- ","- ",37.895881652832031,-122.075927734375,"CONTRA COSTA","WALNUT CREEK",-122.075927734375,37.895881652832031
90654339,2017,2018-02-05,9370,2017-11-01,0348,021093,,3,3,4,0711,0,1,1,,2,082,"I-80 W/B","RIVERSIDE AVE PED O/C",495.00,E,N,A,-,Y,,,80,,,,,,W,Y,1,1,0,2,A,-,03,22350,,N,C,C,A,A,H,-,C,D,0,,,,,Y,,D,22,0,0,0,0,0,0,0,0,0,"- ","- ",37.954090000000001,-122.32903,"CONTRA COSTA","SAN PABLO",-122.32892249,37.954154389999999
90655534,2018,2018-02-06,9390,2018-01-31,1610,016137,,3,2,4,0790,0,1,1,,2,069,"I-680 SOUTHBOUND","GREENBROOK DRIVE OVERCROSSING",20.00,S,N,A,-,Y,,,,,,,,,,Y,2,0,1,1,A,-,08,22107,,N,E,I,A,A,H,-,A,D,0,,,,,Y,,D,22,1,0,0,0,0,0,0,0,0,"- ","- ",,,"CONTRA COSTA",DANVILLE,-121.983154296875,37.792457580566406
90656258,2017,2018-02-06,9390,2017-10-22,0655,020013,,7,1,4,0791,0,1,1,,2,068,"I-680 SOUTHBOUND","ALCOSTA BOULEVARD",4224.00,N,N,A,-,Y,,,680,,,,,,S,Y,1,1,2,2,A,-,08,22107,,N,B,C,A,A,H,-,B,D,0,,,,Y,Y,,G,24,1,0,1,0,0,0,0,0,0,"- ","- ",37.733899999999998,-121.94840000000001,"CONTRA COSTA","SAN RAMON",-121.94841605000001,37.733887330000002
90657462,2018,2018-02-08,9320,2018-02-01,1905,018371,,4,2,9,0700,0,2,4,,2,012,"SAN PABLO DAM ROAD","VALLEY VIEW RD",0.00,,Y,A,-,N,,,,,,,,,,Y,2,0,2,2,A,-,09,21453,C,N,A,C,A,A,H,-,C,A,0,,,,,Y,,A,07,1,1,0,0,0,0,0,0,0,"- ","- ",37.960079193115234,-122.28317260742188,"CONTRA COSTA",UNINCORPORATED,-122.28317260742188,37.960109710693359
9066063,2019,2020-05-16,0701,2019-11-13,2148,4323,503,3,5,5,0701,0,0,0,,0,005,"DEER VALLEY RD","HILLCREST AV",0.00,,Y,A,-,N,,,,,,,,,,Y,2,0,1,2,A,-,08,22107,,N,B,C,A,B,F,-,C,A,0,,,,,Y,,A,01,1,0,0,0,0,0,0,0,0,"- ","- ",,,"CONTRA COSTA",ANTIOCH,-121.78468322753906,37.990211486816406
9066257,2020,2020-09-21,0740,2020-04-09,2003,085,,4,5,4,0791,0,0,0,,0,"B654 4","BOLLINGER CANYON RD","MAIN BRANCH RD",0.00,,-,-,-,N,,,,,,,,,,,2,0,2,1,A,-,"- ",,,N,-,-,A,-,-,-,-,-,0,,,,,Y,Y,-,,1,1,0,0,0,0,0,0,0,"- ","- ",37.769699096679688,-121.90895080566406,"CONTRA COSTA","SAN RAMON",-121.90914154052734,37.769538879394531
90664246,2018,2018-02-20,9320,2018-02-06,1225,022013,,2,1,9,0700,0,3,5,,2,075,"KEVIN DR","GREGORY DR",270.00,W,N,A,-,N,,,,,,,,,,Y,2,0,2,1,A,-,08,22107,,F,E,I,A,A,H,-,A,D,0,,,,,Y,,A,01,1,1,0,0,0,0,0,0,0,"- ","- ",38.031898498535156,-121.9573974609375,"CONTRA COSTA",UNINCORPORATED,-121.95721435546875,38.031867980957031
90665243,2018,2018-02-21,9370,2018-02-09,2148,021519,,5,2,5,0710,0,1,1,,2,082,"I-80 WB FROM BARRETT AVE","BARRETT AVE",699.00,W,N,A,-,Y,,,80,,,,R,,W,Y,2,0,2,2,A,-,05,21202,A,N,H,G,A,A,H,-,D,D,0,,Y,,,Y,,L,04,1,1,0,0,0,0,1,0,0,"- ","- ",37.933399200439453,-122.32676696777344,"CONTRA COSTA",RICHMOND,-122.32676696777344,37.933399200439453
90666757,2018,2018-02-22,9320,2018-02-15,1040,017508,,4,1,9,0700,0,1,1,,2,180,"I-80 E/B","CUMMINGS SKYWAY OFF RAMP",3497.00,W,N,A,-,Y,,,80,,,,,,E,Y,2,0,1,1,A,-,08,22107,,N,E,I,A,A,H,-,A,D,0,,,,,Y,,A,01,1,0,0,0,0,0,0,0,0,"- ","- ",38.037998199462891,-122.24849700927734,"CONTRA COSTA",UNINCORPORATED,-122.24817657470703,38.037700653076172
90669245,2018,2019-11-06,9320,2018-02-22,0050,020192,,4,3,9,0700,0,3,5,,2,075,"PORT CHICAGO HIGHWAY","WHARF DRIVE",0.00,,Y,A,-,N,,,,,,,,,,Y,1,2,2,2,A,-,01,23152,A,N,D,C,A,A,H,-,C,D,0,,,,,Y,Y,A,01,2,0,0,0,0,0,0,0,0,"- ","- ",38.04119873046875,-121.97601318359375,"CONTRA COSTA",UNINCORPORATED,-121.97605133056641,38.041210174560547
90669638,2018,2018-06-25,9320,2018-01-25,0645,016503,,4,1,9,0700,0,2,4,,2,074,"DEER VALLEY RD.","EMPIRE MINE RD.",134.00,N,N,B,-,N,,,,,,,,,,Y,1,1,2,3,A,-,05,21460,A,N,B,C,A,B,H,-,D,D,0,,,,,Y,,A,01,1,1,0,0,0,0,0,0,0,"- ","- ",37.933479309082031,-121.77803039550781,"CONTRA COSTA",UNINCORPORATED,-121.77799987792969,37.933475494384766
90671703,2018,2018-02-28,9320,2018-02-21,0542,016788,,3,3,3,0707,0,1,1,,2,180,"I-80 W/B","PINOLE VALLEY RD U/C",1000.00,E,N,A,-,Y,,,,,,,,,,Y,2,0,1,2,A,-,07,21658,A,F,B,C,A,A,H,-,D,D,0,,,Y,,Y,,A,01,1,0,0,0,0,0,0,0,1,"- ","- ",,,"CONTRA COSTA",PINOLE,-122.2840576171875,37.999378204345703
90673361,2018,2018-03-02,9370,2018-02-16,1545,021826,,5,2,5,0710,0,1,1,,2,083,"I-80 E/B","RICHMOND PKWY",945.00,W,N,A,-,Y,,,80,,,,,,E,Y,2,0,1,2,A,-,07,21658,A,N,C,C,A,A,H,-,A,D,0,,,Y,,Y,,A,01,1,0,0,0,0,0,0,0,1,"- ","- ",37.984619140625,-122.31537628173828,"CONTRA COSTA",RICHMOND,-122.31550598144531,37.984672546386719
9067349,2020,2020-03-24,0704,2020-02-06,1425,0537,,4,5,6,0704,0,0,0,,0,,"CLAYTON RD","BEL AIR DR",24.00,E,N,A,-,N,,,,,,,,,,Y,2,0,3,2,A,-,09,21804,,N,D,C,A,A,H,-,A,A,0,,,,,Y,,A,01,2,1,0,0,0,0,0,0,0,"- ","- ",37.963779449462891,-121.99005889892578,"CONTRA COSTA",CONCORD,-121.99002075195312,37.963771820068359
90675329,2018,2018-03-06,9370,2018-03-01,1845,020941,,4,2,5,0710,0,1,1,,2,058,"I-580 W/B","BAYVIEW AVE",2588.00,E,N,A,-,Y,,,580,,,,,,W,Y,2,0,1,1,A,-,01,23152,A,N,E,I,A,A,H,-,C,D,0,,,,,Y,Y,A,01,1,0,0,0,0,0,0,0,0,"- ","- ",37.906299591064453,-122.31893157958984,"CONTRA COSTA",RICHMOND,-122.31900787353516,37.906234741210938
90680496,2018,2018-03-13,9370,2018-03-01,0150,021271,,4,3,5,0710,0,1,1,,2,058,"I-580 W/B","BAYVIEW AVE",800.00,W,N,C,-,Y,,,580,,,,,,W,Y,2,0,2,1,A,-,08,22107,,N,E,I,A,B,H,-,D,D,0,,,,,Y,,A,01,2,0,0,0,0,0,0,0,0,"- ","- ",37.913768768310547,-122.32515716552734,"CONTRA COSTA",RICHMOND,-122.32515716552734,37.913772583007812
90681554,2018,2018-03-14,9320,2018-03-03,1305,021203,,6,1,6,0704,0,1,3,,2,242,"SR-242 NORTHBOUND","CONCORD AVENUE",1500.00,N,N,B,C,Y,,,242,,,,,,N,Y,2,0,1,1,A,-,08,22107,,N,E,I,A,B,H,-,A,D,0,,,,Y,Y,,F,26,1,0,0,0,0,0,0,0,0,"- ","- ",37.983268737792969,-122.04138946533203,"CONTRA COSTA",CONCORD,-122.04153442382812,37.983299255371094
90683593,2017,2018-04-16,9320,2017-11-06,1506,019742,,1,2,9,0700,0,2,4,,2,097,"VASCO RD.","WALNUT BLVD.",4244.00,S,N,A,-,N,,,,,,,,,,Y,1,1,1,3,A,-,03,22350,,N,C,C,A,A,H,-,A,D,0,,,,,Y,,A,01,1,0,0,0,0,0,0,0,0,"- ","- ",37.879289999999997,-121.68526,"CONTRA COSTA",UNINCORPORATED,-121.69647999999999,37.887500000000003
90685429,2018,2018-03-20,9320,2018-03-15,0155,021710,,4,3,5,0712,0,1,1,,2,682,"N/B I-680","N. MAIN STREET",700.00,S,N,A,-,Y,,,680,,,,,,,Y,2,0,1,1,A,-,08,22107,,N,E,I,A,A,H,-,C,D,0,,,,,Y,,A,01,1,0,0,0,0,0,0,0,0,"- ","- ",37.911228179931641,-122.06749725341797,"CONTRA COSTA","WALNUT CREEK",-122.06751251220703,37.911235809326172
90685618,2018,2018-05-29,9320,2018-03-01,0830,017219,,4,1,9,0700,0,2,4,,2,073,"KIRKER PASS RD N/B","SOUTH HESS RD",551.00,N,N,B,C,N,,,,,,,,,,Y,1,1,3,1,A,-,03,22350,,N,E,I,A,B,H,-,A,D,0,,,,,Y,,A,07,1,0,2,0,0,0,0,0,0,"- ","- ",37.963390350341797,-121.92816162109375,"CONTRA COSTA",UNINCORPORATED,-121.92836761474609,37.963264465332031
90686735,2017,2018-03-21,9320,2017-10-04,0802,017906,,3,1,5,0708,0,1,3,,2,403,"SR-4 W/B","RAILROAD AVE O/C",530.00,W,N,A,-,Y,,,4,,,,,,W,Y,1,1,3,7,A,-,03,22350,,N,C,C,A,A,H,-,A,D,0,,,,,Y,,A,07,0,2,1,0,0,0,0,0,0,"- ","- ",38.017600000000002,-121.89122,"CONTRA COSTA",PITTSBURG,-121.89123213000001,38.017550679999999
9069557,2020,2020-07-17,0708,2020-03-27,1417,355,0708,5,5,5,0708,0,0,0,,0,001,"YORK ST","W 9TH ST",0.00,,Y,A,-,N,,,,,,,,,,N,2,0,1,2,A,-,09,21802,A,N,H,G,A,A,H,-,A,A,0,,Y,,,Y,Y,L,04,1,0,0,0,0,0,1,0,0,"- ","- ",,,"CONTRA COSTA",PITTSBURG,-121.88738250732422,38.029369354248047
9069558,2020,2020-07-17,0708,2020-03-25,2239,346,046,3,5,5,0708,0,0,0,,0,004,"KIRKER PASS RD","W BUCHANAN RD",16.00,S,N,B,-,N,,,,,,,,,,Y,2,0,1,1,A,-,01,23152,A,N,E,I,A,A,H,-,C,A,0,,,,,Y,Y,A,01,1,0,0,0,0,0,0,0,0,"- ","- ",,,"CONTRA COSTA",PITTSBURG,-121.89665985107422,37.998058319091797
90697276,2018,2018-04-03,9320,2018-03-22,0346,021433,,4,3,9,0700,0,1,3,,2,240,"SR-24 W/B","WILDER RD O/C",340.00,W,N,B,C,Y,,,,,,,,,,Y,2,0,1,1,A,-,08,22107,,N,E,I,A,B,H,-,D,D,0,,,,,Y,Y,D,22,1,0,0,0,0,0,0,0,0,"- ","- ",,,"CONTRA COSTA",UNINCORPORATED,,
90698256,2018,2018-04-13,9320,2018-03-27,1455,021455,,2,2,6,0704,0,1,1,,2,683,"I-680 N/B","MONUMENT BLVD OVER-CROSSING",4012.00,N,N,A,-,Y,,,680,,,,,,N,Y,2,0,4,2,A,-,08,22107,,N,A,C,A,A,H,-,A,D,0,,,,,Y,,A,07,1,1,2,0,0,0,0,0,0,"- ","- ",37.955810546875,-122.05338287353516,"CONTRA COSTA",CONCORD,-122.05330657958984,37.955772399902344