CASE_ID,ACCIDENT_YEAR,PROC_DATE,JURIS,COLLISION_DATE,COLLISION_TIME,OFFICER_ID,REPORTING_DISTRICT,DAY_OF_WEEK,CHP_SHIFT,POPULATION,CNTY_CITY_LOC,SPECIAL_COND,BEAT_TYPE,CHP_BEAT_TYPE,CITY_DIVISION_LAPD,CHP_BEAT_CLASS,BEAT_NUMBER,PRIMARY_RD,SECONDARY_RD,DISTANCE,DIRECTION,INTERSECTION,WEATHER_1,WEATHER_2,STATE_HWY_IND,CALTRANS_COUNTY,CALTRANS_DISTRICT,STATE_ROUTE,ROUTE_SUFFIX,POSTMILE_PREFIX,POSTMILE,LOCATION_TYPE,RAMP_INTERSECTION,SIDE_OF_HWY,TOW_AWAY,COLLISION_SEVERITY,NUMBER_KILLED,NUMBER_INJURED,PARTY_COUNT,PRIMARY_COLL_FACTOR,PCF_CODE_OF_VIOL,PCF_VIOL_CATEGORY,PCF_VIOLATION,PCF_VIOL_SUBSECTION,HIT_AND_RUN,TYPE_OF_COLLISION,MVIW,PED_ACTION,ROAD_SURFACE,ROAD_COND_1,ROAD_COND_2,LIGHTING,CONTROL_DEVICE,CHP_ROAD_TYPE,PEDESTRIAN_ACCIDENT,BICYCLE_ACCIDENT,MOTORCYCLE_ACCIDENT,TRUCK_ACCIDENT,NOT_PRIVATE_PROPERTY,ALCOHOL_INVOLVED,STWD_VEHTYPE_AT_FAULT,CHP_VEHTYPE_AT_FAULT,COUNT_SEVERE_INJ,COUNT_VISIBLE_INJ,COUNT_COMPLAINT_PAIN,COUNT_PED_KILLED,COUNT_PED_INJURED,COUNT_BICYCLIST_KILLED,COUNT_BICYCLIST_INJURED,COUNT_MC_KILLED,COUNT_MC_INJURED,PRIMARY_RAMP,SECONDARY_RAMP,LATITUDE,LONGITUDE,COUNTY,CITY,POINT_X,POINT_Y
90699240,2018,2018-04-05,9320,2018-03-18,0340,022013,,7,3,5,0708,0,1,3,,2,404,"SR-4 W/B","HARBOR ST",480.00,E,N,B,-,Y,,,4,,,,,,W,Y,2,0,1,1,A,-,08,22107,,F,F,I,A,A,H,-,C,D,0,,,,,Y,,A,07,1,0,0,0,0,0,0,0,0,"- ","- ",38.014701843261719,-121.87950134277344,"CONTRA COSTA",PITTSBURG,-121.87948608398438,38.014743804931641
90701161,2018,2018-04-09,9320,2018-03-27,0346,021440,,2,3,9,0700,0,1,3,,2,402,"SR-4 E/B","PORT CHICAGO HWY U/C",1508.00,W,N,A,-,Y,,,,,,,,,,Y,2,0,1,1,A,-,08,22107,,N,F,J,A,A,H,-,C,D,0,,,,,Y,,D,22,1,0,0,0,0,0,0,0,0,"- ","- ",38.008560180664062,-122.02704620361328,"CONTRA COSTA",UNINCORPORATED,-122.02796173095703,38.008697509765625
90703204,2018,2018-04-11,9320,2018-01-03,1005,017271,,3,1,5,0712,0,1,1,,2,682,"NORTH MAIN ST ON TO I-680 N/B","PENNIMAN WAY",448.00,N,N,A,B,Y,,,,,,,,,,Y,1,1,1,1,A,-,08,22107,,N,E,I,A,A,H,-,A,D,0,,,,,Y,,A,01,1,0,0,0,0,0,0,0,0,"- ","- ",37.917018890380859,-122.06394195556641,"CONTRA COSTA","WALNUT CREEK",,
90708057,2018,2018-07-03,9320,2018-02-23,0155,018525,,5,3,9,0700,0,1,3,,1,406,"BIXLER ROAD","STATE ROUTE 4",0.00,,Y,A,-,Y,,,,,,,,,,Y,1,1,0,2,A,-,01,23152,A,N,D,C,A,A,H,-,C,A,0,,,Y,Y,Y,Y,C,02,0,0,0,0,0,0,0,1,0,"- ","- ",37.889270782470703,-121.62300109863281,"CONTRA COSTA",UNINCORPORATED,-121.62306976318359,37.889450073242188
90710505,2018,2018-04-23,9320,2018-04-08,1108,018449,,7,1,9,0700,0,2,4,,2,023,"BEAR CREEK RD.","SAN PABLO DAM RD.",5280.00,E,N,A,-,N,,,,,,,,,,N,2,0,1,1,A,-,03,22350,,M,F,A,A,A,H,-,A,D,0,,Y,,,Y,,L,04,1,0,0,0,0,0,1,0,0,"- ","- ",37.912578582763672,-122.20176696777344,"CONTRA COSTA",UNINCORPORATED,-122.20758819580078,37.908733367919922
90712532,2018,2018-04-25,9390,2018-04-14,1100,020357,,6,1,9,0700,0,2,4,,2,113,"COLLIER CANYON RD.","HIGHLAND RD.",2640.00,S,N,A,-,N,,,,,,,,,,Y,2,0,1,1,A,-,08,22107,,N,E,I,A,A,H,-,A,D,0,,,,,Y,Y,D,22,1,0,0,0,0,0,0,0,0,"- ","- ",37.769798278808594,-121.82685852050781,"CONTRA COSTA",UNINCORPORATED,-121.82692718505859,37.769607543945312
90719016,2018,2018-05-03,9320,2018-04-26,0520,017219,,4,3,9,0700,0,2,4,,2,074,"DEER VALLEY RD","CHADBOURNE RD",4224.00,S,N,A,-,N,,,,,,,,,,Y,2,0,1,1,A,-,08,22107,,N,E,I,A,A,H,-,D,D,0,,,,,Y,,J,49,1,0,0,0,0,0,0,0,0,"- ","- ",39.913330078125,-121.76542663574219,"CONTRA COSTA",UNINCORPORATED,-121.76570129394531,37.913455963134766
90719917,2018,2018-05-04,9320,2018-04-14,1810,019238,,6,2,5,0712,0,1,1,,2,682,"I-680 S/B","NORTH MAIN ST O/C",470.00,S,N,A,-,Y,,,,,,,,,,Y,2,0,1,2,A,-,08,22107,,N,B,C,A,A,H,-,A,D,0,,,Y,,Y,,C,02,1,0,0,0,0,0,0,0,1,"- ","- ",,,"CONTRA COSTA","WALNUT CREEK",-122.06653594970703,37.914657592773438
90726368,2018,2018-05-22,9320,2018-05-05,1320,021203,,6,1,9,0700,0,2,4,,2,077,"MARSH CREEK ROAD","DEER VALLEY ROAD",1800.00,E,N,A,-,N,,,,,,,,,,Y,2,0,1,2,D,-,00,,,N,B,C,A,A,H,-,A,D,0,,,,,Y,,-,"- ",1,0,0,0,0,0,0,0,0,"- ","- ",37.879398345947266,-121.77174377441406,"CONTRA COSTA",UNINCORPORATED,-121.77202606201172,37.879505157470703
90729813,2018,2018-05-21,9320,2018-05-08,2130,021293,,2,2,9,0700,0,2,4,,2,077,"MARSH CREED RD","BIXLER RD",0.00,,Y,A,-,N,,,,,,,,,,Y,2,0,1,1,A,-,01,23152,A,N,E,I,A,A,H,-,C,A,0,,,,,Y,Y,D,22,1,0,0,0,0,0,0,0,0,"- ","- ",37.896389007568359,-121.62300109863281,"CONTRA COSTA",UNINCORPORATED,-121.62304,37.896389999999997
90730096,2018,2018-05-21,9320,2018-04-21,2151,021440,,6,2,9,0700,0,2,4,,2,011,"APPIAN WAY","VALLEY VIEW RD",0.00,,Y,A,-,N,,,,,,,,,,Y,2,0,1,2,A,-,01,23152,A,N,D,C,A,A,H,-,C,A,0,,,,,Y,Y,A,01,1,0,0,0,0,0,0,0,0,"- ","- ",37.978130340576172,-122.29528045654297,"CONTRA COSTA",UNINCORPORATED,-122.29519653320312,37.978199005126953
90731819,2018,2018-05-23,9370,2018-05-12,0155,021634,,6,3,5,0710,0,1,1,,2,058,"I-580 W/B","REGATTA BOULEVARD",820.00,E,N,A,-,Y,,,580,,,,,,W,Y,2,0,1,1,A,-,01,23152,A,N,E,I,A,A,H,-,D,D,0,,,,,Y,Y,A,01,1,0,0,0,0,0,0,0,0,"- ","- ",37.919120788574219,-122.33087921142578,"CONTRA COSTA",RICHMOND,-122.33094787597656,37.919025421142578
90734963,2018,2018-05-25,9320,2018-05-12,1300,020889,,6,1,9,0700,0,2,4,,2,077,"MARSH CREEK RD.","PINE LN.",4224.00,E,N,A,-,N,,,,,,,,,,N,2,0,2,3,A,-,06,21760,B,F,B,G,A,A,H,-,A,D,0,,Y,,,Y,,A,01,1,0,1,0,0,0,2,0,0,"- ","- ",37.919841766357422,-121.8978271484375,"CONTRA COSTA",UNINCORPORATED,-121.89850616455078,37.919963836669922
90736902,2018,2018-05-30,9320,2018-05-21,2232,021499,,1,3,5,0701,0,1,3,,2,404,"SR-4 W/B","HILLCREST AVE",3200.00,E,N,A,-,Y,,,,,,,,,,Y,2,0,6,6,A,-,03,22350,,N,C,C,A,A,H,-,C,D,0,,,,Y,Y,,G,25,1,3,2,0,0,0,0,0,0,"- ","- ",37.594028472900391,-121.46266174316406,"CONTRA COSTA",ANTIOCH,-121.77455902099609,37.994594573974609
90736958,2018,2018-08-31,9320,2018-05-20,1855,020981,,7,2,9,0700,0,3,5,,2,060,"GRIZZLY PEAK BOULEVARD","SKYLINE BOULEVARD",1000.00,N,N,A,-,N,,,,,,,,,,N,2,0,1,2,A,-,06,21750,A,F,B,C,A,A,H,-,A,D,0,,,Y,,Y,,C,02,1,0,0,0,0,0,0,0,1,"- ","- ",37.850040435791016,-122.20226287841797,"CONTRA COSTA",UNINCORPORATED,-122.2021484375,37.849964141845703
90741023,2018,2018-06-05,9320,2018-05-27,0225,021433,,7,3,6,0704,0,1,3,,2,402,"SR-4 E/B","PERALTA RD U/C",220.00,W,N,A,-,Y,,,,,,,,,,Y,2,0,1,1,A,-,01,23152,A,N,E,I,A,A,H,-,D,D,0,,,,,Y,Y,A,07,1,0,0,0,0,0,0,0,0,"- ","- ",,,"CONTRA COSTA",CONCORD,-122.04830932617188,38.002059936523438
90744048,2018,2018-06-08,9320,2018-03-01,2145,020009,,4,2,9,0700,0,1,3,,1,406,"SR-4 E/B","BYRON HIGHWAY",210.00,E,N,C,-,Y,,,4,,,,,,E,Y,1,1,0,1,A,-,08,22107,,N,E,I,A,B,H,-,D,D,0,,,,,Y,,A,01,0,0,0,0,0,0,0,0,0,"- ","- ",37.889190673828125,-121.63796234130859,"CONTRA COSTA",UNINCORPORATED,-121.63796234130859,37.889270782470703
90744824,2018,2018-06-11,9370,2018-06-01,1502,020235,,5,2,5,0710,0,1,1,,2,058,"I-580 W/B","RICHMOND-SAN RAFAEL BRIDGE TOLL PLAZA",150.00,E,N,A,-,Y,,,,,,,,,,Y,2,0,1,2,A,-,07,21658,A,N,B,C,A,A,H,-,A,D,0,,,Y,,Y,,A,01,1,0,0,0,0,0,0,0,1,"- ","- ",37.555618286132812,-122.24961853027344,"CONTRA COSTA",RICHMOND,,
90745181,2018,2018-06-11,9320,2018-06-01,0111,020295,,5,3,6,0704,0,1,3,,2,402,"SR-4 E/B","KINNE BLVD.",4752.00,W,N,A,-,Y,,,4,,,,,,E,Y,2,0,2,1,A,-,01,23152,A,N,E,I,A,A,H,-,C,D,0,,,,,Y,Y,A,01,1,1,0,0,0,0,0,0,0,"- ","- ",38.010971069335938,-122.01403045654297,"CONTRA COSTA",CONCORD,-122.01401519775391,38.010887145996094
90745392,2018,2018-06-11,9320,2018-06-02,0359,020834,,6,3,5,0701,0,1,3,,2,160,"SR-160 S/B","WILBER AVE",2000.00,N,N,A,-,Y,,,,,,,,,,Y,2,0,1,2,A,-,03,22350,,N,C,C,A,A,H,-,D,D,0,,,,Y,Y,,A,01,1,0,0,0,0,0,0,0,0,"- ","- ",38.020061492919922,-121.75164031982422,"CONTRA COSTA",ANTIOCH,-121.75157165527344,38.014289855957031
90749233,2018,2018-06-15,9370,2018-06-08,2005,021913,,5,2,9,0700,0,2,4,,1,011,"SAN PABLO AVENUE","KAY ROAD",0.00,,Y,A,-,N,,,,,,,,,,Y,2,0,1,2,A,-,01,23152,A,F,G,B,B,A,H,-,A,A,0,Y,,,,Y,Y,A,01,1,0,0,0,1,0,0,0,0,"- ","- ",37.991691589355469,-122.33162689208984,"CONTRA COSTA",UNINCORPORATED,-122.33184814453125,37.991649627685547
90749658,2018,2018-06-18,9320,2018-06-07,0835,020889,,4,1,9,0700,0,3,5,,2,075,"WILLOW PASS RD.","ENES AVE.",0.00,,Y,A,-,N,,,,,,,,,,N,2,0,1,2,A,-,12,21453,A,N,D,G,A,A,H,-,A,A,0,,Y,,,Y,,L,04,1,0,0,0,0,0,1,0,0,"- ","- ",38.026718139648438,-121.95437622070312,"CONTRA COSTA",UNINCORPORATED,-121.95442962646484,38.026779174804688
90751323,2018,2018-06-19,9320,2018-04-23,2037,020981,,1,2,9,0700,0,3,5,,2,075,"CANAL ROAD","EMERALD COVE DRIVE",296.00,W,N,A,-,N,,,,,,,,,,N,1,1,0,2,A,-,08,22107,,N,D,G,A,A,H,-,C,D,0,,Y,,,Y,Y,L,04,0,0,0,0,0,1,0,0,0,"- ","- ",38.019458770751953,-121.93110656738281,"CONTRA COSTA",UNINCORPORATED,-121.93098449707031,38.019447326660156
90755779,2018,2018-06-26,9320,2018-06-20,2335,020295,,3,3,6,0704,0,1,1,,2,683,"I-680 N/B","BURNETT AVE",483.00,S,N,A,-,Y,,,680,,,,,,N,Y,2,0,1,1,A,-,08,22107,,N,E,I,A,A,H,-,C,D,0,,,,,Y,,A,07,1,0,0,0,0,0,0,0,0,"- ","- ",37.974220275878906,-122.06227111816406,"CONTRA COSTA",CONCORD,-122.06254577636719,37.974010467529297
90756609,2018,2019-10-25,9320,2018-06-14,2500,017219,,4,4,5,0701,0,1,3,,2,160,"SR-160 S/B TO SR-4 W/B",SR-4,550.00,N,N,A,-,Y,,,160,,,,R,,S,Y,1,1,0,1,A,-,01,23152,A,N,F,A,A,A,H,-,D,D,0,,,,,Y,Y,A,01,0,0,0,0,0,0,0,0,0,"- ","- ",37.991390228271484,-121.75874328613281,"CONTRA COSTA",ANTIOCH,-121.75874328613281,37.991390228271484
90756690,2018,2018-06-27,9320,2018-05-25,0352,021433,,5,3,9,0700,0,1,1,,2,180,"I-80 E/B","CUMMINGS SKYWAY O/C",2218.00,E,N,B,-,Y,,,80,,,,,,E,Y,1,1,0,2,A,-,03,22350,,N,C,C,A,A,H,-,C,D,0,,,,Y,Y,,A,01,0,0,0,0,0,0,0,0,0,"- ","- ",38.049301147460938,-122.23216247558594,"CONTRA COSTA",UNINCORPORATED,-122.23217010498047,38.049312591552734
90758102,2018,2018-06-28,9320,2018-06-20,1513,019238,,3,2,9,0700,0,1,1,,2,681,"I-680 N/B","LIVORNA RD U/C",50.00,S,N,A,-,Y,,,,,,,,,,Y,2,0,2,3,A,-,03,22350,,N,C,C,A,A,H,-,A,D,0,,,,,Y,,A,01,1,0,1,0,0,0,0,0,0,"- ","- ",,,"CONTRA COSTA",UNINCORPORATED,-122.03519439697266,37.863285064697266
90766100,2018,2018-07-10,9320,2018-06-27,2110,017211,,3,2,9,0700,0,2,4,,2,031,"SAN PABLO AVENUE","MERCHANT STREET",485.00,W,N,A,-,N,,,,,,,,,,Y,2,0,1,2,A,-,09,21804,A,N,D,C,A,A,H,-,D,D,0,,,Y,,Y,,A,07,1,0,0,0,0,0,0,0,1,"- ","- ",38.055610656738281,-122.23211669921875,"CONTRA COSTA",UNINCORPORATED,-122.23193359375,38.055500030517578
90766721,2018,2018-07-11,9370,2018-07-08,0910,021645,,7,1,4,0711,0,1,1,,2,083,"I-80 E/B","SAN PABLO DAM ROAD",95.00,E,N,A,-,Y,,,80,,,,,,E,N,2,0,1,2,A,-,11,21954,A,N,G,B,E,A,H,-,A,D,0,Y,,,,Y,,N,60,1,0,0,0,1,0,0,0,0,"- ","- ",37.956470489501953,-122.33000946044922,"CONTRA COSTA","SAN PABLO",-122.33003997802734,37.956455230712891
90766993,2018,2018-07-11,9320,2018-07-03,1745,019238,,2,2,9,0700,0,2,4,,2,062,"STONE VALLEY RD","DANVILLE BLVD",60.00,E,N,A,-,N,,,,,,,,,,Y,2,0,1,2,A,-,08,22107,,N,E,I,A,A,H,-,A,D,0,,,Y,,Y,,C,02,1,0,0,0,0,0,0,0,1,"- ","- ",37.850429534912109,-122.03208160400391,"CONTRA COSTA",UNINCORPORATED,-122.03231048583984,37.850334167480469
90768443,2018,2018-07-13,9320,2018-07-06,0200,021423,,5,3,4,0714,0,1,3,,2,402,"S/R-4 E/B","MORELLO AVE",1110.00,W,N,A,-,Y,,,,,,,,,,N,2,0,1,1,C,-,18,,,N,H,A,A,A,H,-,C,D,0,,,,,Y,,-,"- ",1,0,0,0,0,0,0,0,0,"- ","- ",37.993560791015625,-122.10446166992188,"CONTRA COSTA",MARTINEZ,,
9076883,2020,2020-06-10,0712,2020-02-20,0521,P386,,4,5,5,0712,0,0,0,,0,003,"YGNACIO VALLEY RD","SAN CARLOS DR",0.00,,Y,A,-,N,,,,,,,,,,,2,0,1,2,A,-,11,21456,B,N,G,B,B,A,H,-,C,A,0,Y,,,,Y,,N,60,1,0,0,0,1,0,0,0,0,"- ","- ",,,"CONTRA COSTA","WALNUT CREEK",-122.03932952880859,37.91748046875
90781769,2018,2018-08-01,9320,2018-07-24,1435,018371,,2,2,9,0700,0,3,5,,2,060,"PLEASANT HILL RD","TAYLOR BLVD",300.00,S,N,A,-,N,,,,,,,,,,Y,2,0,1,1,A,-,08,22107,,N,F,A,A,A,H,-,A,D,0,,,Y,,Y,,C,02,1,0,0,0,0,0,0,0,1,"- ","- ",37.920021057128906,-122.09916687011719,"CONTRA COSTA",UNINCORPORATED,-122.09927368164062,37.919963836669922
90783158,2018,2018-08-02,9320,2018-05-16,1824,019238,,3,2,9,0700,0,1,3,,2,403,"SR-4 E/B","SAN MARCO BLVD U/C",1400.00,W,N,A,-,Y,,,,,,,,,,Y,1,1,0,4,A,-,03,22350,,N,B,C,A,A,H,-,A,D,0,,,Y,,Y,,C,02,0,0,0,0,0,0,0,1,0,"- ","- ",,,"CONTRA COSTA",UNINCORPORATED,-121.97062683105469,38.023624420166016
90783706,2018,2018-08-03,9320,2018-07-28,0720,020026,,6,1,3,0707,0,1,1,,2,180,"I-80 EASTBOUND","APPIAN WAY",1056.00,E,N,A,-,Y,,,,,,,,,,N,2,0,1,2,A,-,04,21703,,N,C,C,A,A,H,-,A,D,0,,,Y,,Y,,C,02,1,0,0,0,0,0,0,0,1,"- ","- ",,,"CONTRA COSTA",PINOLE,-122.30162048339844,37.993358612060547
90787160,2018,2018-08-09,9370,2018-05-19,2310,021913,,6,3,9,0700,0,3,5,,2,010,"SHERYL DRIVE (600 BLOCK)","RACHEL ROAD",571.00,N,N,A,-,N,,,,,,,,,,Y,1,1,0,3,A,-,01,23152,A,N,B,E,A,A,H,-,D,D,0,,,Y,,Y,Y,C,02,0,0,0,0,0,0,0,1,0,"- ","- ",37.996051788330078,-122.33360290527344,"CONTRA COSTA",UNINCORPORATED,-122.33354949951172,37.996051788330078
90790280,2018,2018-08-14,9320,2018-04-03,1838,018371,,2,2,9,0700,0,2,4,,2,012,"SAN PABLO DAM ROAD","TERRI ANN CT",88.00,W,N,A,-,N,,,,,,,,,,Y,1,1,1,4,A,-,05,21460,A,N,A,C,A,A,H,-,B,D,0,,,,,Y,,A,01,0,1,0,0,0,0,0,0,0,"- ","- ",37.9586181640625,-122.28076934814453,"CONTRA COSTA",UNINCORPORATED,-122.28084564208984,37.958667755126953
90816181,2018,2018-09-19,9320,2018-08-30,1425,021499,,4,2,9,0700,0,2,4,,2,096,"VASCO RD","CAMINO DIABLO",4300.00,S,N,A,-,N,,,,,,,,,,Y,2,0,5,4,A,-,06,21751,,N,A,C,A,A,H,-,A,D,0,,,,,Y,,A,01,4,1,0,0,0,0,0,0,0,"- ","- ",37.512901306152344,-121.39203643798828,"CONTRA COSTA",UNINCORPORATED,-121.66764068603516,37.865211486816406
90816763,2018,2018-09-19,9320,2018-09-08,0345,020026,,6,3,9,0700,0,2,4,,2,093,"CAMINO DIABLO RD","VASCO RD",2000.00,E,N,A,-,N,,,,,,,,,,Y,2,0,1,1,A,-,08,22107,,N,F,A,A,A,H,-,D,D,0,,,Y,,Y,Y,C,02,1,0,0,0,0,0,0,0,1,"- ","- ",37.867191314697266,-121.66121673583984,"CONTRA COSTA",UNINCORPORATED,-121.66117858886719,37.867137908935547
90819032,2018,2018-09-24,9320,2018-09-16,0244,021472,,7,3,9,0700,0,1,1,,2,681,"S/B I-680","LIVORNA ROAD",2112.00,N,N,A,-,Y,,,680,,,,,,,Y,2,0,1,2,A,-,03,22350,,N,D,C,A,A,H,-,D,D,0,,,,,Y,,A,01,1,0,0,0,0,0,0,0,0,"- ","- ",37.866718292236328,-122.03903198242188,"CONTRA COSTA",UNINCORPORATED,-122.03901672363281,37.866729736328125
90819265,2018,2018-09-24,9320,2018-09-19,2027,020129,,3,2,5,0712,0,1,3,,2,241,"SR-24 E/B TO I-680 N/B","EL CURTOLA BLVD",3000.00,E,N,A,-,Y,,,24,,,,R,,E,Y,2,0,1,1,A,-,08,22107,,N,E,I,A,A,H,-,C,D,0,,,,,Y,,A,01,1,0,0,0,0,0,0,0,0,"- ","- ",37.895801544189453,-122.07479095458984,"CONTRA COSTA","WALNUT CREEK",-122.07479095458984,37.895801544189453
90826911,2018,2018-10-02,9390,2018-09-25,1905,015650,,2,2,4,0790,0,2,4,,2,111,"EAGLE NEST DR.","BLACKHAWK DR.",0.00,,Y,A,-,N,,,,,,,,,,Y,2,0,2,1,A,-,03,22350,,N,E,I,A,A,A,-,C,D,0,,,,,Y,,A,01,1,1,0,0,0,0,0,0,0,"- ","- ",37.48590087890625,-121.54070281982422,"CONTRA COSTA",DANVILLE,-121.90254974365234,37.816520690917969
9082879,2020,2020-07-13,0702,2020-03-01,2245,590C,127B,7,5,3,0702,0,0,0,,0,001,"LONE TREE WY","FAIRVIEW AV",357.00,E,N,A,-,N,,,,,,,,,,N,2,0,2,2,A,-,01,23153,A,N,A,C,A,A,H,-,C,D,0,,,,,Y,Y,A,01,2,0,0,0,0,0,0,0,0,"- ","- ",37.961620330810547,-121.72532653808594,"CONTRA COSTA",BRENTWOOD,-121.72409057617188,37.961620330810547
90833846,2018,2018-10-11,9320,2018-07-21,0906,018449,,6,1,3,0792,0,1,3,,2,240,"STATE ROUTE 24 WESTBOUND","CAMINO PABLO",934.00,E,N,A,-,Y,,,24,,,,,,W,Y,1,1,1,1,A,-,08,22107,,N,E,I,A,A,H,-,A,D,0,,,,,Y,,A,01,0,1,0,0,0,0,0,0,0,"- ","- ",37.881191253662109,-122.18235015869141,"CONTRA COSTA",ORINDA,-122.18228149414062,37.881111145019531
90841125,2018,2018-10-22,9320,2018-10-07,2240,021710,,7,3,3,0792,0,1,3,,2,240,"SR-24 W/B","ST. STEPHENS DRIVE",1290.00,W,N,A,-,Y,,,24,,,,,,W,Y,1,1,0,1,A,-,08,22107,,N,E,I,A,A,H,-,C,D,0,,,,,Y,,A,01,0,0,0,0,0,0,0,0,0,"- ","- ",37.890041351318359,-122.17514038085938,"CONTRA COSTA",ORINDA,-122.175048828125,37.889915466308594
90841144,2018,2018-10-22,9320,2018-10-10,1642,019238,,3,2,9,0700,0,3,5,,2,060,"CAMILLE CT","CAMILLE AVE",190.00,S,N,A,-,N,,,,,,,,,,N,2,0,1,1,A,-,03,22350,,N,E,J,A,A,H,-,A,D,0,,Y,,,Y,,L,04,1,0,0,0,0,0,1,0,0,"- ","- ",37.835910797119141,-122.02247619628906,"CONTRA COSTA",UNINCORPORATED,-122.02246856689453,37.835918426513672
90851318,2018,2018-11-01,9320,2018-10-29,1545,020984,,1,2,3,0792,0,1,3,,2,240,"SR-24 E/B","WILDER RD",2112.00,E,N,A,-,Y,,,24,,,,,,E,Y,2,0,1,2,A,-,07,21658,A,N,B,C,A,A,H,-,A,D,0,,,Y,,Y,,A,07,1,0,0,0,0,0,0,0,1,"- ","- ",37.87139892578125,-122.19100189208984,"CONTRA COSTA",ORINDA,-122.19100952148438,37.871410369873047
90852709,2018,2018-11-05,9390,2018-10-30,1625,018628,,2,2,9,0700,0,2,4,,2,112,"CAMINO TASSAJARA (8000 BLOCK)","ALA/CC CO LINE",300.00,N,N,A,-,N,,,,,,,,,,Y,2,0,2,2,A,-,05,21460,A,N,A,C,A,A,H,-,A,D,0,,,,,Y,,A,01,1,1,0,0,0,0,0,0,0,"- ","- ",37.740951538085938,-121.87062835693359,"CONTRA COSTA",UNINCORPORATED,-121.87062835693359,37.740951538085938
90853743,2018,2018-11-06,9320,2018-10-27,1535,021423,,6,2,4,0714,0,1,1,,2,683,"I-680 S/B",SR-4,300.00,N,N,A,-,Y,,,,,,,,,,Y,2,0,1,2,A,-,07,21658,A,N,B,C,A,A,H,-,A,D,0,,,,,Y,Y,A,01,1,0,0,0,0,0,0,0,0,"- ","- ",37.995109558105469,-122.07068634033203,"CONTRA COSTA",MARTINEZ,-122.07073974609375,37.995220184326172
90857966,2018,2018-11-12,9370,2018-11-02,1135,022077,,5,1,3,0705,0,1,1,,2,082,"I-80 W/B FROM POTRERO AVENUE","POTRERO AVENUE",20.00,W,N,A,-,Y,,,80,,,,R,,W,N,2,0,1,2,A,-,11,21954,A,N,G,B,E,A,H,-,A,D,0,Y,,,,Y,,N,60,1,0,0,0,1,0,0,0,0,"- ","- ",37.920761108398438,-122.31759643554688,"CONTRA COSTA","EL CERRITO",-122.31759643554688,37.920761108398438
90862676,2018,2018-11-19,9320,2018-11-12,1021,20911,,1,1,4,0714,0,1,3,,2,402,"SR-4 W/B (JOHN MUIR PARKWAY)","OLD ORCHARD RD",712.00,E,N,A,-,Y,,,4,,,,,,W,Y,2,0,1,1,A,-,01,23152,A,N,E,I,A,A,H,-,A,D,0,,,,,Y,Y,A,01,1,0,0,0,0,0,0,0,0,"- ","- ",37.995319366455078,-122.10862731933594,"CONTRA COSTA",MARTINEZ,-122.10870361328125,37.995128631591797
90864151,2018,2018-11-20,9320,2018-11-17,0845,021203,,6,1,5,0701,0,1,3,,2,404,"SR-4 EASTBOUND",SR-160,1584.00,W,N,A,-,Y,,,4,,,,,,E,Y,2,0,4,2,A,-,01,23152,A,N,B,C,A,A,H,-,A,D,0,,,,,Y,Y,A,01,1,0,3,0,0,0,0,0,0,"- ","- ",37.994148254394531,-121.77204895019531,"CONTRA COSTA",ANTIOCH,-121.77211761474609,37.993808746337891
9087562,2019,2020-05-09,0710,2019-12-15,1027,1706,SOUTH,7,5,5,0710,0,0,0,,0,001,"HARBOUR WY S","WRIGHT AV",0.00,,Y,A,F,N,,,,,,,,,,N,2,0,1,2,A,-,09,21800,A,N,A,G,A,A,G,-,A,D,0,,Y,,,Y,,A,01,1,0,0,0,0,0,1,0,0,"- ","- ",37.921211242675781,-122.36031341552734,"CONTRA COSTA",RICHMOND,-122.36006164550781,37.921218872070312
9087564,2019,2020-05-16,0710,2019-12-13,1704,1693,NORTH,5,5,5,0710,0,0,0,,0,007,"AMADOR ST","MCBRYDE AV",0.00,,Y,A,-,N,,,,,,,,,,Y,2,0,4,5,A,-,12,21453,,N,F,C,A,A,H,-,C,A,0,,,,,Y,Y,A,07,2,0,2,0,0,0,0,0,0,"- ","- ",37.948680877685547,-122.32572174072266,"CONTRA COSTA",RICHMOND,-122.32569122314453,37.948760986328125
9087642,2020,2020-07-16,0701,2020-02-27,1725,5319,209,4,5,5,0701,0,0,0,,0,002,"OAKLEY RD","WILLOW AV",45.00,W,N,A,-,N,,,,,,,,,,Y,2,0,1,1,A,-,03,22350,,N,H,A,A,A,H,-,A,D,0,,,Y,,Y,,C,02,1,0,0,0,0,0,0,0,1,"- ","- ",,,"CONTRA COSTA",ANTIOCH,-121.76927185058594,37.9976806640625