CASE_ID,ACCIDENT_YEAR,PROC_DATE,JURIS,COLLISION_DATE,COLLISION_TIME,OFFICER_ID,REPORTING_DISTRICT,DAY_OF_WEEK,CHP_SHIFT,POPULATION,CNTY_CITY_LOC,SPECIAL_COND,BEAT_TYPE,CHP_BEAT_TYPE,CITY_DIVISION_LAPD,CHP_BEAT_CLASS,BEAT_NUMBER,PRIMARY_RD,SECONDARY_RD,DISTANCE,DIRECTION,INTERSECTION,WEATHER_1,WEATHER_2,STATE_HWY_IND,CALTRANS_COUNTY,CALTRANS_DISTRICT,STATE_ROUTE,ROUTE_SUFFIX,POSTMILE_PREFIX,POSTMILE,LOCATION_TYPE,RAMP_INTERSECTION,SIDE_OF_HWY,TOW_AWAY,COLLISION_SEVERITY,NUMBER_KILLED,NUMBER_INJURED,PARTY_COUNT,PRIMARY_COLL_FACTOR,PCF_CODE_OF_VIOL,PCF_VIOL_CATEGORY,PCF_VIOLATION,PCF_VIOL_SUBSECTION,HIT_AND_RUN,TYPE_OF_COLLISION,MVIW,PED_ACTION,ROAD_SURFACE,ROAD_COND_1,ROAD_COND_2,LIGHTING,CONTROL_DEVICE,CHP_ROAD_TYPE,PEDESTRIAN_ACCIDENT,BICYCLE_ACCIDENT,MOTORCYCLE_ACCIDENT,TRUCK_ACCIDENT,NOT_PRIVATE_PROPERTY,ALCOHOL_INVOLVED,STWD_VEHTYPE_AT_FAULT,CHP_VEHTYPE_AT_FAULT,COUNT_SEVERE_INJ,COUNT_VISIBLE_INJ,COUNT_COMPLAINT_PAIN,COUNT_PED_KILLED,COUNT_PED_INJURED,COUNT_BICYCLIST_KILLED,COUNT_BICYCLIST_INJURED,COUNT_MC_KILLED,COUNT_MC_INJURED,PRIMARY_RAMP,SECONDARY_RAMP,LATITUDE,LONGITUDE,COUNTY,CITY,POINT_X,POINT_Y
90887868,2018,2018-12-21,9320,2018-12-16,0251,021472,,7,3,9,0700,0,1,3,,2,403,"W/B SR-4","WILLOW PASS ROAD",5808.00,E,N,A,-,Y,,,4,,,,,,,Y,2,0,1,1,A,-,01,23152,A,N,E,I,A,A,H,-,D,D,0,,,,,Y,Y,A,01,1,0,0,0,0,0,0,0,0,"- ","- ",38.022300720214844,-121.97972106933594,"CONTRA COSTA",UNINCORPORATED,-121.979736328125,38.022346496582031
90888050,2018,2018-12-21,9320,2018-12-17,1210,021246,,1,1,5,0708,0,1,3,,2,403,"SR-4 E/B","BAILEY ROAD",600.00,E,N,A,-,Y,,,4,,,,,,E,Y,2,0,3,2,A,-,03,22350,,N,C,C,A,A,H,-,A,D,0,,,,,Y,,D,22,1,0,2,0,0,0,0,0,0,"- ","- ",38.018650054931641,-121.93782043457031,"CONTRA COSTA",PITTSBURG,-121.93782043457031,38.018791198730469
9089935,2020,2020-07-24,0740,2020-03-13,0736,SR095,SR/72,5,5,4,0791,0,0,0,,0,005,"ALBION RD","N BELLINGHAM WY",0.00,,Y,A,-,N,,,,,,,,,,N,2,0,1,2,A,-,11,21950,B,N,G,B,A,A,H,-,A,A,0,,Y,,,Y,,L,04,1,0,0,0,0,0,1,0,0,"- ","- ",37.767890930175781,-121.89942932128906,"CONTRA COSTA","SAN RAMON",-121.89939117431641,37.767860412597656
90901554,2018,2019-01-10,9320,2018-12-30,0910,014859,,7,1,4,0714,0,1,3,,2,402,"SR-4 W/B","GRAYSON CREEK U/C",100.00,E,N,A,-,Y,,,,,,,,,,Y,2,0,1,1,A,-,08,22107,,N,E,I,A,A,H,-,A,D,0,,,,,Y,,D,22,1,0,0,0,0,0,0,0,0,"- ","- ",37.995899200439453,-122.06607818603516,"CONTRA COSTA",MARTINEZ,,
90904288,2019,2019-01-15,9370,2019-01-03,0645,019695,,4,1,5,0710,0,1,1,,2,083,"I-80 E/B","RICHMOND PARKWAY",1968.00,W,N,A,-,Y,,,80,,,,,,E,Y,2,0,1,2,C,-,18,,,N,D,C,A,A,H,-,D,D,0,,,,,Y,,-,"- ",1,0,0,0,0,0,0,0,0,"- ","- ",37.985069274902344,-122.31584930419922,"CONTRA COSTA",RICHMOND,-122.31541442871094,37.984886169433594
9090673,2020,2020-07-02,0704,2020-03-25,1248,0592,,3,5,6,0704,0,0,0,,0,001,"OAKMEAD DR","GALINDO ST",102.00,W,N,A,-,N,,,,,,,,,,Y,2,0,1,2,C,-,18,,,N,A,I,A,A,H,-,A,A,0,,,,,Y,,-,"- ",1,0,0,0,0,0,0,0,0,"- ","- ",,,"CONTRA COSTA",CONCORD,-122.03235626220703,37.96881103515625
90909415,2019,2019-01-23,9320,2019-01-07,2150,020009,,1,2,9,0700,0,3,5,,2,075,"WILLOW PASS RD","MARIN AVE",70.00,W,N,A,-,N,,,,,,,,,,N,2,0,1,2,A,-,11,21954,A,N,G,B,D,A,H,-,C,D,0,Y,,,,Y,,N,60,1,0,0,0,1,0,0,0,0,"- ","- ",38.026729583740234,-121.95387268066406,"CONTRA COSTA",UNINCORPORATED,-121.95363616943359,38.026790618896484
90909562,2018,2019-01-23,9320,2018-11-04,1710,018525,,7,2,9,0700,0,1,3,,1,406,SR-4,"BYRON HIGHWAY",700.00,E,N,A,-,Y,,,4,,,,,,,Y,2,0,2,2,A,-,01,23152,A,F,C,C,A,A,H,-,C,D,0,,,Y,,Y,Y,A,01,1,1,0,0,0,0,0,0,1,"- ","- ",37.889301300048828,-121.63700103759766,"CONTRA COSTA",UNINCORPORATED,-121.63700103759766,37.889274597167969
90909615,2018,2019-01-23,9320,2018-11-04,1713,018525,,7,2,9,0700,0,1,3,,1,406,SR-4,"BYRON HIGHWAY",1056.00,E,N,A,-,Y,,,4,,,,,,,Y,2,0,5,2,A,-,01,23152,A,N,C,C,A,A,H,-,C,D,0,,,,,Y,Y,A,01,4,0,1,0,0,0,0,0,0,"- ","- ",37.889301300048828,-121.635498046875,"CONTRA COSTA",UNINCORPORATED,-121.635498046875,37.889293670654297
90913560,2019,2019-01-28,9320,2019-01-17,0000,021318,,4,3,3,0715,0,1,3,,2,241,"SR-24 W/B","SAINT STEPHENS DRIVE",700.00,E,N,A,-,Y,,,24,,,,,,W,Y,2,0,1,5,A,-,03,22350,,N,C,C,A,B,H,-,A,D,0,,,,,Y,Y,A,01,1,0,0,0,0,0,0,0,0,"- ","- ",37.892948150634766,-122.16651916503906,"CONTRA COSTA",LAFAYETTE,-122.16651916503906,37.892913818359375
90916211,2019,2019-01-31,9320,2019-01-25,1855,021499,,5,2,9,0700,0,1,3,,2,402,"SR-4 E/B","PORT CHICAGO HIGHWAY",1800.00,W,N,A,-,Y,,,,,,,,,,N,2,0,1,1,A,-,08,22107,,N,F,A,A,A,H,-,D,D,0,,,Y,,Y,,C,02,1,0,0,0,0,0,0,0,1,"- ","- ",38.030998229980469,-122.1446533203125,"CONTRA COSTA",UNINCORPORATED,-122.02895355224609,38.008533477783203
90919854,2019,2019-02-06,9370,2019-01-25,1653,021573,,5,2,5,0710,0,1,1,,2,082,"I-80 W/B","CUTTING BLVD",1100.00,E,N,A,-,Y,,,,,,,,,,Y,2,0,1,1,A,-,08,22107,,N,F,A,A,A,H,-,A,D,0,,,Y,,Y,,C,02,1,0,0,0,0,0,0,0,1,"- ","- ",37.554130554199219,-122.19225311279297,"CONTRA COSTA",RICHMOND,-122.31918334960938,37.9228515625
90921330,2018,2019-02-07,9320,2018-12-18,1810,021352,,2,2,9,0700,0,3,5,,2,010,"HILLTOP DRIVE","EL CENTRO ROAD",0.00,,Y,A,-,N,,,,,,,,,,N,1,1,0,2,A,-,11,21954,A,N,G,B,D,A,H,-,E,D,0,Y,,,,Y,,N,60,0,0,0,1,0,0,0,0,0,"- ","- ",37.976318359375,-122.3123779296875,"CONTRA COSTA",UNINCORPORATED,-122.31233215332031,37.976341247558594
90921358,2018,2019-03-07,9320,2018-11-18,2125,021373,,7,2,6,0704,0,1,3,,2,402,"SR-4 E/B","PORT CHICAGO HIGHWAY",2033.00,E,N,F,-,Y,,,4,,,,,,E,Y,1,1,1,3,A,-,01,23152,A,N,E,I,A,A,H,-,D,D,0,,,,,Y,Y,A,01,1,0,0,0,0,0,0,0,0,"- ","- ",38.012508392333984,-122.00363922119141,"CONTRA COSTA",CONCORD,-122.00363922119141,38.012489318847656
90921389,2018,2019-02-07,9320,2018-10-27,0455,021499,,6,3,9,0700,0,1,1,,2,180,"I-80 E/B TO POMONA ST","POMONA ST",305.00,E,N,A,-,Y,,,,,,,,,,Y,1,1,0,1,A,-,08,22107,,N,E,I,A,A,H,-,C,D,0,,,Y,,Y,,C,02,0,0,0,0,0,0,0,1,0,"- ","- ",38.310989379882812,-122.13352203369141,"CONTRA COSTA",UNINCORPORATED,-122.22661590576172,38.05316162109375
90922034,2018,2019-02-08,9370,2018-12-07,0505,019695,,5,3,9,0700,0,3,5,,2,010,"MONTALVIN DRIVE (500 BLOCK)","LETTIA ROAD",15.00,E,N,A,-,N,,,,,,,,,,Y,1,1,0,2,A,-,11,21954,A,N,G,B,D,A,H,-,D,D,0,Y,,,,Y,,N,60,0,0,0,1,0,0,0,0,0,"- ","- ",37.998519897460938,-122.33561706542969,"CONTRA COSTA",UNINCORPORATED,-122.33560180664062,37.998481750488281
90922890,2018,2019-10-01,9370,2018-12-15,0210,021825,,6,3,5,0710,0,1,1,,2,082,"I-80 E/B (EASTSHORE FREEWAY)","CARLSON BOULEVARD",1468.00,E,N,B,-,Y,,,80,,,,,,E,Y,1,1,2,2,A,-,01,23152,A,N,C,E,A,A,H,-,D,D,0,,,,Y,Y,Y,D,22,1,0,1,0,0,0,0,0,0,"- ","- ",37.915031433105469,-122.31722259521484,"CONTRA COSTA",RICHMOND,-122.31735229492188,37.915031433105469
9092395,2020,2020-10-12,0702,2020-03-05,1116,526I,422B,4,5,3,0702,0,0,0,,0,004,"BALFOUR RD","WALNUT BL",0.00,,Y,A,-,N,,,,,,,,,,Y,2,0,1,2,A,-,12,21453,A,N,D,C,A,-,H,-,A,A,0,,,,,Y,,A,08,1,0,0,0,0,0,0,0,0,"- ","- ",37.925548553466797,-121.69615173339844,"CONTRA COSTA",BRENTWOOD,-121.69615173339844,37.925548553466797
9092396,2020,2020-10-12,0702,2020-03-12,1744,522R,228B,4,5,3,0702,0,0,0,,0,022,"MEDALLION DR","EUROPENA DR",0.00,,Y,A,-,N,,,,,,,,,,N,2,0,1,2,A,-,12,22450,A,N,-,G,A,-,H,-,A,A,0,,Y,,,Y,,-,,1,0,0,0,0,0,1,0,0,"- ","- ",37.962909698486328,-121.71952056884766,"CONTRA COSTA",BRENTWOOD,-121.71952056884766,37.962909698486328
90925282,2019,2019-02-13,9320,2019-01-31,0610,016563,,4,1,9,0700,0,2,4,,2,023,"BEAR CREEK ROAD","BRIONES VALLEY ROAD",91.00,N,N,B,-,N,,,,,,,,,,N,2,0,1,1,A,-,08,22107,,N,E,I,A,B,H,-,A,D,0,,,,,Y,,A,07,1,0,0,0,0,0,0,0,0,"- ","- ",37.926059722900391,-122.16282653808594,"CONTRA COSTA",UNINCORPORATED,-122.16278839111328,37.926055908203125
90926827,2019,2019-02-14,9320,2019-02-06,0730,016563,,3,1,3,0792,0,1,3,,2,240,"SR-24 W/B","WILDER ROAD",1400.00,E,N,A,-,Y,,,24,,,,,,W,Y,2,0,1,3,A,-,03,22350,,N,C,C,A,A,H,-,A,D,0,,,,Y,Y,,F,26,1,0,0,0,0,0,0,0,0,"- ","- ",37.869480133056641,-122.19389343261719,"CONTRA COSTA",ORINDA,-122.19390106201172,37.869499206542969
90930613,2019,2019-06-14,9320,2019-01-30,0110,020010,,3,3,3,0707,0,1,1,,2,180,"I-80 W/B","PINOLE VALLEY ROAD U/C",2290.00,E,N,B,-,Y,,,80,,,,,,W,Y,2,0,1,1,A,-,01,23152,F,N,E,I,A,A,H,-,C,D,0,,,,,Y,,A,01,1,0,0,0,0,0,0,0,0,"- ","- ",38.000919342041016,-122.28266143798828,"CONTRA COSTA",PINOLE,-122.28263092041016,38.000896453857422
90930619,2019,2019-02-21,9320,2019-02-14,1855,021590,,4,2,9,0700,0,2,4,,2,012,"SAN PABLO DAM ROAD","PITT WAY",100.00,W,N,A,-,N,,,,,,,,,,N,2,0,1,2,A,-,11,21950,B,N,G,B,C,B,H,-,C,A,0,Y,,Y,,Y,,N,60,1,0,0,0,1,0,0,0,0,"- ","- ",37.965301513671875,-122.31259918212891,"CONTRA COSTA",UNINCORPORATED,-122.31267547607422,37.965305328369141
90936161,2019,2019-02-28,9320,2019-02-21,2235,021710,,4,3,9,0700,0,1,3,,2,402,"SR-4 E/B","SAN MARCO BLVD.",1450.00,W,N,A,-,Y,,,4,,,,,,E,Y,2,0,1,2,A,-,05,21651,C,F,A,C,A,A,H,-,D,D,0,,,,,Y,,A,01,1,0,0,0,0,0,0,0,0,"- ","- ",38.023571014404297,-121.97093963623047,"CONTRA COSTA",UNINCORPORATED,-121.97093200683594,38.023700714111328
90938311,2019,2019-03-04,9320,2019-02-22,2235,021203,,5,3,5,0701,0,1,3,,2,404,"SR-4 WESTBOUND","AUTO CENTER DRIVE",5.00,W,N,A,-,Y,,,4,,,,,,W,Y,2,0,1,1,A,-,01,23152,A,N,E,I,A,A,H,-,C,D,0,,,,,Y,Y,D,22,1,0,0,0,0,0,0,0,0,"- ","- ",38.003959655761719,-121.83695983886719,"CONTRA COSTA",ANTIOCH,-121.83699798583984,38.003814697265625
90938390,2019,2019-03-04,9320,2019-02-23,0245,022082,,6,3,9,0700,0,1,1,,2,180,"I-80 E/B","CUMMINGS SKYWAY",2800.00,W,N,A,-,Y,,,80,,,,,,E,Y,2,0,1,2,A,-,03,22350,,N,D,C,A,A,H,-,D,D,0,,,,,Y,,A,01,1,0,0,0,0,0,0,0,0,"- ","- ",38.039901733398438,-122.24530029296875,"CONTRA COSTA",UNINCORPORATED,-122.24536895751953,38.039997100830078
90940924,2019,2019-03-06,9320,2019-02-27,0920,016094,,3,1,9,0700,0,1,3,,1,406,"SR-4 (E/B)","OLD RIVER BRIDGE",150.00,W,N,B,-,Y,,,,,,,,,,Y,2,0,1,1,A,-,03,22350,,N,F,A,A,A,H,-,A,D,0,,,,Y,Y,,G,25,1,0,0,0,0,0,0,0,0,"- ","- ",37.891201019287109,-121.48999786376953,"CONTRA COSTA",UNINCORPORATED,,
90946522,2019,2019-03-14,9320,2019-03-02,1200,021185,,6,1,5,0712,0,1,1,,2,682,"INTERSTATE 680 NORTHBOUND","YGNACIO VALLEY ROAD",800.00,S,N,C,-,Y,,,680,,,,,,N,Y,2,0,2,2,A,-,03,22350,,N,B,C,A,B,H,-,A,D,0,,,,,Y,,A,07,1,0,1,0,0,0,0,0,0,"- ","- ",37.898689270019531,-122.07076263427734,"CONTRA COSTA","WALNUT CREEK",-122.07076263427734,37.898689270019531
90948673,2019,2019-03-19,9320,2019-03-12,1805,018525,,2,2,9,0700,0,2,4,,2,037,"FRANKLIN CANYON RD","MCEWEN RD",1584.00,E,N,A,-,N,,,,,,,,,,Y,2,0,1,1,A,-,01,23152,A,N,E,I,A,A,H,-,A,D,0,,,,,Y,Y,A,01,1,0,0,0,0,0,0,0,0,"- ","- ",38.007831573486328,-122.17014312744141,"CONTRA COSTA",UNINCORPORATED,-122.17401885986328,38.011264801025391
90955526,2019,2019-03-28,9320,2019-03-24,1200,020949,,7,1,3,0707,0,1,1,,2,180,"W/B I-80","PINOLE VALLEY ROAD",480.00,W,N,A,-,Y,,,80,,,,,,,N,2,0,1,1,A,-,03,22350,,N,E,I,A,A,H,-,A,D,0,,,Y,,Y,,C,02,1,0,0,0,0,0,0,0,1,"- ","- ",37.996150970458984,-122.28732299804688,"CONTRA COSTA",PINOLE,-122.28736114501953,37.996212005615234
90957701,2019,2019-03-29,9320,2019-03-22,2055,021526,,5,2,6,0704,0,1,3,,2,402,"SR-4 W/B","PORT CHICAGO HIGHWAY",1740.00,E,N,B,-,Y,,,4,,,,,,W,Y,2,0,1,1,A,-,01,23152,A,N,E,C,A,B,H,-,C,D,0,,,,,Y,Y,A,01,1,0,0,0,0,0,0,0,0,"- ","- ",38.010688781738281,-122.01661682128906,"CONTRA COSTA",CONCORD,-122.01663970947266,38.010845184326172
90958776,2019,2019-04-02,9320,2019-03-22,1952,019238,,5,2,9,0700,0,3,5,,2,060,"OLYMPIC BLVD","NEWELL CT",0.00,,Y,B,-,N,,,,,,,,,,Y,2,0,1,2,A,-,09,21801,A,N,D,C,A,B,H,-,C,A,0,,,,,Y,,A,01,1,0,0,0,0,0,0,0,0,"- ","- ",37.884799957275391,-122.08550262451172,"CONTRA COSTA",UNINCORPORATED,-122.08556365966797,37.884380340576172
90960306,2019,2019-04-03,9320,2019-04-01,0938,019283,,1,1,3,0707,0,1,1,,2,180,"I-80 E/B","PINOLE VALLEY RD. U/C",250.00,E,N,B,-,Y,,,80,,,,,,E,Y,2,0,1,2,A,-,07,21658,A,N,E,I,A,A,H,-,A,D,0,,,,,Y,,A,01,1,0,0,0,0,0,0,0,0,"- ","- ",37.997711181640625,-122.28550720214844,"CONTRA COSTA",PINOLE,-122.28544616699219,37.997646331787109
90960359,2019,2019-04-03,9320,2019-03-31,1930,021526,,7,2,4,0714,0,1,3,,2,402,"SR-4 W/B","PACHECO BOULEVARD",290.00,E,N,A,-,Y,,,4,,,,,,W,Y,2,0,1,3,A,-,01,23152,A,F,B,C,A,A,H,-,C,D,0,,,Y,,Y,Y,A,01,1,0,0,0,0,0,0,0,1,"- ","- ",37.993629455566406,-122.07295227050781,"CONTRA COSTA",MARTINEZ,-122.07294464111328,37.993614196777344
90960814,2019,2019-04-05,9390,2019-03-31,0145,021947,,7,3,4,0790,0,1,1,,2,069,"I-680 NORTHBOUND","GREENBROOK DRIVE OVERCROSSING",52.60,S,N,A,-,Y,,,680,,,,,,N,Y,2,0,2,1,A,-,01,23152,A,N,E,I,A,A,H,-,C,D,0,,,,,Y,Y,A,07,2,0,0,0,0,0,0,0,0,"- ","- ",37.792369842529297,-121.98300933837891,"CONTRA COSTA",DANVILLE,-121.98300933837891,37.792369842529297
90960976,2019,2019-04-04,9320,2019-02-16,0740,020295,,6,1,9,0700,0,1,3,,2,403,"SR-4 W/B","WILLOW PASS RD",4224.00,E,N,A,-,Y,,,,,,,,,,Y,2,0,2,2,A,-,03,22350,,F,C,C,A,A,H,-,A,D,0,,,,,Y,,A,01,2,0,0,0,0,0,0,0,0,"- ","- ",,,"CONTRA COSTA",UNINCORPORATED,-121.99752044677734,38.013931274414062
9096218,2020,2020-06-24,0712,2020-02-10,0700,P615,,1,5,5,0712,0,0,0,,0,,"MOUNT DIABLO BL",BROADWAY,0.00,,Y,A,-,N,,,,,,,,,,N,2,0,1,1,D,-,00,,,N,H,A,A,A,H,-,A,D,0,,,Y,,Y,,-,"- ",1,0,0,0,0,0,0,0,1,"- ","- ",,,"CONTRA COSTA","WALNUT CREEK",-122.05831146240234,37.897861480712891
90966965,2019,2019-04-12,9320,2019-04-11,2140,021293,,4,2,9,0700,0,2,4,,2,086,"BYRON HWY","BRENTWOOD BLVD",94.00,S,N,A,-,N,,,,,,,,,,Y,2,0,1,1,A,-,01,23152,A,N,E,I,A,A,H,-,C,A,0,,,,,Y,Y,A,01,1,0,0,0,0,0,0,0,0,"- ","- ",37.910129547119141,-121.64176940917969,"CONTRA COSTA",UNINCORPORATED,-121.64166259765625,37.909717559814453
90967672,2019,2019-04-15,9320,2019-04-10,0742,018449,,3,1,9,0700,0,3,5,,2,040,"VEALE AVE.","SYCAMORE ST.",0.00,,Y,A,-,N,,,,,,,,,,N,2,0,1,2,A,-,12,22450,A,N,D,G,A,A,H,-,A,A,0,,Y,,,Y,,L,04,1,0,0,0,0,0,1,0,0,"- ","- ",38.008449554443359,-122.11485290527344,"CONTRA COSTA",UNINCORPORATED,-122.11476135253906,38.008449554443359
90968695,2019,2019-04-17,9320,2019-02-21,2029,021423,,4,2,4,0714,0,1,3,,2,402,"SR-4 W/B","PACHECO BLVD UNDERCROSSING",3172.00,W,N,A,-,Y,,,4,,,,,,W,N,1,1,0,2,A,-,11,21954,A,N,G,B,E,A,H,-,D,D,0,Y,,,,Y,,N,60,0,0,0,1,0,0,0,0,0,"- ","- ",37.991588592529297,-122.08251953125,"CONTRA COSTA",MARTINEZ,-122.08251953125,37.991539001464844
90971949,2019,2019-04-22,9350,2019-04-14,1330,021629,,7,1,9,0700,0,1,1,,2,115,"I-580 W/B","RICHMOND SAN RAFAEL TOLL PLAZA",1625.00,W,N,A,-,Y,,,,,,,,,,Y,2,0,1,3,A,-,03,22350,,N,C,C,A,A,H,-,A,D,0,,,,,Y,,A,07,1,0,0,0,0,0,0,0,0,"- ","- ",37.932720184326172,-122.40924072265625,"CONTRA COSTA",UNINCORPORATED,,
90976937,2019,2019-04-26,9320,2019-04-22,1650,021373,,1,2,9,0700,0,1,1,,2,683,"I-680 NB","MARINA VISTA AVENUE",1000.00,S,N,A,-,Y,,,680,,,,,,N,Y,2,0,2,2,A,-,07,21658,A,N,C,C,A,A,H,-,A,D,0,,,,,Y,,D,22,1,1,0,0,0,0,0,0,0,"- ","- ",38.024219512939453,-122.10871887207031,"CONTRA COSTA",UNINCORPORATED,-122.10870361328125,38.024257659912109
90977854,2019,2019-04-29,9320,2019-04-10,2106,017219,,3,2,5,0708,0,1,3,,2,404,"SR-4 E/B","LOVERIDGE RD",2507.00,W,N,A,-,Y,,,4,,,,,,E,Y,1,1,0,2,A,-,11,21954,A,N,G,B,D,A,H,-,D,A,0,Y,,,,Y,,N,60,0,0,0,1,0,0,0,0,0,"- ","- ",38.013378143310547,-121.87584686279297,"CONTRA COSTA",PITTSBURG,-121.87577056884766,38.013763427734375
90982538,2019,2019-05-06,9320,2019-04-26,0538,021185,,5,3,3,0792,0,1,3,,2,240,"STATE ROUTE 24 WESTBOUND","CAMINO PABLO",3000.00,E,N,A,-,Y,,,24,,,,,,W,Y,2,0,1,1,A,-,08,22107,,N,E,I,A,A,H,-,C,D,0,,,,,Y,,D,22,1,0,0,0,0,0,0,0,0,"- ","- ",37.88616943359375,-122.178466796875,"CONTRA COSTA",ORINDA,-122.17857360839844,37.886234283447266
90985056,2019,2019-05-09,9350,2019-05-01,1807,021266,,3,2,9,0700,0,1,1,,2,115,"I-580 W/B","MARIN/CONTRA COSTA COUNTY LINE",2112.00,E,N,A,-,Y,,,,,,,,,,Y,2,0,1,2,A,-,07,21658,A,N,C,C,A,A,H,-,A,D,0,,,Y,,Y,,C,02,1,0,0,0,0,0,0,0,1,"- ","- ",37.933948516845703,-122.42739868164062,"CONTRA COSTA",UNINCORPORATED,,
90986739,2019,2019-05-13,9370,2019-05-01,2235,022086,,3,3,5,0710,0,1,1,,2,082,"I-80 E/B","CENTRAL AVE",70.00,W,N,A,-,Y,,,,,,,,,,Y,2,0,5,4,A,-,03,22350,,N,C,C,A,A,D,-,C,D,0,,,,,Y,,I,10,2,0,3,0,0,0,0,0,0,"- ","- ",37.540279388427734,-122.183837890625,"CONTRA COSTA",RICHMOND,-122.31082916259766,37.901119232177734
90996479,2019,2019-05-27,9370,2019-05-15,2000,020356,,3,2,9,0700,0,3,5,,2,010,"RICHMOND PARKWAY S/B","PITTSBURG AVENUE",110.00,S,N,C,-,N,,,,,,,,,,Y,2,0,2,2,A,-,03,22350,,N,E,I,A,B,H,-,B,D,0,,,,,Y,Y,A,01,1,1,0,0,0,0,0,0,0,"- ","- ",37.962299346923828,-122.37362670898438,"CONTRA COSTA",UNINCORPORATED,-122.37375640869141,37.962867736816406
90999333,2019,2019-09-23,9320,2019-03-27,1510,018525,,3,2,9,0700,0,2,4,,2,074,"DEER VALLEY RD","EMPIRE MINE RD",450.00,N,N,B,-,N,,,,,,,,,,Y,1,1,0,1,A,-,08,22107,,N,E,I,A,B,H,-,A,D,0,,,,,Y,,A,07,0,0,0,0,0,0,0,0,0,"- ","- ",37.934089660644531,-121.77770233154297,"CONTRA COSTA",UNINCORPORATED,-121.77751922607422,37.934246063232422
91003413,2019,2019-06-04,9320,2019-05-23,1010,016563,,4,1,9,0700,0,3,5,,2,060,"OLYMPIC BLVD","WINDTREE CT",150.00,W,N,A,-,N,,,,,,,,,,Y,2,0,1,1,A,-,03,22350,,N,F,I,A,A,H,-,A,D,0,,Y,,,Y,,L,04,1,0,0,0,0,0,1,0,0,"- ","- ",37.885791778564453,-122.08984375,"CONTRA COSTA",UNINCORPORATED,-122.08980560302734,37.885829925537109
91006320,2019,2019-06-10,9320,2019-05-30,2330,021609,,4,3,6,0704,0,1,3,,2,242,"SR-242 S/B","CONCORD AVE",1056.00,N,N,A,-,N,,,242,,,,,,S,Y,2,0,1,2,A,-,01,23152,A,N,B,C,A,A,H,-,C,D,0,,,,,Y,Y,A,08,1,0,0,0,0,0,0,0,0,"- ","- ",37.981361389160156,-122.04222106933594,"CONTRA COSTA",CONCORD,-122.0421142578125,37.981307983398438
91007232,2019,2019-06-11,9320,2019-06-02,1600,021423,,7,2,9,0700,0,1,1,,2,682,"I-680 N/B","TREAT BLVD",800.00,N,N,A,-,Y,,,680,,,,,,N,Y,2,0,1,1,A,-,08,22107,,N,F,A,A,A,H,-,A,D,0,,,Y,,Y,,C,02,1,0,0,0,0,0,0,0,1,"- ","- ",37.929088592529297,-122.06014251708984,"CONTRA COSTA",UNINCORPORATED,-122.06024169921875,37.929100036621094
91012377,2019,2019-06-18,9320,2019-06-15,0915,021203,,6,1,6,0704,0,1,3,,2,242,"SR-242 SOUTHBOUND","WILLOW PASS ROAD",20.00,N,N,A,-,Y,,,242,,,,,,S,Y,2,0,1,2,A,-,03,22350,,N,C,C,A,A,H,-,A,D,0,,,Y,,Y,,C,02,1,0,0,0,0,0,0,0,1,"- ","- ",37.971530914306641,-122.04724884033203,"CONTRA COSTA",CONCORD,-122.04737091064453,37.971591949462891
91013109,2019,2019-06-19,9320,2019-06-09,2214,021460,,7,3,9,0700,0,3,5,,2,075,"EVORA RD","WILLOW PASS RD",1210.00,E,N,A,-,N,,,,,,,,,,Y,2,0,2,2,A,-,08,22107,,N,A,C,A,A,H,-,C,D,0,,,,,Y,Y,A,01,1,0,1,0,0,0,0,0,0,"- ","- ",38.015861511230469,-121.99601745605469,"CONTRA COSTA",UNINCORPORATED,-121.9951171875,38.016250610351562
91013194,2019,2019-06-19,9320,2019-06-17,1315,019283,,1,1,6,0704,0,1,3,,2,242,"SR 242 SB","WILLOW PASS RD.",227.00,S,N,A,-,Y,,,242,,,,,,S,Y,2,0,1,1,A,-,08,22107,,N,E,I,A,A,H,-,A,D,0,,,,,Y,,A,01,1,0,0,0,0,0,0,0,0,"- ","- ",37.970481872558594,-122.04811096191406,"CONTRA COSTA",CONCORD,-122.04783630371094,37.97039794921875
91014881,2019,2019-06-21,9320,2019-06-16,0050,021472,,7,3,4,0714,0,2,4,,2,037,"FRANKLIN CANYON ROAD","FRANKLIN CANYON RD",310.00,N,N,A,-,Y,,,,,,,,,,Y,2,0,1,1,A,-,08,22107,,N,E,I,A,A,H,-,D,D,0,,,,,Y,,A,07,1,0,0,0,0,0,0,0,0,"- ","- ",37.992240905761719,-122.14398956298828,"CONTRA COSTA",MARTINEZ,-122.14584350585938,37.993240356445312