CASE_ID,ACCIDENT_YEAR,PROC_DATE,JURIS,COLLISION_DATE,COLLISION_TIME,OFFICER_ID,REPORTING_DISTRICT,DAY_OF_WEEK,CHP_SHIFT,POPULATION,CNTY_CITY_LOC,SPECIAL_COND,BEAT_TYPE,CHP_BEAT_TYPE,CITY_DIVISION_LAPD,CHP_BEAT_CLASS,BEAT_NUMBER,PRIMARY_RD,SECONDARY_RD,DISTANCE,DIRECTION,INTERSECTION,WEATHER_1,WEATHER_2,STATE_HWY_IND,CALTRANS_COUNTY,CALTRANS_DISTRICT,STATE_ROUTE,ROUTE_SUFFIX,POSTMILE_PREFIX,POSTMILE,LOCATION_TYPE,RAMP_INTERSECTION,SIDE_OF_HWY,TOW_AWAY,COLLISION_SEVERITY,NUMBER_KILLED,NUMBER_INJURED,PARTY_COUNT,PRIMARY_COLL_FACTOR,PCF_CODE_OF_VIOL,PCF_VIOL_CATEGORY,PCF_VIOLATION,PCF_VIOL_SUBSECTION,HIT_AND_RUN,TYPE_OF_COLLISION,MVIW,PED_ACTION,ROAD_SURFACE,ROAD_COND_1,ROAD_COND_2,LIGHTING,CONTROL_DEVICE,CHP_ROAD_TYPE,PEDESTRIAN_ACCIDENT,BICYCLE_ACCIDENT,MOTORCYCLE_ACCIDENT,TRUCK_ACCIDENT,NOT_PRIVATE_PROPERTY,ALCOHOL_INVOLVED,STWD_VEHTYPE_AT_FAULT,CHP_VEHTYPE_AT_FAULT,COUNT_SEVERE_INJ,COUNT_VISIBLE_INJ,COUNT_COMPLAINT_PAIN,COUNT_PED_KILLED,COUNT_PED_INJURED,COUNT_BICYCLIST_KILLED,COUNT_BICYCLIST_INJURED,COUNT_MC_KILLED,COUNT_MC_INJURED,PRIMARY_RAMP,SECONDARY_RAMP,LATITUDE,LONGITUDE,COUNTY,CITY,POINT_X,POINT_Y
91017337,2019,2019-07-19,9320,2019-05-06,1633,019759,,1,2,3,0702,0,1,3,,1,406,SR-4,"BALFOUR RD.",5356.00,E,N,A,-,Y,,,4,,,,,,,Y,1,1,1,2,A,-,01,23152,A,N,A,C,A,A,H,-,A,A,0,,,,,Y,Y,A,01,0,1,0,0,0,0,0,0,0,"- ","- ",37.910541534423828,-121.72988891601562,"CONTRA COSTA",BRENTWOOD,-121.72989654541016,37.910533905029297
91018972,2019,2019-06-27,9320,2019-06-22,0753,020984,,6,1,3,0715,0,1,3,,2,241,"SR-24 W/B","PLEASANT HILL RD",1760.00,E,N,A,-,Y,,,24,,,,,,W,Y,2,0,2,2,A,-,08,22107,,N,C,C,A,A,H,-,A,D,0,,,,,Y,,A,01,2,0,0,0,0,0,0,0,0,"- ","- ",37.898101806640625,-122.08910369873047,"CONTRA COSTA",LAFAYETTE,-122.08910369873047,37.898105621337891
91018983,2019,2019-06-27,9320,2019-06-23,1125,020984,,7,1,9,0700,0,2,4,,2,038,"ALHAMBRA VALLEY RD","BEAR CREEK RD",0.00,,N,A,-,N,,,,,,,,,,N,2,0,1,1,A,-,08,22107,,N,F,I,A,A,H,-,A,D,0,,,Y,,Y,,C,02,1,0,0,0,0,0,0,0,1,"- ","- ",37.969699859619141,-122.21289825439453,"CONTRA COSTA",UNINCORPORATED,-122.20073699951172,37.963188171386719
91019378,2019,2019-06-27,9320,2019-06-21,1136,020984,,5,1,5,0701,0,1,3,,2,404,"SR-4 E/B","SOMMERSVILLE RD",0.00,,N,A,-,Y,,,4,,,,,,E,Y,2,0,2,1,A,-,08,22107,,N,E,I,A,A,H,-,A,D,0,,,,,Y,,A,01,1,1,0,0,0,0,0,0,0,"- ","- ",38.007099151611328,-121.84940338134766,"CONTRA COSTA",ANTIOCH,-121.84940338134766,38.007095336914062
91024008,2019,2019-07-03,9320,2019-06-29,1155,020984,,6,1,9,0700,0,2,4,,2,023,"BEAR CREEK RD","BEAR OAKS LN",1056.00,S,N,A,-,N,,,,,,,,,,N,2,0,2,2,A,-,08,22107,,N,D,G,A,A,H,-,A,D,0,,Y,,,Y,,L,04,2,0,0,0,0,0,2,0,0,"- ","- ",37.942798614501953,-122.18550109863281,"CONTRA COSTA",UNINCORPORATED,-122.18561553955078,37.943038940429688
91026412,2019,2019-07-08,9320,2019-07-03,1335,018525,,3,1,9,0700,0,1,3,,2,160,"SR-160 N/B","ANTIOCH BRIDGE TOLL PLAZA",75.00,N,N,A,-,Y,,,,,,,,,,N,2,0,1,2,A,-,03,22350,,N,C,C,A,A,H,-,A,D,0,,,Y,,Y,,C,02,1,0,0,0,0,0,0,0,1,"- ","- ",,,"CONTRA COSTA",UNINCORPORATED,,
91026777,2019,2019-07-09,9320,2019-07-05,1010,020026,,5,1,9,0700,0,1,1,,2,180,"I-80 EASTBOUND","CUMMINGS SKWY",2640.00,W,N,A,-,Y,,,,,,,,,,Y,2,0,1,1,A,-,08,22107,,N,E,I,A,A,H,-,A,D,0,,,,,Y,,A,01,1,0,0,0,0,0,0,0,0,"- ","- ",,,"CONTRA COSTA",UNINCORPORATED,-122.24486541748047,38.040336608886719
91026782,2019,2019-07-09,9320,2019-07-05,1420,021352,,5,2,9,0700,0,1,3,,2,401,"SR-4 W/B","ALHAMBRA AVENUE",5280.00,W,N,A,-,Y,,,4,,,,,,W,Y,2,0,1,2,A,-,07,21658,A,F,B,C,A,A,H,-,A,D,0,,,Y,,Y,,-,99,1,0,0,0,0,0,0,0,1,"- ","- ",37.999099731445312,-122.14649963378906,"CONTRA COSTA",UNINCORPORATED,-122.14646148681641,37.999126434326172
91032744,2019,2019-07-17,9320,2019-07-08,1700,019238,,1,2,9,0700,0,3,5,,2,050,"SUMMIT RD","SOUTH GATE RD",1800.00,W,N,A,-,N,,,,,,,,,,N,2,0,1,2,A,-,05,21460,A,N,F,G,A,A,H,-,A,D,0,,Y,,,Y,,A,07,1,0,0,0,0,0,1,0,0,"- ","- ",37.86309814453125,-121.93090057373047,"CONTRA COSTA",UNINCORPORATED,-121.93219757080078,37.866859436035156
91033097,2019,2019-07-18,9320,2019-07-06,1528,022082,,6,2,9,0700,0,1,3,,2,402,"SR-4 W/B","I-680 N/B",288.00,E,N,A,-,Y,,,4,,,,,,W,Y,2,0,3,2,A,-,03,22350,,N,C,C,A,A,H,-,A,A,0,,,,,Y,,A,01,1,1,1,0,0,0,0,0,0,"- ","- ",37.994998931884766,-122.06870269775391,"CONTRA COSTA",UNINCORPORATED,-122.06871795654297,37.995059967041016
91035674,2019,2019-07-23,9320,2019-07-14,2116,022082,,7,2,6,0704,0,1,1,,2,683,"I-680 N/B","MONUMENT BLVD.",4191.00,N,N,A,-,Y,,,680,,,,,,N,Y,2,0,2,1,A,-,08,22107,,N,E,I,A,A,H,-,C,A,0,,,,,Y,,A,01,1,1,0,0,0,0,0,0,0,"- ","- ",37.956699371337891,-122.05239868164062,"CONTRA COSTA",CONCORD,-122.05281829833984,37.956851959228516
9103859,2020,2021-06-03,0711,2020-03-11,1547,1143,"SAN P",3,5,4,0711,0,0,0,,0,001,"CONTRA COSTA AV","RIVERSIDE ST",0.00,,Y,A,-,N,,,,,,,,,,Y,2,0,2,6,A,-,00,20001,A,F,D,C,A,A,H,-,A,D,0,,,,,Y,,A,01,1,0,1,0,0,0,0,0,0,"- ","- ",,,"CONTRA COSTA","SAN PABLO",-122.33099365234375,37.952548980712891
91041535,2019,2019-07-30,9320,2019-07-21,1850,021423,,7,2,5,0712,0,2,4,,2,046,"CHERRY LN","TREAT BLVD",66.00,S,N,A,-,N,,,,,,,,,,Y,2,0,1,1,C,-,18,,,N,E,I,A,A,H,-,B,D,0,,,,,Y,,-,"- ",1,0,0,0,0,0,0,0,0,"- ","- ",37.926158905029297,-122.0509033203125,"CONTRA COSTA","WALNUT CREEK",-122.05100250244141,37.926349639892578
91043511,2019,2019-08-01,9320,2019-07-27,1300,020026,,6,1,9,0700,0,1,3,,2,400,"SR-4 EASTBOUND","FRANKLIN CANYON RD",0.00,,Y,A,-,Y,,,4,,,,,,E,Y,2,0,1,2,A,-,09,21802,A,N,D,C,A,A,H,-,A,D,0,,,Y,,Y,,A,01,1,0,0,0,0,0,0,0,1,"- ","- ",38.009998321533203,-122.22840881347656,"CONTRA COSTA",UNINCORPORATED,-122.22843933105469,38.009914398193359
91049971,2019,2019-09-16,9370,2019-07-31,0758,022307,,3,1,5,0710,0,1,1,,2,083,"I-80 W/B","SAN PABLO AVE",700.00,E,N,A,-,Y,,,80,,,,,,W,Y,2,0,6,3,A,-,01,23152,A,N,C,C,A,A,H,-,A,D,0,,,,,Y,Y,A,01,1,0,5,0,0,0,0,0,0,"- ","- ",37.936698913574219,-122.32630920410156,"CONTRA COSTA",RICHMOND,-122.32649230957031,37.936786651611328
91051653,2019,2019-08-14,9320,2019-06-11,1417,017219,,2,2,5,0701,0,1,3,,2,404,"SR-4 W/B","SOMERSVILLE RD",2660.00,W,N,A,-,Y,,,,,,,,,,Y,1,1,0,2,A,-,03,22350,,N,C,C,A,A,H,-,A,A,0,,,Y,,Y,,C,02,0,0,0,0,0,0,0,1,0,"- ","- ",,,"CONTRA COSTA",ANTIOCH,,
91051989,2019,2019-08-14,9320,2019-05-11,0200,021433,,6,3,9,0700,0,1,3,,2,400,"SR-4 WB","SYCAMORE AVE O/C",576.00,W,N,A,-,Y,,,4,,,,,,W,Y,1,1,0,1,A,-,08,22107,,N,E,I,A,A,H,-,D,D,0,,,,,Y,,A,01,0,0,0,0,0,0,0,0,0,"- ","- ",38.015399932861328,-122.24690246582031,"CONTRA COSTA",UNINCORPORATED,-122.24689483642578,38.015285491943359
91052516,2019,2019-08-15,9320,2019-08-10,2305,021472,,6,3,9,0700,0,1,1,,2,180,"I-80 E/B","CUMMINGS SKYWAY",850.00,E,N,A,-,Y,,,80,,,,,,E,Y,2,0,2,3,A,-,03,22350,,N,C,C,A,A,H,-,D,D,0,,,,,Y,,A,07,1,0,1,0,0,0,0,0,0,"- ","- ",38.046779632568359,-122.23581695556641,"CONTRA COSTA",UNINCORPORATED,-122.23580169677734,38.046756744384766
91055747,2019,2019-08-20,9320,2019-03-30,0135,020834,,6,3,5,0701,0,1,3,,2,405,"SR-4 E/B","LONE TREE WAY",786.00,W,N,A,-,Y,,,4,,,,,,E,Y,1,1,0,1,A,-,08,22107,,N,F,A,A,A,H,-,D,D,0,,,,,Y,,D,22,0,0,0,0,0,0,0,0,0,"- ","- ",37.970249176025391,-121.73918151855469,"CONTRA COSTA",ANTIOCH,-121.73912048339844,37.970264434814453
91056429,2019,2019-08-21,9320,2019-08-21,0620,016503,,3,1,9,0700,0,1,3,,2,403,"SR-4 W/B","BAILEY RD. U/C",2904.00,W,N,A,-,Y,,,4,,,,,,W,Y,2,0,1,2,A,-,07,21658,A,N,B,C,A,A,H,-,A,D,0,,,Y,,Y,,D,22,1,0,0,0,0,0,0,0,1,"- ","- ",38.020221710205078,-121.9522705078125,"CONTRA COSTA",UNINCORPORATED,-121.95225524902344,38.020256042480469
91058997,2019,2019-08-26,9350,2019-08-20,0616,016034,,2,1,9,0700,0,1,1,,2,115,"I-580 W/B","RICHMOND-SAN RAFAEL BRIDGE TOLL PLAZA",1584.00,W,N,B,-,Y,,,,,,,,,,Y,2,0,1,2,A,-,07,21658,A,N,B,C,A,A,H,-,A,D,0,,,Y,,Y,,A,01,1,0,0,0,0,0,0,0,1,"- ","- ",37.9327392578125,-122.40833282470703,"CONTRA COSTA",UNINCORPORATED,,
91061188,2019,2019-08-28,9320,2019-08-05,0110,019546,,1,3,9,0700,0,1,3,,2,404,"SR-4 E/B","HILLCREST AVENUE",1848.00,E,N,A,-,Y,,,,,,,,,,Y,2,0,4,3,A,-,01,23152,A,N,C,C,A,A,H,-,D,D,0,,,,,Y,Y,A,01,2,2,0,0,0,0,0,0,0,"- ","- ",37.994831085205078,-121.77870178222656,"CONTRA COSTA",UNINCORPORATED,-121.77901458740234,37.994941711425781
91066419,2019,2019-09-03,9320,2019-08-27,1515,021023,,2,2,5,0708,0,1,3,,2,403,"SR-4 E/B","SAN MARCO BLVD",3300.00,W,N,A,-,Y,,,4,,,,,,E,Y,2,0,1,1,A,-,08,22107,,N,E,I,A,A,H,-,A,D,0,,,,,Y,,A,01,1,0,0,0,0,0,0,0,0,"- ","- ",38.023170471191406,-121.97667694091797,"CONTRA COSTA",PITTSBURG,-121.9766845703125,38.023174285888672
91067238,2019,2019-10-14,9320,2019-08-24,1240,020295,,6,1,9,0700,0,2,4,,1,042,"SHELL AVE.","MARTINEZ AVE.",0.00,,Y,A,-,N,,,,,,,,,,Y,2,0,1,2,D,-,00,,,N,D,C,A,A,H,-,A,A,0,,,Y,,Y,,-,"- ",1,0,0,0,0,0,0,0,1,"- ","- ",38.011009216308594,-122.11830902099609,"CONTRA COSTA",UNINCORPORATED,-122.11826324462891,38.011100769042969
91070414,2019,2019-09-09,9390,2019-09-01,1120,017934,,7,1,9,0700,0,2,4,,2,111,"BLACKHAWK ROAD (3500 BLOCK)","OAK RIDGE LANE",528.00,N,N,A,-,N,,,,,,,,,,N,2,0,1,1,A,-,03,22350,,N,E,I,A,A,H,-,A,D,0,,Y,,,Y,,L,04,1,0,0,0,0,0,1,0,0,"- ","- ",37.823089599609375,-121.92440795898438,"CONTRA COSTA",UNINCORPORATED,-121.92369079589844,37.822845458984375
91071865,2019,2019-09-11,9320,2019-09-04,2110,018371,,3,2,3,0706,0,1,1,,2,180,"INTERSTATE 80 WESTBOUND","STATE ROUTE 4 U/C",2640.00,W,N,A,-,Y,,,,,,,,,,Y,2,0,1,3,A,-,08,22107,,F,G,B,E,A,H,-,D,A,0,Y,,,,Y,,A,01,1,0,0,0,1,0,0,0,0,"- ","- ",,,"CONTRA COSTA",HERCULES,-122.27274322509766,38.011951446533203
91072285,2019,2019-09-11,9370,2019-07-15,0500,019695,,1,3,9,0700,0,1,1,,2,083,"I-80 E/B","EL PORTAL DRIVE",955.00,W,N,A,-,Y,,,80,,,,,,E,Y,1,1,0,1,A,-,08,22107,,N,E,I,A,A,H,-,D,D,0,,,,Y,Y,,F,26,0,0,0,0,0,0,0,0,0,"- ","- ",37.964431762695312,-122.32541656494141,"CONTRA COSTA",UNINCORPORATED,-122.32547760009766,37.964511871337891
91072484,2019,2019-09-11,9320,2019-06-09,0510,021293,,7,3,9,0700,0,3,5,,2,090,"LONE TREE WAY","ADAMS LN",831.00,E,N,A,-,N,,,,,,,,,,Y,1,1,1,1,A,-,01,23152,A,N,E,I,A,A,H,-,B,D,0,,,,,Y,Y,A,01,0,1,0,0,0,0,0,0,0,"- ","- ",37.961631774902344,-121.70179748535156,"CONTRA COSTA",UNINCORPORATED,-121.70183563232422,37.961589813232422
91079255,2019,2019-09-20,9320,2019-09-10,0458,021460,,2,3,9,0700,0,2,4,,2,096,"VASCO RD","CAMINO DIABLO",4441.00,N,N,A,-,N,,,,,,,,,,Y,2,0,1,2,A,-,05,21460,C,N,D,C,A,A,H,-,D,A,0,,,Y,,Y,,C,02,1,0,0,0,0,0,0,0,1,"- ","- ",37.876430511474609,-121.68219757080078,"CONTRA COSTA",UNINCORPORATED,-121.67948913574219,37.872875213623047
91080748,2019,2019-09-23,9320,2019-09-14,1410,022049,,6,2,4,0709,0,3,5,,2,060,"MAYHEW WAY","MAYHEW CT",250.00,E,N,A,-,N,,,,,,,,,,N,2,0,1,2,A,-,03,22350,,N,G,B,C,A,H,-,A,A,0,Y,,,,Y,,A,01,1,0,0,0,1,0,0,0,0,"- ","- ",37.936698913574219,-122.05290222167969,"CONTRA COSTA","PLEASANT HILL",-122.05891418457031,37.936656951904297
9108199,2020,2020-08-28,0708,2020-06-04,1757,327,8206,4,5,5,0708,0,0,0,,0,002,"17TH ST","SOMERS ST",251.00,W,N,A,-,N,,,,,,,,,,Y,2,0,1,2,A,-,03,22350,,F,G,B,D,A,H,-,A,D,0,Y,,,,Y,,A,07,1,0,0,0,1,0,0,0,0,"- ","- ",,,"CONTRA COSTA",PITTSBURG,-121.88422393798828,38.021289825439453
91085495,2019,2019-09-27,9320,2019-09-20,2119,020834,,5,2,9,0700,0,3,5,,2,070,"GOBLE DR","WILLOW PASS RD",269.00,S,N,A,-,N,,,,,,,,,,Y,2,0,1,1,A,-,03,22350,,N,F,A,A,A,H,-,C,D,0,,,,,Y,,A,07,1,0,0,0,0,0,0,0,0,"- ","- ",38.024570465087891,-121.96231079101562,"CONTRA COSTA",UNINCORPORATED,-121.96220397949219,38.024627685546875
91086380,2019,2019-09-30,9370,2019-09-20,1355,021938,,5,1,5,0710,0,1,1,,2,082,"I-80 E/B","CENTRAL AVE",1848.00,E,N,A,-,Y,,,,,,,,,,Y,2,0,1,2,A,-,07,21658,A,N,B,C,A,A,H,-,A,D,0,,,Y,,Y,,C,02,1,0,0,0,0,0,0,0,1,"- ","- ",37.541900634765625,-122.18495178222656,"CONTRA COSTA",RICHMOND,-122.30844116210938,37.896213531494141
9109115,2020,2020-08-05,0701,2020-04-17,1426,5949,504,5,5,5,0701,0,0,0,,0,005,"LONE TREE WY","DALLAS RANCH RD",0.00,,Y,A,-,N,,,,,,,,,,Y,2,0,1,1,A,-,08,22107,,N,E,I,A,A,H,-,A,A,0,,,Y,,Y,,C,02,1,0,0,0,0,0,0,0,1,"- ","- ",,,"CONTRA COSTA",ANTIOCH,-121.79660797119141,37.971420288085938
91093364,2019,2019-10-09,9320,2019-09-29,1230,021847,,7,1,6,0704,0,1,3,,2,242,"SR-242 N/B","GRANT ST",1000.00,S,N,A,-,Y,,,242,,,,,,N,N,2,0,1,1,C,-,18,,,N,E,J,A,A,H,-,A,D,0,,,,,Y,,-,"- ",1,0,0,0,0,0,0,0,0,"- ","- ",37.984199523925781,-122.04209899902344,"CONTRA COSTA",CONCORD,-122.0413818359375,37.984050750732422
91094085,2019,2019-10-09,9320,2019-10-03,1145,020129,,4,1,4,0714,0,1,3,,2,402,"SR-4 E/B","MORELLO AVE",2000.00,E,N,A,-,Y,,,4,,,,,,E,Y,2,0,2,2,A,-,08,22107,,N,C,C,A,A,H,-,A,D,0,,,,,Y,,A,01,1,1,0,0,0,0,0,0,0,"- ","- ",37.990581512451172,-122.09689331054688,"CONTRA COSTA",MARTINEZ,-122.09688568115234,37.990608215332031
91094958,2019,2019-10-15,9320,2019-10-05,0246,021864,,6,3,6,0704,0,1,3,,2,242,"SR242 NORTHBOUND","GRANT ST",590.00,S,N,A,-,Y,,,242,,,,,,N,Y,2,0,2,2,A,-,03,22350,,N,C,C,A,A,H,-,D,D,0,,,,,Y,,A,01,1,0,1,0,0,0,0,0,0,"- ","- ",37.990001678466797,-122.03997802734375,"CONTRA COSTA",CONCORD,-122.04006958007812,37.990020751953125
9109656,2020,2020-10-30,0709,2020-05-05,1840,467,,2,5,4,0709,0,0,0,,0,001,"MONUMENT BL","RAMONA DR",105.00,W,N,A,-,N,,,,,,,,,,Y,2,0,1,1,D,-,00,,,N,E,I,A,A,H,-,B,A,0,,,Y,,Y,,-,"- ",1,0,0,0,0,0,0,0,1,"- ","- ",37.947620391845703,-122.05145263671875,"CONTRA COSTA","PLEASANT HILL",-122.05577087402344,37.945262908935547
91097438,2019,2019-10-15,9370,2019-09-25,0814,019695,,3,1,5,0710,0,1,1,,2,083,"I-80 W/B","RICHMOND PARKWAY",850.00,W,N,A,-,Y,,,80,,,,,,W,Y,2,0,1,2,A,-,07,21658,A,N,B,C,A,A,H,-,A,D,0,,,Y,,Y,,A,01,1,0,0,0,0,0,0,0,1,"- ","- ",37.983978271484375,-122.31620788574219,"CONTRA COSTA",RICHMOND,-122.31620025634766,37.983978271484375
91102503,2019,2019-10-22,9370,2019-10-08,0730,019695,,2,1,9,0700,0,3,5,,2,012,"ROLLINDWOOD DRIVE","GREENWOOD DRIVE",0.00,,Y,A,-,N,,,,,,,,,,Y,2,0,1,2,A,-,09,21802,A,N,D,C,A,A,H,-,A,A,0,,,,,Y,,A,01,1,0,0,0,0,0,0,0,0,"- ","- ",37.966541290283203,-122.3284912109375,"CONTRA COSTA",UNINCORPORATED,-122.328491,37.966540999999999
91104842,2019,2019-10-24,9370,2019-10-10,0840,019695,,4,1,5,0710,0,1,1,,2,082,"I-80 W/B","MACDONALD AVENUE",350.00,W,N,A,-,Y,,,80,,,,,,W,Y,2,0,1,3,A,-,07,21658,A,N,B,C,A,A,H,-,A,D,0,,,Y,Y,Y,,A,01,1,0,0,0,0,0,0,0,1,"- ","- ",37.932441711425781,-122.32598876953125,"CONTRA COSTA",RICHMOND,-122.32597351074219,37.932449340820312
91109987,2019,2019-10-30,9370,2019-07-17,0540,020258,,3,3,5,0710,0,1,1,,2,058,"I-580 E/B (JOHN T. KNOX FREEWAY)","CUTTING BLVD O/C",143.00,W,N,B,-,Y,,,580,,,,,,E,Y,1,1,0,3,A,-,11,21954,A,F,G,B,E,A,H,-,B,D,0,Y,,,,Y,Y,N,60,0,0,0,1,0,0,0,0,0,"- ","- ",37.925521850585938,-122.36318969726562,"CONTRA COSTA",RICHMOND,-122.36325836181641,37.925384521484375
91114657,2019,2019-11-06,9320,2019-10-31,1505,019759,,4,2,9,0700,0,2,4,,2,093,"MAIN ST.","HOLWAY DR.",60.00,E,N,A,-,N,,,,,,,,,,N,2,0,1,1,A,-,08,22107,,N,F,A,A,A,H,-,A,A,0,,,Y,,Y,Y,C,02,1,0,0,0,0,0,0,0,1,"- ","- ",37.869758605957031,-121.64134979248047,"CONTRA COSTA",UNINCORPORATED,-121.64136505126953,37.869712829589844
91120382,2019,2019-11-14,9320,2019-05-27,1153,017271,,1,1,5,0712,0,1,1,,2,683,"I-680 N/B","N. MAIN ST O/C",370.00,N,N,A,B,Y,,,,,,,,,,Y,1,1,1,2,A,-,08,22107,,N,D,C,A,A,H,-,A,A,0,,,,,Y,,A,01,0,1,0,0,0,0,0,0,0,"- ","- ",37.915210723876953,-122.06253051757812,"CONTRA COSTA","WALNUT CREEK",-122.06507110595703,37.916210174560547
91128327,2019,2019-12-12,9370,2019-11-14,0940,022299,,4,1,3,0707,0,1,1,,2,083,"I-80 W/B","APPIAN WAY",1490.00,W,N,A,-,Y,,,80,,,,,,W,Y,2,0,1,2,A,-,03,22350,,N,C,C,A,A,H,-,A,D,0,,,Y,,Y,,C,02,1,0,0,0,0,0,0,0,1,"- ","- ",37.992321014404297,-122.30713653564453,"CONTRA COSTA",PINOLE,-122.30715179443359,37.992351531982422
91130737,2019,2019-11-27,9320,2019-11-23,0451,022123,,6,3,9,0700,0,1,3,,2,241,"SR-24 W/B","ACALANES RD.",2112.00,E,N,A,-,Y,,,,,,,,,,Y,2,0,1,2,A,-,01,23152,A,N,C,C,A,A,H,-,D,D,0,,,,,Y,Y,A,01,1,0,0,0,0,0,0,0,0,"- ","- ",37.891380310058594,-122.14830017089844,"CONTRA COSTA",UNINCORPORATED,-122.14729309082031,37.891399383544922
91138510,2019,2019-12-10,9320,2019-11-30,0320,022082,,6,3,6,0704,0,1,3,,2,242,"SR-242 N/B","MONUMENT BLVD.",4973.00,N,N,A,-,Y,,,242,,,,,,N,Y,2,0,2,1,A,-,01,23152,A,N,E,I,A,A,H,-,C,A,0,,,,,Y,Y,A,07,2,0,0,0,0,0,0,0,0,"- ","- ",37.958400726318359,-122.05210113525391,"CONTRA COSTA",CONCORD,-122.05205535888672,37.958408355712891
91141286,2019,2019-12-11,9320,2019-09-26,0600,021847,,4,1,9,0700,0,2,4,,2,073,"KIRKER PASS N/B","HESS ROAD",20.00,S,N,A,-,N,,,,,,,,,,Y,1,1,0,1,A,-,08,22107,,N,E,I,A,A,D,-,D,D,0,,,,,Y,,D,22,0,0,0,0,0,0,0,0,0,"- ","- ",37.962059020996094,-121.92974853515625,"CONTRA COSTA",UNINCORPORATED,-121.92977142333984,37.962169647216797
91149219,2019,2019-12-20,9320,2019-12-15,0127,021472,,7,3,5,0712,0,1,1,,2,682,"I-680 S/B OFF RAMP TO N MAIN ST","SAN LUIS ROAD",420.00,S,N,B,-,Y,,,680,,,,R,,S,Y,2,0,2,1,A,-,01,23152,A,N,E,I,A,B,H,-,D,D,0,,,,,Y,Y,A,01,1,1,0,0,0,0,0,0,0,"- ","- ",37.916160583496094,-122.06726837158203,"CONTRA COSTA","WALNUT CREEK",-122.06726837158203,37.916160583496094
91151250,2019,2019-12-24,9370,2019-12-19,2150,020815,,4,2,4,0711,0,1,1,,2,083,"I-80 W/B","SAN PABLO DAM ROAD",160.00,E,N,A,-,Y,,,80,,,,,,W,Y,2,0,2,2,A,-,01,23152,A,N,E,I,A,A,H,-,D,D,0,,,,,Y,Y,A,01,1,1,0,0,0,0,0,0,0,"- ","- ",37.956218719482422,-122.330078125,"CONTRA COSTA","SAN PABLO",-122.33012390136719,37.956192016601562
91154154,2019,2019-12-27,9320,2019-12-20,0200,021526,,5,3,9,0700,0,2,4,,2,094,"BYRON HIGHWAY S/B","BRUNS WAY",355.00,N,N,A,-,N,,,,,,,,,,Y,2,0,3,1,A,-,01,23152,A,N,F,I,A,B,H,-,C,D,0,,,,,Y,Y,A,01,2,1,0,0,0,0,0,0,0,"- ","- ",37.829879760742188,-121.60598754882812,"CONTRA COSTA",UNINCORPORATED,-121.59641265869141,37.823394775390625
91156697,2019,2019-12-31,9320,2019-12-23,1213,022082,,1,1,5,0701,0,1,3,,2,404,"SR-4 W/B","AUTO CENTER DR.",1225.00,E,N,A,-,Y,,,4,,,,,,W,Y,2,0,5,2,A,-,03,22350,,N,C,C,A,A,H,-,A,A,0,,,,,Y,,A,07,1,2,2,0,0,0,0,0,0,"- ","- ",38.002799987792969,-121.83290100097656,"CONTRA COSTA",ANTIOCH,-121.83293151855469,38.002693176269531
91157505,2019,2020-01-02,9320,2019-12-25,0900,021185,,3,1,3,0715,0,1,3,,2,241,"STATE ROUTE 24 EASTBOUND","EL NIDO RANCH ROAD",3500.00,E,N,B,-,Y,,,24,,,,,,E,Y,2,0,1,1,A,-,03,22350,,N,E,I,A,B,H,-,A,D,0,,,,,Y,,A,07,1,0,0,0,0,0,0,0,0,"- ","- ",37.890869140625,-122.13925170898438,"CONTRA COSTA",LAFAYETTE,-122.13926696777344,37.890762329101562
9116219,2020,2020-08-03,0710,2020-04-11,1845,1343,CENTR,6,5,5,0710,0,0,0,,0,004,"23RD ST","WENDELL AV",80.00,N,N,A,-,N,,,,,,,,,,Y,2,0,1,2,A,-,03,22350,,N,G,B,F,-,H,-,B,D,0,Y,,,,Y,Y,A,01,1,0,0,0,1,0,0,0,0,"- ","- ",37.945541381835938,-122.34761810302734,"CONTRA COSTA",RICHMOND,-122.34748077392578,37.94580078125
91166694,2020,2020-01-16,9320,2020-01-10,0800,016788,,5,1,9,0700,0,2,4,,2,012,"SAN PABLO DAM RD","CLARK RD",459.00,E,N,A,-,N,,,,,,,,,,N,2,0,1,2,A,-,11,21955,,F,G,B,D,A,H,-,A,A,0,Y,,,,Y,,N,60,1,0,0,0,1,0,0,0,0,"- ","- ",37.965679168701172,-122.29962921142578,"CONTRA COSTA",UNINCORPORATED,-122.29975128173828,37.965648651123047