CASE_ID,ACCIDENT_YEAR,PROC_DATE,JURIS,COLLISION_DATE,COLLISION_TIME,OFFICER_ID,REPORTING_DISTRICT,DAY_OF_WEEK,CHP_SHIFT,POPULATION,CNTY_CITY_LOC,SPECIAL_COND,BEAT_TYPE,CHP_BEAT_TYPE,CITY_DIVISION_LAPD,CHP_BEAT_CLASS,BEAT_NUMBER,PRIMARY_RD,SECONDARY_RD,DISTANCE,DIRECTION,INTERSECTION,WEATHER_1,WEATHER_2,STATE_HWY_IND,CALTRANS_COUNTY,CALTRANS_DISTRICT,STATE_ROUTE,ROUTE_SUFFIX,POSTMILE_PREFIX,POSTMILE,LOCATION_TYPE,RAMP_INTERSECTION,SIDE_OF_HWY,TOW_AWAY,COLLISION_SEVERITY,NUMBER_KILLED,NUMBER_INJURED,PARTY_COUNT,PRIMARY_COLL_FACTOR,PCF_CODE_OF_VIOL,PCF_VIOL_CATEGORY,PCF_VIOLATION,PCF_VIOL_SUBSECTION,HIT_AND_RUN,TYPE_OF_COLLISION,MVIW,PED_ACTION,ROAD_SURFACE,ROAD_COND_1,ROAD_COND_2,LIGHTING,CONTROL_DEVICE,CHP_ROAD_TYPE,PEDESTRIAN_ACCIDENT,BICYCLE_ACCIDENT,MOTORCYCLE_ACCIDENT,TRUCK_ACCIDENT,NOT_PRIVATE_PROPERTY,ALCOHOL_INVOLVED,STWD_VEHTYPE_AT_FAULT,CHP_VEHTYPE_AT_FAULT,COUNT_SEVERE_INJ,COUNT_VISIBLE_INJ,COUNT_COMPLAINT_PAIN,COUNT_PED_KILLED,COUNT_PED_INJURED,COUNT_BICYCLIST_KILLED,COUNT_BICYCLIST_INJURED,COUNT_MC_KILLED,COUNT_MC_INJURED,PRIMARY_RAMP,SECONDARY_RAMP,LATITUDE,LONGITUDE,COUNTY,CITY,POINT_X,POINT_Y
91167042,2019,2020-01-16,9320,2019-09-27,0159,021460,,5,3,5,0712,0,1,1,,2,682,"I-680 S/B","CONTRA COSTA BLVD OFF RAMP",1184.00,S,N,A,-,Y,,,,,,,,,,Y,1,1,0,2,A,-,01,23152,A,N,C,C,A,A,H,-,C,A,0,,,,Y,Y,Y,A,01,0,0,0,0,0,0,0,0,0,"- ","- ",37.936748504638672,-122.06038665771484,"CONTRA COSTA","WALNUT CREEK",,
91171227,2020,2020-01-23,9320,2020-01-16,1745,020649,,4,2,9,0700,0,2,4,,2,077,"MARSH CREEK ROAD","MORGAN TERRITORY ROAD",3168.00,W,N,B,C,N,,,,,,,,,,Y,2,0,3,3,A,-,03,22350,,N,A,C,A,B,H,-,D,A,0,,,,,Y,,A,01,2,1,0,0,0,0,0,0,0,"- ","- ",37.911651611328125,-121.88140869140625,"CONTRA COSTA",UNINCORPORATED,-121.88166809082031,37.91180419921875
91172992,2019,2020-01-24,9320,2019-10-12,2322,020834,,6,3,9,0700,0,2,4,,2,086,"DELTA DR","ARMINIO LN",88.00,W,N,A,-,N,,,,,,,,,,Y,1,1,2,3,A,-,01,23152,A,N,D,C,A,A,H,-,D,A,0,,,,,Y,Y,A,01,0,2,0,0,0,0,0,0,0,"- ","- ",37.968841552734375,-121.69223785400391,"CONTRA COSTA",UNINCORPORATED,-121.69244384765625,37.968849182128906
91175110,2020,2020-01-28,9320,2020-01-18,1755,021373,,6,2,9,0700,0,1,3,,2,241,"SR-24 EB","OAK HILL ROAD",2112.00,W,N,A,-,Y,,,,,,,,,,Y,2,0,1,1,A,-,08,22107,,N,E,I,A,A,H,-,D,D,0,,,Y,,Y,,C,02,1,0,0,0,0,0,0,0,1,"- ","- ",37.89215087890625,-122.12786865234375,"CONTRA COSTA",UNINCORPORATED,-122.12609100341797,37.892631530761719
91177699,2020,2020-01-31,9350,2020-01-27,1630,017201,,1,2,5,0710,0,1,1,,2,115,"I-580 E/B","RICHMOND SAN RAFEL BRIDGE",2850.00,E,N,A,-,Y,,,580,,,,,,E,Y,2,0,3,2,A,-,03,22350,,N,C,C,A,A,H,-,A,D,0,,,,,Y,,A,01,1,0,2,0,0,0,0,0,0,"- ","- ",37.933189392089844,-122.41684722900391,"CONTRA COSTA",RICHMOND,-122.41684722900391,37.933250427246094
91179790,2019,2020-02-04,9320,2019-11-21,1800,021352,,4,2,9,0700,0,2,4,,2,012,"SAN PABLO DAM ROAD","CLARK ROAD",400.00,E,N,A,-,N,,,,,,,,,,N,1,1,0,2,A,-,11,21954,A,N,G,B,D,A,H,-,D,A,0,Y,,,,Y,Y,N,60,0,0,0,1,0,0,0,0,0,"- ","- ",37.965339660644531,-122.29905700683594,"CONTRA COSTA",UNINCORPORATED,-122.2999267578125,37.965724945068359
91182071,2020,2020-02-07,9370,2020-01-28,0905,021766,,2,1,4,0711,0,1,1,,2,082,"I-80 E/B","SAN PABLO DAM RD",1535.00,W,N,B,-,Y,,,80,,,,,,E,Y,2,0,2,2,A,-,07,21658,A,N,B,C,A,B,H,-,A,A,0,,,,,Y,,A,01,1,0,1,0,0,0,0,0,0,"- ","- ",37.952129364013672,-122.32760620117188,"CONTRA COSTA","SAN PABLO",-122.32762908935547,37.952121734619141
91183414,2020,2020-02-10,9390,2020-02-02,2012,021853,,7,2,9,0700,0,2,4,,2,112,"CAMINO TASSAJARA","WINDEMERE PARKWAY",890.00,N,N,A,-,N,,,,,,,,,,Y,2,0,3,2,A,-,05,21460,A,N,D,C,A,A,H,-,D,D,0,,,,,Y,Y,A,01,1,2,0,0,0,0,0,0,0,"- ","- ",37.751869201660156,-121.87135314941406,"CONTRA COSTA",UNINCORPORATED,-121.87139892578125,37.751827239990234
91184163,2020,2020-02-11,9320,2020-02-03,1300,021526,,1,1,3,0715,0,3,5,,2,020,"RELIEZ VALLEY ROAD S/B","HIDDEN POND ROAD",255.00,S,N,A,-,N,,,,,,,,,,N,2,0,1,2,A,-,08,22107,,N,H,G,A,A,H,-,A,D,0,,Y,,,Y,,D,22,1,0,0,0,0,0,1,0,0,"- ","- ",37.954288482666016,-122.10566711425781,"CONTRA COSTA",LAFAYETTE,-122.10562896728516,37.954254150390625
91187094,2020,2020-02-14,9320,2020-02-05,0838,017271,,3,1,5,0712,0,1,1,,2,682,"I-680 S/B","OAKVALE RD O/C",255.00,S,N,A,-,Y,,,680,,,,,,S,Y,2,0,1,2,A,-,03,22350,,N,C,C,A,A,H,-,A,D,0,,,Y,,Y,,C,02,1,0,0,0,0,0,0,0,1,"- ","- ",37.900730133056641,-122.07096862792969,"CONTRA COSTA","WALNUT CREEK",-122.07078552246094,37.900691986083984
91188069,2020,2020-02-18,9320,2020-02-06,1801,020649,,4,2,9,0700,0,1,3,,2,403,"SR-4 EASTBOUND","BART PEDESTRIAN O/C",114.00,E,N,A,-,Y,,,4,,,,,,E,Y,2,0,1,3,A,-,07,21658,A,N,B,C,A,A,H,-,C,D,0,,,Y,,Y,,A,01,1,0,0,0,0,0,0,0,1,"- ","- ",38.018760681152344,-121.94465637207031,"CONTRA COSTA",UNINCORPORATED,-121.94465637207031,38.018768310546875
91188250,2020,2020-02-18,9320,2020-02-08,0130,022119,,6,3,6,0704,0,1,3,,2,242,"SR-242 N/B","WILLOW PASS RD",4000.00,S,N,A,-,Y,,,,,,,,,,Y,2,0,2,1,A,-,01,23152,A,N,E,I,A,A,H,-,C,D,0,,,,,Y,Y,A,01,2,0,0,0,0,0,0,0,0,"- ","- ",37.957241058349609,-122.05258178710938,"CONTRA COSTA",CONCORD,-122.04847717285156,37.967281341552734
91189670,2020,2020-02-19,9320,2020-02-13,1715,022483,,4,2,9,0700,0,2,4,,1,061,"DANVILLE BLVD.","HILLGRADE AVE.",0.00,,Y,A,-,N,,,,,,,,,,Y,2,0,1,2,A,-,08,22107,,N,A,C,A,A,H,-,A,D,0,,,,,Y,,A,01,1,0,0,0,0,0,0,0,0,"- ","- ",37.869319915771484,-122.04444885253906,"CONTRA COSTA",UNINCORPORATED,-122.04441833496094,37.869380950927734
91189849,2020,2020-02-20,9370,2020-02-12,1715,021117,,3,2,5,0710,0,1,1,,2,083,"I-80 E/B","HILLTOP DR",1750.00,W,N,A,-,Y,,,80,,,,,,E,N,2,0,1,1,A,-,08,22107,,N,F,A,A,A,H,-,A,D,0,,,Y,,Y,,C,02,1,0,0,0,0,0,0,0,1,"- ","- ",37.971530914306641,-122.31996917724609,"CONTRA COSTA",RICHMOND,-122.32003021240234,37.971549987792969
91192978,2020,2020-02-25,9320,2020-02-18,1928,021514,,2,2,9,0700,0,1,3,,2,242,"SR-242 NB","OLIVERA RD O/C",100.00,S,N,A,-,Y,,,,,,,,,,Y,2,0,1,2,A,-,08,22107,,N,B,C,A,A,H,-,C,D,0,,,Y,,Y,,C,02,1,0,0,0,0,0,0,0,1,"- ","- ",37.997001647949219,-122.03849792480469,"CONTRA COSTA",UNINCORPORATED,-122.03846740722656,37.997177124023438
91193729,2020,2020-02-26,9320,2020-02-15,2225,022116,,6,3,6,0704,0,1,1,,2,683,"I-680 S/B","MONUMENT BLVD",0.00,,N,A,-,Y,,,680,,,,,,S,Y,2,0,2,1,A,-,08,22107,,N,E,I,A,A,H,-,C,D,0,,,,,Y,,A,01,1,0,1,0,0,0,0,0,0,"- ","- ",37.950401306152344,-122.05599975585938,"CONTRA COSTA",CONCORD,-122.05609130859375,37.950439453125
91202222,2020,2020-03-05,9370,2020-02-29,0625,022499,,6,1,5,0710,0,1,1,,2,083,"I-80 E/B","HILLTOP DRIVE",1600.00,E,N,A,-,Y,,,80,,,,,,E,Y,2,0,1,1,A,-,08,22107,,N,E,I,A,A,H,-,B,D,0,,,,,Y,,A,01,1,0,0,0,0,0,0,0,0,"- ","- ",37.979938507080078,-122.31706237792969,"CONTRA COSTA",RICHMOND,-122.31716918945312,37.979976654052734
91204711,2020,2020-03-09,9320,2020-02-29,2345,022138,,6,3,9,0700,0,1,1,,2,681,"I-680 SOUTHBOUND","LIVORNA ROAD",3168.00,N,N,A,-,Y,,,680,,,,,,S,Y,2,0,1,2,A,-,01,23152,F,N,C,C,A,A,H,-,C,D,0,,,,,Y,,A,01,1,0,0,0,0,0,0,0,0,"- ","- ",37.871791839599609,-122.04279327392578,"CONTRA COSTA",UNINCORPORATED,-122.04277801513672,37.871799468994141
91206848,2020,2020-03-12,9320,2020-02-25,0847,022472,,2,1,4,0714,0,1,1,,2,683,"I-680 NB",SR-4,400.00,S,N,A,-,Y,,,,,,,,,,Y,2,0,1,1,A,-,01,23152,A,N,E,I,A,A,H,-,A,A,0,,,,,Y,Y,A,01,1,0,0,0,0,0,0,0,0,"- ","- ",37.993198394775391,-122.06819915771484,"CONTRA COSTA",MARTINEZ,-122.06905364990234,37.993789672851562
91211059,2020,2020-03-18,9390,2020-03-12,1500,020395,,4,2,9,0700,0,3,5,,2,100,"MANNING ROAD (8500 BLOCK)","HIGHLAND ROAD",3168.00,W,N,B,-,N,,,,,,,,,,N,2,0,1,1,A,-,08,22107,,N,E,I,A,A,H,-,A,D,0,,,Y,,Y,,C,02,1,0,0,0,0,0,0,0,1,"- ","- ",37.759300231933594,-121.80239868164062,"CONTRA COSTA",UNINCORPORATED,,
91213075,2020,2020-03-20,9320,2020-03-15,0157,022006,,7,3,5,0708,0,1,3,,2,403,"SR-4 W/B","LOVERIDGE RD.",325.00,W,N,C,-,Y,,,4,,,,,,W,Y,2,0,3,1,A,-,08,22107,,N,E,I,A,B,H,-,C,D,0,,,,,Y,,A,07,1,0,2,0,0,0,0,0,0,"- ","- ",38.013679504394531,-121.87523651123047,"CONTRA COSTA",PITTSBURG,-121.87520599365234,38.013820648193359
91213875,2020,2020-03-23,9320,2020-03-15,1620,022049,,7,2,9,0700,0,2,4,,2,038,"ALHAMBRA VALLEY RD","CASTRO RANCH RD",5280.00,E,N,A,B,N,,,,,,,,,,Y,2,0,1,1,A,-,08,22107,,N,E,J,A,B,H,-,A,D,0,,,,,Y,,A,01,1,0,0,0,0,0,0,0,0,"- ","- ",37.964778900146484,-122.17745971679688,"CONTRA COSTA",UNINCORPORATED,-122.22705841064453,37.973400115966797
91214695,2020,2020-03-24,9320,2020-03-16,1232,017906,,1,1,5,0701,0,1,3,,2,404,"SR-4 W/ B","L STREET/CONTRA LOMA",528.00,E,N,B,-,Y,,,,,,,,,,Y,2,0,2,2,A,-,08,22107,,N,B,C,A,B,H,-,A,D,0,,,,,Y,,A,01,1,0,1,0,0,0,0,0,0,"- ","- ",,,"CONTRA COSTA",ANTIOCH,,
91218970,2020,2020-03-31,9320,2020-03-15,0150,022138,,7,3,9,0700,0,2,4,,2,086,"BYRON HIGHWAY NORTHBOUND","TAYLOR LANE",300.00,S,N,C,-,Y,,,,,,,,,,Y,2,0,2,3,A,-,01,23152,A,N,B,C,A,B,H,-,D,D,0,,,,,Y,Y,A,01,1,1,0,0,0,0,0,0,0,"- ","- ",37.888618469238281,-121.64141845703125,"CONTRA COSTA",UNINCORPORATED,-121.64143371582031,37.888435363769531
9121915,2020,2020-09-08,0710,2020-05-06,1128,1705,NORTH,3,5,5,0710,0,0,0,,0,008,"RICHMOND PKWY","ATLAS RD",20.00,W,N,A,-,N,,,,,,,,,,Y,2,0,3,3,A,-,03,22350,,N,C,C,A,A,H,-,A,A,0,,,,Y,Y,,A,01,1,0,2,0,0,0,0,0,0,"- ","- ",37.991081237792969,-122.33625793457031,"CONTRA COSTA",RICHMOND,-122.33635711669922,37.991085052490234
9122128,2020,2020-08-27,0710,2020-05-21,1812,1707,SOUTH,4,5,5,0710,0,0,0,,0,003,"CUTTING BL","S 41ST ST",30.00,E,N,A,-,N,,,,,,,,,,Y,2,0,1,2,A,-,01,23152,A,N,C,C,A,A,H,-,A,A,0,,,,,Y,Y,A,01,1,0,0,0,0,0,0,0,0,"- ","- ",,,"CONTRA COSTA",RICHMOND,-122.33053588867188,37.925533294677734
9122136,2020,2020-08-27,0710,2020-05-10,1317,1729,,7,5,5,0710,0,0,0,,0,,"BAYVIEW AV","S 55TH ST",0.00,,Y,A,-,N,,,,,,,,,,Y,2,0,1,1,A,-,09,21802,A,N,A,I,A,A,H,-,A,A,0,,,,,Y,,A,01,1,0,0,0,0,0,0,0,0,"- ","- ",,,"CONTRA COSTA",RICHMOND,-122.31777954101562,37.915618896484375
9122333,2020,2020-09-18,0704,2020-06-24,1206,0580,,3,5,6,0704,0,0,0,,0,,"TREAT BL","OAK GROVE RD",187.00,W,N,A,-,N,,,,,,,,,,,2,0,1,2,A,-,08,22100,A,N,C,C,A,A,B,-,A,A,0,,,Y,,Y,,A,07,1,0,0,0,0,0,0,0,1,"- ","- ",37.938789367675781,-122.02512359619141,"CONTRA COSTA",CONCORD,-122.02559661865234,37.938453674316406
91223914,2019,2020-04-10,9370,2019-12-16,2340,022086,,1,3,3,0707,0,1,1,,2,083,"I-80 E/B","APPIAN WAY",1467.00,W,N,B,-,Y,,,80,,,,,,E,Y,1,2,1,3,A,-,01,23152,F,N,A,C,A,A,H,-,C,D,0,,,,,Y,,A,07,1,0,0,0,0,0,0,0,0,"- ","- ",37.992191314697266,-122.30690002441406,"CONTRA COSTA",PINOLE,-122.30690765380859,37.992202758789062
91225518,2020,2020-04-14,9320,2020-02-29,1240,020192,,6,1,3,0706,0,1,1,,2,180,"I-80 E/B","SR-4 E/B",2445.00,W,N,A,-,Y,,,80,,,,,,E,Y,1,1,0,1,C,-,18,,,N,E,J,A,A,H,-,A,A,0,,,,,Y,,-,"- ",0,0,0,0,0,0,0,0,0,"- ","- ",38.012611389160156,-122.27162170410156,"CONTRA COSTA",HERCULES,-122.27154541015625,38.012542724609375
91226230,2020,2020-04-27,9320,2020-04-07,2045,020649,,2,2,9,0700,0,2,4,,2,095,"MARSH CREEK ROAD","CAMINO DIABLO",2640.00,W,N,A,-,N,,,,,,,,,,Y,1,1,0,1,A,-,08,22107,,N,E,I,A,A,H,-,D,D,0,,,,,Y,,A,07,0,0,0,0,0,0,0,0,0,"- ","- ",37.871059417724609,-121.73165893554688,"CONTRA COSTA",UNINCORPORATED,-121.73237609863281,37.870796203613281
91226292,2020,2020-04-16,9320,2020-04-11,1730,022505,,6,2,4,0714,0,1,3,,2,402,"SR-4 W/B TO I-680 N/B",I-680,350.00,E,N,A,-,Y,,,,,,,,,,Y,2,0,1,1,A,-,01,23152,A,N,F,I,A,A,H,-,A,D,0,,,,,Y,Y,A,01,1,0,0,0,0,0,0,0,0,"- ","- ",37.995639801025391,-122.06915283203125,"CONTRA COSTA",MARTINEZ,-122.06987762451172,37.994670867919922
91226689,2020,2020-04-17,9320,2020-04-10,1540,022459,,5,2,9,0700,0,1,3,,2,403,"SR-4 E/B FROM BAILEY RD. N/B","BAILEY RD",100.00,E,N,A,-,Y,,,4,,,,R,,E,N,2,0,1,1,A,-,08,22107,,N,F,A,A,A,H,-,A,D,0,,,Y,,Y,,C,02,1,0,0,0,0,0,0,0,1,"- ","- ",38.017730712890625,-121.94139862060547,"CONTRA COSTA",UNINCORPORATED,-121.94139862060547,38.017730712890625
91226691,2020,2020-04-17,9370,2020-04-07,1930,022499,,2,2,4,0711,0,3,5,,2,012,"SOUTHWOOD DRIVE E/B (2000 BLOCK)","ASHBROOK DRIVE",40.00,E,N,A,-,N,,,,,,,,,,N,2,0,1,2,B,-,22,,,N,A,E,A,A,H,-,B,D,0,,,,,Y,,M,96,1,0,0,0,0,0,0,0,0,"- ","- ",38.002361297607422,-122.32534790039062,"CONTRA COSTA","SAN PABLO",-122.32541656494141,38.002395629882812
91227442,2020,2020-04-20,9320,2020-04-08,0727,017530,,3,1,9,0700,0,1,3,,2,405,SR4,"MARSH CREEK RD",0.00,,Y,A,-,Y,,,,,,,,,,Y,2,0,2,2,A,-,12,21453,A,N,A,C,A,A,H,-,A,A,0,,,,,Y,,A,07,1,0,1,0,0,0,0,0,0,"- ","- ",37.534500122070312,-121.42459869384766,"CONTRA COSTA",UNINCORPORATED,-121.71270751953125,37.895790100097656
91227639,2020,2020-04-20,9320,2020-04-06,2106,021649,,1,2,3,0715,0,1,3,,2,241,"SR-24 W/B","EL NIDO RANCH ROAD",772.00,E,N,B,-,Y,,,24,,,,,,W,Y,2,0,4,2,A,-,01,23152,A,N,C,C,A,B,H,-,C,D,0,,,,Y,Y,Y,A,01,2,0,2,0,0,0,0,0,0,"- ","- ",37.891571044921875,-122.1416015625,"CONTRA COSTA",LAFAYETTE,-122.1416015625,37.891529083251953
91229868,2020,2020-05-14,9320,2020-04-19,1230,017530,,7,1,9,0700,0,2,4,,2,095,"MARSH CREEK ROAD","DEER VALLEY ROAD",2640.00,E,N,A,-,N,,,,,,,,,,Y,2,0,1,2,A,-,05,21460,A,N,D,C,A,A,H,-,A,D,0,,,Y,,Y,,C,02,1,0,0,0,0,0,0,0,1,"- ","- ",37.878471374511719,-121.76908874511719,"CONTRA COSTA",UNINCORPORATED,-121.76935577392578,37.878597259521484
91233461,2020,2020-05-04,9320,2020-04-28,0430,021864,,2,3,9,0700,0,2,4,,2,088,"SELLERS AVENUE","SUNSET ROAD",3168.00,N,N,A,-,N,,,,,,,,,,Y,2,0,1,2,A,-,03,22350,,N,C,C,A,A,H,-,D,D,0,,,,,Y,,A,01,1,0,0,0,0,0,0,0,0,"- ","- ",37.962909698486328,-121.67765045166016,"CONTRA COSTA",UNINCORPORATED,-121.67764282226562,37.963222503662109
9123354,2020,2020-08-11,0702,2020-05-28,1942,622N,225B,4,5,3,0702,0,0,0,,0,002,"BRENTWOOD BL","SIMS RD",25.00,S,N,A,-,N,,,,,,,,,,N,2,0,1,3,A,-,08,22107,,N,E,I,A,A,H,-,A,D,0,,,,,Y,Y,M,47,1,0,0,0,0,0,0,0,0,"- ","- ",37.963878631591797,-121.69609069824219,"CONTRA COSTA",BRENTWOOD,-121.69609069824219,37.963809967041016
9123355,2020,2020-08-11,0702,2020-05-20,1721,606J,114B,3,5,3,0702,0,0,0,,0,001,"SAN JOSE DR","STONEWOOD DR",176.00,S,N,A,-,N,,,,,,,,,,N,2,0,1,1,A,-,03,22350,,N,H,I,A,A,H,-,A,D,0,,,Y,,Y,,C,03,1,0,0,0,0,0,0,0,1,"- ","- ",37.938968658447266,-121.71774291992188,"CONTRA COSTA",BRENTWOOD,-121.71739196777344,37.938571929931641
91234769,2020,2020-05-07,9320,2020-04-17,0135,017211,,5,3,9,0700,0,1,3,,2,400,"STATE ROUTE 4 W/B (JOHN MUIR PARKWAY)","FRANKLIN CANYON ROAD",2734.00,E,N,B,-,Y,,,4,,,,,,W,Y,1,1,0,2,A,-,08,22107,,M,E,I,A,A,H,-,D,D,0,,,,,Y,,A,07,0,0,0,0,0,0,0,0,0,"- ","- ",38.008308410644531,-122.21974945068359,"CONTRA COSTA",UNINCORPORATED,-122.21973419189453,38.008399963378906
91235263,2020,2020-08-24,9320,2020-03-06,0525,022119,,5,3,4,0714,0,1,1,,2,683,"I-680 S/B","BNSF RAILROAD O/C",345.00,S,N,A,-,Y,,,680,,,,,,S,Y,1,1,0,2,A,-,07,21658,A,F,B,C,A,A,H,-,C,D,0,,,,,Y,,-,99,0,0,0,0,0,0,0,0,0,"- ","- ",38.004039764404297,-122.08116912841797,"CONTRA COSTA",MARTINEZ,-122.08113098144531,38.004085540771484
91248911,2020,2020-06-08,9320,2020-05-30,1320,017271,,6,1,9,0700,0,1,1,,2,681,"I-680 N/B","STONE VALLEY RD",1800.00,N,N,B,C,Y,,,680,,,,,,N,Y,2,0,1,1,A,-,08,22107,,N,E,I,A,B,H,-,A,D,0,,,Y,,Y,,C,02,1,0,0,0,0,0,0,0,1,"- ","- ",37.856670379638672,-122.03012847900391,"CONTRA COSTA",UNINCORPORATED,-122.03022766113281,37.856605529785156
9124947,2020,2020-09-15,0708,2020-06-12,1406,285,8305,5,5,5,0708,0,0,0,,0,004,"ENCINAL PL","VALLE VISTA",640.00,W,N,A,-,N,,,,,,,,,,Y,2,0,1,4,D,-,00,,,N,A,I,A,A,H,-,A,A,0,,,Y,,Y,,-,"- ",1,0,0,0,0,0,0,0,0,"- ","- ",,,"CONTRA COSTA",PITTSBURG,-121.89988708496094,37.993892669677734
91250220,2020,2020-06-10,9320,2020-06-08,1722,019759,,1,2,9,0700,0,1,3,,2,403,"SR-4 E/B","BAILEY RD.",2904.00,W,N,A,-,Y,,,4,,,,,,E,Y,2,0,2,2,A,-,07,21658,A,F,B,C,A,A,H,-,A,A,0,,,,,Y,,A,01,1,0,1,0,0,0,0,0,0,"- ","- ",38.019741058349609,-121.95140838623047,"CONTRA COSTA",UNINCORPORATED,-121.95140075683594,38.019783020019531
91250978,2020,2020-06-11,9320,2020-03-07,0559,020009,,6,3,9,0700,0,1,1,,2,681,"I-680 S/B","STONE VALLEY RD",1663.00,S,N,B,-,Y,,,680,,,,,,S,Y,1,1,0,1,A,-,08,22107,,N,E,I,A,A,H,-,D,A,0,,,,Y,Y,,G,25,0,0,0,0,0,0,0,0,0,"- ","- ",37.843841552734375,-122.02308654785156,"CONTRA COSTA",UNINCORPORATED,-122.02309417724609,37.843837738037109
91252291,2019,2020-07-10,9370,2019-09-29,0355,021747,,7,3,3,0705,0,1,1,,2,082,"I-80 W/B","BARRETT AVE.",510.00,W,N,A,-,Y,,,,,,,,,,Y,1,2,1,4,A,-,01,23152,A,N,A,C,A,A,H,-,D,D,0,,,,,Y,Y,A,07,1,0,0,0,0,0,0,0,0,"- ","- ",37.933361053466797,-122.32652282714844,"CONTRA COSTA","EL CERRITO",-122.32688140869141,37.934158325195312
91252338,2020,2020-08-31,9320,2020-06-09,1900,022049,,2,2,3,0706,0,1,1,,2,180,"I-80 E/B","PINOLE VALLEY RD",1056.00,W,N,A,-,Y,,,,,,,,,,Y,2,0,1,3,A,-,07,21658,A,N,B,C,A,A,H,-,A,D,0,,,Y,,Y,,-,"- ",1,0,0,0,0,0,0,0,1,"- ","- ",37.995498657226562,-122.2886962890625,"CONTRA COSTA",HERCULES,-122.2890625,37.995418548583984
91256605,2020,2020-06-24,9320,2020-06-18,0540,022459,,4,3,9,0700,0,1,3,,2,402,"STATE ROUTE 4 E/B","WILLOW PASS RD.",1100.00,W,N,A,-,Y,,,4,,,,,,E,Y,2,0,1,3,A,-,03,22350,,N,C,C,A,A,H,-,A,D,0,,,,Y,Y,,A,01,1,0,0,0,0,0,0,0,0,"- ","- ",38.012729644775391,-122.00124359130859,"CONTRA COSTA",UNINCORPORATED,-122.00125885009766,38.012844085693359
91264722,2020,2020-07-07,9320,2020-04-11,1938,021499,,6,2,9,0700,0,3,5,,2,075,"INLET DR","MAR VISTA RD",265.00,S,N,B,-,N,,,,,,,,,,N,1,1,0,2,A,-,08,22107,,N,C,E,A,A,H,-,B,D,0,,,Y,,Y,,C,06,0,0,0,0,0,0,0,1,0,"- ","- ",38.037311553955078,-121.96900939941406,"CONTRA COSTA",UNINCORPORATED,-121.96903991699219,38.037353515625
91265804,2020,2020-07-09,9320,2020-03-10,1427,020649,,2,2,9,0700,0,2,4,,2,096,"VASCO ROAD","CAMINO DIABLO",3696.00,S,N,A,-,N,,,,,,,,,,Y,1,1,2,3,A,-,01,23152,A,N,A,C,A,A,H,-,A,D,0,,,,Y,Y,Y,D,22,0,1,1,0,0,0,0,0,0,"- ","- ",37.859161376953125,-121.65765380859375,"CONTRA COSTA",UNINCORPORATED,-121.66764068603516,37.865211486816406
91273554,2020,2020-07-23,9320,2020-07-18,1100,020984,,6,1,9,0700,0,3,5,,2,020,"PINEHURST RD","SKYLINE BLVD",4224.00,E,N,A,-,N,,,,,,,,,,N,2,0,1,1,A,-,08,22107,,N,E,I,A,A,E,H,A,A,0,,Y,,,Y,,L,04,1,0,0,0,0,0,1,0,0,"- ","- ",37.836601257324219,-122.18150329589844,"CONTRA COSTA",UNINCORPORATED,,
91278555,2020,2020-07-31,9320,2020-07-25,0155,022472,,6,3,5,0712,0,1,1,,2,682,"I-680 NB","TREAT BLVD",1950.00,S,N,A,-,Y,,,680,,,,,,N,N,2,0,1,2,D,-,00,,,F,B,C,A,A,H,-,D,D,0,,,Y,,Y,Y,-,"- ",1,0,0,0,0,0,0,0,1,"- ","- ",37.920398712158203,-122.06210327148438,"CONTRA COSTA","WALNUT CREEK",-122.0621337890625,37.920417785644531
91280148,2020,2020-08-04,9320,2020-07-28,0200,019546,,2,3,9,0700,0,1,1,,2,683,"I-680 N/B","WILLOW PASS ROAD",2983.00,S,N,A,-,Y,,,,,,,,,,Y,2,0,1,1,A,-,08,22107,,N,E,I,A,A,H,-,D,D,0,,,,,Y,,A,01,1,0,0,0,0,0,0,0,0,"- ","- ",37.958770751953125,-122.05229949951172,"CONTRA COSTA",UNINCORPORATED,-122.05239105224609,37.958541870117188