CASE_ID,ACCIDENT_YEAR,PROC_DATE,JURIS,COLLISION_DATE,COLLISION_TIME,OFFICER_ID,REPORTING_DISTRICT,DAY_OF_WEEK,CHP_SHIFT,POPULATION,CNTY_CITY_LOC,SPECIAL_COND,BEAT_TYPE,CHP_BEAT_TYPE,CITY_DIVISION_LAPD,CHP_BEAT_CLASS,BEAT_NUMBER,PRIMARY_RD,SECONDARY_RD,DISTANCE,DIRECTION,INTERSECTION,WEATHER_1,WEATHER_2,STATE_HWY_IND,CALTRANS_COUNTY,CALTRANS_DISTRICT,STATE_ROUTE,ROUTE_SUFFIX,POSTMILE_PREFIX,POSTMILE,LOCATION_TYPE,RAMP_INTERSECTION,SIDE_OF_HWY,TOW_AWAY,COLLISION_SEVERITY,NUMBER_KILLED,NUMBER_INJURED,PARTY_COUNT,PRIMARY_COLL_FACTOR,PCF_CODE_OF_VIOL,PCF_VIOL_CATEGORY,PCF_VIOLATION,PCF_VIOL_SUBSECTION,HIT_AND_RUN,TYPE_OF_COLLISION,MVIW,PED_ACTION,ROAD_SURFACE,ROAD_COND_1,ROAD_COND_2,LIGHTING,CONTROL_DEVICE,CHP_ROAD_TYPE,PEDESTRIAN_ACCIDENT,BICYCLE_ACCIDENT,MOTORCYCLE_ACCIDENT,TRUCK_ACCIDENT,NOT_PRIVATE_PROPERTY,ALCOHOL_INVOLVED,STWD_VEHTYPE_AT_FAULT,CHP_VEHTYPE_AT_FAULT,COUNT_SEVERE_INJ,COUNT_VISIBLE_INJ,COUNT_COMPLAINT_PAIN,COUNT_PED_KILLED,COUNT_PED_INJURED,COUNT_BICYCLIST_KILLED,COUNT_BICYCLIST_INJURED,COUNT_MC_KILLED,COUNT_MC_INJURED,PRIMARY_RAMP,SECONDARY_RAMP,LATITUDE,LONGITUDE,COUNTY,CITY,POINT_X,POINT_Y
91281880,2020,2020-08-06,9320,2020-02-09,0211,022138,,7,3,9,0700,0,1,3,,2,403,"STATE ROUTE 4 EASTBOUND","BAILEY ROAD",91.00,W,N,A,-,Y,,,4,,,,,,E,Y,1,1,1,2,A,-,03,22350,,N,A,C,A,A,H,-,C,A,0,,,Y,,Y,Y,C,02,0,0,1,0,0,0,0,1,0,"- ","- ",38.018749237060547,-121.94214630126953,"CONTRA COSTA",UNINCORPORATED,-121.94215393066406,38.018775939941406
91285414,2020,2020-08-13,9320,2020-08-09,1255,018628,,7,1,9,0700,0,1,3,,1,406,"SR-4 WESTBOUND","DISCOVERY BAY BLVD",0.00,,Y,A,-,Y,,,4,,,,,,W,Y,2,0,4,2,A,-,01,23152,A,N,D,C,A,A,H,-,A,A,0,,,,,Y,Y,D,23,1,1,2,0,0,0,0,0,0,"- ","- ",37.890190124511719,-121.60222625732422,"CONTRA COSTA",UNINCORPORATED,-121.60222625732422,37.890167236328125
91286466,2020,2020-08-14,9320,2020-08-12,1720,021649,,3,2,9,0700,0,2,4,,2,096,"VASCO ROAD","CAMINO DIABLO",4160.00,S,N,A,-,N,,,,,,,,,,Y,2,0,3,2,A,-,21,22106,,N,D,C,A,A,H,-,A,D,0,,,,,Y,,A,01,1,2,0,0,0,0,0,0,0,"- ","- ",37.857929229736328,-121.65541076660156,"CONTRA COSTA",UNINCORPORATED,-121.66764068603516,37.865211486816406
91290374,2020,2020-08-21,9320,2020-08-17,1420,021373,,1,2,9,0700,0,1,3,,2,240,"SR-24 EB","ST. STEPHENS DRIVE",2112.00,W,N,B,-,Y,,,,,,,,,,Y,2,0,2,1,A,-,08,22107,,N,B,I,A,A,H,-,A,D,0,,,,,Y,,A,01,1,0,1,0,0,0,0,0,0,"- ","- ",37.884048461914062,-122.17951202392578,"CONTRA COSTA",UNINCORPORATED,-122.17678070068359,37.887901306152344
91290698,2020,2020-08-24,9320,2020-08-16,1545,022483,,7,2,9,0700,0,3,5,,2,039,"PINOLE AVE","THIRD STREET",150.00,N,N,A,-,N,,,,,,,,,,Y,2,0,1,1,A,-,03,22350,,N,E,I,A,A,H,-,A,A,0,,,,,Y,,A,01,1,0,0,0,0,0,0,0,0,"- ","- ",38.035079956054688,-122.26406097412109,"CONTRA COSTA",UNINCORPORATED,-122.2640380859375,38.035030364990234
9129510,2020,2020-10-06,0704,2020-07-02,1443,0537,,4,5,6,0704,0,0,0,,0,,"ADELAIDE ST","LAGUNA ST",619.00,N,N,A,-,N,,,,,,,,,,Y,2,0,1,2,A,-,09,21804,A,N,B,C,A,A,H,-,A,D,0,,,Y,,Y,,A,01,1,0,0,0,0,0,0,0,1,"- ","- ",37.968921661376953,-122.03923797607422,"CONTRA COSTA",CONCORD,-122.040283203125,37.970367431640625
91302692,2020,2020-09-11,9370,2020-09-04,2215,021573,,5,3,3,0705,0,1,1,,2,082,"I-80 E/B","CUTTING BLVD",299.00,E,N,A,-,Y,,,,,,,,,,Y,2,0,2,3,A,-,03,22350,,N,C,C,A,A,H,-,D,D,0,,,,,Y,,A,01,1,0,1,0,0,0,0,0,0,"- ","- ",37.553459167480469,-122.19162750244141,"CONTRA COSTA","EL CERRITO",-122.32015991210938,37.924701690673828
91303544,2020,2020-09-14,9370,2020-09-04,2142,021825,,5,2,4,0711,0,1,1,,2,082,"I-80 W/B","SAN PABLO AVE",1060.00,E,N,A,-,Y,,,,,,,,,,Y,2,0,1,6,A,-,01,23152,A,N,A,I,A,A,H,-,D,D,0,,,,,Y,Y,A,07,1,0,0,0,0,0,0,0,0,"- ","- ",37.940589904785156,-122.32441711425781,"CONTRA COSTA","SAN PABLO",-122.32472229003906,37.940235137939453
91309045,2020,2020-09-22,9320,2020-09-17,1020,016788,,4,1,9,0700,0,2,4,,2,013,"SAN PABLO DAM RD","BEAR CREEK RD",8448.00,N,N,A,-,N,,,,,,,,,,N,2,0,1,1,A,-,08,22107,,N,F,G,A,A,H,-,A,D,0,,Y,,,Y,,L,04,1,0,0,0,0,0,1,0,0,"- ","- ",37.91107177734375,-122.23351287841797,"CONTRA COSTA",UNINCORPORATED,-122.23365020751953,37.911659240722656
91309966,2020,2020-09-23,9320,2020-09-20,0936,020984,,7,1,3,0792,0,1,3,,2,240,"SR-24 E/B","WILDER RD",750.00,E,N,A,-,Y,,,24,,,,,,E,Y,2,0,1,1,A,-,08,22107,,N,E,I,A,A,H,-,A,A,0,,,Y,,Y,,C,02,1,0,0,0,0,0,0,0,1,"- ","- ",37.868099212646484,-122.19539642333984,"CONTRA COSTA",ORINDA,-122.19542694091797,37.868148803710938
91310613,2020,2020-09-24,9320,2020-07-05,0015,021864,,7,3,9,0700,0,1,1,,2,180,"I-80 WESTBOUND","WILLOW AVENUE",1584.00,E,N,A,-,Y,,,80,,,,,,W,Y,1,1,1,3,A,-,01,23152,A,N,C,C,E,A,H,-,D,A,0,Y,,,,Y,Y,D,22,1,0,0,1,0,0,0,0,0,"- ","- ",38.025871276855469,-122.25936126708984,"CONTRA COSTA",UNINCORPORATED,-122.25938415527344,38.025890350341797
91315739,2020,2020-10-01,9320,2020-09-29,1300,016563,,2,1,9,0700,0,3,5,,2,050,"SUMMIT ROAD","UPPER PARKING LOT",230.00,N,N,A,-,N,,,,,,,,,,N,2,0,1,1,A,-,03,22350,,N,F,A,A,A,H,-,A,D,0,,Y,,,Y,,L,04,1,0,0,0,0,0,1,0,0,"- ","- ",37.881580352783203,-121.9156494140625,"CONTRA COSTA",UNINCORPORATED,,
91317199,2020,2020-10-05,9320,2020-09-24,0520,022119,,4,3,5,0712,0,1,1,,2,681,"I-680 NORTHBOUND","MT. DIABLO BLVD",200.00,N,N,A,-,Y,,,680,,,,,,N,Y,2,0,1,1,A,-,03,22350,,N,E,I,A,A,H,-,C,D,0,,,Y,,Y,,C,02,1,0,0,0,0,0,0,0,1,"- ","- ",37.898300170898438,-122.07084655761719,"CONTRA COSTA","WALNUT CREEK",-122.07085418701172,37.898300170898438
91317602,2020,2020-10-05,9320,2020-10-02,1301,020984,,5,1,4,0709,0,1,1,,2,683,"I-680 S/B","MONUMENT BOULEVARD",0.00,,N,A,-,Y,,,680,,,,,,S,Y,2,0,1,2,A,-,08,22107,,N,E,I,A,A,H,-,A,A,0,,,,,Y,,A,01,1,0,0,0,0,0,0,0,0,"- ","- ",37.949600219726562,-122.05660247802734,"CONTRA COSTA","PLEASANT HILL",-122.05650329589844,37.949554443359375
91318848,2020,2020-10-07,9370,2020-06-07,0615,021299,,7,1,4,0711,0,1,1,,2,082,"I-80 E/B","RIVERSIDE AVENUE PEDESTRIAN OVERCROSSING",16.00,W,N,A,-,Y,,,80,,,,,,E,Y,1,1,0,1,A,-,01,23152,A,N,E,I,A,A,H,-,B,D,0,,,,,Y,Y,A,01,0,0,0,0,0,0,0,0,0,"- ","- ",37.952899932861328,-122.32788848876953,"CONTRA COSTA","SAN PABLO",-122.32799530029297,37.952842712402344
91319827,2020,2020-10-08,9320,2020-09-29,1602,021649,,2,2,9,0700,0,2,4,,2,011,"APPIAN WAY","APPIAN VILLAGE DR.",85.00,S,N,A,-,N,,,,,,,,,,Y,2,0,1,2,A,-,07,21658,A,N,B,C,A,A,H,-,A,D,0,,,Y,,Y,,A,01,1,0,0,0,0,0,0,0,1,"- ","- ",37.979019165039062,-122.29591369628906,"CONTRA COSTA",UNINCORPORATED,-122.29589080810547,37.978954315185547
91323358,2020,2020-10-14,9320,2020-09-24,2146,022138,,4,2,5,0708,0,1,3,,2,403,"STATE ROUTE 4 EASTBOUND","BAILEY ROAD",5280.00,W,N,A,-,Y,,,4,,,,,,E,Y,2,0,1,3,C,-,18,,,N,A,C,A,A,C,-,D,D,0,,,,,Y,,-,"- ",1,0,0,0,0,0,0,0,0,"- ","- ",38.021461486816406,-121.95909118652344,"CONTRA COSTA",PITTSBURG,-121.95906829833984,38.021595001220703
91333724,2020,2020-11-23,9320,2020-10-20,1840,021499,,2,2,9,0700,0,2,4,,2,086,"BALFOUR RD","BYRON HWY",1700.00,E,N,A,-,N,,,,,,,,,,N,1,1,0,2,A,-,03,22350,,N,C,C,A,A,H,-,A,D,0,,,Y,,Y,,C,02,0,0,0,0,0,0,0,1,0,"- ","- ",37.925491333007812,-121.63493347167969,"CONTRA COSTA",UNINCORPORATED,-121.63526153564453,37.925518035888672
91336416,2020,2020-11-02,9320,2020-10-23,0830,022127,,5,1,4,0714,0,3,5,,2,040,"EASTBOUND PACHECO BLVD.","MORELLO AVE.",370.00,W,N,A,-,N,,,,,,,,,,N,2,0,1,2,A,-,03,22350,,N,C,G,A,A,H,-,A,A,0,,Y,,,Y,,A,07,1,0,0,0,0,0,1,0,0,"- ","- ",38.011150360107422,-122.10314178466797,"CONTRA COSTA",MARTINEZ,-122.10299682617188,38.011173248291016
91338150,2020,2020-11-03,9320,2020-10-18,0803,020834,,7,1,5,0701,0,1,3,,2,404,"SR-4 E/B TO LONE TREE WAY","LONE TREE WAY",300.00,W,N,A,-,Y,,,4,,,,R,,E,Y,2,0,1,2,A,-,03,22350,,F,C,C,A,A,H,-,D,D,0,,,Y,,Y,,A,01,1,0,0,0,0,0,0,0,1,"- ","- ",37.997871398925781,-121.80856323242188,"CONTRA COSTA",ANTIOCH,-121.80856323242188,37.997871398925781
91339115,2020,2020-11-04,9320,2020-10-28,2131,021864,,3,2,5,0712,0,1,1,,2,682,"I-680 SOUTHBOUND","N MAIN STREET",260.00,S,N,A,-,Y,,,680,,,,,,S,Y,2,0,1,3,A,-,01,23152,A,N,C,E,A,A,D,-,C,A,0,,,,,Y,Y,A,01,1,0,0,0,0,0,0,0,0,"- ","- ",37.915260314941406,-122.06623077392578,"CONTRA COSTA","WALNUT CREEK",-122.06624603271484,37.915267944335938
91339266,2020,2020-11-04,9320,2020-10-03,2315,022467,,6,3,5,0701,0,1,3,,2,404,"SR-4 WB","CONTRA LOMA BLVD",1056.00,E,N,A,-,Y,,,4,,,,,,W,Y,2,0,1,2,A,-,11,21954,A,N,G,B,E,A,H,-,C,A,0,Y,,,,Y,Y,N,60,1,0,0,0,1,0,0,0,0,"- ","- ",37.998600006103516,-121.81800079345703,"CONTRA COSTA",ANTIOCH,-121.81800079345703,37.998607635498047
91340729,2020,2020-11-06,9320,2020-10-29,2240,019546,,4,3,9,0700,0,3,5,,2,060,"TRACY WAY","TRACY COURT",138.00,N,N,A,-,N,,,,,,,,,,Y,2,0,1,1,A,-,01,23152,A,N,F,A,A,A,H,-,D,D,0,,,,,Y,Y,M,96,1,0,0,0,0,0,0,0,0,"- ","- ",37.862178802490234,-122.00643920898438,"CONTRA COSTA",UNINCORPORATED,-122.00633239746094,37.862602233886719
91342816,2020,2020-11-10,9320,2020-11-03,1129,020984,,2,1,5,0708,0,1,3,,2,403,"SR-4 E/B","RAILROAD AVE",0.00,,N,A,-,Y,,,4,,,,,,E,Y,2,0,1,1,A,-,03,22350,,N,F,A,A,A,H,-,A,A,0,,,Y,,Y,,C,02,1,0,0,0,0,0,0,0,1,"- ","- ",38.017898559570312,-121.89420318603516,"CONTRA COSTA",PITTSBURG,-121.89415740966797,38.018051147460938
91346490,2020,2020-11-17,9370,2020-10-27,1815,022358,,2,2,5,0710,0,1,1,,2,083,"I-80 W/B TO EL PORTAL DRIVE","EL PORTAL DR.",230.00,E,N,A,-,Y,,,80,,,,R,,W,N,2,0,2,4,A,-,03,22350,,F,C,C,A,A,H,-,B,A,0,,,,,Y,,-,99,1,0,1,0,0,0,0,0,0,"- ","- ",37.966999053955078,-122.32248687744141,"CONTRA COSTA",RICHMOND,-122.32248687744141,37.966999053955078
91347378,2020,2020-11-18,9370,2020-11-07,0528,022529,,6,3,3,0707,0,1,1,,2,083,"I-80 W/B","APPIAN WAY",1500.00,W,N,A,-,Y,,,80,,,,,,W,Y,2,0,2,4,A,-,07,21658,A,N,B,C,A,A,H,-,D,D,0,,,,,Y,,A,01,1,0,1,0,0,0,0,0,0,"- ","- ",37.9923095703125,-122.30718231201172,"CONTRA COSTA",PINOLE,-122.30718994140625,37.992340087890625
91348280,2020,2020-11-19,9320,2020-11-12,1517,022013,,4,2,9,0700,0,3,5,,2,040,"CONCORD BLVD",I-680,19.00,E,N,A,-,N,,,,,,,,,,N,2,0,1,2,A,-,11,21954,A,N,G,B,D,A,H,-,A,D,0,Y,,,,Y,,N,60,1,0,0,0,1,0,0,0,0,"- ","- ",37.97637939453125,-122.06388092041016,"CONTRA COSTA",UNINCORPORATED,-122.06416320800781,37.976158142089844
91348620,2020,2020-11-19,9320,2020-11-14,1118,022076,,6,1,6,0704,0,1,3,,2,402,"SR-4 EASTBOUND TO SR-242 SOUTHBOUND",SR-4,125.00,S,N,A,-,Y,,,4,,,,R,,E,Y,2,0,1,1,A,-,08,22107,,N,E,I,A,A,H,-,A,D,0,,,,,Y,,A,01,1,0,0,0,0,0,0,0,0,"- ","- ",38.004100799560547,-122.03867340087891,"CONTRA COSTA",CONCORD,-122.03867340087891,38.004100799560547
91351391,2020,2020-11-23,9320,2020-10-27,0110,022463,,2,3,6,0704,0,1,3,,2,402,"SR-4 E/B","SOLANO WAY",1086.00,W,N,A,-,Y,,,4,,,,,,E,Y,2,0,2,2,A,-,08,22107,,N,E,I,A,A,D,-,C,A,0,,,,,Y,,A,01,1,0,1,0,0,0,0,0,0,"- ","- ",37.999828338623047,-122.05668640136719,"CONTRA COSTA",CONCORD,-122.05673217773438,37.999958038330078
91352657,2020,2020-11-24,9320,2020-08-06,2240,022484,,4,3,3,0702,0,1,3,,2,405,"SR-4 E/B","SAND CREEK ROAD",1611.00,W,N,A,-,Y,,,4,,,,,,E,Y,1,2,0,1,A,-,08,22107,,N,E,I,A,A,H,-,C,A,0,,,,,Y,,A,01,0,0,0,0,0,0,0,0,0,"- ","- ",37.947898864746094,-121.74410247802734,"CONTRA COSTA",BRENTWOOD,-121.74357604980469,37.948143005371094
91356736,2020,2020-12-07,9320,2020-11-27,1225,022076,,5,1,9,0700,0,2,4,,2,095,"MARSH CREEK ROAD","VASCO ROAD",0.00,,Y,A,-,N,,,,,,,,,,Y,2,0,2,2,A,-,09,21453,C,N,A,C,A,A,H,-,A,D,0,,,,,Y,,A,01,2,0,0,0,0,0,0,0,0,"- ","- ",37.895778656005859,-121.71283721923828,"CONTRA COSTA",UNINCORPORATED,-121.71270751953125,37.895790100097656
91357017,2020,2020-12-02,9320,2020-11-22,1255,020440,,7,1,9,0700,0,2,S,,2,080,"CHESTNUT ST","EDEN PLAINS RD",902.00,W,N,A,-,N,,,,,,,,,,Y,2,0,1,1,C,-,18,,,N,F,A,A,A,H,-,A,D,0,,,,,Y,,-,"- ",1,0,0,0,0,0,0,0,0,"- ","- ",37.9327392578125,-121.66269683837891,"CONTRA COSTA",UNINCORPORATED,-121.66260528564453,37.9327392578125
91359857,2020,2020-12-07,9320,2020-11-27,0745,021847,,5,1,9,0700,0,1,3,,2,401,"SR-4 W/B","MCEWEN RD",4800.00,E,N,A,-,Y,,,4,,,,,,W,Y,2,0,3,1,A,-,08,22107,,N,E,C,A,A,H,-,A,D,0,,,,,Y,,A,01,1,0,2,0,0,0,0,0,0,"- ","- ",38.006698608398438,-122.16580200195312,"CONTRA COSTA",UNINCORPORATED,-122.16580963134766,38.006675720214844
91360891,2020,2020-12-08,9320,2020-11-27,0435,022505,,5,3,3,0702,0,1,3,,2,405,"SR-4 E/B","BALFOUR ROAD",3112.00,E,N,A,-,Y,,,4,,,,,,E,Y,2,0,3,2,A,-,01,23152,A,N,A,C,A,A,H,-,D,D,0,,,,,Y,Y,A,01,1,0,2,0,0,0,0,0,0,"- ","- ",37.916660308837891,-121.73216247558594,"CONTRA COSTA",BRENTWOOD,-121.73215484619141,37.916660308837891
91363971,2020,2020-12-11,9320,2020-11-19,1819,022013,,4,2,3,0706,0,1,1,,2,180,"I-80 W/B","SYCAMORE AVE",1373.00,W,N,A,-,Y,,,80,,,,,,W,N,2,0,1,2,A,-,07,21658,A,N,C,C,A,A,H,-,D,D,0,,,,,Y,,M,94,1,0,0,0,0,0,0,0,0,"- ","- ",38.008670806884766,-122.27536773681641,"CONTRA COSTA",HERCULES,-122.27539825439453,38.008693695068359
91368429,2020,2020-12-16,9320,2020-12-13,2135,022505,,7,2,3,0715,0,1,3,,2,241,"SR-24 W/B","ACALANES ROAD",1660.00,E,N,A,-,Y,,,24,,,,,,W,Y,2,0,1,1,A,-,08,22107,,N,E,I,A,B,H,-,D,D,0,,,,,Y,,A,01,1,0,0,0,0,0,0,0,0,"- ","- ",37.891529083251953,-122.14878845214844,"CONTRA COSTA",LAFAYETTE,-122.1488037109375,37.891387939453125
91371279,2020,2020-12-18,9320,2020-08-16,0905,021185,,7,1,3,0792,0,1,3,,2,240,"STATE ROUTE 24 EASTBOUND","GATEWAY BOULEVARD",1350.00,E,N,B,C,Y,,,24,,,,,,E,Y,1,1,0,1,A,-,03,22350,,N,F,A,A,B,H,-,A,A,0,,,,,Y,,A,01,0,0,0,0,0,0,0,0,0,"- ","- ",37.869091033935547,-122.19387054443359,"CONTRA COSTA",ORINDA,-122.19395446777344,37.869197845458984
91372443,2020,2020-12-21,9370,2020-12-10,1830,021309,,4,2,9,0700,0,1,1,,2,083,"RICHMOND PARKWAY","BLUME DR",566.00,S,N,A,-,N,,,,,,,,,,Y,2,0,1,3,A,-,03,22350,,N,C,C,A,A,H,-,C,A,0,,,Y,,Y,,C,02,1,0,0,0,0,0,0,0,1,"- ","- ",37.986968994140625,-122.31491851806641,"CONTRA COSTA",UNINCORPORATED,-122.31517028808594,37.986743927001953
91372475,2020,2020-12-21,9370,2020-12-11,0438,021825,,5,3,5,0710,0,1,1,,2,083,"I-80 W/B TO RICHMOND PARKWAY","RICHMOND PARKWAY",235.00,E,N,A,-,Y,,,80,,,,R,,W,Y,2,0,1,2,A,-,05,21651,B,F,A,C,A,A,H,-,D,D,0,,,,,Y,Y,D,22,1,0,0,0,0,0,0,0,0,"- ","- ",37.98760986328125,-122.31562042236328,"CONTRA COSTA",RICHMOND,-122.31562042236328,37.98760986328125
91377813,2020,2020-12-30,9320,2020-10-18,0000,022462,,7,3,9,0700,0,1,1,,2,180,"I-80 EASTBOUND","CUMMINGS SKYWAY",2445.00,W,N,B,-,Y,,,80,,,,,,E,Y,1,1,0,1,A,-,01,23152,A,N,F,A,A,A,H,-,C,A,0,,,,,Y,Y,A,07,0,0,0,0,0,0,0,0,0,"- ","- ",38.040630340576172,-122.24447631835938,"CONTRA COSTA",UNINCORPORATED,-122.24448394775391,38.040637969970703
91378328,2020,2020-12-31,9320,2020-12-22,1710,018371,,2,2,9,0700,0,2,4,,2,023,"BEAR CREEK ROAD","HAMPTON ROAD",425.00,S,N,A,-,N,,,,,,,,,,N,2,0,1,1,A,-,03,22350,,N,F,A,A,A,H,-,D,D,0,,,Y,,Y,,C,02,1,0,0,0,0,0,0,0,1,"- ","- ",37.955951690673828,-122.19980621337891,"CONTRA COSTA",UNINCORPORATED,-122.19998931884766,37.956058502197266
91380606,2020,2021-01-05,9320,2020-12-25,1640,022049,,5,2,4,0714,0,1,3,,2,402,"SR-4 W/B","ALHAMBRA AVE",280.00,E,N,B,C,Y,,,,,,,,,,Y,2,0,3,1,A,-,03,22350,,N,E,I,A,B,H,-,A,D,0,,,,,Y,,A,01,1,1,1,0,0,0,0,0,0,"- ","- ",37.993099212646484,-122.12898254394531,"CONTRA COSTA",MARTINEZ,-122.12908935546875,37.990921020507812
91384273,2020,2021-01-08,9320,2020-07-02,1555,021649,,4,2,4,0714,0,3,5,,2,040,"VINE AVENUE","LESLIE AVE.",108.00,S,N,A,-,N,,,,,,,,,,N,2,0,1,2,A,-,11,21950,B,F,G,B,E,A,H,-,A,D,0,Y,,,,Y,,N,60,1,0,0,0,1,0,0,0,0,"- ","- ",38.006858825683594,-122.11563110351562,"CONTRA COSTA",MARTINEZ,-122.11562347412109,38.006862640380859
91385111,2020,2021-01-11,9320,2020-11-14,2238,022462,,6,3,6,0704,0,1,3,,2,402,"STATE ROUTE 4 WESTBOUND","PORT CHICAGO HIGHWAY",3476.00,E,N,B,-,Y,,,4,,,,,,W,Y,1,1,0,1,A,-,01,23152,A,N,E,J,A,A,H,-,C,A,0,,,,,Y,Y,A,01,0,0,0,0,0,0,0,0,0,"- ","- ",38.0118408203125,-122.01074981689453,"CONTRA COSTA",CONCORD,-122.01073455810547,38.011764526367188
91385376,2021,2021-01-11,9390,2021-01-01,0210,022220,,5,3,9,0700,0,2,4,,2,112,"CAMINO TASSAJARA","KNOLLS CREEK DRIVE",20.00,W,N,A,-,N,,,,,,,,,,N,2,0,1,2,A,-,03,22350,,F,G,B,D,A,H,-,C,D,0,Y,,,,Y,Y,-,99,1,0,0,0,1,0,0,0,0,"- ","- ",37.798740386962891,-121.88613128662109,"CONTRA COSTA",UNINCORPORATED,-121.8861083984375,37.798736572265625
91387012,2020,2021-01-13,9320,2020-10-22,0623,017530,,4,1,9,0700,0,2,4,,2,094,"BYRON HWY","N. BRUNS WAY",955.00,S,N,A,-,N,,,,,,,,,,Y,1,1,0,2,A,-,08,22107,,N,B,C,A,A,H,-,D,D,0,,,,Y,Y,,G,27,0,0,0,0,0,0,0,0,0,"- ","- ",37.827011108398438,-121.60283660888672,"CONTRA COSTA",UNINCORPORATED,-121.60250854492188,37.827491760253906
91387073,2021,2021-01-13,9370,2021-01-12,1217,018499,,2,1,4,0711,0,1,1,,2,082,"I-80 W/B","SOLANO AVE",200.00,W,N,A,-,Y,,,,,,,,,,Y,2,0,1,1,A,-,08,22107,,N,E,I,A,A,H,-,A,D,0,,,,,Y,,A,01,1,0,0,0,0,0,0,0,0,"- ","- ",37.942710876464844,-122.32366943359375,"CONTRA COSTA","SAN PABLO",-122.32400512695312,37.943931579589844
91388368,2020,2021-03-30,9320,2020-10-24,2340,022505,,6,3,9,0700,0,2,4,,2,077,"MARSH CREEK ROAD","GILL DRIVE",2571.00,W,N,A,-,N,,,,,,,,,,Y,1,1,0,1,A,-,01,23152,A,N,E,I,A,A,H,-,D,A,0,,,,,Y,Y,D,22,0,0,0,0,0,0,0,0,0,"- ","- ",37.886379241943359,-121.84058380126953,"CONTRA COSTA",UNINCORPORATED,-121.84079742431641,37.886180877685547
9138846,2020,2020-09-29,0704,2020-08-08,2324,449,,6,5,6,0704,0,0,0,,0,006,"CONCORD BL","BAILEY RD",374.00,E,N,A,-,N,,,,,,,,,,N,2,0,1,2,D,-,00,,,N,G,G,A,A,H,-,C,A,0,,Y,,,Y,Y,-,"- ",1,0,0,0,0,0,1,0,0,"- ","- ",,,"CONTRA COSTA",CONCORD,-121.97212982177734,37.96844482421875
91389471,2021,2021-01-18,9320,2021-01-14,1057,020834,,4,1,9,0700,0,2,4,,2,094,"BYRON HIGHWAY","HOFFMAN LN",39.00,S,N,A,-,N,,,,,,,,,,Y,2,0,3,2,A,-,03,22350,,N,C,C,A,A,H,-,A,A,0,,,,,Y,,A,01,2,1,0,0,0,0,0,0,0,"- ","- ",37.879459381103516,-121.64145660400391,"CONTRA COSTA",UNINCORPORATED,-121.64148712158203,37.879501342773438
91389646,2020,2021-01-18,9320,2020-10-10,1500,022006,,6,2,9,0700,0,1,3,,2,401,"SR-4 EASTBOUND","MCEWEN ROAD.",355.00,E,N,B,-,Y,,,4,,,,,,E,Y,1,1,0,1,A,-,08,22107,,N,E,I,A,A,H,-,A,A,0,,,,,Y,,A,01,0,0,0,0,0,0,0,0,0,"- ","- ",38.013980865478516,-122.17626953125,"CONTRA COSTA",UNINCORPORATED,-122.17624664306641,38.014007568359375
91390365,2021,2021-01-19,9320,2021-01-11,0427,022282,,1,3,9,0700,0,1,3,,2,241,"SR-24 E/B TO MOUNT DIABLO BLVD",I-680,1000.00,W,N,A,-,Y,,,24,,,,R,,E,Y,2,0,1,1,A,-,08,22107,,N,F,I,A,A,H,-,C,A,0,,,,,Y,,A,01,1,0,0,0,0,0,0,0,0,"- ","- ",37.895698547363281,-122.07393646240234,"CONTRA COSTA",UNINCORPORATED,-122.07393646240234,37.895698547363281
91391164,2021,2021-01-20,9320,2021-01-12,0520,022282,,2,3,9,0700,0,1,3,,2,404,"SR-4 W/B","A STREET",800.00,E,N,A,-,Y,,,,,,,,,,Y,2,0,1,2,A,-,07,21658,A,M,B,C,A,A,H,-,C,A,0,,,,,Y,,-,99,1,0,0,0,0,0,0,0,0,"- ","- ",37.998371124267578,-121.80332183837891,"CONTRA COSTA",UNINCORPORATED,-121.80609130859375,37.998561859130859
91393786,2021,2021-01-25,9370,2021-01-04,0238,022529,,1,3,5,0710,0,1,1,,2,082,"I-80 E/B","SAN PABLO AVE",225.00,E,N,A,-,Y,,,80,,,,,,E,Y,2,0,1,1,A,-,08,22107,,N,E,I,A,A,H,-,D,D,0,,,,,Y,,A,01,1,0,0,0,0,0,0,0,0,"- ","- ",37.937980651855469,-122.32557678222656,"CONTRA COSTA",RICHMOND,-122.32563018798828,37.938003540039062