CASE_ID,ACCIDENT_YEAR,PROC_DATE,JURIS,COLLISION_DATE,COLLISION_TIME,OFFICER_ID,REPORTING_DISTRICT,DAY_OF_WEEK,CHP_SHIFT,POPULATION,CNTY_CITY_LOC,SPECIAL_COND,BEAT_TYPE,CHP_BEAT_TYPE,CITY_DIVISION_LAPD,CHP_BEAT_CLASS,BEAT_NUMBER,PRIMARY_RD,SECONDARY_RD,DISTANCE,DIRECTION,INTERSECTION,WEATHER_1,WEATHER_2,STATE_HWY_IND,CALTRANS_COUNTY,CALTRANS_DISTRICT,STATE_ROUTE,ROUTE_SUFFIX,POSTMILE_PREFIX,POSTMILE,LOCATION_TYPE,RAMP_INTERSECTION,SIDE_OF_HWY,TOW_AWAY,COLLISION_SEVERITY,NUMBER_KILLED,NUMBER_INJURED,PARTY_COUNT,PRIMARY_COLL_FACTOR,PCF_CODE_OF_VIOL,PCF_VIOL_CATEGORY,PCF_VIOLATION,PCF_VIOL_SUBSECTION,HIT_AND_RUN,TYPE_OF_COLLISION,MVIW,PED_ACTION,ROAD_SURFACE,ROAD_COND_1,ROAD_COND_2,LIGHTING,CONTROL_DEVICE,CHP_ROAD_TYPE,PEDESTRIAN_ACCIDENT,BICYCLE_ACCIDENT,MOTORCYCLE_ACCIDENT,TRUCK_ACCIDENT,NOT_PRIVATE_PROPERTY,ALCOHOL_INVOLVED,STWD_VEHTYPE_AT_FAULT,CHP_VEHTYPE_AT_FAULT,COUNT_SEVERE_INJ,COUNT_VISIBLE_INJ,COUNT_COMPLAINT_PAIN,COUNT_PED_KILLED,COUNT_PED_INJURED,COUNT_BICYCLIST_KILLED,COUNT_BICYCLIST_INJURED,COUNT_MC_KILLED,COUNT_MC_INJURED,PRIMARY_RAMP,SECONDARY_RAMP,LATITUDE,LONGITUDE,COUNTY,CITY,POINT_X,POINT_Y
91394607,2020,2021-02-03,9320,2020-10-23,2025,022116,,5,2,3,0706,0,1,1,,2,180,"I-80 W/B","WILLOW AVE",1106.00,W,N,A,-,Y,,,80,,,,,,W,Y,1,2,3,7,A,-,03,22350,,N,E,I,E,A,H,-,C,A,0,Y,,,,Y,,A,01,0,1,2,2,1,0,0,0,0,"- ","- ",38.020130157470703,-122.26470184326172,"CONTRA COSTA",HERCULES,-122.26474761962891,38.020168304443359
91395230,2020,2021-01-27,9320,2020-11-16,2245,022467,,1,3,5,0712,0,1,1,,2,682,"I-680 S/B","N. MAIN ST.",2112.00,N,N,A,-,Y,,,680,,,,,,S,Y,1,1,0,2,A,-,11,21954,A,N,G,B,E,A,D,-,C,A,0,Y,,,,Y,,N,60,0,0,0,1,0,0,0,0,0,"- ","- ",37.922199249267578,-122.06159973144531,"CONTRA COSTA","WALNUT CREEK",-122.06170654296875,37.922245025634766
9139574,2020,2020-09-24,0704,2020-07-24,1250,0533,,5,5,6,0704,0,0,0,,0,006,"CLAYTON RD","CLAYCORD AV",0.00,,Y,A,-,N,,,,,,,,,,Y,2,0,1,2,A,-,01,23153,A,F,D,G,A,A,H,-,A,A,0,,Y,,,Y,,A,01,1,0,0,0,0,0,1,0,0,"- ","- ",37.958641052246094,-121.97589111328125,"CONTRA COSTA",CONCORD,-121.97588348388672,37.95867919921875
91400346,2021,2021-02-02,9370,2021-01-23,2150,022529,,6,2,5,0710,0,1,1,,2,082,"I-80 E/B","CUTTING BOULEVARD",900.00,E,N,A,-,Y,,,80,,,,,,E,Y,2,0,1,1,A,-,01,23152,A,N,E,I,A,A,H,-,D,D,0,,,,,Y,Y,A,01,1,0,0,0,0,0,0,0,0,"- ","- ",37.927570343017578,-122.32190704345703,"CONTRA COSTA",RICHMOND,-122.32209777832031,37.927436828613281
91402240,2020,2021-02-04,9370,2020-10-02,1745,022476,,5,2,4,0711,0,1,1,,2,083,"I-80 W/B","SAN PABLO DAM ROAD",0.00,E,N,A,-,Y,,,80,,,,,,W,Y,1,2,0,1,A,-,01,23152,G,N,E,I,A,A,H,-,A,D,0,,,,,Y,Y,A,01,0,0,0,0,0,0,0,0,0,"- ","- ",37.955951690673828,-122.33009338378906,"CONTRA COSTA","SAN PABLO",-122.33000946044922,37.955997467041016
91406153,2020,2021-02-10,9320,2020-11-29,2325,022505,,7,3,6,0704,0,1,3,,2,242,"SR-242 S/B","SR-4 E/B",54.00,S,N,A,-,Y,,,242,,,,,,S,Y,1,1,1,1,A,-,08,22107,,N,E,I,A,A,H,-,D,A,0,,,,,Y,Y,A,01,0,1,0,0,0,0,0,0,0,"- ","- ",38.005420684814453,-122.0364990234375,"CONTRA COSTA",CONCORD,-122.03656005859375,38.005455017089844
91415055,2020,2021-02-25,9320,2020-12-01,0345,021864,,2,3,9,0700,0,2,4,,2,097,"VASCO ROAD","WALNUT BOULEVARD",4752.00,S,N,A,-,N,,,,,,,,,,Y,1,1,1,2,A,-,08,22107,,N,A,C,A,A,H,-,D,A,0,,,,,Y,,A,01,0,1,0,0,0,0,0,0,0,"- ","- ",37.879409790039062,-121.68541717529297,"CONTRA COSTA",UNINCORPORATED,-121.69647979736328,37.887500762939453
9141676,2020,2020-10-15,0704,2020-08-06,0827,0537,,4,5,6,0704,0,0,0,,0,004,"WILLOW PASS RD","GALINDO ST",0.00,,Y,A,-,N,,,,,,,,,,Y,2,0,1,4,A,-,12,21453,A,N,D,C,A,A,H,-,A,A,0,,,,,Y,,A,07,1,0,0,0,0,0,0,0,0,"- ","- ",37.975959777832031,-122.0352783203125,"CONTRA COSTA",CONCORD,-122.03518676757812,37.976039886474609
91420761,2020,2021-03-04,9320,2020-10-08,2042,021949,,4,2,6,0704,0,1,3,,2,402,"SR-4 W/B","PERALTA WAY U/C",821.00,E,N,A,-,Y,,,,,,,,,,Y,1,1,1,1,A,-,08,22107,,N,E,I,A,A,H,-,C,A,0,,,,,Y,,A,01,0,1,0,0,0,0,0,0,0,"- ","- ",,,"CONTRA COSTA",CONCORD,-122.04495239257812,38.003192901611328
91421793,2021,2021-03-08,9320,2021-02-28,0215,022076,,7,3,9,0700,0,1,1,,2,180,"I-80 WESBOUND FROM CUMMINGS SKYWAY","CUMMINGS SKYWAY",32.00,W,N,A,-,Y,,,80,,,,R,,,Y,2,0,1,1,A,-,08,22107,,N,E,I,A,A,H,-,D,D,0,,,,,Y,,A,07,1,0,0,0,0,0,0,0,0,"- ","- ",38.045150756835938,-122.23963928222656,"CONTRA COSTA",UNINCORPORATED,-122.23963928222656,38.045150756835938
91427247,2021,2021-03-15,9320,2021-01-08,0038,022495,,5,3,3,0707,0,1,1,,2,180,"I-80 EASTBOUND","PINOLE VALLEY RD",938.00,W,N,A,-,Y,,,,,,,,,,Y,1,1,2,3,A,-,05,21651,B,N,A,C,A,A,H,-,C,A,0,,,,Y,Y,Y,A,01,0,2,0,0,0,0,0,0,0,"- ","- ",37.594379425048828,-122.17201232910156,"CONTRA COSTA",PINOLE,-122.28813934326172,37.995800018310547
9142918,2020,2020-09-11,0701,2020-06-21,1709,5851,303,7,5,5,0701,0,0,0,,0,003,"DELTA FAIR BL","SOMERSVILLE RD",0.00,,Y,-,-,N,,,,,,,,,,Y,2,0,2,2,A,-,01,23152,A,N,A,C,A,A,H,-,A,A,0,,,,,Y,Y,A,01,1,0,1,0,0,0,0,0,0,"- ","- ",,,"CONTRA COSTA",ANTIOCH,-121.8392333984375,38.002231597900391
91429371,2021,2021-03-17,9320,2021-03-10,0530,016563,,3,3,5,0712,0,1,3,,2,241,"SR-24 W/B","EL CURTOLA BLVD",50.00,E,N,B,C,Y,,,,,,,,,,Y,2,0,1,1,A,-,07,21658,A,N,E,I,A,B,H,-,D,A,0,,,,,Y,,D,22,1,0,0,0,0,0,0,0,0,"- ","- ",37.898120880126953,-122.08493804931641,"CONTRA COSTA","WALNUT CREEK",-122.08494567871094,37.898197174072266
91434277,2021,2021-03-24,9320,2021-03-18,1808,021864,,4,2,9,0700,0,1,3,,2,401,"SR-4 EASTBOUND","MCEWEN ROAD",5280.00,E,N,B,C,Y,,,4,,,,,,E,Y,2,0,1,2,A,-,03,22350,,N,D,C,A,B,H,-,A,A,0,,,,,Y,,A,01,1,0,0,0,0,0,0,0,0,"- ","- ",38.005870819091797,-122.16400909423828,"CONTRA COSTA",UNINCORPORATED,-122.16400909423828,38.005867004394531
91435340,2021,2021-03-25,9320,2021-03-15,2040,022534,,1,2,4,0714,0,1,3,,2,402,"SR-4 WESTBOUND","CENTER RD",2112.00,E,N,B,-,Y,,,4,,,,,,W,Y,2,0,1,1,A,-,01,23152,A,N,E,I,A,A,H,-,C,D,0,,,,,Y,Y,A,01,1,0,0,0,0,0,0,0,0,"- ","- ",37.996711730957031,-122.11269378662109,"CONTRA COSTA",MARTINEZ,-122.11273193359375,37.996498107910156
91444880,2021,2021-04-07,9320,2021-04-01,0330,022505,,4,3,9,0700,0,2,4,,2,086,"BYRON HWY","BRUNS ROAD",3288.00,E,N,A,-,N,,,,,,,,,,Y,2,0,2,2,A,-,05,21460,A,N,A,C,A,A,H,-,D,D,0,,,,Y,Y,,A,01,1,0,1,0,0,0,0,0,0,"- ","- ",37.817211151123047,-121.58641052246094,"CONTRA COSTA",UNINCORPORATED,-121.59635162353516,37.823352813720703
91444896,2021,2021-04-07,9320,2021-03-23,1800,021185,,2,2,9,0700,0,3,5,,2,040,"LAS JUNTAS WAY","ANTHONY WAY",0.00,,Y,A,-,N,,,,,,,,,,Y,2,0,1,2,A,-,08,22107,,N,D,G,A,A,H,-,A,A,0,,Y,,,Y,,L,04,1,0,0,0,0,0,1,0,0,"- ","- ",37.930130004882812,-122.05638885498047,"CONTRA COSTA",UNINCORPORATED,-122.05637,37.930101999999998
91445348,2021,2021-04-07,9320,2021-03-18,2202,021710,,4,3,3,0706,0,1,3,,2,400,"STATE ROUTE 4 W/B TO INTERSTATE 80 W/B","I-80 OVERCROSSING",180.00,E,N,B,-,Y,,,4,,,,R,,W,Y,2,0,3,2,A,-,03,22350,,N,C,C,A,B,H,-,D,D,0,,,,,Y,,A,01,2,1,0,0,0,0,0,0,0,"- ","- ",38.015098571777344,-122.26869201660156,"CONTRA COSTA",HERCULES,-122.26869201660156,38.015098571777344
91446816,2021,2021-04-09,9320,2021-03-27,1955,022544,,6,2,9,0700,0,3,5,,2,039,"STIRLING DR","CORAL DRIVE",20.00,W,N,A,-,N,,,,,,,,,,N,2,0,1,2,A,-,03,22350,,N,G,B,B,A,H,-,D,A,0,Y,,,,Y,,A,01,1,0,0,0,1,0,0,0,0,"- ","- ",38.025478363037109,-122.24648284912109,"CONTRA COSTA",UNINCORPORATED,-122.2464599609375,38.025459289550781
9144802,2020,2020-10-30,0704,2020-08-25,1433,0580,,2,5,6,0704,0,0,0,,0,003,"MOHR LN","DUMAINE ST",90.00,S,N,A,-,N,,,,,,,,,,N,2,0,2,2,A,-,01,23153,A,N,A,C,A,A,H,-,A,A,0,,,,,Y,Y,A,07,1,0,1,0,0,0,0,0,0,"- ","- ",37.942970275878906,-122.04582214355469,"CONTRA COSTA",CONCORD,-122.04537963867188,37.942905426025391
91448932,2021,2021-04-13,9370,2021-04-03,1500,022299,,6,2,5,0710,0,1,1,,2,083,"I-80 W/B FROM HILTOP DR.","THE ROAD EDGE PROLONGATION OF HILTOP DR.",690.00,W,N,A,-,Y,,,,,,,,,,Y,2,0,1,2,A,-,03,22350,,N,C,C,A,A,H,-,A,A,0,,,,,Y,,A,01,1,0,0,0,0,0,0,0,0,"- ","- ",37.582870483398438,-122.19963073730469,"CONTRA COSTA",RICHMOND,,
91450166,2021,2021-04-14,9320,2021-04-10,2105,022459,,6,2,9,0700,0,2,4,,2,012,"SAN PABLO DAM ROAD","EMILIO CT",80.00,E,N,A,-,N,,,,,,,,,,Y,2,0,2,5,A,-,03,22350,,N,D,C,A,A,H,-,D,A,0,,,,,Y,,A,01,2,0,0,0,0,0,0,0,0,"- ","- ",37.958530426025391,-122.28061676025391,"CONTRA COSTA",UNINCORPORATED,-122.281005859375,37.958789825439453
91453971,2021,2021-04-20,9320,2021-04-11,2045,022119,,7,2,9,0700,0,2,4,,2,083,"BETHEL ISLAND ROAD","WELLS ROAD",500.00,S,N,A,-,N,,,,,,,,,,Y,2,0,2,2,A,-,09,21801,A,N,A,C,A,A,H,-,C,D,0,,,,,Y,,D,22,2,0,0,0,0,0,0,0,0,"- ","- ",38.008899688720703,-121.64129638671875,"CONTRA COSTA",UNINCORPORATED,-121.64118194580078,38.0091552734375
91454050,2021,2021-04-20,9320,2021-04-15,1420,022119,,4,2,3,0792,0,1,3,,2,241,"WILDCAT CANYON ROAD","ANZA VIEW ROAD",0.00,,Y,A,-,N,,,,,,,,,,N,2,0,1,2,A,-,03,22350,,N,C,C,A,A,H,-,A,D,0,,Y,,,Y,,L,04,1,0,0,0,0,0,1,0,0,"- ","- ",37.892570495605469,-122.24369812011719,"CONTRA COSTA",ORINDA,-122.24807739257812,37.892997741699219
91455977,2021,2021-04-22,9320,2021-04-21,0715,016503,,3,1,9,0700,0,1,3,,2,403,"SR-4 W/B","BAILEY RD. U/C",100.00,W,N,A,-,Y,,,4,,,,,,W,Y,2,0,1,3,A,-,07,21658,A,N,B,C,A,A,H,-,A,D,0,,,Y,,Y,,A,07,1,0,0,0,0,0,0,0,1,"- ","- ",38.019069671630859,-121.94252014160156,"CONTRA COSTA",UNINCORPORATED,-121.94252014160156,38.019100189208984
91456869,2021,2021-04-23,9320,2021-04-10,0016,022495,,6,3,5,0701,0,1,3,,2,404,"SR-4 EB","HILLCREST DR",2270.00,W,N,A,-,Y,,,,,,,,,,Y,2,0,2,2,A,-,03,22350,,N,D,C,A,A,H,-,D,D,0,,,,,Y,Y,D,22,2,0,0,0,0,0,0,0,0,"- ","- ",37.594989776611328,-121.47332000732422,"CONTRA COSTA",ANTIOCH,-121.78584289550781,37.996131896972656
91458309,2021,2021-04-26,9320,2021-04-11,2105,022459,,7,2,9,0700,0,2,4,,2,083,"GATEWAY RD E/B","PIPER ROAD",140.00,E,N,A,-,N,,,,,,,,,,Y,2,0,1,1,A,-,01,23152,A,N,F,A,A,A,H,-,D,A,0,,,,,Y,Y,D,22,1,0,0,0,0,0,0,0,0,"- ","- ",38.019458770751953,-121.62174224853516,"CONTRA COSTA",UNINCORPORATED,-121.62173461914062,38.019466400146484
91460532,2021,2021-04-28,9320,2021-02-24,1840,016584,,3,2,9,0700,0,2,4,,2,032,"CARQUINEZ SCENIC DR.","CANYON LAKE DR.",2112.00,W,N,A,-,N,,,,,,,,,,Y,1,1,0,1,A,-,08,22107,,N,E,I,A,A,H,-,D,A,0,,,,,Y,,A,08,0,0,0,0,0,0,0,0,0,"- ","- ",38.046348571777344,-122.19770050048828,"CONTRA COSTA",UNINCORPORATED,-122.1971435546875,38.046211242675781
91462956,2021,2021-04-30,9320,2021-01-18,2133,022463,,1,2,4,0709,0,1,1,,2,682,"I-680 S/B","OAK PARK BOULEVARD",470.00,N,N,A,-,Y,,,680,,,,,,S,Y,1,1,1,2,A,-,03,22350,,F,C,C,A,A,H,-,C,A,0,,,,,Y,,A,01,0,0,1,0,0,0,0,0,0,"- ","- ",37.933998107910156,-122.06040191650391,"CONTRA COSTA","PLEASANT HILL",-122.06040191650391,37.933998107910156
91470607,2021,2021-05-12,9370,2021-02-22,2141,022054,,1,2,5,0710,0,1,1,,2,083,"I-80 E/B","HILLTOP DRIVE",1622.00,W,N,A,-,Y,,,,,,,,,,Y,2,0,3,2,A,-,08,22107,,N,E,I,A,A,H,-,C,D,0,,,Y,,Y,,J,48,1,0,2,0,0,0,0,0,1,"- ","- ",37.581920623779297,-122.19106292724609,"CONTRA COSTA",RICHMOND,-122.31982421875,37.971881866455078
91473354,2021,2021-05-14,9320,2021-05-06,0050,021864,,4,3,9,0700,0,1,1,,2,180,"I-80 WESTBOUND","APPIAN WAY",1584.00,E,N,A,-,Y,,,,,,,,,,Y,2,0,6,2,A,-,01,23152,A,N,C,C,A,A,H,-,D,A,0,,,,,Y,Y,A,01,4,0,2,0,0,0,0,0,0,"- ","- ",37.994110107421875,-122.29705047607422,"CONTRA COSTA",UNINCORPORATED,-122.30137634277344,37.9935302734375
91473691,2021,2021-05-14,9320,2021-05-01,2140,022495,,6,2,9,0700,0,1,3,,2,403,"SR4 WB","RAILROAD AVE",2100.00,W,N,A,-,Y,,,,,,,,,,Y,2,0,4,2,A,-,01,23152,A,N,C,C,A,A,H,-,D,D,0,,,,,Y,Y,A,08,1,2,1,0,0,0,0,0,0,"- ","- ",38.018939971923828,-121.89656066894531,"CONTRA COSTA",UNINCORPORATED,-121.8935546875,38.018142700195312
91473701,2021,2021-05-14,9320,2021-04-30,0145,021293,,5,3,9,0700,0,2,4,,2,077,"MARSH CREEK RD","MORGAN TERRITORY RD",1320.00,E,N,A,-,N,,,,,,,,,,Y,2,0,3,1,A,-,01,23152,A,N,F,J,A,A,H,-,D,D,0,,,,,Y,Y,A,01,2,0,1,0,0,0,0,0,0,"- ","- ",37.903511047363281,-121.87146759033203,"CONTRA COSTA",UNINCORPORATED,-121.8712158203125,37.903251647949219
9147378,2020,2020-09-24,0714,2020-07-28,1103,135,"17 4",2,5,4,0714,0,0,0,,0,004,"MORELLO AV","POLE 110180861",75.00,S,N,A,-,N,,,,,,,,,,N,2,0,1,1,A,-,08,22107,,N,E,I,A,A,H,-,A,D,0,,Y,,,Y,,L,04,1,0,0,0,0,0,1,0,0,"- ","- ",37.987171173095703,-122.10317993164062,"CONTRA COSTA",MARTINEZ,,
91475086,2021,2021-05-17,9370,2021-04-14,0517,021718,,3,3,5,0710,0,1,1,,2,058,"I-580 W/B FROM BAYVIEW AVENUE","BAYVIEW AVE",975.00,W,N,A,-,Y,,,580,,,,R,,W,N,2,0,1,2,A,-,11,21954,A,F,G,B,E,A,H,-,D,D,0,Y,,,,Y,,N,60,1,0,0,0,1,0,0,0,0,"- ","- ",37.914699554443359,-122.32579040527344,"CONTRA COSTA",RICHMOND,-122.32579040527344,37.914699554443359
91475414,2021,2021-05-18,9320,2021-05-06,0150,021710,,4,3,9,0700,0,2,4,,2,086,"BYRON HWY","N BRUNS",100.00,W,N,A,-,N,,,,,,,,,,Y,2,0,1,1,A,-,08,22107,,N,F,I,A,A,H,-,D,D,0,,,,,Y,,A,01,1,0,0,0,0,0,0,0,0,"- ","- ",37.829608917236328,-121.60526275634766,"CONTRA COSTA",UNINCORPORATED,-121.60507965087891,37.829540252685547
91479385,2021,2021-09-16,9320,2021-04-12,1240,016563,,1,1,9,0700,0,2,4,,1,042,"PACHECO BLVD","ARTHUR ROAD",833.00,W,N,A,-,N,,,,,,,,,,N,2,0,1,1,A,-,03,22350,,N,H,J,A,A,A,D,A,A,0,,Y,,,Y,,L,04,1,0,0,0,0,0,1,0,0,"- ","- ",38.000728607177734,-122.09268951416016,"CONTRA COSTA",UNINCORPORATED,-122.09323120117188,38.007411956787109
91480252,2021,2021-05-27,9320,2021-05-10,1910,020649,,1,2,5,0701,0,1,S,,2,493,"SR-4 EASTBOUND","HILLCREST AVENUE",1056.00,W,N,A,-,Y,,,4,,,,,,E,Y,2,0,2,1,A,-,08,22107,,N,E,I,A,A,H,-,A,A,0,,,,,Y,,A,01,1,1,0,0,0,0,0,0,0,"- ","- ",37.99652099609375,-121.789306640625,"CONTRA COSTA",ANTIOCH,-121.78926849365234,37.996761322021484
91487292,2021,2021-06-02,9320,2021-01-24,0245,021293,,7,3,5,0701,0,1,3,,2,160,"SR160 NORTHBOUND","MAIN ST UNDERCROSSING",170.00,S,N,A,-,Y,,,160,,,,,,N,Y,1,1,0,1,A,-,08,22107,,N,E,I,A,A,H,-,D,A,0,,,,,Y,Y,A,01,0,0,0,0,0,0,0,0,0,"- ","- ",38.005069732666016,-121.75375366210938,"CONTRA COSTA",ANTIOCH,-121.75364685058594,38.005046844482422
91492626,2021,2021-06-09,9320,2021-05-28,2215,021519,,5,3,9,0700,0,2,S,,2,493,"BRENTWOOD BLVD","SELLERS AVE",480.00,E,N,A,-,N,,,,,,,,,,Y,2,0,1,1,A,-,01,23152,A,N,E,I,A,A,H,-,D,D,0,,,Y,,Y,Y,C,02,1,0,0,0,0,0,0,0,1,"- ","- ",37.911098480224609,-121.67633819580078,"CONTRA COSTA",UNINCORPORATED,-121.676513671875,37.911228179931641
91492687,2021,2021-06-09,9320,2021-06-01,1245,016094,,2,1,9,0700,0,2,4,,2,073,"S/B KIRKER PASS RD","N. HESS RD.",1150.00,N,N,A,-,N,,,,,,,,,,Y,2,0,2,2,A,-,03,22350,,N,C,C,A,A,H,-,A,D,0,,,,,Y,,A,01,1,1,0,0,0,0,0,0,0,"- ","- ",37.971969604492188,-121.91957092285156,"CONTRA COSTA",UNINCORPORATED,-121.92780303955078,37.964832305908203
91494711,2021,2021-06-11,9320,2021-05-30,0915,021185,,7,1,9,0700,0,3,5,,2,050,"SOUTH GATE ROAD","DIABLO RANCH DRIVE",7392.00,N,N,A,-,N,,,,,,,,,,N,2,0,1,2,A,-,05,21460,A,N,F,A,A,A,H,-,A,A,0,,Y,,,Y,,A,08,1,0,0,0,0,0,1,0,0,"- ","- ",37.841449737548828,-121.94004821777344,"CONTRA COSTA",UNINCORPORATED,-121.95968627929688,37.873172760009766
91497188,2021,2021-06-15,9320,2021-06-05,0140,022568,,6,3,4,0714,0,1,3,,2,402,"SR-4 W/B","PACHECO BLVD",100.00,E,N,A,-,Y,,,4,,,,,,W,Y,2,0,1,2,A,-,08,22107,,F,B,C,A,A,D,-,C,A,0,,,Y,,Y,Y,-,99,1,0,0,0,0,0,0,0,1,"- ","- ",37.993400573730469,-122.07356262207031,"CONTRA COSTA",MARTINEZ,-122.07356262207031,37.993404388427734
91497603,2021,2021-06-15,9320,2021-06-08,1654,017219,,2,2,3,0715,0,1,3,,2,241,"SR-24 W/B","EL NIDO RANCH RD U/C",2112.00,E,N,A,-,Y,,,24,,,,,,W,N,2,0,1,2,A,-,11,21954,A,N,G,B,D,A,H,-,A,A,0,Y,,,,Y,,N,60,1,0,0,0,1,0,0,0,0,"- ","- ",37.890830993652344,-122.13758087158203,"CONTRA COSTA",LAFAYETTE,-122.1375732421875,37.890884399414062
91500226,2021,2021-06-18,9320,2021-06-13,1055,022116,,7,1,9,0700,0,1,3,,2,404,"SR-4 E/B","SOMERSVILLE RD",3700.00,W,N,A,-,Y,,,,,,,,,,Y,2,0,4,2,A,-,03,22350,,N,C,C,A,A,H,-,A,D,0,,,,,Y,,A,07,1,0,3,0,0,0,0,0,0,"- ","- ",38.007179260253906,-121.84990692138672,"CONTRA COSTA",UNINCORPORATED,-121.83837890625,38.003948211669922
9150515,2020,2020-10-23,0711,2020-08-17,1954,S1093,BAY,1,5,4,0711,0,0,0,,0,001,"RUMRILL BL","17TH ST",0.00,,Y,A,-,N,,,,,,,,,,Y,2,0,1,2,A,-,09,21801,A,F,D,C,A,A,H,-,B,D,0,,,Y,,Y,Y,A,01,1,0,0,0,0,0,0,0,1,"- ","- ",,,"CONTRA COSTA","SAN PABLO",-122.35035705566406,37.966648101806641
91513303,2021,2021-07-06,9320,2021-05-31,1350,022119,,1,1,3,0706,0,1,1,,2,180,"WESTBOUND I-80","WILLOW AVENUE",2030.00,W,N,A,-,Y,,,80,,,,,,,Y,2,0,7,4,A,-,03,22350,,N,C,2,A,A,H,-,A,A,0,,,,,Y,,A,07,1,2,4,0,0,0,0,0,0,"- ","- ",38.019870758056641,-122.26502227783203,"CONTRA COSTA",HERCULES,-122.2650146484375,38.019863128662109
91513657,2021,2021-07-06,9390,2021-06-26,1645,022174,,6,2,9,0700,0,3,5,,2,100,"BLACKHAWK DRIVE","BLACKHAWK MEADOW DRIVE",194.00,E,N,A,-,N,,,,,,,,,,N,2,0,1,1,A,-,08,22107,,N,E,I,A,A,H,-,A,A,0,,,,,Y,,A,01,1,0,0,0,0,0,0,0,0,"- ","- ",37.812950134277344,-121.89640045166016,"CONTRA COSTA",UNINCORPORATED,-121.89640808105469,37.812969207763672
91514330,2021,2021-07-07,9320,2021-06-26,1740,022462,,6,2,9,0700,0,2,4,,2,083,"GATEWAY RD","STONE RD",65.00,E,N,A,-,N,,,,,,,,,,Y,2,0,1,1,A,-,03,22350,,N,F,A,A,A,H,-,A,D,0,,,Y,,Y,,C,02,1,0,0,0,0,0,0,0,1,"- ","- ",38.021591186523438,-121.60994720458984,"CONTRA COSTA",UNINCORPORATED,-121.60994720458984,38.021495819091797
91518487,2021,2021-07-12,9370,2021-06-30,1657,022124,,3,2,4,0711,0,1,1,,2,083,"I-80 E/B","SAN PABLO DAM ROAD",1200.00,W,N,B,-,Y,,,80,,,,,,E,N,2,0,1,5,A,-,03,22350,,N,B,C,A,A,H,-,A,D,0,,,Y,,Y,,C,02,1,0,0,0,0,0,0,0,1,"- ","- ",37.953670501708984,-122.32848358154297,"CONTRA COSTA","SAN PABLO",-122.32846069335938,37.953681945800781
91520252,2021,2022-10-14,9390,2021-06-16,1615,018869,,3,2,4,0791,0,1,1,,2,068,"I680 SOUTHBOUND (DONALD D. DOYLE HIGHWAY)","PINE VALLEY ROAD UNDERCROSSING",155.00,S,N,A,-,Y,,,,,,,,,,Y,1,1,0,1,A,-,08,22107,,N,E,I,A,A,H,-,A,D,0,,,,,Y,,A,01,0,0,0,0,0,0,0,0,0,"- ","- ",37.736621856689453,-121.9503173828125,"CONTRA COSTA","SAN RAMON",-121.94706726074219,37.732170104980469
91520293,2021,2021-07-14,9365,2021-07-07,1903,020508,,3,2,9,0700,0,1,1,,2,001,"I-80 W/B","KENDALL AVE",37.00,W,N,A,-,Y,,,80,,,,,,W,Y,2,0,1,1,A,-,08,22107,,N,E,I,A,A,A,H,A,D,0,,,,,Y,,A,01,1,0,0,0,0,0,0,0,0,"- ","- ",38.052528381347656,-122.22808074951172,"CONTRA COSTA",UNINCORPORATED,-122.22815704345703,38.052623748779297
91525151,2021,2021-07-21,9320,2021-07-11,2130,021519,,7,2,9,0700,0,2,S,,2,493,"BRIONES VALLEY RD","DEER VALLEY RD",2275.00,W,N,A,-,N,,,,,,,,,,Y,2,0,2,1,A,-,08,22107,,N,E,I,A,A,H,-,D,D,0,,,,,Y,,A,01,1,0,1,0,0,0,0,0,0,"- ","- ",37.896160125732422,-121.7740478515625,"CONTRA COSTA",UNINCORPORATED,-121.77402496337891,37.896572113037109
9152688,2020,2020-10-21,0701,2020-08-21,2142,6133,610,5,5,5,0701,0,0,0,,0,006,"LONE TREE WY","HILLCREST AV",0.00,,N,A,-,N,,,,,,,,,,Y,2,0,1,2,A,-,12,21453,A,N,C,-,A,A,H,-,C,A,0,,,Y,,Y,,C,02,1,0,0,0,0,0,0,0,1,"- ","- ",,,"CONTRA COSTA",ANTIOCH,-121.76004791259766,37.961761474609375
9152720,2020,2020-10-07,0701,2020-07-26,1036,5938,605,7,5,5,0701,0,0,0,,0,006,"LONE TREE WY","SAGEBRUSH DR",1056.00,E,N,A,-,N,,,,,,,,,,N,2,0,1,2,A,-,04,21703,,N,C,G,A,A,H,-,A,D,0,,Y,,,Y,,A,01,1,0,0,0,0,0,1,0,0,"- ","- ",,,"CONTRA COSTA",ANTIOCH,-121.76907348632812,37.963008880615234