CASE_ID,ACCIDENT_YEAR,PROC_DATE,JURIS,COLLISION_DATE,COLLISION_TIME,OFFICER_ID,REPORTING_DISTRICT,DAY_OF_WEEK,CHP_SHIFT,POPULATION,CNTY_CITY_LOC,SPECIAL_COND,BEAT_TYPE,CHP_BEAT_TYPE,CITY_DIVISION_LAPD,CHP_BEAT_CLASS,BEAT_NUMBER,PRIMARY_RD,SECONDARY_RD,DISTANCE,DIRECTION,INTERSECTION,WEATHER_1,WEATHER_2,STATE_HWY_IND,CALTRANS_COUNTY,CALTRANS_DISTRICT,STATE_ROUTE,ROUTE_SUFFIX,POSTMILE_PREFIX,POSTMILE,LOCATION_TYPE,RAMP_INTERSECTION,SIDE_OF_HWY,TOW_AWAY,COLLISION_SEVERITY,NUMBER_KILLED,NUMBER_INJURED,PARTY_COUNT,PRIMARY_COLL_FACTOR,PCF_CODE_OF_VIOL,PCF_VIOL_CATEGORY,PCF_VIOLATION,PCF_VIOL_SUBSECTION,HIT_AND_RUN,TYPE_OF_COLLISION,MVIW,PED_ACTION,ROAD_SURFACE,ROAD_COND_1,ROAD_COND_2,LIGHTING,CONTROL_DEVICE,CHP_ROAD_TYPE,PEDESTRIAN_ACCIDENT,BICYCLE_ACCIDENT,MOTORCYCLE_ACCIDENT,TRUCK_ACCIDENT,NOT_PRIVATE_PROPERTY,ALCOHOL_INVOLVED,STWD_VEHTYPE_AT_FAULT,CHP_VEHTYPE_AT_FAULT,COUNT_SEVERE_INJ,COUNT_VISIBLE_INJ,COUNT_COMPLAINT_PAIN,COUNT_PED_KILLED,COUNT_PED_INJURED,COUNT_BICYCLIST_KILLED,COUNT_BICYCLIST_INJURED,COUNT_MC_KILLED,COUNT_MC_INJURED,PRIMARY_RAMP,SECONDARY_RAMP,LATITUDE,LONGITUDE,COUNTY,CITY,POINT_X,POINT_Y
91527732,2021,2021-07-23,9320,2021-04-01,0720,019546,,4,1,9,0700,0,2,4,,2,012,"SAN PABLO DAM ROAD","PHEASANT LN",253.00,E,N,A,-,N,,,,,,,,,,Y,1,1,0,2,A,-,03,22350,,N,G,B,D,A,H,-,A,A,0,Y,,,,Y,,A,01,0,0,0,1,0,0,0,0,0,"- ","- ",37.963390350341797,-122.29334259033203,"CONTRA COSTA",UNINCORPORATED,-122.29132080078125,37.963336944580078
91530717,2021,2021-07-28,9320,2021-07-15,1935,021710,,4,2,9,0700,0,2,4,,2,032,"CARQUINEZ SCENIC DRIVE","MCEWEN ROAD",50.00,W,N,A,-,N,,,,,,,,,,N,2,0,1,1,A,-,08,22107,,N,F,I,A,A,H,-,A,D,0,,Y,,,Y,,L,04,1,0,0,0,0,0,1,0,0,"- ","- ",38.04132080078125,-122.19270324707031,"CONTRA COSTA",UNINCORPORATED,-122.19240570068359,38.041149139404297
91531423,2021,2021-07-29,9320,2021-07-08,2230,022495,,4,3,5,0701,0,1,3,,2,405,"SR-4 EB","LONE TREE WAY U/C",2110.00,W,N,A,-,Y,,,,,,,,,,Y,2,0,2,3,A,-,01,23152,A,N,C,C,A,A,H,-,C,A,0,,,,,Y,Y,A,01,2,0,0,0,0,0,0,0,0,"- ","- ",37.575851440429688,-121.4422607421875,"CONTRA COSTA",ANTIOCH,-121.74488830566406,37.955963134765625
91535656,2021,2021-08-03,9320,2021-07-01,0208,022472,,4,3,9,0700,0,1,1,,2,682,"I-680 N/B","OAK PARK BOULEVARD",350.00,N,N,A,-,Y,,,,,,,,,,Y,2,0,1,2,A,-,03,22350,,N,C,2,A,A,H,-,C,A,0,,,,,Y,Y,A,01,1,0,0,0,0,0,0,0,0,"- ","- ",37.943099975585938,-122.05883026123047,"CONTRA COSTA",UNINCORPORATED,-122.06006622314453,37.934291839599609
91536618,2021,2021-08-04,9320,2021-07-24,0700,021499,,6,1,9,0700,0,1,3,,2,241,"SR-24 E/B","HAPPY VALLEY RD",2530.00,W,N,A,-,Y,,,,,,,,,,N,2,0,1,1,A,-,08,22107,,N,E,8,A,A,H,-,A,D,0,,,,,Y,,A,01,1,0,0,0,0,0,0,0,0,"- ","- ",37.890510559082031,-122.13430786132812,"CONTRA COSTA",UNINCORPORATED,-122.13298034667969,37.890945434570312
91538554,2021,2021-08-06,9320,2021-07-24,1930,022082,,6,2,9,0700,0,3,5,,2,075,"SAN MARCO RD",SR-4,341.00,N,N,A,-,N,,,,,,,,,,N,2,0,1,2,A,-,21,22106,,N,D,G,A,A,H,-,A,A,0,,Y,,,Y,,A,07,1,0,0,0,0,0,1,0,0,"- ","- ",38.024021148681641,-121.96514129638672,"CONTRA COSTA",UNINCORPORATED,-121.96543884277344,38.023662567138672
91541141,2021,2021-08-10,9320,2021-07-31,2130,022534,,6,2,4,0714,0,1,1,,2,683,"I-680 SOUTHBOUND",SR-4,1750.00,S,N,A,-,Y,,,,,,,,,,Y,2,0,2,3,A,-,05,21651,B,N,B,2,A,A,H,-,C,A,0,,,,,Y,,A,01,1,0,1,0,0,0,0,0,0,"- ","- ",37.990001678466797,-122.06761169433594,"CONTRA COSTA",MARTINEZ,-122.0697021484375,37.994632720947266
91541349,2021,2021-08-10,9320,2021-07-01,0205,022138,,4,3,4,0709,0,1,1,,2,682,"I-680 NORTHBOUND","OAK PARK BLVD",340.00,N,N,A,G,Y,,,680,,,,,,N,Y,2,0,2,4,A,-,03,22350,,N,G,2,E,A,C,-,C,A,0,Y,,,,Y,,A,01,1,0,1,0,1,0,0,0,0,"- ","- ",37.934688568115234,-122.05977630615234,"CONTRA COSTA","PLEASANT HILL",-122.06008148193359,37.934688568115234
91542695,2021,2021-08-11,9320,2021-07-18,1535,022082,,7,2,3,0792,0,1,3,,2,241,"SR-24 E/B","WILDER RD.",299.00,E,N,A,-,Y,,,24,,,,,,E,N,2,0,3,1,A,-,01,23152,A,N,E,I,A,A,H,-,A,A,0,,,,,Y,Y,A,07,2,1,0,0,0,0,0,0,0,"- ","- ",37.867481231689453,-122.19725799560547,"CONTRA COSTA",ORINDA,-122.19724273681641,37.867420196533203
91548132,2021,2021-08-18,9320,2021-06-23,0102,022544,,3,3,3,0706,0,1,3,,2,400,"SR-4 WESTBOUND",I-80,205.00,E,N,A,-,Y,,,4,,,,,,W,Y,1,1,1,1,A,-,08,22107,,N,E,I,A,A,H,-,C,A,0,,,,,Y,,A,07,1,0,0,0,0,0,0,0,0,"- ","- ",38.0152587890625,-122.26828765869141,"CONTRA COSTA",HERCULES,-122.26840209960938,38.014862060546875
91549992,2021,2021-08-20,9320,2021-08-03,1545,022462,,2,2,9,0700,0,3,5,,2,070,"MOTA RD",AZORES,259.00,N,N,A,-,N,,,,,,,,,,N,2,0,1,1,A,-,08,22107,,N,E,I,A,A,H,-,A,D,0,,,,,Y,,A,01,1,0,0,0,0,0,0,0,0,"- ","- ",38.028839111328125,-121.97273254394531,"CONTRA COSTA",UNINCORPORATED,-121.97406005859375,38.027904510498047
91550254,2021,2021-08-20,9320,2021-06-09,1017,017906,,3,1,5,0701,0,1,3,,2,404,"SR-4 E/B","SOMERSVILLE RD U/C",1998.00,W,N,A,-,Y,,,4,,,,,,E,Y,1,1,0,1,A,-,08,22107,,N,F,A,A,A,H,-,A,A,0,,,,,Y,,D,22,0,0,0,0,0,0,0,0,0,"- ","- ",38.006061553955078,-121.84629821777344,"CONTRA COSTA",ANTIOCH,-121.84624481201172,38.006263732910156
91553033,2021,2021-08-24,9370,2021-08-08,2150,022487,,7,2,5,0710,0,1,1,,2,083,"I-80 W/B","EL PORTAL DRIVE",10.00,W,N,A,-,Y,,,80,,,,,,W,N,2,0,1,1,A,-,01,23152,F,N,F,I,A,A,H,-,C,D,0,,,,,Y,,A,07,1,0,0,0,0,0,0,0,0,"- ","- ",37.966281890869141,-122.32269287109375,"CONTRA COSTA",RICHMOND,-122.32260131835938,37.966178894042969
91563882,2021,2021-09-28,9320,2021-08-20,2240,022505,,5,3,4,0714,0,1,1,,2,683,"I-680 N/B","ARTHUR ROAD",980.00,N,N,A,-,Y,,,,,,,,,,Y,2,0,1,3,A,-,08,22107,,N,B,C,A,A,H,-,D,A,0,,,,,Y,,A,01,1,0,0,0,0,0,0,0,0,"- ","- ",38.013221740722656,-122.09068298339844,"CONTRA COSTA",MARTINEZ,-122.09059143066406,38.013248443603516
91564064,2021,2021-11-09,9320,2021-08-28,0530,020949,,6,3,9,0700,0,2,4,,2,037,"FRANKLIN CANYON ROAD","WOLCOTT LANE",140.00,E,N,A,-,N,,,,,,,,,,Y,2,0,1,1,A,-,08,22107,,N,E,I,A,A,H,-,D,D,0,,,,,Y,Y,A,07,1,0,0,0,0,0,0,0,0,"- ","- ",37.997779846191406,-122.15538024902344,"CONTRA COSTA",UNINCORPORATED,-122.15564727783203,37.997821807861328
91565282,2021,2021-09-08,9320,2021-08-31,0715,020949,,2,1,3,0706,0,1,1,,2,180,"I-80 W/B","SR-4 UNDER-CROSSING",1530.00,E,N,A,-,Y,,,80,,,,,,W,Y,2,0,5,4,A,-,03,22350,,N,C,C,A,A,H,-,A,D,0,,,,,Y,,A,01,1,2,2,0,0,0,0,0,0,"- ","- ",38.018508911132812,-122.26596069335938,"CONTRA COSTA",HERCULES,-122.26613616943359,38.018669128417969
91565361,2021,2021-09-08,9320,2021-08-31,0740,020440,,2,1,9,0700,0,1,1,,2,180,"I-80 W/B","CALIFORNIA ST",1265.00,W,N,A,-,Y,,,80,,,,,,W,N,2,0,4,3,A,-,03,22350,,N,C,C,A,A,H,-,A,D,0,,,,,Y,,A,01,1,1,2,0,0,0,0,0,0,"- ","- ",38.0272216796875,-122.25817108154297,"CONTRA COSTA",UNINCORPORATED,-122.25815582275391,38.027206420898438
91565796,2020,2021-09-08,9365,2020-05-17,1815,021609,,7,2,9,0700,0,1,1,,2,001,"I-80 E/B","POMONA STREET",1250.00,E,N,B,-,Y,,,80,,,,,,E,Y,1,1,0,1,A,-,01,23152,F,N,E,I,A,A,H,-,A,D,0,,,,,Y,,A,01,0,0,0,0,0,0,0,0,0,"- ","- ",38.05535888671875,-122.22473907470703,"CONTRA COSTA",UNINCORPORATED,-122.22480010986328,38.055366516113281
91566926,2021,2021-09-10,9320,2021-09-01,2325,017211,,3,3,9,0700,0,1,1,,2,180,"INTERSTATE 80 E/B","CALIFORNIA ST",2535.00,E,N,A,-,Y,,,80,,,,,,E,Y,2,0,3,2,A,-,03,22350,,N,C,C,A,A,H,-,D,D,0,,,,,Y,Y,A,01,1,0,2,0,0,0,0,0,0,"- ","- ",38.035598754882812,-122.25018310546875,"CONTRA COSTA",UNINCORPORATED,-122.25016021728516,38.03558349609375
91566984,2021,2021-09-10,9320,2021-09-04,1543,022138,,6,2,9,0700,0,2,4,,2,032,"CROCKETT BOULEVARD SOUTHBOUND","CUMMINGS SKYWAY",5280.00,N,N,A,-,N,,,,,,,,,,N,2,0,1,1,A,-,03,22350,,N,E,I,A,A,H,-,A,A,0,,,Y,,Y,,C,02,1,0,0,0,0,0,0,0,1,"- ","- ",38.039871215820312,-122.21357727050781,"CONTRA COSTA",UNINCORPORATED,-122.21475219726562,38.040428161621094
91566985,2021,2021-09-10,9320,2021-08-16,1435,021949,,1,2,5,0712,0,2,4,,2,012,"SAN PABLO DAM RD. N/B","OLD SAN PABLO DAM RD.",3485.00,N,N,A,-,N,,,,,,,,,,Y,2,0,1,1,A,-,03,22350,,N,E,I,A,A,H,-,A,D,0,,,,,Y,,A,01,1,0,0,0,0,0,0,0,0,"- ","- ",37.906398773193359,-122.22794342041016,"CONTRA COSTA","WALNUT CREEK",-122.26319122314453,37.941665649414062
91567477,2021,2021-09-10,9320,2021-07-18,0150,022472,,7,3,9,0700,0,1,3,,2,402,"SR-4 W/B","PERALTA ROAD UNDERCROSSING",1205.00,E,N,A,-,Y,,,,,,,,,,N,1,1,0,2,A,-,00,21960,A,F,G,B,E,A,D,-,D,A,0,Y,,,,Y,Y,N,60,0,0,0,1,0,0,0,0,0,"- ","- ",38.003528594970703,-122.04344940185547,"CONTRA COSTA",UNINCORPORATED,-122.04368591308594,38.003517150878906
91568697,2021,2021-09-13,9320,2021-09-07,2150,022076,,2,2,4,0714,0,1,1,,2,683,"I-680 NORTHBOUND","ARTHUR RD",355.00,N,N,A,-,Y,,,,,,,,,,Y,2,0,1,4,A,-,03,22350,,M,B,J,A,A,H,-,D,A,0,,,,,Y,,A,01,1,0,0,0,0,0,0,0,0,"- ","- ",38.011940002441406,-122.08940124511719,"CONTRA COSTA",MARTINEZ,-122.08927154541016,38.011882781982422
91570770,2021,2021-09-15,9350,2021-09-09,1014,016034,,4,1,9,0700,0,1,1,,2,115,"I-580 W/B","RICHMOND-SAN RAFAEL BRIDGE TOLL PLAZA",21.00,E,N,A,-,Y,,,,,,,,,,Y,2,0,1,1,A,-,08,22107,,N,E,I,A,A,H,-,A,D,0,,,,,Y,,D,22,1,0,0,0,0,0,0,0,0,"- ","- ",37.932479858398438,-122.40319061279297,"CONTRA COSTA",UNINCORPORATED,,
91572594,2021,2021-09-17,9320,2021-09-10,1525,022459,,5,2,9,0700,0,3,5,,2,020,"PINEHURST ROAD","CANYON ROAD",6000.00,S,N,A,-,N,,,,,,,,,,Y,2,0,1,2,A,-,05,21752,A,N,A,C,A,A,H,-,A,A,0,,,Y,,Y,,C,02,1,0,0,0,0,0,0,0,1,"- ","- ",37.803459167480469,-122.13760375976562,"CONTRA COSTA",UNINCORPORATED,-122.13860321044922,37.805137634277344
91575268,2021,2021-09-21,9320,2021-09-11,1120,021847,,6,1,9,0700,0,1,3,,2,405,"BYRON HIGHWAY","MARSH CREEK ROAD",0.00,,Y,A,-,Y,,,,,,,,,,Y,2,0,1,2,A,-,12,21453,A,N,A,C,A,A,H,-,A,A,0,,,Y,,Y,,D,22,1,0,0,0,0,0,0,0,1,"- ","- ",37.896488189697266,-121.64138793945312,"CONTRA COSTA",UNINCORPORATED,-121.64138793945312,37.896427154541016
91582813,2021,2021-09-29,9320,2021-09-18,0520,021519,,6,3,5,0701,0,1,3,,2,405,"SR-4 E/B","LONE TREE WAY",1510.00,W,N,A,-,Y,,,,,,,,,,Y,2,0,2,1,A,-,01,23152,A,N,E,I,A,A,H,-,C,D,0,,,,,Y,Y,A,07,2,0,0,0,0,0,0,0,0,"- ","- ",37.965221405029297,-121.77034759521484,"CONTRA COSTA",ANTIOCH,-121.74481964111328,37.957607269287109
91586851,2021,2021-10-04,9320,2021-09-22,1507,022082,,3,2,9,0700,0,2,4,,2,083,"GATEWAY BLVD","WINDSWEEP RD",223.00,W,N,A,-,Y,,,,,,,,,,N,2,0,1,2,A,-,09,21804,A,N,G,G,A,A,H,-,A,A,0,,Y,,,Y,,L,04,1,0,0,0,0,0,1,0,0,"- ","- ",38.019458770751953,-122.62407684326172,"CONTRA COSTA",UNINCORPORATED,-121.62401580810547,38.019428253173828
91590282,2021,2021-10-07,9320,2021-09-26,2250,020010,,7,3,6,0704,0,1,3,,2,402,"SR-4 E/B","PORT CHICAGO HIGHWAY U/C",100.00,W,N,A,-,Y,,,,,,,,,,Y,2,0,1,4,A,-,08,22107,,N,E,I,A,A,H,-,C,D,0,,,,,Y,Y,A,01,1,0,0,0,0,0,0,0,0,"- ","- ",37.009498596191406,-122.02332305908203,"CONTRA COSTA",CONCORD,-122.02297210693359,38.009468078613281
91591594,2021,2021-10-08,9320,2021-10-01,2350,021472,,5,3,9,0700,0,3,5,,2,010,"AMEND ROAD","PAMELA CT",110.00,W,N,A,-,N,,,,,,,,,,Y,2,0,1,2,A,-,01,23152,A,N,D,C,A,A,H,-,C,A,0,,,,,Y,Y,A,07,1,0,0,0,0,0,0,0,0,"- ","- ",37.966011047363281,-122.27572631835938,"CONTRA COSTA",UNINCORPORATED,-122.27745819091797,37.966144561767578
91594920,2021,2021-10-22,9390,2021-01-10,0325,022035,,7,3,9,0700,0,1,1,,2,068,"I-680 SOUTHBOUND","ALCOSTA BLVD",4805.00,N,N,A,-,Y,,,,,,,,,,Y,1,2,2,2,A,-,08,22107,,N,D,I,A,A,H,-,D,D,0,,,,,Y,Y,A,01,1,1,0,0,0,0,0,0,0,"- ","- ",37.734760284423828,-121.94918823242188,"CONTRA COSTA",UNINCORPORATED,-121.94901275634766,37.734683990478516
91596179,2021,2021-10-14,9320,2021-10-08,0045,021519,,5,3,3,0715,0,1,3,,2,241,"SR-24 E/B","DOLORES DRIVE",1500.00,W,N,A,-,Y,,,24,,,,,,E,Y,2,0,1,2,A,-,03,22350,,N,C,C,A,A,D,-,D,D,0,,,,,Y,Y,A,01,1,0,0,0,0,0,0,0,0,"- ","- ",37.89080810546875,-122.13358306884766,"CONTRA COSTA",LAFAYETTE,-122.13357543945312,37.890789031982422
91597000,2021,2021-10-15,9370,2021-10-04,2135,022700,,1,2,5,0710,0,1,1,,2,083,"I-80 W/B","EL PORTAL DRIVE",800.00,W,N,A,-,Y,,,80,,,,,,W,Y,2,0,1,1,A,-,01,23152,A,N,B,I,A,A,H,-,D,D,0,,,,,Y,Y,A,07,1,0,0,0,0,0,0,0,0,"- ","- ",37.974018096923828,-122.31922149658203,"CONTRA COSTA",RICHMOND,-122.31919097900391,37.974010467529297
91600273,2021,2021-10-19,9370,2021-10-09,0135,022637,,6,3,5,0710,0,1,1,,2,058,"I-580 E/B TO BAYVIEW AVENUE","BAYVIEW AVE",340.00,W,N,A,-,Y,,,580,,,,R,,E,Y,2,0,1,1,A,-,01,23152,A,N,E,I,A,A,H,-,D,D,0,,,,,Y,Y,D,22,1,0,0,0,0,0,0,0,0,"- ","- ",37.912540435791016,-122.32523345947266,"CONTRA COSTA",RICHMOND,-122.32523345947266,37.912540435791016
91605385,2021,2021-10-25,9320,2021-10-16,0525,020984,,6,3,5,0712,0,1,1,,2,681,"I-680 S/B","NEWELL AVE",85.00,S,N,A,-,Y,,,680,,,,,,S,Y,2,0,3,2,A,-,03,22350,,N,C,2,A,A,H,-,C,A,0,,,,,Y,Y,A,07,2,1,0,0,0,0,0,0,0,"- ","- ",37.891471862792969,-122.06246185302734,"CONTRA COSTA","WALNUT CREEK",-122.06240844726562,37.891582489013672
91605394,2021,2021-10-25,9320,2021-09-30,1600,022540,,4,2,9,0700,0,2,4,,2,091,"BIXLER ROAD","BYER ROAD",30.00,N,N,A,-,N,,,,,,,,,,Y,2,0,1,1,A,-,08,22107,,N,E,I,A,A,H,-,A,A,0,,,,,Y,,D,22,1,0,0,0,0,0,0,0,0,"- ","- ",37.874790191650391,-121.62309265136719,"CONTRA COSTA",UNINCORPORATED,-121.62313842773438,37.874748229980469
91614449,2021,2021-11-03,9320,2021-10-25,1803,022706,,1,2,3,0715,0,1,3,,2,241,"SR-24 E/B","EL CURTOLA BOULEVARD",700.00,W,N,A,-,Y,,,24,,,,,,E,Y,2,0,1,3,A,-,08,22107,,N,B,C,A,A,H,-,B,A,0,,,,,Y,,A,01,1,0,0,0,0,0,0,0,0,"- ","- ",37.897869110107422,-122.08682250976562,"CONTRA COSTA",LAFAYETTE,-122.08681488037109,37.897792816162109
91618768,2021,2021-11-08,9320,2021-11-01,2225,022517,,1,3,9,0700,0,2,4,,2,071,"PORT CHICAGO HIGHWAY","SKIPPER ROAD",30.00,S,N,B,-,N,,,,,,,,,,Y,2,0,2,1,A,-,08,22107,,N,E,I,A,B,H,-,C,D,0,,,,,Y,,A,01,1,1,0,0,0,0,0,0,0,"- ","- ",38.035820007324219,-121.96060180664062,"CONTRA COSTA",UNINCORPORATED,-121.96047210693359,38.035846710205078
91621547,2021,2021-11-10,9320,2021-10-24,0140,022568,,7,3,3,0715,0,1,3,,2,241,"SR-24 E/B","PLEASANT HILL ROAD",2112.00,W,N,C,-,Y,,,24,,,,,,E,Y,2,0,3,2,A,-,01,23152,A,N,C,C,A,B,H,-,C,A,0,,,,,Y,Y,A,01,1,0,2,0,0,0,0,0,0,"- ","- ",37.896560668945312,-122.10379028320312,"CONTRA COSTA",LAFAYETTE,-122.10379791259766,37.896602630615234
9162263,2020,2020-10-24,0700,2020-08-26,1542,OA017,57,3,5,3,0734,0,0,0,,0,051,"LAUREL RD","LIVE OAK AV",0.00,,Y,A,-,N,,,,,,,,,,Y,2,0,1,1,-,-,"- ",,,N,E,I,A,A,H,-,A,A,0,,,,,Y,,A,01,1,0,0,0,0,0,0,0,0,"- ","- ",,,"CONTRA COSTA",OAKLEY,,
91624862,2021,2021-11-15,9320,2021-11-06,1355,022240,,6,1,9,0700,0,1,1,,2,681,"I-680 S/B","STONE VALLEY ROAD",1500.00,N,N,A,-,Y,,,,,,,,,,Y,2,0,1,1,A,-,08,22107,,N,E,I,A,A,H,-,A,D,0,,,,,Y,,A,01,1,0,0,0,0,0,0,0,0,"- ","- ",37.85565185546875,-122.09774017333984,"CONTRA COSTA",UNINCORPORATED,-122.02947235107422,37.854759216308594
91628535,2021,2023-03-03,9390,2021-08-30,0055,022215,,1,3,4,0791,0,1,1,,2,068,"I-680 SOUTHBOUND","NORRIS CANYON ROAD OVERCROSSING",1032.00,S,N,A,-,Y,,,680,,,,,,S,Y,1,1,0,2,A,-,11,21954,A,N,G,B,E,A,H,-,D,B,0,Y,,,,Y,,N,60,0,0,0,1,0,0,0,0,0,"- ","- ",37.768791198730469,-121.97116088867188,"CONTRA COSTA","SAN RAMON",-121.97116088867188,37.768791198730469
91634651,2021,2022-01-10,9320,2021-11-18,1110,016094,,4,1,9,0700,0,2,4,,2,096,"VASCO RD","ALAMEDA/CONTRA COSTA COUNTY LINE",10560.00,N,N,B,-,N,,,,,,,,,,Y,2,0,1,1,C,-,18,,,N,E,J,A,A,C,-,A,D,0,,,,,Y,,-,"- ",1,0,0,0,0,0,0,0,0,"- ","- ",37.796211242675781,-121.68544006347656,"CONTRA COSTA",UNINCORPORATED,,
9164333,2020,2021-01-22,0711,2020-09-21,2152,1131,BAY,1,5,4,0711,0,0,0,,0,003,"RUMRILL BL","EMERIC AV",28.00,N,N,A,-,N,,,,,,,,,,Y,2,0,1,2,A,-,00,20001,,F,G,B,C,A,H,-,C,B,0,Y,,,,Y,,N,60,1,0,0,0,1,0,0,0,0,"- ","- ",,,"CONTRA COSTA","SAN PABLO",-122.35694122314453,37.954257965087891
91644986,2021,2021-12-07,9320,2021-11-24,1445,016584,,3,2,9,0700,0,2,4,,2,038,"ALHAMBRA VALLEY RD.","VACA CREEK RD.",58.00,E,N,A,-,N,,,,,,,,,,Y,2,0,2,2,A,-,05,21460,A,N,A,C,A,A,H,-,A,A,0,,,,,Y,,A,01,1,1,0,0,0,0,0,0,0,"- ","- ",37.965221405029297,-122.14002990722656,"CONTRA COSTA",UNINCORPORATED,-122.14004516601562,37.965251922607422
91646533,2021,2021-12-08,9320,2021-12-01,0755,016503,,3,1,9,0700,0,3,5,,2,075,"MOTA DR","EVORA RD",739.00,N,N,A,-,N,,,,,,,,,,Y,2,0,3,2,A,-,08,22107,,N,A,C,A,A,H,-,A,D,0,,,,,Y,,A,01,1,2,0,0,0,0,0,0,0,"- ","- ",38.026901245117188,-121.97588348388672,"CONTRA COSTA",UNINCORPORATED,-121.97555541992188,38.026775360107422
91648691,2021,2021-12-10,9320,2021-12-03,0030,022495,,5,3,5,0701,0,1,3,,2,404,"SR-4 WB","CENTURY BLVD",110.00,E,N,A,-,Y,,,4,,,,,,W,Y,2,0,1,1,A,-,01,23152,F,N,E,I,A,A,H,-,C,A,0,,,,,Y,,A,07,1,0,0,0,0,0,0,0,0,"- ","- ",38.008659362792969,-121.85458374023438,"CONTRA COSTA",ANTIOCH,-121.85457611083984,38.008663177490234
91657783,2021,2021-12-21,9320,2021-12-12,0730,020949,,7,1,9,0700,0,1,3,,2,401,"SR-4 W/B","WOLCOTT LANE UNDER-CROSSING",2930.00,E,N,B,C,Y,,,4,,,,,,W,Y,2,0,1,1,A,-,03,22350,,N,F,A,A,B,H,-,B,D,0,,,,,Y,Y,A,01,1,0,0,0,0,0,0,0,0,"- ","- ",38.001228332519531,-122.14929962158203,"CONTRA COSTA",UNINCORPORATED,-122.14927673339844,38.001270294189453
91659959,2021,2021-12-23,9320,2021-12-11,0151,021519,,6,3,6,0704,0,2,S,,2,901,"MENDOCINO DR W/B","WILSON LN",175.00,E,N,A,-,N,,,,,,,,,,Y,2,0,1,1,A,-,08,22107,,N,F,I,A,A,H,-,C,A,0,,,Y,,Y,,C,02,1,0,0,0,0,0,0,0,1,"- ","- ",37.972400665283203,-121.99154663085938,"CONTRA COSTA",CONCORD,-121.99173736572266,37.972354888916016
91665934,2021,2021-12-30,9370,2021-11-02,1445,021573,,2,2,5,0710,0,1,1,,2,083,"I-80 W/B","EL PORTAL DRIVE",100.00,E,N,A,-,Y,,,,,,,,,,Y,2,0,3,2,A,-,08,22107,,N,B,2,A,A,H,-,A,D,0,,,,,Y,,A,01,1,1,1,0,0,0,0,0,0,"- ","- ",37.575969696044922,-122.19200897216797,"CONTRA COSTA",RICHMOND,-122.32234954833984,37.966537475585938
91666313,2021,2021-12-30,9320,2021-12-11,1901,022462,,6,2,9,0700,0,2,4,,2,083,"BETHEL ISLAND RD","SANDMOUND BLVD",0.00,,Y,A,-,N,,,,,,,,,,N,2,0,1,2,A,-,03,22350,,N,B,C,A,A,H,-,C,A,0,,,Y,,Y,,C,02,1,0,0,0,0,0,0,0,1,"- ","- ",38.007068634033203,-121.64122009277344,"CONTRA COSTA",UNINCORPORATED,-121.64119720458984,38.007026672363281
91672739,2021,2022-01-06,9320,2021-12-24,1755,019914,,5,2,5,0712,0,1,1,,2,682,"NORTH MAIN TO NB I-680","PENNIMAN WAY",20.00,N,N,B,-,Y,,,,,,,,,,Y,2,0,1,1,A,-,03,22350,,N,E,I,A,B,H,-,C,A,0,,,,,Y,,A,01,1,0,0,0,0,0,0,0,0,"- ","- ",37.915321350097656,-122.06424713134766,"CONTRA COSTA","WALNUT CREEK",-122.06570434570312,37.914703369140625
91674463,2021,2022-01-10,9320,2021-12-29,0350,017211,,3,3,5,0701,0,1,3,,2,404,"STATE ROUTE 4 E/B","CENTURY BOULEVARD",1270.00,W,N,B,C,Y,,,,,,,,,,Y,2,0,2,2,A,-,01,23152,A,N,C,C,A,B,H,-,C,D,0,,,,,Y,Y,A,01,1,0,1,0,0,0,0,0,0,"- ","- ",38.010078430175781,-121.85916137695312,"CONTRA COSTA",ANTIOCH,-121.85553741455078,38.008750915527344
91675601,2021,2022-01-11,9320,2021-11-05,1925,020649,,5,2,6,0704,0,1,3,,2,402,"SR-4 WESTBOUND","SOLANO WAY",850.00,E,N,B,-,Y,,,4,,,,,,W,Y,2,0,4,1,A,-,08,22107,,N,F,I,A,A,H,-,C,A,0,,,,,Y,,A,01,2,2,0,0,0,0,0,0,0,"- ","- ",38.001850128173828,-122.05017852783203,"CONTRA COSTA",CONCORD,-122.05018615722656,38.001861572265625