CASE_ID,ACCIDENT_YEAR,PROC_DATE,JURIS,COLLISION_DATE,COLLISION_TIME,OFFICER_ID,REPORTING_DISTRICT,DAY_OF_WEEK,CHP_SHIFT,POPULATION,CNTY_CITY_LOC,SPECIAL_COND,BEAT_TYPE,CHP_BEAT_TYPE,CITY_DIVISION_LAPD,CHP_BEAT_CLASS,BEAT_NUMBER,PRIMARY_RD,SECONDARY_RD,DISTANCE,DIRECTION,INTERSECTION,WEATHER_1,WEATHER_2,STATE_HWY_IND,CALTRANS_COUNTY,CALTRANS_DISTRICT,STATE_ROUTE,ROUTE_SUFFIX,POSTMILE_PREFIX,POSTMILE,LOCATION_TYPE,RAMP_INTERSECTION,SIDE_OF_HWY,TOW_AWAY,COLLISION_SEVERITY,NUMBER_KILLED,NUMBER_INJURED,PARTY_COUNT,PRIMARY_COLL_FACTOR,PCF_CODE_OF_VIOL,PCF_VIOL_CATEGORY,PCF_VIOLATION,PCF_VIOL_SUBSECTION,HIT_AND_RUN,TYPE_OF_COLLISION,MVIW,PED_ACTION,ROAD_SURFACE,ROAD_COND_1,ROAD_COND_2,LIGHTING,CONTROL_DEVICE,CHP_ROAD_TYPE,PEDESTRIAN_ACCIDENT,BICYCLE_ACCIDENT,MOTORCYCLE_ACCIDENT,TRUCK_ACCIDENT,NOT_PRIVATE_PROPERTY,ALCOHOL_INVOLVED,STWD_VEHTYPE_AT_FAULT,CHP_VEHTYPE_AT_FAULT,COUNT_SEVERE_INJ,COUNT_VISIBLE_INJ,COUNT_COMPLAINT_PAIN,COUNT_PED_KILLED,COUNT_PED_INJURED,COUNT_BICYCLIST_KILLED,COUNT_BICYCLIST_INJURED,COUNT_MC_KILLED,COUNT_MC_INJURED,PRIMARY_RAMP,SECONDARY_RAMP,LATITUDE,LONGITUDE,COUNTY,CITY,POINT_X,POINT_Y
91680031,2021,2022-01-18,9320,2021-12-11,0025,022544,,6,3,3,0715,0,1,3,,2,241,"SR-24 EASTBOUND","EL NIDO RANCH",300.00,W,N,C,-,Y,,,24,,,,,,E,Y,2,0,1,2,A,-,08,22107,,N,D,C,A,B,H,-,D,A,0,,,,,Y,,A,01,1,0,0,0,0,0,0,0,0,"- ","- ",37.891010284423828,-122.14463806152344,"CONTRA COSTA",LAFAYETTE,-122.14464569091797,37.891063690185547
91681538,2022,2022-01-20,9320,2022-01-10,0735,020440,,1,1,9,0700,0,1,3,,2,401,"I-680 S/B TO MARINA VISTA AVE","MARINA VISTA AVE",525.00,N,N,B,-,Y,,,,,,,,,,N,2,0,3,1,A,-,16,24002,A,N,H,A,A,A,H,-,A,D,0,,,,,Y,,A,01,1,2,0,0,0,0,0,0,0,"- ","- ",38.024219512939453,-122.11213684082031,"CONTRA COSTA",UNINCORPORATED,-122.11213684082031,38.024219512939453
91683932,2021,2022-01-24,9320,2021-10-25,1129,020834,,1,1,3,0706,0,1,3,,2,401,"SR-4 W/B TO I-80 E/B",I-80,296.00,E,N,A,-,Y,,,4,,,,R,,W,Y,1,1,0,1,A,-,08,22107,,N,E,I,A,A,H,-,A,A,0,,,,,Y,,A,01,0,0,0,0,0,0,0,0,0,"- ","- ",38.015209197998047,-122.26815795898438,"CONTRA COSTA",HERCULES,-122.26815795898438,38.015209197998047
91691715,2022,2022-02-02,9320,2022-01-28,1812,020957,,5,2,9,0700,0,2,4,,2,096,"VASCO RD","CAMINO DIABLO RD",2700.00,S,N,A,-,N,,,,,,,,,,Y,2,0,3,2,A,-,08,22107,,N,A,C,A,A,H,-,C,A,0,,,,,Y,,A,07,3,0,0,0,0,0,0,0,0,"- ","- ",37.855598449707031,-121.65203094482422,"CONTRA COSTA",UNINCORPORATED,-121.66764068603516,37.865211486816406
91691877,2021,2022-02-02,9320,2021-10-26,1525,020835,,2,2,9,0700,0,2,4,,2,086,"BRENTWOOD BOULEVARD","BYRON HIGHWAY",2872.00,W,N,B,-,N,,,,,,,,,,Y,1,1,1,3,A,-,03,22350,,N,C,C,A,A,H,-,A,A,0,,,,,Y,,D,22,0,1,0,0,0,0,0,0,0,"- ","- ",37.9110107421875,-121.65131378173828,"CONTRA COSTA",UNINCORPORATED,-121.65134429931641,37.911003112792969
91691928,2021,2022-02-02,9320,2021-11-01,1047,018371,,1,1,9,0700,0,1,3,,2,405,"STATE ROUTE 4 WESTBOUND","WOLCOTT LN U/C",653.00,E,N,C,-,Y,,,4,,,,,,W,Y,1,1,0,1,A,-,03,22350,,N,F,A,A,B,H,-,A,A,0,,,,,Y,Y,D,22,0,0,0,0,0,0,0,0,0,"- ","- ",38.005390167236328,-122.15711212158203,"CONTRA COSTA",UNINCORPORATED,-122.1571044921875,38.005428314208984
91695676,2022,2022-02-08,9320,2022-01-31,1826,019759,,1,2,9,0700,0,2,4,,2,093,"CAMINO DIABLO","HOLWAY DR.",0.00,,Y,A,-,N,,,,,,,,,,Y,2,0,2,3,A,-,09,21804,A,N,D,C,A,A,H,-,D,A,0,,,,,Y,,A,01,1,1,0,0,0,0,0,0,0,"- ","- ",37.867469787597656,-121.64163208007812,"CONTRA COSTA",UNINCORPORATED,-121.6416015625,37.867473602294922
91697554,2022,2022-02-10,9350,2022-02-04,1500,022441,,5,2,9,0700,0,1,1,,2,115,"I-580 E/B","JEO MIDSPAN",3168.00,E,N,A,-,Y,MRN,,580,,,0.493,H,,R,Y,2,0,4,3,A,-,03,22350,,N,C,C,A,A,H,-,A,D,0,,,,,Y,,D,22,1,0,3,0,0,0,0,0,0,"- ","- ",37.934989929199219,-122.44284820556641,"CONTRA COSTA",UNINCORPORATED,-122.44284820556641,37.934978485107422
9169925,2020,2020-12-18,0709,2020-10-04,0416,428,3020,7,5,4,0709,0,0,0,,0,002,"CONTRA COSTA BL","CHILPANCINGO PKWY",0.00,,Y,A,-,N,,,,,,,,,,Y,2,0,1,2,D,-,00,,,F,D,C,A,A,H,-,C,A,0,,,,,Y,,-,"- ",1,0,0,0,0,0,0,0,0,"- ","- ",37.975601196289062,-122.06491851806641,"CONTRA COSTA","PLEASANT HILL",-122.06494903564453,37.975719451904297
91704218,2021,2022-02-18,9320,2021-10-02,1115,020009,,6,1,9,0700,0,2,4,,2,013,"SAN PABLO DAM RD","OLD SAN PABLO DAM RD",8244.00,N,N,A,-,N,,,,,,,,,,N,1,1,3,2,A,-,08,22107,,N,D,C,A,A,H,-,A,A,0,,,,,Y,,A,01,1,1,1,0,0,0,0,0,0,"- ","- ",37.916728973388672,-122.23751831054688,"CONTRA COSTA",UNINCORPORATED,-122.27095031738281,37.952449798583984
91707782,2022,2022-02-24,9320,2022-02-14,1442,022462,,1,2,4,0714,0,1,1,,2,683,"PACHECO BLVD","GOREE CT",102.00,W,N,A,-,N,,,,,,,,,,N,2,0,2,2,A,-,09,21804,A,N,A,C,A,A,H,-,A,A,0,,,,,Y,,D,22,1,0,1,0,0,0,0,0,0,"- ","- ",38.009651184082031,-122.09916687011719,"CONTRA COSTA",MARTINEZ,-122.09907531738281,38.009635925292969
91708132,2021,2022-02-24,9320,2021-10-27,0645,016563,,3,1,3,0715,0,1,3,,2,241,"SR-24 E/B","EL CURTOLA BLVD",1309.00,W,N,A,-,Y,,,24,,,,,,E,Y,2,0,2,2,A,-,03,22350,,N,C,C,A,B,C,-,C,A,0,,,,Y,Y,,A,07,1,1,0,0,0,0,0,0,0,"- ","- ",37.897701263427734,-122.08988189697266,"CONTRA COSTA",LAFAYETTE,-122.08988189697266,37.897720336914062
91709671,2022,2022-04-06,9320,2022-02-17,1330,022116,,4,1,9,0700,0,2,4,,2,038,"ALHAMBRA VALLEY RD","PEREIRA RD",0.00,,Y,A,-,N,,,,,,,,,,N,2,0,1,2,A,-,06,21750,A,F,B,G,A,A,H,-,A,A,0,,Y,,,Y,,-,99,1,0,0,0,0,0,1,0,0,"- ","- ",37.963211059570312,-122.20079803466797,"CONTRA COSTA",UNINCORPORATED,-122.20075225830078,37.963207244873047
9171007,2020,2020-11-17,0714,2020-09-07,0010,162,16,1,5,4,0714,0,0,0,,0,003,"ALHAMBRA AV","PHYLIS TER",0.00,,Y,A,-,N,,,,,,,,,,Y,2,0,1,1,A,-,03,22350,,N,E,I,A,A,H,-,C,D,0,,,,,Y,,A,01,1,0,0,0,0,0,0,0,0,"- ","- ",37.983318328857422,-122.12383270263672,"CONTRA COSTA",MARTINEZ,-122.123779296875,37.983390808105469
91711174,2022,2022-02-28,9320,2022-02-15,1550,019914,,2,2,4,0790,0,1,1,,2,681,"SB I-680","EL PINTADO U/C",1320.00,N,N,A,-,Y,CC,,680,,R,9.124,H,,R,Y,2,0,1,2,A,-,08,22107,,N,E,I,A,A,H,-,A,D,0,,,,,Y,,A,01,1,0,0,0,0,0,0,0,0,"- ","- ",37.837898254394531,-122.01441192626953,"CONTRA COSTA",DANVILLE,-122.01424407958984,37.838077545166016
91716453,2022,2022-08-15,9370,2022-01-09,0610,021718,,7,1,4,0711,0,1,1,,2,082,"I-80 E/B","SAN PABLO DAM ROAD",857.00,W,N,E,-,Y,CC,,80,,,4.171,H,,R,Y,1,1,2,4,C,-,18,,,N,C,C,A,A,H,-,C,D,0,,,,,Y,,-,"- ",0,1,1,0,0,0,0,0,0,"- ","- ",37.953788757324219,-122.32859039306641,"CONTRA COSTA","SAN PABLO",-122.32852935791016,37.953811645507812
91716465,2021,2022-03-07,9370,2021-05-31,1235,021718,,1,1,3,0707,0,1,1,,2,083,"I-80 W/B","APPIAN WAY",411.00,W,N,A,-,Y,,,,,,,,,,Y,1,1,0,4,C,-,18,,,N,E,I,A,A,H,-,A,D,0,,,,,Y,,-,"- ",0,0,0,0,0,0,0,0,0,"- ","- ",38.581001281738281,-121.49459838867188,"CONTRA COSTA",PINOLE,-122.30278778076172,37.993339538574219
91718910,2022,2022-03-09,9370,2022-03-01,0845,018499,,2,1,4,0711,0,3,5,,2,012,"I-80 W/B","SAN PABLO AVE",100.00,E,N,A,-,Y,CC,,80,,,3.009,H,,L,N,2,0,1,2,A,-,07,21658,A,F,C,C,A,D,H,-,A,D,0,,,Y,,Y,,-,99,1,0,0,0,0,0,0,0,1,"- ","- ",37.937900543212891,-122.32568359375,"CONTRA COSTA","SAN PABLO",-122.32589721679688,37.937969207763672
91720348,2022,2022-03-11,9370,2022-03-02,0924,022826,,3,1,5,0710,0,1,1,,2,083,"I-80 E/B","EL PORTAL DR",820.00,E,N,A,-,Y,CC,,80,,,5.419,H,,R,Y,2,0,1,3,A,-,08,22107,,N,B,B,E,A,H,-,A,D,0,Y,,,,Y,,A,01,1,0,0,0,1,0,0,0,0,"- ","- ",37.96826171875,-122.32093048095703,"CONTRA COSTA",RICHMOND,-122.32100677490234,37.968276977539062
91720886,2022,2022-03-11,9320,2022-03-02,2345,020834,,3,3,9,0700,0,2,4,,2,096,"VASCO RD","CAMINO DIABLO",3696.00,N,N,A,-,N,,,,,,,,,,N,2,0,1,1,A,-,08,22107,,N,E,I,A,A,H,-,D,A,0,,,,,Y,,A,01,1,0,0,0,0,0,0,0,0,"- ","- ",37.871299743652344,-121.67800140380859,"CONTRA COSTA",UNINCORPORATED,-121.67786407470703,37.871280670166016
91723088,2022,2022-03-15,9320,2022-03-06,0225,022544,,7,3,4,0709,0,2,S,,2,901,"CONTRA COSTA BOULEVARD N/B","CONCORD AVENUE",100.00,S,N,A,-,N,,,,,,,,,,N,2,0,1,1,A,-,01,23152,A,M,E,I,A,A,H,-,C,A,0,,,,,Y,Y,B,01,1,0,0,0,0,0,0,0,0,"- ","- ",37.975341796875,-122.06450653076172,"CONTRA COSTA","PLEASANT HILL",-122.06471252441406,37.975505828857422
91724359,2022,2022-08-25,9370,2022-02-24,1018,022831,,4,1,5,0710,0,1,1,,2,082,"I-80 W/B","CUTTING BLVD",605.00,E,N,A,-,Y,CC,,80,,,1.528,H,,L,Y,2,0,1,3,A,-,01,23152,F,N,C,E,A,A,H,-,A,D,0,,,,,Y,,A,01,1,0,0,0,0,0,0,0,0,"- ","- ",37.918350219726562,-122.31723022460938,"CONTRA COSTA",RICHMOND,-122.31754302978516,37.918350219726562
91725175,2021,2022-03-17,9320,2021-09-10,1335,022517,,5,1,5,0701,0,1,3,,2,404,"STATE ROUTE 4 WESTBOUND","HILLCREST DRIVE OVER CROSSING",3960.00,E,N,A,-,Y,,,4,,,,,,W,Y,1,1,0,4,A,-,07,21658,A,N,B,C,A,A,H,-,A,D,0,,,,Y,Y,,A,01,0,0,0,0,0,0,0,0,0,"- ","- ",37.994068145751953,-121.77169036865234,"CONTRA COSTA",ANTIOCH,-121.77171325683594,37.993968963623047
91729746,2021,2022-03-23,9320,2021-10-13,0518,020010,,3,3,3,0707,0,1,1,,2,180,"I-80 W/B","PINOLE VALLEY ROAD U/C",935.00,W,N,A,-,Y,,,80,,,,,,W,Y,1,1,0,2,A,-,03,22350,,N,C,C,A,A,H,-,C,D,0,,,Y,,Y,,C,02,0,0,0,0,0,0,0,1,0,"- ","- ",37.995391845703125,-122.28952789306641,"CONTRA COSTA",PINOLE,-122.28953552246094,37.995399475097656
91730751,2022,2022-03-24,9350,2022-01-26,1854,021391,,3,2,5,0710,0,1,1,,2,115,"I-580 E/B","MAIN STREET",15312.00,E,N,A,-,Y,CC,,580,,,7.446,H,,R,Y,1,1,0,2,A,-,03,22350,,N,C,C,A,A,H,-,C,A,0,,,,Y,Y,,G,25,0,0,0,0,0,0,0,0,0,"- ","- ",37.933921813964844,-122.42758178710938,"CONTRA COSTA",RICHMOND,-122.42757415771484,37.933982849121094
9173336,2020,2020-12-19,0711,2020-10-03,0306,1057,BAY,6,5,4,0711,0,0,0,,0,001,"EL PORTAL DR","EL PORTAL RD 20",37.00,S,N,A,-,N,,,,,,,,,,Y,2,0,1,1,A,-,03,22350,,N,E,I,A,A,H,-,C,A,0,,,,,Y,,A,01,1,0,0,0,0,0,0,0,0,"- ","- ",,,"CONTRA COSTA","SAN PABLO",-122.33766174316406,37.96343994140625
91733875,2022,2022-03-25,9320,2022-02-27,1408,022282,,7,2,3,0706,0,1,1,,2,180,"I-80 W/B","WILLOW AVENUE",1077.00,E,N,A,-,Y,CC,,80,,,11.004,H,,L,Y,1,1,3,4,A,-,03,22350,,N,C,C,A,A,H,-,A,A,0,,,,Y,Y,,A,07,0,3,0,0,0,0,0,0,0,"- ","- ",38.026168823242188,-122.25908660888672,"CONTRA COSTA",HERCULES,-122.25910949707031,38.02618408203125
91735085,2022,2022-03-28,9320,2022-02-04,2105,022240,,5,2,9,0700,0,3,5,,2,075,"ALVES LN","VIRGINIA DR.",1000.00,E,N,A,-,N,,,,,,,,,,Y,2,0,1,1,A,-,08,22107,,N,E,J,A,A,H,-,D,D,0,,,,,Y,,A,07,1,0,0,0,0,0,0,0,0,"- ","- ",38.019630432128906,-121.94889831542969,"CONTRA COSTA",UNINCORPORATED,-121.95121765136719,38.021541595458984
91739799,2022,2022-04-04,9370,2022-03-27,0145,022611,,7,3,9,0700,0,3,5,,2,010,"RICHMOND PKWY E/B","BLUME DR",365.00,E,N,A,-,Y,,,,,,,,,,N,2,0,1,1,A,-,01,23152,A,N,E,8,A,A,H,-,C,A,0,,,,,Y,Y,A,01,1,0,0,0,0,0,0,0,0,"- ","- ",37.986698150634766,-122.31564331054688,"CONTRA COSTA",UNINCORPORATED,-122.31569671630859,37.986839294433594
91742220,2022,2022-04-06,9370,2022-03-31,0605,022798,,4,1,5,0710,0,1,1,,2,058,"I-580 W/B FROM CUTTING BOULEVARD","CUTTING BOULEVARD",300.00,W,N,A,-,Y,,,,,,,,,,N,2,0,1,1,B,-,22,,,N,E,I,A,A,H,-,B,D,0,,Y,,,Y,,L,04,1,0,0,0,0,0,1,0,0,"- ","- ",37.925731658935547,-122.36282348632812,"CONTRA COSTA",RICHMOND,-122.36282348632812,37.925731658935547
91743472,2022,2022-04-07,9320,2022-03-19,2340,021293,,6,3,5,0701,0,1,3,,2,403,SR4,"SR4EB UNDERCROSSING",278.00,W,N,A,-,Y,,,,,,,,,,N,2,0,1,1,A,-,01,23152,A,N,E,J,A,A,H,-,C,A,0,,,,,Y,Y,A,01,1,0,0,0,0,0,0,0,0,"- ","- ",37.990280151367188,-122.76036071777344,"CONTRA COSTA",ANTIOCH,-121.76699066162109,37.992149353027344
91746096,2022,2022-04-12,9320,2022-03-27,0445,022472,,7,3,9,0700,0,1,3,,2,242,"SR-242 N/B TO SR-4 W/B",SR-4,650.00,S,N,A,-,Y,CC,,242,,R,3.238,H,,R,N,2,0,1,1,A,-,01,23152,A,N,F,I,A,A,H,-,D,A,0,,,,,Y,Y,A,01,1,0,0,0,0,0,0,0,0,"- ","- ",38.003700256347656,-122.03661346435547,"CONTRA COSTA",UNINCORPORATED,-122.03691101074219,38.003795623779297
91746964,2022,2022-04-13,9320,2022-04-07,0555,016094,,4,3,9,0700,0,1,3,,2,404,"SR-4 (W/B)","L ST.",1330.00,E,N,A,-,Y,CC,,4,,,27.207,H,,R,Y,2,0,1,1,A,-,08,22107,,N,E,I,A,A,H,-,D,D,0,,,,,Y,,D,22,1,0,0,0,0,0,0,0,0,"- ","- ",37.998420715332031,-121.81697845458984,"CONTRA COSTA",UNINCORPORATED,-121.81705474853516,37.998199462890625
91749800,2022,2022-04-18,9370,2022-04-06,0009,022848,,3,3,9,0700,0,1,1,,2,083,"I-80 EB TO EL PORTAL DRIVE","EL PORTAL DRIVE",82.00,W,N,A,-,Y,,,,,,,,,,Y,2,0,1,1,A,-,03,22350,,N,E,I,A,A,H,-,C,A,0,,,,,Y,,A,01,1,0,0,0,0,0,0,0,0,"- ","- ",37.965930938720703,-122.321533203125,"CONTRA COSTA",UNINCORPORATED,-122.321533203125,37.965930938720703
91751407,2021,2022-04-19,9320,2021-11-23,2138,020010,,2,2,9,0700,0,1,3,,2,401,"SR-4 E/B","MCEWEN ROAD",5558.00,E,N,A,-,Y,,,4,,,,,,E,Y,1,1,0,2,A,-,01,23152,A,N,C,2,A,A,H,-,D,D,0,,,Y,,Y,Y,C,02,0,0,0,0,0,0,0,1,0,"- ","- ",38.005638122558594,-122.16188049316406,"CONTRA COSTA",UNINCORPORATED,-122.16188049316406,38.005653381347656
91755350,2022,2022-04-25,9320,2022-04-16,1055,018628,,6,1,5,0712,0,1,1,,2,682,I-680,"MONUMENT BLVD",100.00,S,N,A,-,Y,CC,,680,,R,17.706,H,,R,Y,2,0,1,2,A,-,01,23152,A,N,C,2,A,A,H,-,A,D,0,,,,,Y,Y,A,08,1,0,0,0,0,0,0,0,0,"- ","- ",37.945098876953125,-122.05819702148438,"CONTRA COSTA","WALNUT CREEK",-122.05818176269531,37.945095062255859
91755443,2022,2022-04-25,9320,2022-04-16,0433,022835,,6,3,3,0706,0,1,1,,2,180,"I-80 E/B","WILLOW AVE",3168.00,W,N,C,-,Y,CC,,80,,,10.141,H,,R,N,2,0,1,1,A,-,03,22350,,N,E,I,A,B,H,-,D,A,0,,,,,Y,,A,01,1,0,0,0,0,0,0,0,0,"- ","- ",38.015861511230469,-122.26853179931641,"CONTRA COSTA",HERCULES,-122.26850891113281,38.015846252441406
91767675,2021,2022-05-09,9320,2021-12-07,1450,020957,,2,2,9,0700,0,2,4,,2,095,"MARSH CREEK RD","DEER VALLEY RD",0.00,,Y,B,-,N,,,,,,,,,,Y,1,1,4,2,A,-,09,21801,A,N,D,C,A,A,H,-,A,D,0,,,,,Y,,A,01,1,1,2,0,0,0,0,0,0,"- ","- ",37.88214111328125,-121.77729034423828,"CONTRA COSTA",UNINCORPORATED,-121.77735137939453,37.882015228271484
91767723,2021,2022-05-09,9320,2021-11-01,1825,022019,,1,2,4,0714,0,1,3,,2,402,"SR-4 W/B","ALHAMBRA AVE",421.00,E,N,B,C,Y,,,4,,,,,,W,Y,1,1,3,1,A,-,03,22350,,N,E,8,A,B,H,-,D,A,0,,,,,Y,,A,01,1,2,0,0,0,0,0,0,0,"- ","- ",37.9910888671875,-122.12882232666016,"CONTRA COSTA",MARTINEZ,-122.12879943847656,37.990978240966797
91767778,2022,2022-05-09,9320,2022-04-09,2255,021293,,6,3,9,0700,0,2,4,,2,074,"BALFOUR RD.","AMERICAN AVE.",3380.00,W,N,A,-,N,,,,,,,,,,Y,2,0,2,4,C,-,18,,,N,D,C,E,A,H,-,D,A,0,Y,,Y,,Y,,-,"- ",1,0,1,0,1,0,0,0,0,"- ","- ",37.925251007080078,-121.7623291015625,"CONTRA COSTA",UNINCORPORATED,-121.76424407958984,37.925277709960938
91767935,2021,2022-05-09,9320,2021-11-18,2318,021519,,4,3,9,0700,0,3,5,,2,090,"BRUNS RD","BETHANY LN",1315.00,S,N,A,-,N,,,,,,,,,,Y,1,1,0,1,A,-,03,22350,,N,H,A,A,A,H,-,D,A,0,,,Y,,Y,,C,02,0,0,0,0,0,0,0,1,0,"- ","- ",37.805679321289062,-121.60485076904297,"CONTRA COSTA",UNINCORPORATED,-121.60482025146484,37.805721282958984
91768583,2022,2022-05-10,9320,2022-05-07,1117,020834,,6,1,6,0704,0,1,1,,2,683,"I-680 N/B","CONCORD AVE",1580.00,N,N,A,-,Y,CC,,680,,,20.245,H,,R,N,2,0,1,1,A,-,08,22107,,N,E,I,A,A,H,-,A,A,0,,,,,Y,,A,01,1,0,0,0,0,0,0,0,0,"- ","- ",37.981430053710938,-122.06574249267578,"CONTRA COSTA",CONCORD,-122.065673828125,37.981437683105469
91768590,2022,2022-05-10,9320,2022-04-26,0700,016563,,2,1,9,0700,0,3,5,,2,060,"ROLLING LANE","ROLLING HILLS CT",160.00,W,N,B,-,N,,,,,,,,,,Y,2,0,1,1,A,-,13,22515,A,N,E,J,A,A,H,-,A,A,0,,,,,Y,,A,07,1,0,0,0,0,0,0,0,0,"- ","- ",37.86016845703125,-122.00106811523438,"CONTRA COSTA",UNINCORPORATED,-122.00106048583984,37.860084533691406
91773672,2022,2022-05-17,9320,2022-05-08,0725,019759,,7,1,5,0708,0,1,3,,2,404,"SR-4 W/B","LOVERIDGE AVE.",1150.00,E,N,A,-,Y,CC,,4,,,24.529,H,,L,Y,2,0,1,3,A,-,07,21658,A,N,B,C,A,A,H,-,A,A,0,,,,,Y,,A,01,1,0,0,0,0,0,0,0,0,"- ","- ",38.0111083984375,-121.86337280273438,"CONTRA COSTA",PITTSBURG,-121.86338043212891,38.011081695556641
91773678,2022,2022-05-17,9320,2022-05-08,1221,019759,,7,1,5,0701,0,1,3,,2,404,"SR-4 E/B","HILLCREST AVE.",3300.00,W,N,A,-,Y,CC,,4,,R,28.360,H,,R,Y,2,0,2,2,A,-,03,22350,,N,C,C,A,A,H,-,A,A,0,,,,,Y,,A,07,1,0,1,0,0,0,0,0,0,"- ","- ",37.997848510742188,-121.79582977294922,"CONTRA COSTA",ANTIOCH,-121.79582977294922,37.99786376953125
91783007,2022,2022-05-27,9320,2022-05-16,1700,022804,,1,2,4,0709,0,1,1,,2,683,"I-680 SOUTHBOUND","MONUMENT BLVD.",410.00,N,N,A,-,Y,CC,,680,,R,17.899,H,,L,Y,2,0,1,1,C,-,18,,,N,E,I,A,A,H,-,A,A,0,,,,,Y,,-,"- ",1,0,0,0,0,0,0,0,0,"- ","- ",37.947719573974609,-122.05719757080078,"CONTRA COSTA","PLEASANT HILL",-122.05729675292969,37.947746276855469
91783496,2022,2022-05-27,9370,2022-03-21,2140,022699,,1,2,5,0710,0,1,1,,2,083,"I-80 E/B FROM SAN PABLO DAM ROAD","SAN PABLO DAM ROAD",360.00,E,N,A,-,Y,CC,,80,,,4.431,H,,R,Y,2,0,1,1,A,-,08,22107,,N,F,A,A,A,H,-,D,D,0,,,Y,,Y,,C,02,1,0,0,0,0,0,0,0,1,"- ","- ",37.957351684570312,-122.33017730712891,"CONTRA COSTA",RICHMOND,-122.33038330078125,37.957313537597656
91785667,2022,2022-08-10,9320,2022-05-22,0206,022534,,7,3,3,0792,0,1,3,,2,240,"SR-24 EASTBOUND","ST. STEPHENS ROAD",1910.00,W,N,A,-,Y,CC,,24,,R,3.086,H,,R,Y,2,0,1,2,A,-,03,22350,,N,C,C,A,A,H,-,D,A,0,,,,,Y,,A,01,1,0,0,0,0,0,0,0,0,"- ","- ",37.888031005859375,-122.17661285400391,"CONTRA COSTA",ORINDA,-122.17662048339844,37.888038635253906
91785874,2022,2022-06-01,9320,2022-05-21,2110,022019,,6,2,4,0714,0,1,3,,2,402,"SR-4 E/B TO I-680 S/B","PACHECO BOULEVARD",800.00,E,N,A,-,Y,,,,,,,,,,N,2,0,2,1,A,-,01,23152,A,N,E,I,A,A,H,-,D,D,0,,,,,Y,Y,A,07,1,1,0,0,0,0,0,0,0,"- ","- ",37.993400573730469,-122.07115173339844,"CONTRA COSTA",MARTINEZ,-122.07146453857422,37.993930816650391
91791793,2022,2022-06-09,9320,2022-05-20,2125,021519,,5,2,9,0700,0,2,4,,2,086,"DELTA RD","BYRON HIGHWAY",2150.00,W,N,A,-,N,,,,,,,,,,Y,2,0,2,2,A,-,01,23152,F,N,C,H,A,A,H,-,D,A,0,,,,,Y,,A,01,1,0,1,0,0,0,0,0,0,"- ","- ",37.968799591064453,-121.64849853515625,"CONTRA COSTA",UNINCORPORATED,-121.64842224121094,37.968807220458984
91797461,2022,2022-06-17,9320,2022-06-15,2325,017211,,3,3,9,0700,0,1,1,,2,180,"INTERSTATE 80 E/B","CUMMINGS SKYWAY",410.00,E,N,A,-,Y,CC,,80,,,12.822,H,,R,Y,2,0,2,1,A,-,08,22107,,N,E,I,A,A,H,-,D,D,0,,,,,Y,,A,01,2,0,0,0,0,0,0,0,0,"- ","- ",38.045719146728516,-122.23703002929688,"CONTRA COSTA",UNINCORPORATED,-122.23713684082031,38.045814514160156
9179938,2020,2020-12-04,0701,2020-08-18,2046,5853,303,2,5,5,0701,0,0,0,,0,003,"SOMERSVILLE RD","RT 4",0.00,,Y,A,-,Y,CC,4,4,-,-,26.189,R,4,E,N,2,0,1,2,A,-,12,21453,A,N,D,G,A,A,H,-,C,-,0,,Y,,,Y,,L,04,1,0,0,0,0,0,1,0,0,"- ",EO,,,"CONTRA COSTA",ANTIOCH,-121.837813,38.003337000000002
91799561,2022,2022-06-21,9320,2022-06-11,2220,022568,,6,3,6,0704,0,1,1,,2,683,"I-680 N/B","MONUMENT BLVD",5280.00,N,N,A,-,Y,CC,,680,,R,18.552,H,,L,N,2,0,2,1,A,-,01,23152,A,N,E,I,A,A,H,-,C,A,0,,,,,Y,Y,A,01,2,0,0,0,0,0,0,0,0,"- ","- ",37.956470489501953,-122.05335235595703,"CONTRA COSTA",CONCORD,-122.05322265625,37.956432342529297