CASE_ID,ACCIDENT_YEAR,PROC_DATE,JURIS,COLLISION_DATE,COLLISION_TIME,OFFICER_ID,REPORTING_DISTRICT,DAY_OF_WEEK,CHP_SHIFT,POPULATION,CNTY_CITY_LOC,SPECIAL_COND,BEAT_TYPE,CHP_BEAT_TYPE,CITY_DIVISION_LAPD,CHP_BEAT_CLASS,BEAT_NUMBER,PRIMARY_RD,SECONDARY_RD,DISTANCE,DIRECTION,INTERSECTION,WEATHER_1,WEATHER_2,STATE_HWY_IND,CALTRANS_COUNTY,CALTRANS_DISTRICT,STATE_ROUTE,ROUTE_SUFFIX,POSTMILE_PREFIX,POSTMILE,LOCATION_TYPE,RAMP_INTERSECTION,SIDE_OF_HWY,TOW_AWAY,COLLISION_SEVERITY,NUMBER_KILLED,NUMBER_INJURED,PARTY_COUNT,PRIMARY_COLL_FACTOR,PCF_CODE_OF_VIOL,PCF_VIOL_CATEGORY,PCF_VIOLATION,PCF_VIOL_SUBSECTION,HIT_AND_RUN,TYPE_OF_COLLISION,MVIW,PED_ACTION,ROAD_SURFACE,ROAD_COND_1,ROAD_COND_2,LIGHTING,CONTROL_DEVICE,CHP_ROAD_TYPE,PEDESTRIAN_ACCIDENT,BICYCLE_ACCIDENT,MOTORCYCLE_ACCIDENT,TRUCK_ACCIDENT,NOT_PRIVATE_PROPERTY,ALCOHOL_INVOLVED,STWD_VEHTYPE_AT_FAULT,CHP_VEHTYPE_AT_FAULT,COUNT_SEVERE_INJ,COUNT_VISIBLE_INJ,COUNT_COMPLAINT_PAIN,COUNT_PED_KILLED,COUNT_PED_INJURED,COUNT_BICYCLIST_KILLED,COUNT_BICYCLIST_INJURED,COUNT_MC_KILLED,COUNT_MC_INJURED,PRIMARY_RAMP,SECONDARY_RAMP,LATITUDE,LONGITUDE,COUNTY,CITY,POINT_X,POINT_Y
9179986,2020,2020-11-24,0701,2020-09-03,0738,4265,302,4,5,5,0701,0,0,0,,0,003,"SOMERSVILLE RD","FAIRVIEW DR",0.00,,Y,A,-,N,,,,,,,,,,N,2,0,1,2,A,-,10,21950,A,N,G,B,B,A,H,-,A,A,0,Y,,,,Y,,A,07,1,0,0,0,1,0,0,0,0,"- ","- ",,,"CONTRA COSTA",ANTIOCH,-121.84297943115234,37.998989105224609
91802023,2022,2022-06-23,9320,2022-05-23,1832,020649,,1,2,6,0704,0,1,3,,2,402,"SR-4 EASTBOUND",SR-242,501.00,W,N,A,-,Y,CC,,4,,R,14.290,H,,R,N,2,0,2,4,A,-,03,22350,,N,C,C,E,A,H,-,A,A,0,Y,,,,Y,,A,01,1,0,1,0,1,0,0,0,0,"- ","- ",38.00360107421875,-122.04219055175781,"CONTRA COSTA",CONCORD,-122.04219055175781,38.003597259521484
91803549,2022,2022-06-27,9320,2022-06-16,1050,022784,,4,1,5,0701,0,1,3,,2,404,"SR-4 WB","L ST",3035.00,W,N,A,-,Y,CC,,4,,,26.312,H,,L,N,2,0,1,1,C,-,18,,,N,F,A,A,A,H,-,A,A,0,,,Y,,Y,,-,"- ",1,0,0,0,0,0,0,0,1,"- ","- ",38.002571105957031,-121.83210754394531,"CONTRA COSTA",ANTIOCH,-121.8321533203125,38.002479553222656
91803815,2022,2022-06-27,9320,2022-06-17,1910,022240,,5,2,9,0700,0,1,3,,2,403,"SR-4 E/B","RAILROAD AVE",2200.00,W,N,A,-,Y,,,,,,,,,,Y,2,0,1,2,A,-,04,21703,,N,C,C,A,A,H,-,A,D,0,,,,,Y,,A,01,1,0,0,0,0,0,0,0,0,"- ","- ",38.0289306640625,-121.89730834960938,"CONTRA COSTA",UNINCORPORATED,-121.89668273925781,38.0186767578125
91806076,2022,2022-07-22,9320,2022-03-29,2255,022517,,2,3,5,0708,0,1,3,,2,404,"SR-4 EB","LOVERIDGE ROAD OVER CROSSING",12.00,W,N,A,-,Y,,,,,,,,,,N,1,1,0,2,A,-,00,21960,A,F,G,B,E,A,H,-,D,A,0,Y,,,,Y,,N,60,0,0,0,1,0,0,0,0,0,"- ","- ",38.011878967285156,-121.68784332275391,"CONTRA COSTA",PITTSBURG,-121.86779022216797,38.011791229248047
91813690,2022,2022-07-11,9370,2022-06-07,0745,022848,,2,1,5,0710,0,1,1,,2,058,"I-580 W/B","MARINA BAY PARKWAY",1050.00,W,N,A,-,Y,CC,,580,,R,3.098,H,,L,Y,2,0,2,3,A,-,03,22350,,N,C,C,A,A,H,-,A,D,0,,,,,Y,,D,22,1,0,1,0,0,0,0,0,0,"- ","- ",37.921840667724609,-122.35140991210938,"CONTRA COSTA",RICHMOND,-122.35140228271484,37.921676635742188
91815040,2022,2022-07-12,9370,2022-06-18,0325,022611,,6,3,3,0705,0,1,1,,2,082,"I-80 E/B","CUTTING BLVD",280.00,W,N,A,-,Y,CC,,80,,,1.983,H,,R,N,2,0,1,1,A,-,01,23152,G,N,E,I,A,A,H,-,D,D,0,,,,,Y,Y,A,07,1,0,0,0,0,0,0,0,0,"- ","- ",37.924728393554688,-122.31984710693359,"CONTRA COSTA","EL CERRITO",-122.32011413574219,37.924629211425781
91817072,2022,2022-07-14,9390,2022-07-01,1900,020657,,5,2,4,0791,0,1,1,,2,068,"I-680 SOUTHBOUND","CROW CANYON ROAD",390.00,S,N,A,-,Y,CC,,680,,R,4.100,H,,L,N,2,0,1,2,A,-,03,22350,,N,C,C,A,A,H,-,A,A,0,,,,,Y,,A,01,1,0,0,0,0,0,0,0,0,"- ","- ",37.7760009765625,-121.97471618652344,"CONTRA COSTA","SAN RAMON",-121.97479248046875,37.775978088378906
91819328,2022,2022-07-18,9320,2022-07-05,1300,022784,,2,1,4,0714,0,1,1,,2,684,"I-680 N/B","WATERFRONT ROAD",3570.00,N,N,A,-,Y,CC,,680,,R,25.057,H,,R,N,2,0,1,2,A,-,03,22350,,N,C,C,A,A,H,-,A,D,0,,,,Y,Y,,F,55,1,0,0,0,0,0,0,0,0,"- ","- ",38.033409118652344,-122.11663055419922,"CONTRA COSTA",MARTINEZ,-122.11669158935547,38.033409118652344
91821482,2022,2022-07-20,9320,2022-07-05,1823,022743,,2,2,9,0700,0,3,5,,2,010,"PINOLE VALLEY ROAD","MARLIN CT",1000.00,E,N,A,-,N,,,,,,,,,,N,2,0,1,2,A,-,08,22107,,N,G,B,E,A,H,-,A,A,0,Y,,,,Y,,A,01,1,0,0,0,1,0,0,0,0,"- ","- ",37.976829528808594,-122.25502014160156,"CONTRA COSTA",UNINCORPORATED,-122.25759887695312,37.977630615234375
91824927,2022,2022-07-26,9320,2022-07-16,1530,022743,,6,2,9,0700,0,1,3,,2,401,"SR-4 EASTBOUND","FRANKLIN CANYON ROAD",70.00,E,N,A,-,Y,CC,,4,,R,2.363,H,,R,N,2,0,1,2,A,-,09,21804,A,M,C,C,A,A,H,-,A,A,0,,,Y,,Y,,A,07,1,0,0,0,0,0,0,0,1,"- ","- ",38.009799957275391,-122.22817230224609,"CONTRA COSTA",UNINCORPORATED,-122.22816467285156,38.009807586669922
91826572,2022,2022-07-28,9320,2022-07-24,1245,022804,,7,1,9,0700,0,2,4,,2,076,"LEON DR","MORGAN TERRITORY RD.",530.00,N,N,A,-,N,,,,,,,,,,N,2,0,1,1,A,-,08,22107,,N,E,I,A,A,H,-,A,A,0,,,,,Y,,D,22,1,0,0,0,0,0,0,0,0,"- ","- ",37.877559661865234,-121.85981750488281,"CONTRA COSTA",UNINCORPORATED,-121.85980987548828,37.87750244140625
91830442,2021,2022-08-01,9370,2021-09-04,0540,022430,,6,3,9,0700,0,3,5,,2,010,"RICHMOND PARKWAY SOUTHBOUND","PITTSBURG AVENUE",1861.00,S,N,B,-,N,,,,,,,,,,N,1,1,0,2,A,-,11,21954,A,F,G,B,E,A,H,-,C,D,0,Y,,,,Y,,N,60,0,0,0,1,0,0,0,0,0,"- ","- ",37.958011627197266,-122.37373352050781,"CONTRA COSTA",UNINCORPORATED,-122.37369537353516,37.958057403564453
91830453,2021,2022-08-01,9370,2021-02-16,0805,021766,,2,1,9,0700,0,3,5,,2,010,"SAN PABLO AVE","KAY RD.",0.00,,Y,B,-,N,,,,,,,,,,Y,1,1,1,3,A,-,01,23152,A,N,A,C,A,A,H,-,A,A,0,,,,,Y,,A,01,1,0,0,0,0,0,0,0,0,"- ","- ",37.991500854492188,-122.33200836181641,"CONTRA COSTA",UNINCORPORATED,-122.33185577392578,37.991645812988281
91834965,2022,2022-08-08,9320,2022-08-01,0538,017219,,1,3,3,0715,0,1,3,,2,241,"SR-24 W/B","OAK HILL RD U/C",300.00,W,N,B,-,Y,CC,,24,,R,6.216,H,,L,Y,2,0,1,2,A,-,03,22350,,N,C,C,A,D,H,-,D,A,0,,,,,Y,,A,07,1,0,0,0,0,0,0,0,0,"- ","- ",37.8939208984375,-122.1224365234375,"CONTRA COSTA",LAFAYETTE,-122.1224365234375,37.8939208984375
91835005,2022,2022-08-08,9320,2022-07-29,0225,021519,,5,3,6,0704,0,1,1,,2,683,"I-680 N/B","WILLOW PASS RD",2675.00,S,N,A,-,Y,CC,,680,,R,18.730,H,,R,N,2,0,1,2,A,-,01,23152,A,N,C,C,A,A,H,-,D,D,0,,,,Y,Y,Y,A,01,1,0,0,0,0,0,0,0,0,"- ","- ",37.959278106689453,-122.05242919921875,"CONTRA COSTA",CONCORD,-122.05249786376953,37.959274291992188
91836096,2022,2022-08-09,9320,2022-08-01,0355,022903,,1,3,6,0704,0,1,3,,2,242,"SR-242 N/B TO SR-4 E/B","PORT CHICAGO HIGHWAY",2940.00,W,N,B,-,Y,CC,,4,,R,14.867,H,,R,Y,2,0,1,2,A,-,01,23152,A,N,C,C,A,A,H,-,C,D,0,,,,,Y,Y,A,01,1,0,0,0,0,0,0,0,0,"- ","- ",38.007228851318359,-122.03279876708984,"CONTRA COSTA",CONCORD,-122.03293609619141,38.007423400878906
91840456,2022,2022-09-15,9320,2022-07-30,1515,022743,,6,2,3,0707,0,1,1,,2,180,"I-80 WEST BOUND","PINOLE VALLEY RD",600.00,W,N,A,-,Y,CC,,80,,,8.399,H,,R,N,2,0,2,2,A,-,08,22107,,N,B,C,A,A,H,-,A,A,0,,,,,Y,,A,01,1,0,1,0,0,0,0,0,0,"- ","- ",37.996189117431641,-122.28781890869141,"CONTRA COSTA",PINOLE,-122.28768157958984,37.996028900146484
91845435,2022,2022-08-22,9320,2022-08-11,0833,020009,,4,1,5,0712,0,1,1,,2,681,"I-680 S/B","RUDGEAR RD",500.00,N,N,A,-,Y,CC,,680,,R,12.672,H,,L,Y,2,0,1,1,A,-,08,22107,,N,E,I,A,A,H,-,A,A,0,,,,,Y,,A,07,1,0,0,0,0,0,0,0,0,"- ","- ",37.879711151123047,-122.04946136474609,"CONTRA COSTA","WALNUT CREEK",-122.04961395263672,37.879646301269531
91848512,2022,2022-08-25,9320,2022-07-26,1323,017906,,2,1,9,0700,0,2,4,,2,032,"ROSE ST","2ND AV",128.00,N,N,A,-,N,,,,,,,,,,N,2,0,1,2,A,-,15,26451,B,N,H,A,A,A,H,-,A,D,0,,,,,Y,,A,01,1,0,0,0,0,0,0,0,0,"- ","- ",38.049568176269531,-122.22377014160156,"CONTRA COSTA",UNINCORPORATED,-122.22364044189453,38.049579620361328
91849103,2022,2022-08-25,9370,2022-07-05,0105,022922,,2,3,5,0710,0,1,1,,2,058,"I-580 E/B","MARINA BAY PKWY O/C",110.00,E,N,A,-,Y,CC,,580,,R,2.853,H,,R,Y,2,0,1,2,A,-,03,22350,,N,C,C,A,A,H,-,D,D,0,,,Y,,Y,,A,01,1,0,0,0,0,0,0,0,1,"- ","- ",37.921741485595703,-122.34694671630859,"CONTRA COSTA",RICHMOND,-122.34694671630859,37.921916961669922
9185264,2020,2020-11-30,0701,2020-08-24,2334,5949,508,1,5,5,0701,0,0,0,,0,005,"ASILOMAR DR","DEER VALLEY RD",25.00,W,N,A,-,N,,,,,,,,,,Y,2,0,1,2,A,-,01,23152,B,N,D,C,A,A,H,-,C,A,0,,,,,Y,Y,A,01,1,0,0,0,0,0,0,0,0,"- ","- ",,,"CONTRA COSTA",ANTIOCH,-121.78418731689453,37.973155975341797
91860804,2022,2022-09-09,9320,2022-01-31,0425,022517,,1,3,9,0700,0,1,1,,2,683,"I-680 N/B","CENTER AVE UNDER CROSSING",328.00,S,N,A,-,Y,CC,,680,,,20.322,H,,R,Y,1,1,0,1,A,-,01,23152,A,N,E,8,A,A,H,-,C,D,0,,,,,Y,Y,A,01,0,0,0,0,0,0,0,0,0,"- ","- ",37.982551574707031,-122.06581878662109,"CONTRA COSTA",UNINCORPORATED,-122.06590270996094,37.982540130615234
91866505,2022,2022-09-16,9320,2022-09-06,1456,019759,,2,2,9,0700,0,2,4,,2,094,"BYRON HIGHWAY","POINT OF TIMBER RD.",1650.00,N,N,A,-,N,,,,,,,,,,Y,2,0,2,2,A,-,06,21750,A,N,D,C,A,A,H,-,A,A,0,,,Y,,Y,,C,02,1,0,1,0,0,0,0,0,1,"- ","- ",37.915580749511719,-121.64122772216797,"CONTRA COSTA",UNINCORPORATED,-121.64122772216797,37.915500640869141
91871391,2022,2022-09-22,9370,2022-06-10,1112,022813,,5,1,5,0710,0,1,1,,2,058,"I-580 E/B","RICHMOND-SAN RAFAEL TOLL PLAZA",609.00,E,N,A,-,Y,CC,,580,,,6.006,H,,R,Y,1,1,2,2,A,-,07,21658,A,N,D,C,A,A,H,-,A,D,0,,,Y,,Y,,C,02,0,0,2,0,0,0,0,1,0,"- ","- ",37.931968688964844,-122.40128326416016,"CONTRA COSTA",RICHMOND,-122.40122985839844,37.932163238525391
91872036,2022,2022-09-23,9370,2022-09-13,1600,022856,,2,2,5,0710,0,1,1,,2,082,"I-80 E/B","CARLSON BOULEVARD",1650.00,W,N,A,-,Y,CC,,80,,,0.732,H,,R,Y,2,0,1,2,A,-,03,22350,,N,C,C,A,A,H,-,A,D,0,,,Y,,Y,,C,02,1,0,0,0,0,0,0,0,1,"- ","- ",37.907279968261719,-122.3150634765625,"CONTRA COSTA",RICHMOND,-122.31510925292969,37.907253265380859
91881392,2022,2022-10-04,9320,2022-09-28,1213,022903,,3,1,9,0700,0,2,4,,1,061,"LIVORNA RD","DANVILLE BLVD",0.00,,Y,A,-,N,,,,,,,,,,N,2,0,1,2,A,-,01,23152,A,N,D,C,A,A,H,-,A,A,0,,,Y,,Y,,A,07,1,0,0,0,0,0,0,0,1,"- ","- ",37.861690521240234,-122.03981781005859,"CONTRA COSTA",UNINCORPORATED,-122.03981781005859,37.861721038818359
91886040,2022,2022-10-10,9320,2022-10-03,2355,022540,,1,3,6,0704,0,1,3,,2,402,"SR-4 WESTBOUND","PERALTA ROAD",1200.00,E,N,A,-,Y,CC,,4,,R,14.221,H,,L,Y,2,0,1,1,A,-,01,23152,G,N,E,8,A,A,H,-,C,A,0,,,,,Y,Y,A,01,1,0,0,0,0,0,0,0,0,"- ","- ",38.003589630126953,-122.04354858398438,"CONTRA COSTA",CONCORD,-122.04351806640625,38.003517150878906
91888895,2022,2022-10-13,9320,2022-10-03,1539,022994,,1,2,5,0708,0,1,3,,2,404,"SR-4 E/B","LOVERIDGE ROAD",1365.00,W,N,A,-,Y,CC,,4,,,23.992,H,,R,Y,2,0,1,1,A,-,01,23152,A,N,F,A,A,A,H,-,A,A,0,,,Y,,Y,Y,C,02,1,0,0,0,0,0,0,0,1,"- ","- ",38.013008117675781,-121.87320709228516,"CONTRA COSTA",PITTSBURG,-121.87322235107422,38.012966156005859
91891459,2022,2022-10-17,9320,2022-10-07,0430,022791,,5,3,4,0790,0,1,1,,2,681,"I-680 S/B","EL CERRO BLVD",1500.00,N,N,A,-,Y,CC,,680,,R,8.475,H,,L,Y,2,0,1,1,A,-,01,23152,A,N,E,I,A,A,H,-,D,A,0,,,,,Y,Y,A,01,1,0,0,0,0,0,0,0,0,"- ","- ",37.832191467285156,-122.00504302978516,"CONTRA COSTA",DANVILLE,-122.0050048828125,37.832225799560547
91896466,2022,2022-10-21,9370,2022-09-21,1535,022989,,3,2,5,0710,0,1,1,,2,082,"I-80 E/B","MACDONALD AVENUE",80.00,W,N,A,-,Y,CC,,80,,,2.603,H,,R,Y,2,0,1,2,A,-,07,21658,A,F,B,C,A,A,H,-,A,D,0,,,Y,,Y,,-,99,1,0,0,0,0,0,0,0,1,"- ","- ",37.932361602783203,-122.32570648193359,"CONTRA COSTA",RICHMOND,-122.32569122314453,37.932369232177734
91906412,2022,2022-11-01,9320,2022-10-21,1600,022517,,5,2,6,0704,0,1,3,,2,242,"SR-242 NB","GRANT STREET UNDER CROSSING",150.00,S,N,A,-,Y,CC,,242,,R,1.969,H,,R,Y,2,0,5,3,A,-,03,22350,,N,C,C,A,A,H,-,A,D,0,,,,,Y,,A,01,1,1,3,0,0,0,0,0,0,"- ","- ",37.985691070556641,-122.04093170166016,"CONTRA COSTA",CONCORD,-122.04091644287109,37.985687255859375
91909250,2022,2022-11-04,9320,2022-08-28,1855,022791,,7,2,9,0700,0,2,4,,2,091,"BIXLER ROAD","ORWOOD ROAD",400.00,S,N,A,-,N,,,,,,,,,,N,2,0,1,1,C,-,18,,,N,H,A,A,A,H,-,A,A,0,,,,,Y,Y,-,"- ",1,0,0,0,0,0,0,0,0,"- ","- ",37.938289642333984,-121.62272644042969,"CONTRA COSTA",UNINCORPORATED,-121.62274932861328,37.938594818115234
91916889,2022,2022-11-14,9320,2022-10-12,1021,022915,,3,1,9,0700,0,3,5,,2,050,"SOUTH GATE ROAD","MT DIABLO SCENIC BLVD",7920.00,N,N,A,-,N,,,,,,,,,,N,2,0,1,2,A,-,05,21651,A,N,A,G,A,A,H,-,A,A,0,,Y,,,Y,,D,22,1,0,0,0,0,0,1,0,0,"- ","- ",37.843601226806641,-121.93415069580078,"CONTRA COSTA",UNINCORPORATED,-121.94996643066406,37.844291687011719
91925360,2022,2022-11-23,9365,2022-11-13,1712,020986,,7,2,9,0700,0,1,1,,2,080,"I-80 W/B TO POMONA ST","POMONA ST",100.00,E,N,A,-,Y,,,,,,,,,,Y,2,0,2,1,A,-,01,23153,A,N,E,I,A,A,H,-,B,D,0,,,,,Y,Y,A,01,2,0,0,0,0,0,0,0,0,"- ","- ",38.055240631103516,-122.23023986816406,"CONTRA COSTA",UNINCORPORATED,-122.22800445556641,38.052703857421875
91927462,2022,2022-11-28,9320,2022-11-08,1800,022896,,2,2,3,0792,0,1,3,,2,240,"SR-24 W/B","CAMINO PABLO",1320.00,W,N,C,-,Y,CC,,24,,R,2.046,H,,L,Y,2,0,2,1,A,-,08,22107,,N,E,I,A,B,H,-,C,A,0,,,,,Y,,A,01,1,1,0,0,0,0,0,0,0,"- ","- ",37.876251220703125,-122.18733215332031,"CONTRA COSTA",ORINDA,-122.18734741210938,37.876255035400391
91931388,2022,2022-12-01,9370,2022-01-03,0245,022611,,1,3,5,0710,0,1,1,,2,083,"I-80 W/B FROM HILLTOP DRIVE","HILLTOP DR",476.00,W,N,A,-,Y,CC,,80,,,5.889,H,,L,N,1,1,0,2,A,-,11,21954,A,N,G,B,E,A,H,-,D,D,0,Y,,,,Y,,N,60,0,0,0,1,0,0,0,0,0,"- ","- ",37.974998474121094,-122.31926727294922,"CONTRA COSTA",RICHMOND,-122.31902313232422,37.974948883056641
91939185,2022,2022-12-12,9370,2022-10-27,0730,022974,,4,1,9,0700,0,3,5,,2,012,"SAN PABLO AVENUE","TARA HILLS DRIVE",18.00,S,N,A,-,N,,,,,,,,,,Y,2,0,1,2,A,-,12,21453,A,N,D,C,A,A,H,-,A,A,0,,,,,Y,,A,01,1,0,0,0,0,0,0,0,0,"- ","- ",37.999759674072266,-122.32257080078125,"CONTRA COSTA",UNINCORPORATED,-122.32257843017578,37.999748229980469
91943492,2022,2022-12-15,9320,2022-12-04,0320,022804,,7,3,3,0715,0,1,3,,2,241,"SR-24 WESTBOUND","FIRST ST.",1056.00,E,N,C,-,Y,CC,,24,,R,6.746,H,,L,Y,2,0,3,1,A,-,03,22350,,N,E,I,A,B,H,-,D,A,0,,,,,Y,,A,01,1,1,1,0,0,0,0,0,0,"- ","- ",37.895679473876953,-122.11276245117188,"CONTRA COSTA",LAFAYETTE,-122.11272430419922,37.895534515380859
91953997,2022,2022-12-28,9320,2022-08-23,0155,022828,,2,3,6,0704,0,1,3,,2,402,"STATE ROUTE 4 EASTBOUND","WILLOW PASS ROAD UNDERCROSSING",2240.00,W,N,B,-,Y,CC,,4,,R,16.398,H,,R,Y,1,1,0,1,A,-,08,22107,,N,E,8,A,A,H,-,D,A,0,,,,,Y,,A,01,0,0,0,0,0,0,0,0,0,"- ","- ",38.012069702148438,-122.00520324707031,"CONTRA COSTA",CONCORD,-122.00524139404297,38.012241363525391
91955217,2022,2022-12-29,9320,2022-12-21,2310,021797,,3,3,9,0700,0,3,5,,2,050,"SUMMIT ROAD","N PEAK TRAIL",50.00,S,N,A,-,N,,,,,,,,,,N,2,0,1,1,A,-,03,22350,,N,E,I,A,A,H,-,D,D,0,,,,,Y,,A,07,1,0,0,0,0,0,0,0,0,"- ","- ",37.879638671875,-121.91400909423828,"CONTRA COSTA",UNINCORPORATED,-121.91415405273438,37.879539489746094
91958255,2022,2023-01-03,9370,2022-11-30,1500,022856,,3,2,9,0700,0,3,5,,2,012,"KILLARNEY DRIVE","TARA HILLS DRIVE",11.00,E,N,A,-,N,,,,,,,,,,N,2,0,1,2,A,-,10,21950,A,N,G,B,B,A,H,-,A,A,0,Y,,,,Y,,A,01,1,0,0,0,1,0,0,0,0,"- ","- ",37.998588562011719,-122.31022644042969,"CONTRA COSTA",UNINCORPORATED,-122.31308746337891,37.997306823730469
91958448,2022,2023-01-03,9320,2022-12-16,0240,021293,,5,3,9,0700,0,2,4,,2,094,CR-J4,"THE SOUTH ROAD EDGE OF HOLEY ROAD",305.00,S,N,B,-,N,,,,,,,,,,Y,2,0,1,1,A,-,08,22107,,N,F,I,A,A,H,-,D,A,0,,,,,Y,,D,22,1,0,0,0,0,0,0,0,0,"- ","- ",37.830520629882812,-121.60629272460938,"CONTRA COSTA",UNINCORPORATED,,
91959867,2022,2023-01-04,9320,2022-12-30,2150,022540,,5,2,3,0715,0,1,3,,2,241,"SR-24 WESTBOUND","PLEASANT HILL ROAD",800.00,E,N,B,C,Y,CC,,24,,R,7.791,H,,L,Y,2,0,1,2,A,-,03,22350,,N,D,2,A,B,H,-,C,A,0,,,,,Y,,A,07,1,0,0,0,0,0,0,0,0,"- ","- ",37.897960662841797,-122.09407806396484,"CONTRA COSTA",LAFAYETTE,-122.09407806396484,37.897968292236328
91963221,2022,2023-01-09,9320,2022-12-03,0235,022495,,6,3,6,0704,0,1,1,,2,683,"I-680 NB","WILLOW PASS RD",3000.00,S,N,B,-,Y,CC,,680,,R,18.662,H,,R,N,2,0,3,1,A,-,01,23152,A,N,E,I,A,A,H,-,C,A,0,,,,,Y,Y,A,01,3,0,0,0,0,0,0,0,0,"- ","- ",37.958278656005859,-122.05232238769531,"CONTRA COSTA",CONCORD,-122.05245208740234,37.958282470703125
91968715,2022,2023-01-16,9370,2022-10-15,0120,022838,,6,3,5,0710,0,1,1,,2,083,"I-80 E/B","SAN PABLO DAM ROAD",2000.00,E,N,A,-,Y,CC,,80,,,4.735,H,,R,N,2,0,1,2,A,-,01,23152,A,N,C,C,A,A,H,-,E,D,0,,,,,Y,Y,A,01,1,0,0,0,0,0,0,0,0,"- ","- ",37.961681365966797,-122.32955169677734,"CONTRA COSTA",RICHMOND,-122.32953643798828,37.961673736572266
91969845,2023,2023-01-17,9320,2023-01-07,1020,022835,,6,1,9,0700,0,3,5,,2,040,"GOLF CLUB RD.","PASO NOGAL RD.",10.00,E,N,B,C,N,,,,,,,,,,N,2,0,1,1,A,-,08,22107,,N,A,I,A,B,H,-,C,A,0,,,,,Y,,A,01,1,0,0,0,0,0,0,0,0,"- ","- ",37.971549987792969,-122.07405853271484,"CONTRA COSTA",UNINCORPORATED,-122.07434844970703,37.9713134765625
91969895,2023,2023-01-17,9320,2023-01-08,"42  ",022540,,7,3,6,0704,0,1,3,,2,402,"SR-4 EASTBOUND","PORT CHICAGO HIGHWAY",1848.00,E,N,B,C,Y,CC,,4," ",R,15.815,H,,R,N,2,0,1,1,A,-,01,23152,A,N,E,I,A,B,H,-,C,A,0,,,,,Y,Y,A,01,1,0,0,0,0,0,0,0,0,"- ","- ",38.010391235351562,-122.01602172851562,"CONTRA COSTA",CONCORD,-122.01606750488281,38.010574340820312
91982030,2023,2023-01-30,9390,2023-01-20,1315,020368,,5,1,9,0700,0,2,4,,2,111,"BLACKHAWK ROAD (3000 BLOCK)","OAK RIDGE LANE",260.00,N,N,A,-,N,,,,,,,,,,N,2,0,1,1,D,-,00,,,N,F,A,A,A,H,-,A,D,0,,Y,,,Y,,-,"- ",1,0,0,0,0,0,1,0,0,"- ","- ",37.822608947753906,-121.92301940917969,"CONTRA COSTA",UNINCORPORATED,-121.92282867431641,37.822586059570312
91995033,2023,2023-02-15,9320,2023-02-05,"945 ",022196,,7,1,4,0714,0,1,3,,2,402,"SR-4 W/B","ALHAMBRA AVE",300.00,E,N,A,-,Y,CC,,4," ",R,8.636,H,,L,Y,2,0,1,1,A,-,08,22107,,N,E,8,A,A,H,-,A,A,0,,,,,Y,,A,01,1,0,0,0,0,0,0,0,0,"- ","- ",37.991039276123047,-122.12889862060547,"CONTRA COSTA",MARTINEZ,-122.12887573242188,37.990962982177734
91995167,2023,2023-02-15,9320,2023-01-18,"820 ",017906,,3,1,5,0701,0,1,3,,2,404,"SR-4 E/B TO SOMERSVILLE RD","SOMERSVILLE RD",634.00,W,N,A,-,Y,CC,,4," "," ",25.843,H,,R,N,2,0,2,2,A,-,03,22350,,F,C,C,A,A,H,-,A,A,0,,,,,Y,,A,01,1,0,1,0,0,0,0,0,0,"- ","- ",38.004360198974609,-121.84031677246094,"CONTRA COSTA",ANTIOCH,-121.84024047851562,38.004547119140625
91996956,2023,2023-02-17,9370,2023-01-25,"825 ",022430,,3,1,3,0707,0,1,1,,2,083,"INTERSTATE 80 WESTBOUND","RICHMOND PARKWAY",1220.00,E,N,A,-,Y,CC,,80," "," ",6.949,H,,L,N,2,0,1,2,A,-,07,21658,A,N,B,C,A,A,H,-,A,D,0,,,Y,,Y,,D,22,1,0,0,0,0,0,0,0,1,"- ","- ",37.989269256591797,-122.31256103515625,"CONTRA COSTA",PINOLE,-122.31257629394531,37.989284515380859
91997109,2023,2023-02-17,9320,2023-01-13,"645 ",018086,,5,1,9,0700,0,2,4,,2,031,"PARKER AVENUE","SIXTH STREEET",0.00,,Y,B,C,N,,,,,,,,,,N,2,0,1,2,A,-,10,21950,A,F,G,B,B,B,H,-,C,A,0,Y,,,,Y,,A,07,1,0,0,0,1,0,0,0,0,"- ","- ",38.029731750488281,-122.26638793945312,"CONTRA COSTA",UNINCORPORATED,-122.26633453369141,38.029651641845703