CASE_ID,ACCIDENT_YEAR,PROC_DATE,JURIS,COLLISION_DATE,COLLISION_TIME,OFFICER_ID,REPORTING_DISTRICT,DAY_OF_WEEK,CHP_SHIFT,POPULATION,CNTY_CITY_LOC,SPECIAL_COND,BEAT_TYPE,CHP_BEAT_TYPE,CITY_DIVISION_LAPD,CHP_BEAT_CLASS,BEAT_NUMBER,PRIMARY_RD,SECONDARY_RD,DISTANCE,DIRECTION,INTERSECTION,WEATHER_1,WEATHER_2,STATE_HWY_IND,CALTRANS_COUNTY,CALTRANS_DISTRICT,STATE_ROUTE,ROUTE_SUFFIX,POSTMILE_PREFIX,POSTMILE,LOCATION_TYPE,RAMP_INTERSECTION,SIDE_OF_HWY,TOW_AWAY,COLLISION_SEVERITY,NUMBER_KILLED,NUMBER_INJURED,PARTY_COUNT,PRIMARY_COLL_FACTOR,PCF_CODE_OF_VIOL,PCF_VIOL_CATEGORY,PCF_VIOLATION,PCF_VIOL_SUBSECTION,HIT_AND_RUN,TYPE_OF_COLLISION,MVIW,PED_ACTION,ROAD_SURFACE,ROAD_COND_1,ROAD_COND_2,LIGHTING,CONTROL_DEVICE,CHP_ROAD_TYPE,PEDESTRIAN_ACCIDENT,BICYCLE_ACCIDENT,MOTORCYCLE_ACCIDENT,TRUCK_ACCIDENT,NOT_PRIVATE_PROPERTY,ALCOHOL_INVOLVED,STWD_VEHTYPE_AT_FAULT,CHP_VEHTYPE_AT_FAULT,COUNT_SEVERE_INJ,COUNT_VISIBLE_INJ,COUNT_COMPLAINT_PAIN,COUNT_PED_KILLED,COUNT_PED_INJURED,COUNT_BICYCLIST_KILLED,COUNT_BICYCLIST_INJURED,COUNT_MC_KILLED,COUNT_MC_INJURED,PRIMARY_RAMP,SECONDARY_RAMP,LATITUDE,LONGITUDE,COUNTY,CITY,POINT_X,POINT_Y
92000062,2022,2023-02-22,9320,2022-11-24,1645,022887,,4,2,9,0700,0,3,5,,2,090,"ORWOOD ROAD","FALLMAN ROAD",1000.00,E,N,A,-,N,,,,,,,,,,Y,2,0,3,1,A,-,08,22107,,N,E,I,A,A,H,-,B,A,0,,,,,Y,,D,22,1,2,0,0,0,0,0,0,0,"- ","- ",37.939098358154297,-121.60524749755859,"CONTRA COSTA",UNINCORPORATED,-121.60501861572266,37.939048767089844
92010129,2023,2023-03-06,9320,2023-01-14,1101,023003,,6,1,9,0700,0,1,3,,2,401,"SR-4 WB","MC EWEN RD",450.00,W,N,B,C,Y,CC,,4," ",R,5.102,H,,L,Y,2,0,1,2,A,-,03,22350,,N,B,2,A,B,H,-,A,A,0,,,,,Y,,A,01,1,0,0,0,0,0,0,0,0,"- ","- ",38.015579223632812,-122.17899322509766,"CONTRA COSTA",UNINCORPORATED,-122.17899322509766,38.01556396484375
92010156,2023,2023-03-06,9320,2023-02-23,"600 ",018086,,4,1,9,0700,0,1,1,,2,180,"I-80 EASTBOUND","CUMMING SKYWAY",1500.00,W,N,B,-,Y,CC,,80," "," ",12.499,H,,R,N,2,0,2,2,A,-,03,22350,,N,C,C,A,A,H,-,D,D,0,,,,,Y,,A,07,1,1,0,0,0,0,0,0,0,"- ","- ",38.042709350585938,-122.2415771484375,"CONTRA COSTA",UNINCORPORATED,-122.2415771484375,38.042709350585938
92010684,2023,2023-03-16,9320,2023-02-25,1920,023057,,6,2,3,0792,0,1,3,,2,240,"SR-24 WB","ST. STEPHENS",55.00,W,N,A,-,Y,CC,,24," ",R,3.470,H,,L,Y,2,0,2,2,A,-,01,23152,A,N,C,C,A,A,H,-,C,A,0,,,,,Y,Y,A,07,1,0,1,0,0,0,0,0,0,"- ","- ",37.891731262207031,-122.17156219482422,"CONTRA COSTA",ORINDA,-122.17153930664062,37.891700744628906
92011421,2023,2023-03-07,9320,2023-02-26,"639 ",022505,,7,1,5,0708,0,1,3,,2,404,"SR-4 E/B","RAILROAD AVE",446.00,E,N,A,-,Y,CC,,4," "," ",23.148,H,,R,Y,2,0,1,1,A,-,08,22107,,N,E,I,A,A,H,-,A,A,0,,,,,Y,,A,01,1,0,0,0,0,0,0,0,0,"- ","- ",38.016311645507812,-121.88789367675781,"CONTRA COSTA",PITTSBURG,-121.88785552978516,38.016395568847656
92013647,2023,2023-03-09,9320,2023-02-28,"950 ",017530,,2,1,9,0700,0,1,3,,1,406,SR4,"FAIRVIEW AVE",528.00,E,N,B,C,Y,CC,,4," ",R,37.170,H,,R,Y,2,0,3,2,A,-,08,22107,,N,E,I,A,B,H,-,A,A,0,,,,,Y,,A,01,1,1,1,0,0,0,0,0,0,"- ","- ",37.905418395996094,-121.72286224365234,"CONTRA COSTA",UNINCORPORATED,-121.72291564941406,37.905368804931641
92014974,2023,2023-06-15,9320,2023-01-20,"940 ",020957,,5,1,9,0700,0,2,4,,2,095,"MARSH CREEK ROAD","HOFFMAN LANE",0.00,,Y,A,-,Y,CC,,4," ",R,40.356,H,,R,Y,1,1,0,2,A,-,09,21802,A,N,D,C,A,A,H,-,A,A,0,,,,Y,Y,,A,01,0,0,0,0,0,0,0,0,0,"- ","- ",37.896518707275391,-121.67073822021484,"CONTRA COSTA",UNINCORPORATED,-121.67073822021484,37.896511077880859
92015997,2023,2023-03-13,9320,2023-03-04,1255,022767,,6,1,9,0700,0,2,4,,2,071,"WILLOW PASS RD","SR-4 W/B OFF-RAMP TO WILLOW PASS RD",0.00,,Y,A,-,N,,,,,,,,,,Y,2,0,4,2,A,-,12,21453,A,N,D,C,A,B,H,-,A,A,0,,,,,Y,,A,07,2,0,2,0,0,0,0,0,0,"- ","- ",38.024559020996094,-121.96404266357422,"CONTRA COSTA",UNINCORPORATED,-122.05712127685547,37.9654541015625
92016341,2023,2023-03-13,9320,2023-03-13,"555 ",016563,,1,3,3,0792,0,1,3,,2,240,"SR-24 W/B","WILDER ROAD",200.00,W,N,B,-,Y,CC,,24," "," ",1.153,H,,L,Y,2,0,1,1,A,-,03,22350,,N,E,I,A,B,H,-,C,A,0,,,,,Y,,D,22,1,0,0,0,0,0,0,0,0,"- ","- ",37.8673095703125,-122.19905853271484,"CONTRA COSTA",ORINDA,-122.19905853271484,37.867424011230469
92017172,2023,2023-03-14,9370,2023-02-05,"955 ",022863,,7,1,5,0710,0,1,1,,2,083,"I-80 W/B TO HILLTOP DRIVE","HILLTOP DRIVE",275.00,E,N,A,-,Y,,,,,,,,,,N,2,0,1,1,A,-,03,22350,,N,E,I,A,B,H,-,A,D,0,,,,,Y,,A,01,1,0,0,0,0,0,0,0,0,"- ","- ",37.977348327636719,-122.31936645507812,"CONTRA COSTA",RICHMOND,-122.31936645507812,37.977348327636719
92017194,2023,2023-03-14,9370,2023-03-07,1330,022856,,2,1,5,0710,0,1,1,,2,082,"I-80 W/B TO CARLSON BOULEVARD","CARLSON BLVD",610.00,E,N,A,-,Y,CC,,80," "," ",1.156,H,,L,N,2,0,1,1,A,-,08,22107,,N,E,C,A,A,H,-,A,D,0,,,,,Y,,A,01,1,0,0,0,0,0,0,0,0,"- ","- ",37.913021087646484,-122.3177490234375,"CONTRA COSTA",RICHMOND,-122.31752014160156,37.913021087646484
92019197,2022,2023-08-22,9390,2022-11-12,0301,022303,,6,3,4,0791,0,1,1,,2,068,"I-680 SOUTHBOUND","PINE VALLEY ROAD",1426.00,S,N,A,-,Y,CC,,680,,R,0.828,H,,L,Y,1,1,1,2,A,-,03,22350,,N,D,C,A,A,H,-,D,D,0,,,,,Y,,A,01,1,0,0,0,0,0,0,0,0,"- ","- ",37.733600616455078,-121.94805908203125,"CONTRA COSTA","SAN RAMON",-121.94815063476562,37.733554840087891
92021220,2022,2023-03-17,9320,2022-12-13,1102,021499,,2,1,5,0708,0,1,3,,2,403,"SR-4 E/B","RAILROAD AVE",2060.00,W,N,A,-,Y,CC,,4,,,22.646,H,,R,Y,1,1,4,4,A,-,01,23152,F,F,A,C,A,A,H,-,A,A,0,,,,,Y,,A,07,1,0,3,0,0,0,0,0,0,"- ","- ",38.018600463867188,-121.89655303955078,"CONTRA COSTA",PITTSBURG,-121.89653015136719,38.018634796142578
92025561,2023,2023-03-22,9320,2023-03-10,1645,022828,,5,2,3,0706,0,1,1,,2,180,"I-80 WESTBOUND","STATE ROUTE 4",970.00,E,N,A,-,Y,CC,,80," "," ",10.259,H,,L,Y,2,0,1,1,A,-,08,22107,,N,E,I,A,A,H,-,A,A,0,,,,,Y,,A,01,1,0,0,0,0,0,0,0,0,"- ","- ",38.017391204833984,-122.26744842529297,"CONTRA COSTA",HERCULES,-122.26736450195312,38.017341613769531
9203160,2020,2021-01-05,0701,2020-09-16,2322,6131,504,3,5,5,0701,0,0,0,,0,005,"LONE TREE WY","EAGLERIDGE DR",704.00,N,N,A,-,N,,,,,,,,,,Y,2,0,3,1,A,-,03,22350,,N,A,I,A,A,H,-,C,D,0,,,,,Y,,A,01,3,0,0,0,0,0,0,0,0,"- ","- ",,,"CONTRA COSTA",ANTIOCH,-121.79811859130859,37.972873687744141
92042910,2023,2023-04-12,9320,2023-03-31,"240 ",019759,,5,3,3,0702,0,1,3,,2,405,"SR-4 W/B","OLD SAND CREEK RD.",1400.00,W,N,A,-,Y,CC,,4," ",R,33.757,H,,L,Y,2,0,2,1,A,-,01,23152,A,F,E,8,A,A,H,-,C,A,0,,,,,Y,Y,D,22,2,0,0,0,0,0,0,0,0,"- ","- ",37.950408935546875,-121.74430084228516,"CONTRA COSTA",BRENTWOOD,-121.74437713623047,37.950401306152344
92044978,2023,2023-04-14,9370,2023-03-10,"200 ",022979,,5,3,4,0711,0,1,1,,2,083,"I-80 EB","EL PORTAL DRIVE",300.00,W,N,C,-,Y,CC,,80," "," ",5.104,H,,R,Y,2,0,3,2,A,-,08,22107,,N,D,C,A,B,H,-,D,D,0,,,,,Y,Y,A,01,1,2,0,0,0,0,0,0,0,"- ","- ",37.964939117431641,-122.32453918457031,"CONTRA COSTA","SAN PABLO",-122.32453155517578,37.964927673339844
92047467,2023,2023-05-10,9320,2023-04-09,1320,018086,,7,1,3,0707,0,1,1,,2,180,"I-80 W/B","PINOLE VALLEY RD",3168.00,E,N,A,-,Y,CC,,80," "," ",8.877,H,,L,Y,2,0,3,2,A,-,03,22350,,N,C,C,A,A,H,-,A,D,0,,,,,Y,,A,01,2,1,0,0,0,0,0,0,0,"- ","- ",38.001331329345703,-122.2822265625,"CONTRA COSTA",PINOLE,-122.28223419189453,38.001331329345703
92047910,2023,2023-04-18,9370,2023-01-25,2233,022941,,3,3,5,0710,0,1,1,,2,083,"I-80 W/B","FITZGERALD DRIVE",1500.00,W,N,A,-,Y,CC,,80," "," ",6.328,H,,L,Y,1,1,0,2,A,-,11,21954,A,N,G,B,E,A,H,-,D,D,0,Y,,,,Y,,N,60,0,0,0,1,0,0,0,0,0,"- ","- ",37.981090545654297,-122.31687164306641,"CONTRA COSTA",RICHMOND,-122.31697082519531,37.981109619140625
92048501,2022,2023-04-19,9320,2022-08-15,0043,021519,,1,3,9,0700,0,1,3,,2,403,"SR-4 E/B","WILLOW PASS RD (BAY POINT)",4555.00,W,N,A,-,Y,CC,,4,,R,17.895,H,,R,Y,1,1,1,3,C,-,18,,,N,C,C,E,A,C,-,D,A,0,Y,,,,Y,Y,-,"- ",1,0,0,1,0,0,0,0,0,"- ","- ",38.021358489990234,-121.98114013671875,"CONTRA COSTA",UNINCORPORATED,-121.98116302490234,38.021389007568359
92048552,2022,2023-04-19,9320,2022-09-27,2310,022791,,2,3,6,0704,0,1,3,,2,242,"SR 242 S/B","WILLOW PASS ROAD",4023.70,S,N,A,-,Y,CC,,242,,R,0.033,H,,L,Y,1,1,0,2,A,-,03,22350,,N,C,C,A,A,H,-,D,A,0,,,Y,,Y,,A,07,0,0,0,0,0,0,0,1,0,"- ","- ",37.959278106689453,-122.05238342285156,"CONTRA COSTA",CONCORD,-122.05232238769531,37.959266662597656
92052453,2023,2023-04-25,9320,2023-04-08,2021,022791,,6,2,6,0704,0,1,3,,2,242,"SR-4 WESTBOUND","SR-242 NORTHBOUND TO SR-4 WESTBOUND OVERCROSSING",97.00,S,N,A,-,Y,CC,,242," ",R,3.281,H,,L,Y,2,0,2,3,A,-,08,22107,,N,C,C,E,A,H,-,D,A,0,Y,,,,Y,,A,01,1,0,1,0,1,0,0,0,0,"- ","- ",38.004600524902344,-122.03708648681641,"CONTRA COSTA",CONCORD,-122.03701019287109,38.00457763671875
92059134,2023,2023-05-02,9320,2023-04-16,"20  ",022994,,7,3,9,0700,0,1,1,,2,681,"I-680 S/B","LIVORNA ROAD",1056.00,S,N,A,-,Y,CC,,680," ",R,11.168,H,,L,Y,2,0,1,2,A,-,08,22107,,N,B,C,A,A,H,-,D,A,0,,,,,Y,Y,A,01,1,0,0,0,0,0,0,0,0,"- ","- ",37.861850738525391,-122.03386688232422,"CONTRA COSTA",UNINCORPORATED,-122.03383636474609,37.861873626708984
92063426,2022,2023-05-08,9320,2022-11-20,0200,022540,,7,3,9,0700,0,2,S,,2,080,"SUGAR BARGE ROAD","PIPER ROAD",1584.00,E,N,A,-,N,,,,,,,,,,Y,1,1,0,1,A,-,01,23152,A,N,E,8,A,A,H,-,C,A,0,,,,,Y,Y,D,22,0,0,0,0,0,0,0,0,0,"- ","- ",38.025428771972656,-121.61559295654297,"CONTRA COSTA",UNINCORPORATED,-121.61661529541016,38.025321960449219
92070082,2022,2023-05-16,9320,2022-11-16,0354,022706,,3,3,9,0700,0,1,3,,2,403,"SR-4 WB","BAILEY ROAD",3700.00,W,N,A,-,Y,CC,,4,,R,19.410,H,,L,N,1,1,0,2,A,-,11,21954,A,F,G,B,E,A,H,-,C,A,0,Y,,,,Y,,N,60,0,0,0,1,0,0,0,0,0,"- ","- ",38.020870208740234,-121.95449829101562,"CONTRA COSTA",UNINCORPORATED,-121.95449066162109,38.020896911621094
92070149,2023,2023-05-16,9320,2023-02-01,"415 ",022908,,3,3,4,0714,0,1,3,,2,402,"STATE ROUTE 4 WESTBOUND","CENTER AVENUE",1959.60,E,N,A,-,Y,CC,,4," ",R,9.569,H,,L,Y,1,1,0,2,A,-,03,22350,,N,C,C,A,A,H,-,D,A,0,,,,,Y,,A,07,0,0,0,0,0,0,0,0,0,"- ","- ",37.996639251708984,-122.11372375488281,"CONTRA COSTA",MARTINEZ,-122.11372375488281,37.996627807617188
92070915,2023,2023-05-17,9320,2023-05-08,1748,021792,,1,2,9,0700,0,1,1,,2,180,"WB I-80","CUMMINGS SKYWAY",350.00,E,N,A,-,Y,,,,,,,,,,Y,2,0,1,1,A,-,01,23152,A,N,E,I,A,A,H,-,A,A,0,,,,,Y,Y,A,01,1,0,0,0,0,0,0,0,0,"- ","- ",33.048641204833984,-122.23322296142578,"CONTRA COSTA",UNINCORPORATED,-122.23799133300781,38.045402526855469
92071917,2022,2023-05-18,9320,2022-12-21,2046,021792,,3,2,9,0700,0,2,4,,2,043,"MARSH DRIVE","ARIA DR",148.00,N,N,A,-,N,,,,,,,,,,N,1,1,0,2,A,-,11,21954,A,F,G,B,E,A,H,-,D,A,0,Y,,,,Y,Y,N,60,0,0,0,1,0,0,0,0,0,"- ","- ",37.991939544677734,-122.06307983398438,"CONTRA COSTA",UNINCORPORATED,-122.0631103515625,37.991847991943359
92074033,2023,2023-05-22,9320,2023-01-08,1016,020009,,7,1,3,0792,0,1,3,,2,241,"STATE ROUTE 24 EASTBOUND (SR-24 E/B)","EL NIDO RANCH RD",472.00,W,N,B,-,Y,CC,,24," ",R,4.854,H,,R,N,1,2,0,1,A,-,08,22107,,N,E,I,A,B,H,-,A,A,0,,,,,Y,,A,01,0,0,0,0,0,0,0,0,0,"- ","- ",37.891040802001953,-122.14620971679688,"CONTRA COSTA",ORINDA,-122.14618682861328,37.890869140625
92082118,2023,2023-05-31,9320,2023-04-04,2300,022495,,2,3,9,0700,0,1,3,,2,403,"SR-4 WB","BAILEY ROAD",2068.00,W,N,A,-,Y,CC,,4," ",R,19.728,H,,L,Y,1,1,0,1,A,-,01,23152,A,N,E,8,A,A,H,-,C,A,0,,,,,Y,Y,A,07,0,0,0,0,0,0,0,0,0,"- ","- ",38.019260406494141,-121.94905090332031,"CONTRA COSTA",UNINCORPORATED,-121.94902801513672,38.019325256347656
92082184,2023,2023-05-31,9320,2023-04-22,2300,023028,,6,3,9,0700,0,2,4,,2,071,"WILLOW PASS RD","CLEARLAND DR",0.00,,Y,A,-,N,,,,,,,,,,Y,2,0,2,2,A,-,09,21801,A,F,D,C,A,A,H,-,C,A,0,,,,,Y,,A,01,1,1,0,0,0,0,0,0,0,"- ","- ",38.026718139648438,-121.94622039794922,"CONTRA COSTA",UNINCORPORATED,-121.9461669921875,38.026771545410156
92082633,2023,2023-05-31,9320,2023-05-19,2350,023002,,5,3,9,0700,0,1,1,,2,681,"I-680 S/B","LA GONDA WAY",85.00,S,N,A,-,Y,CC,,680," ",R,9.265,H,,L,N,2,0,2,2,A,-,08,22107,,N,B,C,A,A,H,-,D,A,0,,,,,Y,,A,01,1,1,0,0,0,0,0,0,0,"- ","- ",37.839160919189453,-122.01634979248047,"CONTRA COSTA",UNINCORPORATED,-122.01632690429688,37.839183807373047
92088091,2023,2023-06-07,9320,2023-05-31,1720,022517,,3,2,9,0700,0,2,4,,2,077,"MARSH CREEK ROAD","MORGAN TERRITORY ROAD",2940.00,S,N,A,-,N,,,,,,,,,,Y,2,0,1,1,A,-,08,22107,,N,F,A,A,A,H,-,A,D,0,,,Y,,Y,,C,02,1,0,0,0,0,0,0,0,1,"- ","- ",37.911800384521484,-121.881591796875,"CONTRA COSTA",UNINCORPORATED,-121.86651611328125,37.900875091552734
92089206,2023,2023-06-08,9320,2023-05-31,2044,019759,,3,2,9,0700,0,2,4,,2,094,"BYRON HIGHWAY","ORWOOD RD.",0.00,,Y,A,-,N,,,,,,,,,,Y,2,0,4,2,A,-,09,21802,A,N,D,D,A,A,H,-,D,A,0,,,,,Y,,A,01,2,1,1,0,0,0,0,0,0,"- ","- ",37.940090179443359,-121.64102935791016,"CONTRA COSTA",UNINCORPORATED,-121.64106750488281,37.940048217773438
9208928,2021,2021-03-16,0712,2021-01-10,1605,P619,,7,5,5,0712,0,0,0,,0,,"AVENIDA SEVILLA","TERRA GRANADA DR",0.00,,Y,B,-,N,,,,,,,,,,N,2,0,1,2,A,-,10,21950,A,N,G,B,B,A,H,-,A,A,0,Y,,,,Y,,A,01,1,0,0,0,1,0,0,0,0,"- ","- ",,,"CONTRA COSTA","WALNUT CREEK",-122.06294250488281,37.852146148681641
92091272,2023,2023-06-12,9370,2023-05-02,"420 ",022981,,2,3,5,0710,0,1,1,,2,083,"I-80 W/B","HILLTOP DRIVE",970.00,W,N,C,-,Y,CC,,80," "," ",5.785,H,,L,N,2,0,2,6,A,-,03,22350,,M,C,C,A,B,H,-,D,D,0,,,,Y,Y,,A,01,1,0,1,0,0,0,0,0,0,"- ","- ",37.973468780517578,-122.31941986083984,"CONTRA COSTA",RICHMOND,-122.31951141357422,37.973487854003906
92091903,2023,2023-06-12,9370,2023-04-22,"355 ",022989,,6,3,3,0707,0,1,1,,2,083,"I-80 WESTBOUND","APPIAN WAY",2100.00,W,N,A,-,Y,CC,,80," "," ",7.198,H,,L,N,2,0,6,3,A,-,08,22107,,N,E,I,A,A,H,-,C,D,0,,,,,Y,,A,01,3,3,0,0,0,0,0,0,0,"- ","- ",37.991680145263672,-122.30908203125,"CONTRA COSTA",PINOLE,-122.30899047851562,37.991569519042969
92092291,2023,2023-06-13,9320,2023-05-26,2150,022887,,5,2,9,0700,0,2,4,,2,086,"KNIGHTSEN AVE","DELTA RD",1390.00,S,N,A,-,N,,,,,,,,,,Y,2,0,1,1,A,-,01,23152,A,N,E,I,A,A,H,-,D,A,0,,,,,Y,Y,A,07,1,0,0,0,0,0,0,0,0,"- ","- ",37.965061187744141,-121.65926361083984,"CONTRA COSTA",UNINCORPORATED,-121.66068267822266,37.966251373291016
92094455,2023,2023-06-15,9370,2023-05-31,"615 ",022430,,3,1,5,0710,0,1,1,,2,082,"INTERSTATE 80 WESTBOUND","SAN PABLO AVENUE",325.00,W,N,B,-,Y,CC,,80," "," ",2.922,H,,L,N,2,0,1,3,A,-,07,21658,A,F,B,C,A,A,H,-,A,A,0,,,Y,,Y,,-,99,1,0,0,0,0,0,0,0,1,"- ","- ",37.936790466308594,-122.32650756835938,"CONTRA COSTA",RICHMOND,-122.32649993896484,37.936786651611328
92095695,2023,2023-06-16,9320,2023-06-08,"620 ",016094,,4,1,9,0700,0,1,3,,2,404,"SR-4 W/B","CENTURY BLVD",760.00,W,N,A,-,Y,CC,,4," "," ",24.865,H,,L,Y,2,0,3,2,A,-,03,22350,,N,C,C,A,A,H,-,A,D,0,,,,,Y,,A,01,1,2,0,0,0,0,0,0,0,"- ","- ",38.009559631347656,-121.85752868652344,"CONTRA COSTA",UNINCORPORATED,-121.85752105712891,38.009574890136719
92095922,2023,2023-06-16,9320,2023-04-02,"530 ",021472,,7,3,9,0700,0,2,4,,2,046,"ALDERWOOD ROAD","TREAT BLVD",2.00,N,N,B,-,N,,,,,,,,,,Y,1,1,1,3,A,-,08,22107,,N,G,1,E,B,H,-,C,A,0,Y,,,,Y,,A,01,1,0,0,1,0,0,0,0,0,"- ","- ",37.92633056640625,-122.04988098144531,"CONTRA COSTA",UNINCORPORATED,-122.04986572265625,37.926273345947266
92097596,2022,2023-06-20,9320,2022-09-28,0519,020984,,3,3,9,0700,0,1,3,,1,406,"STATE ROUTE-4 (MARSH CREEK ROAD)","HOFFMAN LANE",1056.00,E,N,A,-,Y,CC,,4,,R,40.566,H,,R,Y,1,1,1,3,A,-,03,22350,,N,B,C,A,A,H,-,D,A,0,,,,Y,Y,,A,01,1,0,0,0,0,0,0,0,0,"- ","- ",37.896518707275391,-121.66687774658203,"CONTRA COSTA",UNINCORPORATED,-121.66687774658203,37.896495819091797
92102145,2023,2023-06-26,9320,2023-06-18,"105 ",017211,,7,3,3,0706,0,1,1,,2,180,"INTERSTATE 80 W/B","CALIFORNIA STREET",1600.00,W,N,B,-,Y,CC,,80," "," ",11.085,H,,L,Y,2,0,1,2,A,-,03,22350,,N,A,E,A,A,C,-,D,A,0,,,,,Y,,A,07,1,0,0,0,0,0,0,0,0,"- ","- ",38.027141571044922,-122.25823974609375,"CONTRA COSTA",HERCULES,-122.25822448730469,38.027133941650391
9210480,2020,2021-01-19,0704,2020-10-10,2258,0537,,6,5,6,0704,0,0,0,,0,005,"TREAT BL","TURTLE CREEK RD",198.00,N,N,A,-,N,,,,,,,,,,Y,2,0,1,2,A,-,11,21954,A,N,G,B,E,A,H,-,C,D,0,Y,,,,Y,Y,N,60,1,0,0,0,1,0,0,0,0,"- ","- ",37.958728790283203,-121.99649810791016,"CONTRA COSTA",CONCORD,-121.99598693847656,37.959907531738281
92106954,2023,2023-06-30,9320,2023-06-16,1438,022784,,5,2,6,0704,0,1,3,,2,402,"SR-4 EB","PORT CHICAGO HIGHWAY",4400.00,E,N,A,-,Y,CC,,4," ",R,16.281,H,,R,N,2,0,1,2,A,-,03,22350,,N,C,C,A,A,H,-,A,A,0,,,Y,,Y,,C,02,1,0,0,0,0,0,0,0,1,"- ","- ",38.011871337890625,-122.00743865966797,"CONTRA COSTA",CONCORD,-122.0074462890625,38.01190185546875
92108156,2023,2023-07-03,9320,2023-05-26,2045,022896,,5,2,9,0700,0,2,4,,2,093,"BYRON HOT SPRINGS RD","HOLEY RD",1150.00,S,N,A,-,N,,,,,,,,,,Y,2,0,3,1,A,-,08,22107,,F,F,0,A,A,H,-,A,A,0,,,,,Y,,D,22,3,0,0,0,0,0,0,0,0,"- ","- ",37.827739715576172,-121.614013671875,"CONTRA COSTA",UNINCORPORATED,-121.62307739257812,37.831050872802734
92108162,2023,2023-07-03,9320,2023-06-10,2305,023002,,6,3,9,0700,0,3,5,,2,075,"LEVEE ROAD","WHARF DRIVE",50.00,E,N,A,-,N,,,,,,,,,,N,2,0,1,3,A,-,08,22107,,M,C,E,A,A,H,-,D,A,0,,,,,Y,,A,01,1,0,0,0,0,0,0,0,0,"- ","- ",38.040760040283203,-121.97570037841797,"CONTRA COSTA",UNINCORPORATED,-121.97587585449219,38.040775299072266
92109586,2023,2023-07-05,9320,2023-06-17,"315 ",023028,,6,3,9,0700,0,2,4,,2,096,"VASCO RD","CAMINO DIABLO",0.00,,Y,A,-,Y,,,,,,,,,,Y,2,0,3,2,A,-,12,21453,A,N,D,C,A,A,H,-,C,A,0,,,,,Y,,A,01,1,2,0,0,0,0,0,0,0,"- ","- ",37.865180969238281,-121.66767120361328,"CONTRA COSTA",UNINCORPORATED,-121.66764068603516,37.865215301513672
92113683,2023,2023-07-11,9320,2023-06-29,1720,022784,,4,2,3,0715,0,1,3,,2,241,"SR-24 EB","ACALANES RD",2220.00,E,N,A,-,Y,CC,,24," ",R,4.822,H,,R,N,2,0,1,3,A,-,03,22350,,N,C,2,A,A,H,-,A,A,0,,,Y,,Y,,C,02,1,0,0,0,0,0,0,0,1,"- ","- ",37.890880584716797,-122.14678192138672,"CONTRA COSTA",LAFAYETTE,-122.14677429199219,37.890834808349609
9211619,2020,2021-02-25,0701,2020-10-12,0821,4265,2402,1,5,5,0701,0,0,0,,0,004,"JAMES DONLON BL","G ST",700.00,E,N,A,F,N,,,,,,,,,,Y,1,1,0,2,A,-,09,21804,A,N,D,G,A,A,H,-,A,A,0,,Y,,,Y,,L,04,0,0,0,0,0,1,0,0,0,"- ","- ",,,"CONTRA COSTA",ANTIOCH,-121.81182861328125,37.979721069335938
9211628,2020,2022-06-28,0710,2020-12-22,0400,1835,NORTH,2,5,5,0710,0,0,0,,0,008,"GIANT HWY","PHANOR DR",550.00,S,N,A,-,N,,,,,,,,,,Y,1,1,0,2,A,-,03,22350,,N,G,B,E,A,H,-,C,D,0,Y,,,,Y,,A,01,0,0,0,1,0,0,0,0,0,"- ","- ",37.888248443603516,-122.36286926269531,"CONTRA COSTA",RICHMOND,-122.35247039794922,37.986423492431641
92122054,2023,2023-07-20,9320,2023-07-10,1830,021792,,1,2,9,0700,0,1,3,,2,400,"WESTBOUND SR-4","WILLOW AVE",1408.00,E,N,A,-,Y,CC,,4," ",R,1.030,H,,R,N,2,0,1,1,A,-,08,22107,,N,E,I,A,A,H,-,A,D,0,,,,,Y,,A,07,1,0,0,0,0,0,0,0,0,"- ","- ",38.014549255371094,-122.25099945068359,"CONTRA COSTA",UNINCORPORATED,-122.25098419189453,38.014472961425781
92125240,2023,2023-07-25,9390,2023-07-14,1024,016178,,5,1,4,0790,0,1,1,,2,069,"I680 NORTHBOUND","DIABLO ROAD",1940.00,S,N,A,-,Y,CC,,680," ",R,7.191,H,,R,Y,2,0,2,2,A,-,03,22350,,N,C,C,A,A,H,-,A,D,0,,,,,Y,Y,A,01,1,1,0,0,0,0,0,0,0,"- ","- ",37.817550659179688,-121.99326324462891,"CONTRA COSTA",DANVILLE,-121.9931640625,37.817546844482422