CASE_ID,ACCIDENT_YEAR,PROC_DATE,JURIS,COLLISION_DATE,COLLISION_TIME,OFFICER_ID,REPORTING_DISTRICT,DAY_OF_WEEK,CHP_SHIFT,POPULATION,CNTY_CITY_LOC,SPECIAL_COND,BEAT_TYPE,CHP_BEAT_TYPE,CITY_DIVISION_LAPD,CHP_BEAT_CLASS,BEAT_NUMBER,PRIMARY_RD,SECONDARY_RD,DISTANCE,DIRECTION,INTERSECTION,WEATHER_1,WEATHER_2,STATE_HWY_IND,CALTRANS_COUNTY,CALTRANS_DISTRICT,STATE_ROUTE,ROUTE_SUFFIX,POSTMILE_PREFIX,POSTMILE,LOCATION_TYPE,RAMP_INTERSECTION,SIDE_OF_HWY,TOW_AWAY,COLLISION_SEVERITY,NUMBER_KILLED,NUMBER_INJURED,PARTY_COUNT,PRIMARY_COLL_FACTOR,PCF_CODE_OF_VIOL,PCF_VIOL_CATEGORY,PCF_VIOLATION,PCF_VIOL_SUBSECTION,HIT_AND_RUN,TYPE_OF_COLLISION,MVIW,PED_ACTION,ROAD_SURFACE,ROAD_COND_1,ROAD_COND_2,LIGHTING,CONTROL_DEVICE,CHP_ROAD_TYPE,PEDESTRIAN_ACCIDENT,BICYCLE_ACCIDENT,MOTORCYCLE_ACCIDENT,TRUCK_ACCIDENT,NOT_PRIVATE_PROPERTY,ALCOHOL_INVOLVED,STWD_VEHTYPE_AT_FAULT,CHP_VEHTYPE_AT_FAULT,COUNT_SEVERE_INJ,COUNT_VISIBLE_INJ,COUNT_COMPLAINT_PAIN,COUNT_PED_KILLED,COUNT_PED_INJURED,COUNT_BICYCLIST_KILLED,COUNT_BICYCLIST_INJURED,COUNT_MC_KILLED,COUNT_MC_INJURED,PRIMARY_RAMP,SECONDARY_RAMP,LATITUDE,LONGITUDE,COUNTY,CITY,POINT_X,POINT_Y
92125652,2023,2023-07-25,9320,2023-07-07,"250 ",022534,,5,3,9,0700,0,2,4,,2,026,"TAYLOR BOULEVARD","GREENHILLS DRIVE",1150.00,S,N,A,-,N,,,,,,,,,,Y,2,0,1,1,A,-,01,23152,A,N,E,8,A,A,H,-,C,A,0,,,,,Y,Y,A,01,1,0,0,0,0,0,0,0,0,"- ","- ",37.926319122314453,-122.09626770019531,"CONTRA COSTA",UNINCORPORATED,-122.09616088867188,37.92645263671875
92133052,2023,2023-08-01,9370,2023-03-10,"205 ",022979,,5,3,4,0711,0,1,1,,2,082,"I-80 E/B","SAN PABLO DAM ROAD",1200.00,W,N,C,-,Y,CC,,80," "," ",4.159,H,,R,Y,2,0,1,6,A,-,03,22350,,F,C,2,E,B,H,-,C,D,0,Y,,,,Y,,-,"- ",1,0,0,0,1,0,0,0,0,"- ","- ",37.953670501708984,-122.32842254638672,"CONTRA COSTA","SAN PABLO",-122.32844543457031,37.953659057617188
9213863,2021,2021-03-09,0709,2021-01-03,1741,453,2000,7,5,4,0709,0,0,0,,0,002,"ELLINWOOD DR","LONGBROOK WY",80.00,W,N,A,-,N,,,,,,,,,,Y,2,0,1,1,A,-,08,22107,,N,E,I,A,A,H,-,C,A,0,,,,,Y,,A,01,1,0,0,0,0,0,0,0,0,"- ","- ",37.962581634521484,-122.05567169189453,"CONTRA COSTA","PLEASANT HILL",-122.05863189697266,37.958770751953125
92143857,2023,2023-08-15,9320,2023-07-30,2220,022915,,7,3,9,0700,0,2,4,,2,097,"VASCO RD","WALNUT BLVD",0.00,,Y,A,-,N,,,,,,,,,,Y,2,0,3,2,A,-,12,21453,A,N,D,C,A,A,H,-,C,A,0,,,,,Y,,A,01,1,0,2,0,0,0,0,0,0,"- ","- ",37.887531280517578,-121.69650268554688,"CONTRA COSTA",UNINCORPORATED,-121.69647979736328,37.887496948242188
92144999,2023,2023-08-16,9320,2023-07-27,2215,022495,,4,3,9,0700,0,3,5,,2,050,"GRIZZLY PEAK BLVD","GOLF COURSE DR",3367.00,E,N,A,-,N,,,,,,,,,,Y,2,0,2,2,A,-,05,21460,A,N,A,C,A,A,H,-,D,A,0,,,,,Y,,A,07,1,1,0,0,0,0,0,0,0,"- ","- ",37.883529663085938,-122.2393798828125,"CONTRA COSTA",UNINCORPORATED,-122.23918914794922,37.883686065673828
92145085,2023,2023-08-16,9320,2023-08-05,1230,021472,,6,1,9,0700,0,2,4,,1,061,"DANVILLE BLVD","CHRISTOPHER LANE",60.00,N,N,A,-,N,,,,,,,,,,N,2,0,1,2,A,-,08,22107,,N,B,G,A,A,H,-,A,A,0,,Y,,,Y,,L,04,1,0,0,0,0,0,1,0,0,"- ","- ",37.868240356445312,-122.04386901855469,"CONTRA COSTA",UNINCORPORATED,-122.04383087158203,37.868282318115234
92155856,2023,2023-08-28,9320,2023-05-10,2240,022887,,3,3,4,0714,0,1,3,,2,402,"STATE ROUTE 4 W/B","CENTER AVENUE",2600.00,E,N,A,-,Y,CC,,4," ",R,9.695,H,,L,Y,1,2,0,2,A,-,01,23152,A,N,B,C,A,A,H,-,D,A,0,,,,,Y,Y,A,01,0,0,0,0,0,0,0,0,0,"- ","- ",37.996219635009766,-122.1114501953125,"CONTRA COSTA",MARTINEZ,-122.11146545410156,37.996181488037109
92160701,2023,2023-09-01,9350,2023-08-24,1830,022468,,4,2,5,0710,0,1,1,,2,115,"I-580 W/B","WESTERN AVE",1267.00,E,N,A,-,Y,CC,,580," "," ",6.130,H,,R,Y,2,0,1,1,A,-,03,22350,,N,E,I,A,A,H,-,A,D,0,,,,,Y,,A,01,1,0,0,0,0,0,0,0,0,"- ","- ",37.932498931884766,-122.40341949462891,"CONTRA COSTA",RICHMOND,-122.40341949462891,37.9324951171875
92175825,2023,2023-09-21,9320,2023-09-13,"715 ",018086,,3,1,3,0707,0,1,1,,2,180,"I-80 W/B","PINOLE VALLEY RD",1170.00,E,N,A,-,Y,CC,,80," "," ",8.749,H,,L,N,2,0,1,3,A,-,03,22350,,N,B,C,A,A,H,-,A,A,0,,,Y,,Y,,C,02,1,0,0,0,0,0,0,0,1,"- ","- ",37.999820709228516,-122.28360748291016,"CONTRA COSTA",PINOLE,-122.28362274169922,37.999828338623047
92179503,2023,2023-09-26,9320,2023-09-13,1050,022486,,3,1,9,0700,0,2,4,,2,096,"VASCO ROAD","CAMINO DIABLO",25133.00,S,N,A,-,N,,,,,,,,,,N,2,0,1,2,A,-,03,22350,,N,C,C,A,A,H,-,A,D,0,,,,Y,Y,,A,07,1,0,0,0,0,0,0,0,0,"- ","- ",37.797008514404297,-121.68228149414062,"CONTRA COSTA",UNINCORPORATED,-121.66764068603516,37.865211486816406
92179925,2023,2023-10-05,9320,2023-09-09,"810 ",018628,,6,1,9,0700,0,2,4,,2,083,"GATEWAY RD","WINDSWEEP RD",1020.00,W,N,A,-,N,,,,,,,,,,N,2,0,1,1,A,-,08,22107,,N,E,I,A,A,H,-,A,A,0,,,,,Y,,A,01,1,0,0,0,0,0,0,0,0,"- ","- ",38.019428253173828,-121.62673950195312,"CONTRA COSTA",UNINCORPORATED,-121.62677764892578,38.019451141357422
9218075,2020,2021-03-03,0701,2020-09-18,1817,5936,101,5,5,5,0701,0,0,0,,0,001,"W 10TH ST","W 10TH ST 1800",0.00,,-,A,-,N,,,,,,,,,,Y,2,0,1,2,A,-,11,21950,B,N,G,B,B,A,H,-,A,A,0,Y,,,,Y,,N,60,1,0,0,0,1,0,0,0,0,"- ","- ",,,"CONTRA COSTA",ANTIOCH,,
9218337,2020,2021-02-10,0701,2020-12-01,0753,5319,505,2,5,5,0701,0,0,0,,0,005,"LONE TREE WY","JAMES DONLON BL",0.00,,Y,A,-,N,,,,,,,,,,Y,2,0,1,2,A,-,12,21453,A,F,D,C,A,A,H,-,A,A,0,,,,,Y,Y,A,01,1,0,0,0,0,0,0,0,0,"- ","- ",,,"CONTRA COSTA",ANTIOCH,-121.80561065673828,37.981060028076172
9218375,2021,2021-03-16,0711,2021-01-15,1753,1402,BAY,5,5,4,0711,0,0,0,,0,003,"23RD ST","BUSH AV",6.00,N,N,A,-,N,,,,,,,,,,N,2,0,1,2,A,-,10,21950,A,F,G,B,B,A,H,-,B,D,0,Y,,,,Y,,A,01,1,0,0,0,1,0,0,0,0,"- ","- ",37.95587158203125,-122.34728240966797,"CONTRA COSTA","SAN PABLO",-122.34734344482422,37.955764770507812
92185484,2023,2023-10-02,9320,2023-09-13,2238,022887,,3,3,5,0701,0,1,3,,2,404,"WB SR-4","HILLCREST AVE",1742.00,E,N,A,-,Y,CC,,4," ",R,29.267,H,,R,Y,2,0,1,1,A,-,01,23152,A,N,E,I,A,A,H,-,C,A,0,,,,,Y,Y,A,01,1,0,0,0,0,0,0,0,0,"- ","- ",37.995330810546875,-121.77938079833984,"CONTRA COSTA",ANTIOCH,-121.77944946289062,37.995098114013672
92187957,2023,2023-10-02,9320,2023-07-10,"637 ",018628,,1,1,9,0700,0,2,4,,2,097,"VASCO ROAD","WALNUT BOULEVARD",3696.00,S,N,A,-,N,,,,,,,,,,Y,1,2,1,3,A,-,03,22350,,N,C,C,A,A,H,-,A,A,0,,,,,Y,,A,01,0,1,0,0,0,0,0,0,0,"- ","- ",37.880989074707031,-121.68688201904297,"CONTRA COSTA",UNINCORPORATED,-121.69647979736328,37.887500762939453
9219582,2020,2021-02-19,0709,2020-12-18,1908,428,104,5,5,4,0709,0,0,0,,0,002,"TAYLOR BL","APOLLO RD",0.00,,Y,A,-,N,,,,,,,,,,Y,2,0,6,2,D,-,00,,,N,D,C,A,A,H,-,C,A,0,,,,,Y,,-,"- ",1,3,2,0,0,0,0,0,0,"- ","- ",37.957988739013672,-122.08365631103516,"CONTRA COSTA","PLEASANT HILL",-122.08379364013672,37.958061218261719
9219712,2020,2021-02-10,0711,2020-12-18,2011,S1125,BAY,5,5,4,0711,0,0,0,,0,001,"EL PORTAL DR","MISSION BELL DR",0.00,,Y,A,-,N,,,,,,,,,,N,2,0,1,2,A,-,10,21950,A,F,G,B,B,A,H,-,D,D,0,Y,,,,Y,Y,-,,1,0,0,0,1,0,0,0,0,"- ","- ",37.966949462890625,-122.3436279296875,"CONTRA COSTA","SAN PABLO",-122.34353637695312,37.966861724853516
92198724,2023,2023-10-13,9320,2023-09-12,"935 ",016563,,2,1,9,0700,0,2,4,,2,032,"PAMONA ST","VISTA DEL RIO ST",140.00,W,N,A,-,N,,,,,,,,,,N,2,0,1,1,A,-,03,22350,,N,E,I,A,A,H,-,A,A,0,,,,,Y,,M,94,1,0,0,0,0,0,0,0,0,"- ","- ",38.052810668945312,-122.22779846191406,"CONTRA COSTA",UNINCORPORATED,-122.22817230224609,38.052955627441406
92203900,2023,2023-10-19,9320,2023-09-14,"610 ",018086,,4,1,9,0700,0,2,4,,2,012,"SAN PABLO DAM ROAD E/B","TERRIANN LANE",0.00,,Y,A,-,N,,,,,,,,,,N,1,1,1,2,A,-,09,21804,A,N,D,C,A,A,H,-,D,D,0,,,Y,,Y,,D,22,0,1,0,0,0,0,0,1,0,"- ","- ",37.958560943603516,-122.28069305419922,"CONTRA COSTA",UNINCORPORATED,-122.28063201904297,37.958499908447266
92204602,2023,2023-10-20,9320,2023-10-01,"110 ",022896,,7,3,5,0708,0,1,3,,2,404,"SR-4 EB","LOVERIDGE RD",1750.00,W,N,A,-,Y,CC,,4," "," ",23.947,H,,R,N,2,0,1,1,A,-,01,23152,A,N,E,I,A,A,H,-,C,A,0,,,,,Y,Y,D,22,1,0,0,0,0,0,0,0,0,"- ","- ",38.012939453125,-121.87407684326172,"CONTRA COSTA",PITTSBURG,-121.87401580810547,38.013126373291016
92207990,2023,2023-10-25,9320,2023-10-08,"125 ",022828,,7,3,3,0707,0,1,1,,2,180,"INTERSTATE 80 EASTBOUND","PINOLE VALLEY ROAD",760.00,W,N,A,-,Y,CC,,80," "," ",8.360,H,,R,Y,2,0,1,1,A,-,08,22107,,N,E,8,A,A,H,-,C,A,0,,,,,Y,,A,01,1,0,0,0,0,0,0,0,0,"- ","- ",37.995609283447266,-122.28822326660156,"CONTRA COSTA",PINOLE,-122.28829956054688,37.995723724365234
9221987,2021,2021-03-12,0709,2021-01-30,1457,443,,6,5,4,0709,0,0,0,,0,001,"MONUMENT BL","RT 680",0.00,,Y,A,-,Y,CC,4,680,-,R,18.753,R,4,S,N,2,0,1,2,A,-,17,21461,A,N,D,G,A,A,H,-,A,A,0,,Y,,,Y,,L,04,1,0,0,0,0,0,1,0,0,"- ",SF,37.947620391845703,-122.05145263671875,"CONTRA COSTA","PLEASANT HILL",-122.05284881591797,37.959888458251953
92222877,2023,2023-10-30,9320,2023-05-27,2314,022915,,6,3,5,0708,0,1,3,,2,403,"STATE ROUTE 4 E/B","RAILROAD AVENUE",4800.00,W,N,A,-,Y,CC,,4," "," ",22.057,H,,R,Y,1,1,0,2,A,-,01,23152,A,N,C,C,A,A,H,-,D,A,0,,,Y,,Y,Y,C,02,0,0,0,0,0,0,0,1,0,"- ","- ",38.019859313964844,-121.90705871582031,"CONTRA COSTA",PITTSBURG,-121.90705871582031,38.019905090332031
92223339,2023,2023-10-31,9320,2023-09-21,1806,022784,,4,2,3,0715,0,1,3,,2,241,"SR-24 EB","EL CURTOLA BLVD",60.00,E,N,A,-,Y,CC,,24," ",R,8.292,H,,R,Y,2,0,2,3,C,-,18,,,N,C,D,A,A,H,-,A,A,0,,,,,Y,,-,"- ",1,0,1,0,0,0,0,0,0,"- ","- ",37.897769927978516,-122.08476257324219,"CONTRA COSTA",LAFAYETTE,-122.08475494384766,37.897819519042969
9222378,2020,2021-02-26,0710,2020-12-21,0122,1635,NORTH,1,5,5,0710,0,0,0,,0,007,"SAN PABLO AV","ANDRADE AV",127.00,N,N,A,-,N,,,,,,,,,,N,2,0,1,2,A,-,11,21954,A,F,G,B,E,A,H,-,C,D,0,Y,,,,Y,,N,60,1,0,0,0,1,0,0,0,0,"- ","- ",37.947780609130859,-122.33109283447266,"CONTRA COSTA",RICHMOND,-122.3311767578125,37.948146820068359
92234679,2023,2023-11-13,9320,2023-11-03,1353,022896,,5,1,9,0700,0,1,1,,2,683,"I-680 S/B OFFRAMP TO ARTHUR RD","ARTHUR RD",10.00,N,N,A,-,Y,,,,,,,,,,N,2,0,1,2,A,-,03,22350,,N,B,2,A,A,H,-,A,A,0,,,,,Y,,A,01,1,0,0,0,0,0,0,0,0,"- ","- ",38.010818481445312,-122.08894348144531,"CONTRA COSTA",UNINCORPORATED,-122.08894348144531,38.010818481445312
92236524,2023,2023-11-15,9370,2023-10-27,1520,023275,,5,2,5,0710,0,1,1,,2,082,"I-80 E/B","CUTTING BOULEVARD",1550.00,E,N,A,-,Y,CC,,80," "," ",2.379,H,,R,N,2,0,1,2,B,-,22,,,F,E,I,A,A,H,-,A,D,0,,,Y,,Y,,-,99,1,0,0,0,0,0,0,0,1,"- ","- ",37.929531097412109,-122.32382202148438,"CONTRA COSTA",RICHMOND,-122.32368469238281,37.929592132568359
92241594,2023,2023-11-21,9320,2023-11-01,2035,022525,,3,2,4,0714,0,1,3,,2,402,"SR-4 W/B","MORELLO AVENUE",1584.00,W,N,A,-,Y,CC,,4," ",R,10.026,H,,L,Y,2,0,1,5,A,-,03,22350,,N,A,C,A,A,H,-,D,D,0,,,Y,,Y,,A,01,1,0,0,0,0,0,0,0,0,"- ","- ",37.994041442871094,-122.10601806640625,"CONTRA COSTA",MARTINEZ,-122.10601043701172,37.994056701660156
92242571,2023,2024-03-27,9320,2023-11-12,1955,020957,,7,2,9,0700,0,2,4,,2,086,"SUNSET RD W/B","BYRON HWY",2000.00,W,N,A,-,N,,,,,,,,,,Y,1,1,0,1,A,-,01,23152,A,N,F,8,A,A,H,-,D,D,0,,,,,Y,Y,D,22,0,0,0,0,0,0,0,0,0,"- ","- ",37.954601287841797,-121.64743804931641,"CONTRA COSTA",UNINCORPORATED,-121.64098358154297,37.952228546142578
92244918,2023,2023-11-27,9320,2023-11-18,"640 ",022505,,6,1,9,0700,0,2,4,,2,093,"CAMINO DIABLO ROAD","HOLWAY DRIVE",3901.00,W,N,B,-,N,,,,,,,,,,N,2,0,2,3,A,-,08,22107,,F,B,C,A,B,H,-,B,D,0,,,,,Y,,D,22,1,1,0,0,0,0,0,0,0,"- ","- ",37.867431640625,-121.65521240234375,"CONTRA COSTA",UNINCORPORATED,-121.65511322021484,37.867443084716797
92254414,2023,2023-12-06,9370,2023-02-25,"510 ",022848,,6,3,4,0711,0,1,1,,2,082,"I-80 E/B","SAN PABLO DAM ROAD",340.00,W,N,B,C,Y,CC,,80," "," ",4.304,H,,R,Y,1,1,1,5,C,-,18,,,N,B,C,E,B,H,-,C,D,0,Y,,,,Y,Y,-,"- ",0,0,1,1,0,0,0,0,0,"- ","- ",37.955558776855469,-122.32958984375,"CONTRA COSTA","SAN PABLO",-122.32956695556641,37.955570220947266
92256278,2023,2023-12-07,9320,2023-11-30,1349,020440,,4,1,9,0700,0,2,4,,2,086,"DELTA RD","BYRON HWY",1204.00,E,N,A,-,N,,,,,,,,,,Y,2,0,1,2,A,-,09,21804,A,N,D,C,A,A,H,-,A,D,0,,,Y,,Y,,A,08,1,0,0,0,0,0,0,0,1,"- ","- ",37.968818664550781,-121.63670349121094,"CONTRA COSTA",UNINCORPORATED,-121.63677978515625,37.96881103515625
92257329,2023,2023-12-08,9320,2023-07-15,2302,022886,,6,3,9,0700,0,2,4,,2,094,"COUNTY ROAD J-4 (BYRON HIGHWAY)","CLIFTON COURT ROAD",1312.00,S,N,A,-,N,,,,,,,,,,Y,1,1,1,1,A,-,01,23152,A,N,E,8,A,A,H,-,D,A,0,,,,,Y,Y,A,07,0,1,0,0,0,0,0,0,0,"- ","- ",37.8349609375,-121.60923004150391,"CONTRA COSTA",UNINCORPORATED,-121.59479522705078,37.822372436523438
92259622,2023,2023-12-12,9320,2023-11-30,"810 ",018086,,4,1,9,0700,0,2,4,,2,011,"APPIAN WAY N/B","SUNHILL CIRCLE",106.00,N,N,A,-,N,,,,,,,,,,N,2,0,2,2,A,-,03,22350,,N,C,C,A,A,H,-,A,D,0,,,,,Y,,D,22,1,1,0,0,0,0,0,0,0,"- ","- ",37.975559234619141,-122.29824066162109,"CONTRA COSTA",UNINCORPORATED,-122.29837036132812,37.975589752197266
92261245,2023,2023-12-13,9320,2023-08-11,"155 ",023003,,5,3,4,0709,0,1,1,,2,683,"I-680 N/B","WILLOW PASS RD",2711.00,S,N,A,-,Y,CC,,680," ",R,18.724,H,,R,Y,2,0,1,1,A,-,03,22350,,N,E,I,A,A,H,-,C,A,0,,,Y,,Y,,C,02,1,0,0,0,0,0,0,0,1,"- ","- ",37.959190368652344,-122.0523681640625,"CONTRA COSTA","PLEASANT HILL",-122.052490234375,37.959182739257812
92262980,2023,2023-12-15,9320,2023-10-24,2018,021949,,2,2,9,0700,0,2,4,,2,071,"PORT CHICAGO HWY","RIVERSIDE DR.",0.00,,Y,A,-,N,,,,,,,,,,Y,2,0,2,4,A,-,01,23152,A,N,C,2,A,A,H,-,C,A,0,,,,,Y,Y,A,01,1,1,0,0,0,0,0,0,0,"- ","- ",38.029281616210938,-121.96053314208984,"CONTRA COSTA",UNINCORPORATED,-121.96045684814453,38.029293060302734
92264821,2023,2023-12-18,9320,2023-08-08,1400,022896,,2,2,9,0700,0,2,4,,2,046,"COGGINS DR","LAS JUNTAS WAY",1016.00,N,N,A,-,N,,,,,,,,,,N,1,1,0,1,A,-,01,23152,A,N,F,0,A,A,H,-,A,A,0,,,,,Y,Y,A,01,0,0,0,0,0,0,0,0,0,"- ","- ",37.932929992675781,-122.05393981933594,"CONTRA COSTA",UNINCORPORATED,-122.05397033691406,37.932865142822266
92265937,2023,2023-12-19,9320,2023-12-12,1440,021949,,2,2,9,0700,0,2,4,,2,071,"EVORA ROAD","WILLOW PASS ROAD",2010.00,E,N,A,-,N,,,,,,,,,,Y,2,0,2,2,A,-,01,23152,A,N,D,C,A,A,H,-,A,D,0,,,,,Y,Y,A,07,1,1,0,0,0,0,0,0,0,"- ","- ",38.017269134521484,-121.99244689941406,"CONTRA COSTA",UNINCORPORATED,-121.96411895751953,38.024681091308594
92273925,2023,2023-12-28,9370,2023-11-14,"844 ",023125,,2,1,5,0710,0,1,1,,2,083,"I-80 E/B","SAN PABLO DAM ROAD",3000.00,E,N,A,-,Y,CC,,80," "," ",4.700,H,,R,Y,2,0,2,5,A,-,07,21658,A,F,D,C,A,A,H,-,D,D,0,,,,,Y,,-,99,2,0,0,0,0,0,0,0,0,"- ","- ",37.961219787597656,-122.32987976074219,"CONTRA COSTA",RICHMOND,-122.32985687255859,37.961212158203125
9227950,2021,2021-04-20,0709,2021-03-04,1830,432,3120,4,5,4,0709,0,0,0,,0,001,"CLEAVELAND RD","GREGORY LN",0.00,,Y,A,-,N,,,,,,,,,,Y,2,0,2,2,A,-,07,21658,A,N,C,E,A,A,-,-,B,D,0,,,,,Y,Y,-,,1,1,0,0,0,0,0,0,0,"- ","- ",37.946800231933594,-122.06020355224609,"CONTRA COSTA","PLEASANT HILL",-122.064208984375,37.947978973388672
92283698,2023,2024-01-10,9320,2023-12-31,"420 ",023002,,7,3,3,0715,0,1,3,,2,241,"SR-24 E/B","EL NIDO RANCH ROAD",400.00,W,N,A,-,Y,CC,,24," ",R,4.854,H,,R,Y,2,0,1,1,A,-,01,23152,A,N,E,8,A,B,H,-,C,A,0,,,,,Y,Y,A,07,1,0,0,0,0,0,0,0,0,"- ","- ",37.890941619873047,-122.14620208740234,"CONTRA COSTA",LAFAYETTE,-122.14619445800781,37.890869140625
92284704,2023,2024-01-18,9320,2023-12-31,"148 ",022886,,7,3,9,0700,0,2,4,,2,072,"BAILEY RD S/B","SR-4 OFF RAMP PROLONGATION LINE",64.00,S,N,A,-,N,,,,,,,,,,Y,2,0,1,1,A,-,03,22350,,N,A,I,A,A,H,-,C,A,0,,,,,Y,,A,01,1,0,0,0,0,0,0,0,0,"- ","- ",38.019191741943359,-121.94214630126953,"CONTRA COSTA",UNINCORPORATED,,
92292567,2024,2024-01-22,9320,2024-01-06,2125,022886,,6,2,5,0708,0,1,3,,2,404,"SR-4 W/B TO HARBOR ST","HARBOR ST",650.00,E,N,B,-,Y,CC,,4," "," ",23.557,H,,L,Y,2,0,1,4,A,-,01,23152,A,N,C,C,A,A,H,-,C,A,0,,,,,Y,Y,A,01,1,0,0,0,0,0,0,0,0,"- ","- ",38.015201568603516,-121.88046264648438,"CONTRA COSTA",PITTSBURG,-121.88053894042969,38.015007019042969
9229648,2020,2021-02-27,0710,2020-12-13,2034,1605,,7,5,5,0710,0,0,0,,0,008,"RICHMOND PKWY","HILLTOP DR",0.00,,Y,B,-,N,,,,,,,,,,,2,0,1,2,A,-,11,21950,B,N,G,B,B,B,H,-,C,A,0,Y,,,,Y,,N,60,1,0,0,0,1,0,0,0,0,"- ","- ",37.987209320068359,-122.33975219726562,"CONTRA COSTA",RICHMOND,-122.33972930908203,37.987239837646484
92301798,2023,2024-01-31,9320,2023-12-18,1537,020656,,1,2,9,0700,0,2,4,,2,073,"KIRKER PASS RD","HESS RD",731.00,S,N,B,C,N,,,,,,,,,,Y,1,1,0,1,A,-,01,23152,A,N,E,8,A,B,H,-,D,A,0,,,,,Y,Y,A,07,0,0,0,0,0,0,0,0,0,"- ","- ",37.962100982666016,-121.92977905273438,"CONTRA COSTA",UNINCORPORATED,-121.93208312988281,37.961616516113281
92305209,2024,2024-02-05,9370,2024-01-26,1520,022350,,5,2,5,0710,0,1,1,,2,058,"I-580 W/B","MARINA BAY PARKWAY",1700.00,E,N,A,-,Y,CC,,580," ",R,2.608,H,,L,Y,2,0,1,1,A,-,08,22107,,N,E,I,A,A,H,-,A,D,0,,,,,Y,,A,01,1,0,0,0,0,0,0,0,0,"- ","- ",37.921710968017578,-122.34243774414062,"CONTRA COSTA",RICHMOND,-122.34244537353516,37.921566009521484
92307391,2023,2024-02-07,9370,2023-12-28,"105 ",023588,,4,3,5,0710,0,1,1,,2,083,"I-80 E/B TO HILLTOP DRIVE","HILLTOP DRIVE",230.00,W,N,B,-,Y,,,,,,,,,,Y,2,0,1,2,A,-,01,23152,A,N,C,E,A,B,H,-,D,D,0,,,,Y,Y,Y,A,01,1,0,0,0,0,0,0,0,0,"- ","- ",37.97515869140625,-122.31667327880859,"CONTRA COSTA",RICHMOND,-122.31667327880859,37.97515869140625
92310032,2024,2024-02-09,9320,2024-02-01,"149 ",023496,,4,3,6,0704,0,1,1,,2,683,"I-680 N/B","WILLOW PASS AVE",1425.00,S,N,C,-,Y,CC,,680," ",R,18.972,H,,R,Y,2,0,1,1,A,-,08,22107,,N,E,I,A,B,H,-,C,A,0,,,,,Y,,A,01,1,0,0,0,0,0,0,0,0,"- ","- ",37.962558746337891,-122.05386352539062,"CONTRA COSTA",CONCORD,-122.053955078125,37.962528228759766
92311867,2023,2024-02-12,9320,2023-09-17,"202 ",022994,,7,3,9,0700,0,1,3,,2,402,"STATE ROUTE 4 W/B","PINE STREET",849.00,E,N,B,-,Y,CC,,4," ",R,9.357,H,,L,Y,1,1,0,1,A,-,01,23152,F,N,E,J,A,A,C,-,D,D,0,,,Y,,Y,,C,02,0,0,0,0,0,0,0,1,0,"- ","- ",37.996288299560547,-122.1175537109375,"CONTRA COSTA",UNINCORPORATED,-122.11756134033203,37.996311187744141
92313593,2024,2024-02-14,9320,2024-02-04,"905 ",023431,,7,1,3,0792,0,1,3,,2,240,"SR-24 W/B","SAINT STEPHENS DR",670.00,E,N,B,C,Y,CC,,24," ",R,3.618,H,,L,Y,2,0,1,1,A,-,03,22350,,N,E,I,A,B,H,-,A,A,0,,,,,Y,,D,22,1,0,0,0,0,0,0,0,0,"- ","- ",37.892341613769531,-122.16896057128906,"CONTRA COSTA",ORINDA,-122.16899871826172,37.892444610595703
92325524,2023,2024-02-28,9370,2023-10-22,"350 ",022990,,7,3,4,0711,0,1,1,,2,082,"I-80 E/B","BARRETT AVENUE",222.00,W,N,C,-,Y,CC,,80," "," ",2.786,H,,R,Y,1,1,0,1,A,-,01,23152,G,N,E,8,A,B,H,-,D,D,0,,,,,Y,Y,A,01,0,0,0,0,0,0,0,0,0,"- ","- ",37.934799194335938,-122.32662200927734,"CONTRA COSTA","SAN PABLO",-122.32682037353516,37.934799194335938
92326307,2023,2024-02-29,9370,2023-11-28,2145,023178,,2,2,5,0710,0,1,1,,2,082,"I-80 E/B","CARLSON BLVD",740.00,W,N,A,-,Y,CC,,80," "," ",0.860,H,,R,Y,1,1,1,3,A,-,03,22350,,N,C,C,A,A,D,E,D,A,0,,,,,Y,,D,22,0,1,0,0,0,0,0,0,0,"- ","- ",37.908878326416016,-122.31623077392578,"CONTRA COSTA",RICHMOND,-122.316162109375,37.908905029296875