CASE_ID,ACCIDENT_YEAR,PROC_DATE,JURIS,COLLISION_DATE,COLLISION_TIME,OFFICER_ID,REPORTING_DISTRICT,DAY_OF_WEEK,CHP_SHIFT,POPULATION,CNTY_CITY_LOC,SPECIAL_COND,BEAT_TYPE,CHP_BEAT_TYPE,CITY_DIVISION_LAPD,CHP_BEAT_CLASS,BEAT_NUMBER,PRIMARY_RD,SECONDARY_RD,DISTANCE,DIRECTION,INTERSECTION,WEATHER_1,WEATHER_2,STATE_HWY_IND,CALTRANS_COUNTY,CALTRANS_DISTRICT,STATE_ROUTE,ROUTE_SUFFIX,POSTMILE_PREFIX,POSTMILE,LOCATION_TYPE,RAMP_INTERSECTION,SIDE_OF_HWY,TOW_AWAY,COLLISION_SEVERITY,NUMBER_KILLED,NUMBER_INJURED,PARTY_COUNT,PRIMARY_COLL_FACTOR,PCF_CODE_OF_VIOL,PCF_VIOL_CATEGORY,PCF_VIOLATION,PCF_VIOL_SUBSECTION,HIT_AND_RUN,TYPE_OF_COLLISION,MVIW,PED_ACTION,ROAD_SURFACE,ROAD_COND_1,ROAD_COND_2,LIGHTING,CONTROL_DEVICE,CHP_ROAD_TYPE,PEDESTRIAN_ACCIDENT,BICYCLE_ACCIDENT,MOTORCYCLE_ACCIDENT,TRUCK_ACCIDENT,NOT_PRIVATE_PROPERTY,ALCOHOL_INVOLVED,STWD_VEHTYPE_AT_FAULT,CHP_VEHTYPE_AT_FAULT,COUNT_SEVERE_INJ,COUNT_VISIBLE_INJ,COUNT_COMPLAINT_PAIN,COUNT_PED_KILLED,COUNT_PED_INJURED,COUNT_BICYCLIST_KILLED,COUNT_BICYCLIST_INJURED,COUNT_MC_KILLED,COUNT_MC_INJURED,PRIMARY_RAMP,SECONDARY_RAMP,LATITUDE,LONGITUDE,COUNTY,CITY,POINT_X,POINT_Y
92326616,2024,2024-02-29,9320,2024-02-02,1040,023666,,5,1,3,0715,0,1,3,,2,241,"SR-24 W/B","DOLORES DR",2006.00,W,N,B,-,Y,CC,,24," ",R,5.429,H,,L,N,2,0,1,2,A,-,07,21658,A,F,F,D,A,B,H,-,A,A,0,,,,,Y,,-,99,1,0,0,0,0,0,0,0,0,"- ","- ",37.890911102294922,-122.13627624511719,"CONTRA COSTA",LAFAYETTE,-122.13627624511719,37.890823364257812
92339226,2024,2024-03-15,9320,2024-03-09,"524 ",022915,,6,3,3,0792,0,1,3,,2,241,"SR-24 W/B","WILDER RD",1300.00,E,N,A,-,Y,CC,,24," "," ",1.439,H,,L,Y,2,0,2,1,A,-,08,22107,,N,E,8,A,A,H,-,B,A,0,,,,,Y,,A,01,1,0,1,0,0,0,0,0,0,"- ","- ",37.869228363037109,-122.19409942626953,"CONTRA COSTA",ORINDA,-122.19417572021484,37.869293212890625
92339351,2024,2024-03-15,9370,2024-02-18,"211 ",023330,,7,3,3,0792,0,1,S,,2,904,"SR-24 EASTBOUND","WILDER ROAD",303.00,E,N,A,-,Y,CC,,24," "," ",1.250,H,,R,Y,2,0,2,1,B,-,22,,,N,E,I,A,B,G,-,C,D,0,,,,,Y,,J,48,1,1,0,0,0,0,0,0,0,"- ","- ",37.867401123046875,-122.19693756103516,"CONTRA COSTA",ORINDA,-122.19699096679688,37.867511749267578
92345975,2023,2024-03-25,9320,2023-12-03,1755,022525,,7,2,5,0701,0,1,3,,2,404,"SR-4 E/B","SOMERSVILLE RD",3250.00,W,N,B,-,Y,CC,,4," "," ",25.381,H,,R,Y,2,0,2,6,A,-,03,22350,,F,B,C,A,A,H,-,D,A,0,,,,,Y,,A,01,1,0,1,0,0,0,0,0,0,"- ","- ",38.006759643554688,-121.84844970703125,"CONTRA COSTA",ANTIOCH,-121.84843444824219,38.006801605224609
92345989,2024,2024-03-25,9320,2024-03-15,1725,022505,,5,2,9,0700,0,2,4,,2,096,"VASCO ROAD S/B","CAMINO DIABLO ROAD",1920.00,S,N,A,-,N,,,,,,,,,,Y,2,0,5,2,A,-,08,22107,,N,D,C,A,A,H,-,A,A,0,,,,,Y,,A,01,1,4,0,0,0,0,0,0,0,"- ","- ",37.861820220947266,-121.66259002685547,"CONTRA COSTA",UNINCORPORATED,-121.66764068603516,37.865211486816406
92347336,2024,2024-03-26,9320,2024-03-02,2016,022784,,6,2,5,0712,0,1,3,,2,241,"SR-24 E/B TO I-680 N/B","EL CURTOLA BLVD",3080.00,E,N,B,-,Y,CC,,24," "," ",8.892,H,,R,Y,2,0,1,3,A,-,03,22350,,N,D,2,A,B,H,-,C,A,0,,,,,Y,,A,01,1,0,0,0,0,0,0,0,0,"- ","- ",37.895900726318359,-122.07472991943359,"CONTRA COSTA","WALNUT CREEK",-122.07472991943359,37.895854949951172
92349256,2024,2024-03-28,9390,2024-03-04,1508,020368,,1,2,9,0700,0,2,4,,2,111,"BLACKHAWK ROAD (3200 BLOCK)","MAPLEWOOD DRIVE",1056.00,N,N,A,-,N,,,,,,,,,,Y,2,0,3,2,A,-,05,21460,,N,A,C,A,A,H,-,A,D,0,,,,,Y,,A,07,2,1,0,0,0,0,0,0,0,"- ","- ",37.817981719970703,-121.92072296142578,"CONTRA COSTA",UNINCORPORATED,-121.92108154296875,37.816734313964844
92349336,2024,2024-03-28,9320,2024-03-20,1910,022896,,3,2,9,0700,0,2,4,,2,012,"SAN PABLO DAM RD","MILTON RD",100.00,W,N,A,-,N,,,,,,,,,,N,2,0,1,2,A,-,03,22350,,N,D,C,A,A,H,-,A,A,0,,,Y,,Y,,C,02,1,0,0,0,0,0,0,0,1,"- ","- ",37.966598510742188,-122.30583190917969,"CONTRA COSTA",UNINCORPORATED,-122.30561828613281,37.966629028320312
92349423,2024,2024-03-28,9320,2024-03-22,2224,023490,,5,3,3,0715,0,1,3,,2,241,"SR-24 W/B","PLEASANT HILL ROAD",2238.00,E,N,C,-,Y,CC,,24," ",R,8.117,H,,L,Y,2,0,1,2,A,-,01,23152,A,N,E,8,A,B,H,-,C,A,0,,,,,Y,Y,A,01,1,0,0,0,0,0,0,0,0,"- ","- ",37.898040771484375,-122.08805084228516,"CONTRA COSTA",LAFAYETTE,-122.08805847167969,37.898147583007812
92350289,2024,2024-03-29,9320,2024-03-15,1510,022525,,5,2,5,0701,0,1,3,,2,160,"SR-160 S/B TO SR-4 W/B","OAKLEY RD O/C",2760.00,S,N,A,-,Y,CC,,160," ",L,0.111,H,,L,Y,2,0,2,2,A,-,01,23152,A,N,C,C,A,A,H,-,A,A,0,,,,,Y,Y,A,01,1,0,1,0,0,0,0,0,0,"- ","- ",37.991508483886719,-121.7601318359375,"CONTRA COSTA",ANTIOCH,-121.7601318359375,37.991519927978516
92356215,2023,2024-04-04,9390,2023-12-31,1920,023295,,7,2,4,0791,0,1,1,,2,068,"I-680 SOUTHBOUND","BOLLINGER CANYON ROAD",2746.00,N,N,B,-,Y,CC,,680," ",R,3.427,H,,L,Y,1,1,0,3,A,-,08,22107,,N,C,E,A,B,H,-,C,D,0,,,,,Y,,D,22,0,0,0,0,0,0,0,0,0,"- ","- ",37.766910552978516,-121.97020721435547,"CONTRA COSTA","SAN RAMON",-121.97010040283203,37.766960144042969
92359983,2023,2024-04-09,9370,2023-09-03,"154 ",022850,,7,3,5,0710,0,1,1,,2,058,"I-580 W/B (JOHN T. KNOX FREEWAY)","SAN RAFAEL / RICHMOND BRIDGE TOLL PLAZA",2780.00,E,N,B,-,Y,CC,,580," ",R,5.567,H,,L,N,1,2,1,2,A,-,01,23152,A,N,A,2,A,A,H,-,C,D,0,,,,,Y,Y,A,01,1,0,0,0,0,0,0,0,0,"- ","- ",37.932071685791016,-122.39338684082031,"CONTRA COSTA",RICHMOND,-122.39345550537109,37.931983947753906
92365361,2024,2024-04-16,9320,2024-04-09,1500,023063,,2,2,4,0714,0,3,5,,2,015,"ALHAMBRA VALLEY RD","ALHAMBRA CREEK ROAD",1267.00,W,N,A,-,N,,,,,,,,,,Y,2,0,1,1,A,-,08,22107,,N,E,I,A,A,H,-,A,D,0,,,,,Y,,D,22,1,0,0,0,0,0,0,0,0,"- ","- ",37.967189788818359,-122.15190124511719,"CONTRA COSTA",MARTINEZ,-122.12477874755859,37.980503082275391
92373846,2024,2024-04-24,9320,2024-04-11,"530 ",023766,,4,3,6,0704,0,1,1,,2,683,"I-680 SB",SR-242,500.00,N,N,A,-,Y,CC,,680," ",R,18.830,H,,L,N,2,0,1,1,A,-,08,22107,,N,E,I,A,A,H,-,C,A,0,,,,,Y,,A,01,1,0,0,0,0,0,0,0,0,"- ","- ",37.960361480712891,-122.05299377441406,"CONTRA COSTA",CONCORD,-122.05302429199219,37.960353851318359
92380517,2024,2024-05-02,9365,2024-04-27,1540,023390,,6,2,9,0700,0,1,1,,2,001,"I-80 E/B","CARQUINEZ BRIDGE TOLL PLAZA",3200.00,W,N,A,-,Y,CC,,80," "," ",14.096,H,,R,N,2,0,2,1,C,-,18,,,N,E,I,A,A,H,-,A,D,0,,,Y,,Y,,-,"- ",1,1,0,0,0,0,0,0,2,"- ","- ",38.060329437255859,-122.22503662109375,"CONTRA COSTA",UNINCORPORATED,-122.22522735595703,38.060317993164062
9238157,2021,2021-04-05,0714,2021-02-01,1938,140,"10 2",1,5,4,0714,0,0,0,,0,002,"ALHAMBRA AV","J ST",15.00,S,N,C,G,N,,,,,,,,,,N,2,0,1,2,A,-,11,21954,A,N,G,B,D,B,H,-,C,D,0,Y,,,,Y,,A,01,1,0,0,0,1,0,0,0,0,"- ","- ",37.996639251708984,-122.13243103027344,"CONTRA COSTA",MARTINEZ,-122.13232421875,37.997539520263672
92390227,2024,2024-05-15,9320,2024-05-02,2045,023766,,4,2,9,0700,0,1,1,,2,180,"I-80 E/B","SYCAMORE AVE",528.00,W,N,A,-,Y,CC,,80," "," ",9.380,H,,R,N,2,0,2,3,A,-,07,21658,A,F,D,C,A,A,H,-,C,A,0,,,Y,,Y,,A,07,2,0,0,0,0,0,0,0,2,"- ","- ",38.007061004638672,-122.27671813964844,"CONTRA COSTA",UNINCORPORATED,-122.27668762207031,38.007041931152344
92391449,2024,2024-05-16,9320,2024-04-26,1740,023002,,5,2,9,0700,0,1,3,,1,406,"SR-4 W/B","DISCOVERY BLVD",683.00,E,N,A,-,Y,CC,,4," "," ",46.598,H,,L,N,2,0,2,2,A,-,03,22350,,N,C,C,A,A,H,-,A,A,0,,,,,Y,,A,01,1,0,1,0,0,0,0,0,0,"- ","- ",37.890140533447266,-121.59974670410156,"CONTRA COSTA",UNINCORPORATED,-121.59975433349609,37.890186309814453
92392873,2024,2024-05-17,9320,2024-04-07,"510 ",023028,,7,3,6,0704,0,1,1,,2,683,"I-680 NORTHBOUND","MONUMENT BOULEVARD",4500.00,N,N,A,-,Y,CC,,680," ",R,18.637,H,,R,Y,1,1,5,1,A,-,08,22107,,F,E,I,A,A,H,-,C,A,0,,,,,Y,,A,07,5,0,0,0,0,0,0,0,0,"- ","- ",37.957908630371094,-122.05242919921875,"CONTRA COSTA",CONCORD,-122.05249786376953,37.957916259765625
92393800,2024,2024-05-20,9320,2024-05-10,1935,022525,,5,2,9,0700,0,1,3,,1,406,SR-4,"WALNUT BLVD",1930.00,E,N,A,-,Y,CC,,4," ",R,39.332,H,,R,Y,2,0,6,2,A,-,05,21460,A,N,A,C,A,A,H,-,A,A,0,,,,,Y,,A,01,2,2,2,0,0,0,0,0,0,"- ","- ",37.896411895751953,-121.68948364257812,"CONTRA COSTA",UNINCORPORATED,-121.68948364257812,37.896427154541016
92395950,2024,2024-05-22,9320,2024-05-10,2040,023496,,5,2,9,0700,0,2,4,,2,031,"HILLCREST RD N/B","SAN PABLO DAM RD",0.00,,Y,A,-,N,,,,,,,,,,N,2,0,1,2,A,-,00,21461,,N,G,B,B,A,H,-,C,A,0,Y,,,,Y,Y,N,60,1,0,0,0,1,0,0,0,0,"- ","- ",37.964778900146484,-122.31479644775391,"CONTRA COSTA",UNINCORPORATED,-122.31478118896484,37.964851379394531
92398074,2024,2024-05-24,9320,2024-05-17,"222 ",023002,,5,3,5,0701,0,1,3,,2,404,"SR-4 E/B","CAVALLO RD",170.00,W,N,A,-,Y,CC,,4," ",R,28.205,H,,R,N,2,0,3,2,C,-,18,,,N,E,C,A,A,H,-,D,A,0,,,,,Y,,-,"- ",1,2,0,0,0,0,0,0,0,"- ","- ",37.998100280761719,-121.79868316650391,"CONTRA COSTA",ANTIOCH,-121.79868316650391,37.998058319091797
92398114,2023,2024-05-24,9370,2023-10-25,2221,022841,,3,3,5,0710,0,1,1,,2,058,"I-580 W/B (JOHN T. KNOX FREEWAY)","CENTRAL AVENUE",1072.00,W,N,A,-,Y,CC,,580," "," ",0.452,H,,L,N,1,1,0,2,A,-,11,21954,A,N,G,B,E,A,H,-,C,D,0,Y,,,,Y,,N,60,0,0,0,1,0,0,0,0,0,"- ","- ",37.902721405029297,-122.3160400390625,"CONTRA COSTA",RICHMOND,-122.31621551513672,37.902629852294922
92398121,2023,2024-05-24,9370,2023-10-25,2220,022841,,3,3,5,0710,0,1,1,,2,058,"I-580 W/B","CENTRAL AVE",1047.00,W,N,A,-,Y,CC,,580," "," ",0.447,H,,L,N,2,0,1,2,A,-,11,21954,A,N,G,B,E,A,H,-,D,D,0,Y,,,,Y,,N,60,1,0,0,0,1,0,0,0,0,"- ","- ",37.902618408203125,-122.31604766845703,"CONTRA COSTA",RICHMOND,-122.316162109375,37.902565002441406
92398970,2024,2024-05-27,9320,2024-05-11,"15  ",023781,,6,3,9,0700,0,2,4,,2,026,"TAYLOR BLVD N/B","WITHERS AVE",528.00,S,N,A,-,N,,,,,,,,,,N,2,0,1,1,A,-,03,22350,,N,E,A,A,A,H,-,D,A,0,,,Y,,Y,,C,02,1,0,0,0,0,0,0,0,1,"- ","- ",37.928150177001953,-122.09596252441406,"CONTRA COSTA",UNINCORPORATED,-122.09693908691406,37.932567596435547
92400934,2024,2024-05-29,9320,2024-04-20,"735 ",018086,,6,1,9,0700,0,2,4,,2,012,"SAN PABLO DAM ROAD (4300 BLOCK)","MILTON DRIVE",475.00,E,N,A,-,N,,,,,,,,,,Y,2,0,4,12,A,-,01,23152,A,N,A,C,A,A,H,-,A,A,0,,,,,Y,Y,A,07,3,1,0,0,0,0,0,0,0,"- ","- ",37.967018127441406,-122.30361175537109,"CONTRA COSTA",UNINCORPORATED,-122.30368804931641,37.966991424560547
92403443,2024,2024-05-31,9370,2024-05-25,1908,020235,,6,2,9,0700,0,3,5,,2,012,"SAN PABLO AVENUE S/B","TARA HILLS DRIVE",500.00,S,N,A,-,N,,,,,,,,,,N,2,0,1,2,A,-,11,21954,A,N,G,B,E,A,H,-,A,D,0,Y,,,,Y,Y,N,60,1,0,0,0,1,0,0,0,0,"- ","- ",37.998699188232422,-122.32386779785156,"CONTRA COSTA",UNINCORPORATED,-122.3238525390625,37.998893737792969
92404247,2024,2024-06-03,9320,2024-04-17,1750,023788,,3,2,9,0700,0,2,4,,2,071,"WILLOW PASS RD. E/B","POINSETTIA AVE",89.00,W,N,A,-,N,,,,,,,,,,N,2,0,1,3,A,-,08,22107,,F,B,G,A,A,H,-,A,A,0,,Y,,,Y,,-,99,1,0,0,0,0,0,1,0,0,"- ","- ",38.026699066162109,-121.93892669677734,"CONTRA COSTA",UNINCORPORATED,-121.93889617919922,38.026760101318359
92405657,2023,2024-06-04,9320,2023-12-30,1825,022517,,6,2,9,0700,0,1,3,,1,406,"BYRON HIGHWAY","CLIFTON COURT RD",200.00,S,N,B,-,Y,,,,,,,,,,Y,1,1,2,4,A,-,05,21460,A,N,A,C,A,B,H,-,D,D,0,,,,,Y,,D,22,0,2,0,0,0,0,0,0,0,"- ","- ",37.8372802734375,-121.61138153076172,"CONTRA COSTA",UNINCORPORATED,-121.59782409667969,37.824264526367188
92408846,2024,2024-06-07,9320,2024-05-31,1640,022517,,5,2,4,0714,0,1,1,,2,683,I-680,SR-4,445.00,S,N,A,-,Y,,,,,,,,,,Y,2,0,1,1,A,-,03,22350,,N,F,I,A,A,H,-,A,A,0,,,Y,,Y,,C,02,1,0,0,0,0,0,0,0,1,"- ","- ",37.993728637695312,-122.06820678710938,"CONTRA COSTA",MARTINEZ,-122.06951904296875,37.994598388671875
92409923,2024,2024-06-10,9390,2024-05-25,1720,023054,,6,2,4,0791,0,1,1,,2,068,"I-680 SOUTHBOUND","MONTEVIDEO DRIVE UNDERCROSSING",2218.00,N,N,A,-,Y,CC,,680," ",R,2.315,H,,L,Y,2,0,2,2,A,-,01,23152,F,N,B,C,A,A,H,-,A,D,0,,,,,Y,,A,01,1,1,0,0,0,0,0,0,0,"- ","- ",37.752700805664062,-121.96071624755859,"CONTRA COSTA","SAN RAMON",-121.96076965332031,37.752677917480469
92410029,2024,2024-06-10,9370,2024-06-02,1618,023579,,7,2,9,0700,0,3,5,,2,010,"RICHMOND PARKWAY N/B","PARR BOULEVARD",648.00,N,N,A,-,N,,,,,,,,,,Y,2,0,1,1,A,-,03,22350,,N,E,8,A,A,A,-,A,D,0,,,Y,,Y,,C,02,1,0,0,0,0,0,0,0,1,"- ","- ",37.969589233398438,-122.37306213378906,"CONTRA COSTA",UNINCORPORATED,-122.37330627441406,37.969470977783203
92410825,2024,2024-06-10,9370,2024-05-29,2353,023799,,3,3,5,0710,0,1,1,,2,083,"I-80 E/B","HILLTOP DRIVE",1568.00,W,N,A,-,Y,CC,,80," "," ",5.683,H,,R,Y,2,0,1,1,C,-,18,,,N,E,J,A,A,H,-,D,D,0,,,Y,,Y,,-,"- ",1,0,0,0,0,0,0,0,1,"- ","- ",37.971958160400391,-122.31967163085938,"CONTRA COSTA",RICHMOND,-122.31977844238281,37.971981048583984
92414095,2024,2024-06-13,9390,2024-05-26,"831 ",021581,,7,1,4,0791,0,1,1,,2,068,"I-680 S/B","ALCOSTA BOULEVARD",1.53,N,N,A,-,Y,CC,,680," ",R,1.549,H,,L,Y,2,0,1,1,A,-,08,22107,,N,E,8,A,A,H,-,A,D,0,,,,,Y,,D,22,1,0,0,0,0,0,0,0,0,"- ","- ",37.742668151855469,-121.95462036132812,"CONTRA COSTA","SAN RAMON",-121.95455932617188,37.742694854736328
92416475,2023,2024-06-17,9320,2023-06-22,"24  ",022495,,4,3,9,0700,0,2,4,,2,011,"APPIAN WAY","VALLEY VIEW ROAD",265.00,S,N,B,-,N,,,,,,,,,,Y,1,1,0,2,A,-,01,23152,A,N,E,8,A,A,H,-,C,A,0,,,,,Y,Y,A,01,0,0,0,0,0,0,0,0,0,"- ","- ",37.977371215820312,-122.29522705078125,"CONTRA COSTA",UNINCORPORATED,-122.29530334472656,37.97747802734375
92417565,2024,2024-06-18,9320,2024-06-07,1620,020440,,5,2,9,0700,0,2,4,,2,096,"VASCO RD","CAMINO DIABLO",18480.00,S,N,A,-,N,,,,,,,,,,Y,2,0,4,5,A,-,03,22350,,N,C,C,A,A,H,-,A,D,0,,,,,Y,,A,01,1,1,2,0,0,0,0,0,0,"- ","- ",37.825370788574219,-121.65518188476562,"CONTRA COSTA",UNINCORPORATED,-121.66764068603516,37.865211486816406
92418126,2024,2024-06-19,9320,2024-06-11,2033,021949,,2,2,9,0700,0,2,4,,2,077,"MARSH CREEK RD. W/B","ASPARA DR.",1005.00,E,N,A,-,N,,,,,,,,,,Y,2,0,1,1,A,-,01,23152,A,N,E,I,A,A,H,-,B,A,0,,,Y,,Y,Y,C,02,1,0,0,0,0,0,0,0,1,"- ","- ",37.889728546142578,-121.84713745117188,"CONTRA COSTA",UNINCORPORATED,-121.85005187988281,37.891948699951172
9242050,2021,2021-04-09,0701,2021-02-06,1619,5719,209,6,5,5,0701,0,0,0,,0,002,"DRIVE IN WY",SAKURAI,744.00,W,N,A,-,N,,,,,,,,,,N,2,0,1,2,A,-,03,22350,,F,B,E,A,A,H,-,A,D,0,,,Y,,Y,,C,02,1,0,0,0,0,0,0,0,1,"- ","- ",,,"CONTRA COSTA",ANTIOCH,,
92425209,2024,2024-06-27,9320,2024-06-15,"750 ",023768,,6,1,9,0700,0,3,5,,2,040,"CONCORD AVE","MERIDIAN PARK BLVD",200.00,E,N,A,-,Y,,,,,,,,,,N,2,0,1,2,A,-,07,21658,A,F,H,C,A,A,H,-,A,A,0,,,Y,,Y,,D,22,1,0,0,0,0,0,0,0,1,"- ","- ",37.97930908203125,-122.0582275390625,"CONTRA COSTA",UNINCORPORATED,-122.05832672119141,37.979248046875
92428523,2024,2024-07-02,9320,2024-06-16,"505 ",023766,,7,3,9,0700,0,1,3,,2,403,"STATE ROUTE 4 EASTBOUND","WILLOW PASS ROAD",1300.00,E,N,A,-,Y,CC,,4," ",R,17.002,H,,R,Y,2,0,1,1,A,-,01,23152,A,N,E,I,A,A,H,-,B,A,0,,,,,Y,Y,A,01,1,0,0,0,0,0,0,0,0,"- ","- ",38.014400482177734,-121.99481201171875,"CONTRA COSTA",UNINCORPORATED,-121.99488067626953,38.014499664306641
92433222,2024,2024-08-09,9320,2024-06-23,2000,022896,,7,2,9,0700,0,1,3,,2,404,"SR-4 E/B","HILLCREST AVE",6547.00,E,N,A,-,Y,CC,,4," ",R,30.179,H,,R,Y,2,0,3,2,A,-,01,23152,A,N,C,C,A,A,H,-,A,A,0,,,,,Y,Y,A,07,1,0,2,0,0,0,0,0,0,"- ","- ",37.991039276123047,-121.76342010498047,"CONTRA COSTA",UNINCORPORATED,-121.76343536376953,37.991004943847656
92439749,2024,2024-07-15,9320,2024-06-30,1628,022835,,7,2,9,0700,0,2,4,,2,013,"SAN PABLO DAM RD.","CASTRO RANCH RD.",9504.00,E,N,A,-,N,,,,,,,,,,Y,2,0,2,2,C,-,18,,,N,A,C,A,A,H,-,A,A,0,,,,,Y,,-,"- ",1,1,0,0,0,0,0,0,0,"- ","- ",37.931190490722656,-122.25540924072266,"CONTRA COSTA",UNINCORPORATED,-122.2559814453125,37.931617736816406
9244135,2019,2021-06-04,0700,2019-06-09,1019,75040,WALNU,7,5,3,0715,0,0,0,,0,040,"PLEASANT HILL RD","REYEZ STATION RD",0.00,,Y,A,-,N,,,,,,,,,,N,2,0,1,1,A,-,07,21658,A,N,A,I,A,A,H,-,A,D,0,,,,,Y,,A,,1,0,0,0,0,0,0,0,0,"- ","- ",,,"CONTRA COSTA",LAFAYETTE,,
9244150,2019,2021-06-04,0700,2019-08-30,0910,78504,033,5,5,4,0790,0,0,0,,0,063,"CAMINO TASSAJARA","WOOD RANCH DR",5.00,E,N,A,-,N,,,,,,,,,,N,2,0,1,2,A,-,17,21451,A,N,G,B,B,A,H,-,A,A,0,Y,,,,Y,,A,07,1,0,0,0,1,0,0,0,0,"- ","- ",37.801250457763672,-121.93331909179688,"CONTRA COSTA",DANVILLE,-121.93332672119141,37.80108642578125
9244896,2021,2021-04-02,0714,2021-01-16,1816,165,14,6,5,4,0714,0,0,0,,0,004,"MIDHILL RD","MIDHILL RD 139",0.00,,-,A,-,N,,,,,,,,,,Y,2,0,1,2,A,-,03,22350,,N,D,C,A,A,H,-,D,D,0,,,Y,,Y,,C,02,1,0,0,0,0,0,0,0,1,"- ","- ",,,"CONTRA COSTA",MARTINEZ,,
92508828,2024,2024-07-23,9320,2024-05-30,"836 ",023666,,4,1,9,0700,0,2,4,,2,095,"SR-4 (MARSH CREEK RD)","WALNUT BLVD",0.00,,Y,A,-,N,,,,,,,,,,Y,2,0,2,2,A,-,12,21453,A,N,D,C,A,A,H,-,A,A,0,,,,Y,Y,,A,01,1,1,0,0,0,0,0,0,0,"- ","- ",37.896419525146484,-121.69622802734375,"CONTRA COSTA",UNINCORPORATED,-121.6962890625,37.896381378173828
9251401,2021,2021-04-19,0712,2021-03-30,1656,P481,21,2,5,5,0712,0,0,0,,0,002,"PARKSIDE DR","LAWRENCE WY",0.00,,Y,A,-,N,,,,,,,,,,Y,2,0,1,2,A,-,12,21453,,N,D,C,A,A,H,-,A,A,0,,,Y,,Y,,C,02,1,0,0,0,0,0,0,0,1,"- ","- ",,,"CONTRA COSTA","WALNUT CREEK",-122.06440734863281,37.911907196044922
9252076,2020,2021-04-27,0710,2020-09-16,1230,1777,SOUTH,3,5,5,0710,0,0,0,,0,002,"HOFFMAN BL","MARINA WY SOUTH",0.00,,Y,B,-,N,,,,,,,,,,,2,0,2,3,A,-,10,21950,A,F,G,B,B,A,H,-,A,D,0,Y,,,,Y,,-,99,2,0,0,0,2,0,0,0,0,"- ","- ",37.922508239746094,-122.35610198974609,"CONTRA COSTA",RICHMOND,-122.35587310791016,37.922550201416016
9255042,2021,2021-05-07,0710,2021-02-24,1507,1586,CENTR,3,5,5,0710,0,0,0,,0,006,"HARBOUR WY","OHIO AV",0.00,,Y,A,-,N,,,,,,,,,,Y,2,0,2,2,A,-,09,21801,A,N,A,C,A,A,H,-,A,A,0,,,,,Y,,A,01,1,0,1,0,0,0,0,0,0,"- ","- ",37.930828094482422,-122.36004638671875,"CONTRA COSTA",RICHMOND,-122.36004638671875,37.930824279785156
9255769,2021,2021-05-10,0710,2021-01-28,1936,1635,SOUTH,4,5,5,0710,0,0,0,,0,003,"S 37TH ST","CUTTING BL",97.00,S,N,A,-,N,,,,,,,,,,Y,2,0,1,2,A,-,11,21954,A,N,G,B,D,B,H,-,E,D,0,Y,,,,Y,,N,60,1,0,0,0,1,0,0,0,0,"- ","- ",,,"CONTRA COSTA",RICHMOND,-122.33424377441406,37.925079345703125
9256102,2021,2021-05-11,0710,2021-01-04,1749,1635,NORTH,1,5,5,0710,0,0,0,,0,007,"SAN PABLO AV","ROOSEVELT AV",157.00,S,N,A,-,N,,,,,,,,,,Y,1,1,0,2,A,-,10,21954,B,N,G,B,D,A,H,-,C,D,0,Y,,,,Y,Y,A,01,0,0,0,1,0,0,0,0,0,"- ","- ",37.936851501464844,-122.32550811767578,"CONTRA COSTA",RICHMOND,-122.32563018798828,37.936569213867188
9256357,2021,2021-07-20,0710,2021-04-02,0840,1747,CENTR,5,5,5,0710,0,0,0,,0,004,"23RD ST","MCBRYDE AV",0.00,,Y,A,-,N,,,,,,,,,,N,1,1,0,2,A,-,05,21650,,N,D,G,A,A,H,-,A,D,0,,Y,,,Y,,L,04,0,0,0,0,0,1,0,0,0,"- ","- ",37.946998596191406,-122.34755706787109,"CONTRA COSTA",RICHMOND,-122.34747314453125,37.947032928466797
9256384,2020,2022-06-11,0708,2020-10-16,1614,355,8408,5,5,5,0708,0,0,0,,0,005,"EAST LELAND RD","HOMEWOOD DR",581.00,E,N,A,-,N,,,,,,,,,,Y,1,1,0,2,A,-,09,21804,A,N,D,C,A,A,H,-,A,D,0,,,Y,,Y,,A,01,0,0,0,0,0,0,0,1,0,"- ","- ",,,"CONTRA COSTA",PITTSBURG,-121.87974548339844,38.009387969970703
9263783,2020,2021-06-14,0700,2020-01-29,0954,79302,,3,5,3,0792,0,0,0,,0,082,"OAK CT","OAK CT 18",0.00,,Y,A,-,N,,,,,,,,,,N,2,0,1,2,B,-,22,,,N,G,B,A,A,H,-,A,D,0,,,,,Y,,-,,1,0,0,0,0,0,0,0,0,"- ","- ",,,"CONTRA COSTA",ORINDA,,