CASE_ID,ACCIDENT_YEAR,PROC_DATE,JURIS,COLLISION_DATE,COLLISION_TIME,OFFICER_ID,REPORTING_DISTRICT,DAY_OF_WEEK,CHP_SHIFT,POPULATION,CNTY_CITY_LOC,SPECIAL_COND,BEAT_TYPE,CHP_BEAT_TYPE,CITY_DIVISION_LAPD,CHP_BEAT_CLASS,BEAT_NUMBER,PRIMARY_RD,SECONDARY_RD,DISTANCE,DIRECTION,INTERSECTION,WEATHER_1,WEATHER_2,STATE_HWY_IND,CALTRANS_COUNTY,CALTRANS_DISTRICT,STATE_ROUTE,ROUTE_SUFFIX,POSTMILE_PREFIX,POSTMILE,LOCATION_TYPE,RAMP_INTERSECTION,SIDE_OF_HWY,TOW_AWAY,COLLISION_SEVERITY,NUMBER_KILLED,NUMBER_INJURED,PARTY_COUNT,PRIMARY_COLL_FACTOR,PCF_CODE_OF_VIOL,PCF_VIOL_CATEGORY,PCF_VIOLATION,PCF_VIOL_SUBSECTION,HIT_AND_RUN,TYPE_OF_COLLISION,MVIW,PED_ACTION,ROAD_SURFACE,ROAD_COND_1,ROAD_COND_2,LIGHTING,CONTROL_DEVICE,CHP_ROAD_TYPE,PEDESTRIAN_ACCIDENT,BICYCLE_ACCIDENT,MOTORCYCLE_ACCIDENT,TRUCK_ACCIDENT,NOT_PRIVATE_PROPERTY,ALCOHOL_INVOLVED,STWD_VEHTYPE_AT_FAULT,CHP_VEHTYPE_AT_FAULT,COUNT_SEVERE_INJ,COUNT_VISIBLE_INJ,COUNT_COMPLAINT_PAIN,COUNT_PED_KILLED,COUNT_PED_INJURED,COUNT_BICYCLIST_KILLED,COUNT_BICYCLIST_INJURED,COUNT_MC_KILLED,COUNT_MC_INJURED,PRIMARY_RAMP,SECONDARY_RAMP,LATITUDE,LONGITUDE,COUNTY,CITY,POINT_X,POINT_Y
92693918,2024,2024-07-26,9320,2024-07-16,2220,023057,,2,3,6,0704,0,1,3,,2,402,"STATE ROUTE 4 WESTBOUND","PORT CHICAGO HIGHWAY",2885.00,E,N,A,-,Y,CC,,4," ",R,16.028,H,,L,N,2,0,1,1,A,-,08,22107,,N,E,8,A,A,H,-,C,A,0,,,,,Y,,A,07,1,0,0,0,0,0,0,0,0,"- ","- ",38.011451721191406,-122.01239013671875,"CONTRA COSTA",CONCORD,-122.01240539550781,38.011501312255859
9274832,2021,2021-07-09,0710,2021-04-01,1115,1635,,4,5,5,0710,0,0,0,,0,,"S 16TH ST","FLORIDA AV",0.00,,Y,A,-,N,,,,,,,,,,N,2,0,1,2,A,-,09,21802,A,N,D,C,A,A,H,-,A,D,0,,,Y,,Y,,D,22,1,0,0,0,0,0,0,0,1,"- ","- ",,,"CONTRA COSTA",RICHMOND,-122.35400390625,37.929393768310547
9276912,2021,2021-06-10,0700,2021-04-24,2129,80634,33,6,5,4,0790,0,0,0,,0,063,"CAMINO TASSAJARA","GLASGOW DR",1170.00,E,N,A,-,N,,,,,,,,,,Y,2,0,1,1,A,-,03,22350,,N,E,I,A,A,H,-,C,D,0,,,,,Y,,A,01,1,0,0,0,0,0,0,0,0,"- ","- ",37.815189361572266,-121.96365356445312,"CONTRA COSTA",DANVILLE,-121.9603271484375,37.813282012939453
9277872,2020,2021-06-11,0700,2020-08-04,0256,80634,033,2,5,4,0790,0,0,0,,0,061,"STONE VALLEY RD","MONTE SERENO DR",0.00,,Y,A,-,,,,,,,,,,,Y,2,0,1,1,A,-,03,22350,,N,E,I,A,A,H,-,C,D,0,,,,,Y,,A,07,1,0,0,0,0,0,0,0,0,"- ","- ",37.844921112060547,-121.98229217529297,"CONTRA COSTA",DANVILLE,-121.98226928710938,37.844871520996094
9280956,2021,2021-07-01,0700,2021-05-11,0815,79302,0700,2,5,3,0792,0,0,0,,0,082,"RHEEM BL","GLORIETTA BL",0.00,,Y,A,-,N,,,,,,,,,,Y,2,0,2,1,A,-,03,22350,A,N,F,J,A,A,H,-,A,A,0,,,,,Y,,-,,1,0,1,0,0,0,0,0,0,"- ","- ",,,"CONTRA COSTA",ORINDA,-122.1624755859375,37.868965148925781
9282060,2021,2021-07-22,0700,2021-06-14,1548,OA030,2204,1,5,3,0734,0,0,0,,0,051,"MAIN ST","SANDY LN",0.00,,Y,A,-,N,,,,,,,,,,Y,2,0,1,2,A,-,09,21804,A,N,D,C,A,A,H,-,A,D,0,,,,,Y,,A,01,1,0,0,0,0,0,0,0,0,"- ","- ",,,"CONTRA COSTA",OAKLEY,-121.74742126464844,38.005138397216797
9282634,2021,2021-07-21,0707,2021-06-12,2015,216,,6,5,3,0707,0,0,0,,0,002,"SIMAS AV","DIABLO CIR",90.00,E,N,A,-,N,,,,,,,,,,Y,2,0,2,1,A,-,08,22107,,N,E,I,A,A,H,-,A,A,0,,,Y,,Y,,C,02,2,0,0,0,0,0,0,0,2,"- ","- ",,,"CONTRA COSTA",PINOLE,-122.27485656738281,37.985912322998047
9283440,2021,2021-07-20,0710,2021-04-12,1300,1692,NORTH,1,5,5,0710,0,0,0,,0,007,"MACDONALD AV","32ND ST",0.00,,Y,A,-,N,,,,,,,,,,Y,2,0,2,2,A,-,01,23152,A,N,A,C,A,A,H,-,A,D,0,,,,,Y,Y,A,01,1,0,1,0,0,0,0,0,0,"- ","- ",37.933879852294922,-122.3380126953125,"CONTRA COSTA",RICHMOND,-122.33866882324219,37.934486389160156
9283499,2021,2021-07-13,0710,2021-04-18,1915,1741,,7,5,5,0710,0,0,0,,0,,"SEACLIFF DR","CANAL BL",150.00,W,N,A,-,N,,,,,,,,,,,2,0,2,1,A,-,03,22350,,N,E,I,A,A,H,-,A,D,0,,,Y,,Y,,C,02,1,1,0,0,0,0,0,0,2,"- ","- ",37.918060302734375,-122.37268829345703,"CONTRA COSTA",RICHMOND,-122.37204742431641,37.916645050048828
9287482,2021,2021-07-28,0713,2021-06-10,1404,K55,KENSI,4,5,2,0713,0,0,0,,0,001,"COVENTRY RD","EDGECROFT RD",8.00,W,N,A,-,N,,,,,,,,,,N,2,0,1,1,A,-,08,22107,,N,F,I,A,A,H,-,A,D,0,,Y,,,Y,,L,04,1,0,0,0,0,0,1,0,0,"- ","- ",,,"CONTRA COSTA",KENSINGTON,-122.27993011474609,37.902275085449219
9289237,2021,2021-08-09,0711,2021-06-18,2225,1143,BAY,5,5,4,0711,0,0,0,,0,003,"DOVER ST","POWELL ST",0.00,,Y,A,-,N,,,,,,,,,,Y,2,0,1,8,A,-,03,22350,,N,B,C,A,-,H,-,D,D,0,,,,,Y,,A,01,1,0,0,0,0,0,0,0,0,"- ","- ",,,"CONTRA COSTA","SAN PABLO",-122.34599304199219,37.958389282226562
9291075,2021,2021-07-20,0700,2021-06-22,1540,69561,WALNU,2,5,3,0715,0,0,0,,0,041,"MT DIABLO BLVD","EL NIDO RANCH RD",0.00,,Y,A,-,N,,,,,,,,,,Y,2,0,2,2,A,-,09,21801,A,N,D,C,A,A,H,-,A,A,0,,,,,Y,,A,,2,0,0,0,0,0,0,0,0,"- ","- ",,,"CONTRA COSTA",LAFAYETTE,-122.14420318603516,37.890277862548828
9291076,2021,2021-07-20,0700,2021-06-06,1740,83231,33,7,5,4,0790,0,0,0,,0,063,"CROW CANYON RD","TASSAJARA RANCH DR",0.00,,Y,A,-,N,,,,,,,,,,Y,2,0,1,1,D,-,00,,,N,E,I,A,A,H,-,A,A,0,,,,,Y,,-,"- ",1,0,0,0,0,0,0,0,0,"- ","- ",37.935459136962891,-121.92279052734375,"CONTRA COSTA",DANVILLE,-121.92253112792969,37.793521881103516
9292463,2021,2021-07-29,0710,2021-03-17,1940,1640,SOUTH,3,5,5,0710,0,0,0,,0,001,"HARBOUR WY","FLORIDA AV",0.00,,Y,A,-,N,,,,,,,,,,N,2,0,1,2,A,-,10,21950,A,F,H,G,A,A,H,-,C,D,0,,Y,,,Y,,-,,1,0,0,0,0,0,1,0,0,"- ","- ",,,"CONTRA COSTA",RICHMOND,-122.36004638671875,37.929428100585938
9292465,2021,2021-07-26,0710,2021-03-13,0353,1707,NORTH,6,5,5,0710,0,0,0,,0,007,"SAN PABLO AV","CLINTON AV",0.00,,Y,A,-,N,,,,,,,,,,Y,2,0,1,2,A,-,12,21453,A,F,D,C,A,A,H,-,C,A,0,,,,,Y,,A,01,1,0,0,0,0,0,0,0,0,"- ","- ",37.940311431884766,-122.32774353027344,"CONTRA COSTA",RICHMOND,-122.32746124267578,37.940364837646484
9294269,2021,2021-07-26,0707,2021-05-23,2248,216,,7,5,3,0707,0,0,0,,0,003,"APPIAN WAY","MICHAEL DR",204.00,S,N,A,-,N,,,,,,,,,,Y,2,0,1,1,A,-,08,22107,,N,E,I,A,A,G,-,C,D,0,,,,,Y,,A,01,1,0,0,0,0,0,0,0,0,"- ","- ",,,"CONTRA COSTA",PINOLE,-122.29888153076172,37.989398956298828
9297983,2021,2021-08-11,0702,2021-06-19,2234,595P,305B,6,5,3,0702,0,0,0,,0,003,"SPRUCE ST","BRENTWOOD BL",0.00,,Y,A,-,N,,,,,,,,,,N,2,0,1,1,A,-,03,22350,,N,A,I,A,A,H,-,C,D,0,,,Y,,Y,Y,C,02,1,0,0,0,0,0,0,0,1,"- ","- ",37.937099456787109,-121.69627380371094,"CONTRA COSTA",BRENTWOOD,-121.69627380371094,37.937080383300781
9297984,2021,2021-08-11,0702,2021-06-14,0000,616B,228B,1,5,3,0702,0,0,0,,0,002,"LONE TREE WY","SMITH RD",70.00,E,N,A,-,N,,,,,,,,,,Y,2,0,2,2,A,-,01,23153,A,N,C,C,A,A,H,-,A,D,0,,,,,Y,Y,A,01,1,1,0,0,0,0,0,0,0,"- ","- ",37.961601257324219,-121.71170806884766,"CONTRA COSTA",BRENTWOOD,-121.71146392822266,37.961597442626953
9300892,2021,2021-08-23,0709,2021-07-04,2113,353,3010,7,5,4,0709,0,0,0,,0,002,"GOLF CLUB RD","TEMPE CT",77.00,E,N,A,-,N,,,,,,,,,,Y,2,0,3,4,A,-,10,21950,A,N,G,B,B,A,H,-,C,A,0,Y,,,,Y,,A,01,1,0,2,0,3,0,0,0,0,"- ","- ",37.968570709228516,-122.07127380371094,"CONTRA COSTA","PLEASANT HILL",-122.07102203369141,37.971382141113281
9301782,2021,2021-09-09,0740,2021-07-17,1449,SR076,SR,6,5,4,0791,0,0,0,,0,005,"DOUGHERTY RD","N MONARCH RD",1119.00,N,N,A,-,N,,,,,,,,,,Y,1,1,0,2,A,-,07,21658,A,N,C,G,A,A,H,-,A,D,0,,Y,,,Y,,A,07,0,0,0,0,0,1,0,0,0,"- ","- ",37.777778625488281,-121.92308044433594,"CONTRA COSTA","SAN RAMON",-121.92272186279297,37.780879974365234
9301807,2021,2021-09-23,0701,2021-05-25,1215,5561,303,2,5,5,0701,0,0,0,,0,003,"SOMERSVILLE RD","RT 4",0.00,,Y,A,-,N,,,,,,,,,,Y,1,1,2,3,A,-,03,22350,,N,A,C,A,A,H,-,A,A,0,,,,,Y,,A,01,1,0,1,0,0,0,0,0,0,"- ","- ",,,"CONTRA COSTA",ANTIOCH,-121.8372802734375,38.003948211669922
9301809,2021,2021-09-23,0702,2021-06-27,1539,600I,201B,7,5,3,0702,0,0,0,,0,002,"BRENTWOOD BL","GRANT ST",0.00,,Y,A,-,N,,,,,,,,,,Y,1,1,1,2,A,-,12,21453,A,N,D,C,A,A,H,-,A,A,0,,,,,Y,,A,07,1,0,0,0,0,0,0,0,0,"- ","- ",37.954288482666016,-121.6961669921875,"CONTRA COSTA",BRENTWOOD,-121.6961669921875,37.954288482666016
9303653,2021,2021-09-11,0709,2021-07-25,1300,455,1100,7,5,4,0709,0,0,0,,0,002,"TAYLOR BL","GRAYSON RD",200.00,S,N,A,-,N,,,,,,,,,,N,2,0,2,1,B,-,22,,,N,H,A,A,A,H,-,A,D,0,,Y,,,Y,,L,04,1,1,0,0,0,0,2,0,0,"- ","- ",37.947731018066406,-122.08895111083984,"CONTRA COSTA","PLEASANT HILL",-122.09014892578125,37.947189331054688
9308254,2021,2021-08-25,0701,2021-07-04,2300,5228,103,7,5,5,0701,0,0,0,,0,001,"W 10TH ST","I ST",0.00,,Y,A,-,N,,,,,,,,,,N,2,0,1,2,A,-,03,22350,I,F,C,C,A,A,H,-,C,D,0,,,,,Y,,A,01,1,0,0,0,0,0,0,0,0,"- ","- ",,,"CONTRA COSTA",ANTIOCH,-121.81591796875,38.011192321777344
9309776,2021,2021-08-23,0710,2021-05-16,1007,1224,CENTR,7,5,5,0710,0,0,0,,0,004,"13TH ST","HELLINGS AV",90.00,S,N,B,-,N,,,,,,,,,,N,2,0,1,2,A,-,09,21804,A,N,D,C,A,A,H,-,A,D,0,,,Y,,Y,,A,01,1,0,0,0,0,0,0,0,1,"- ","- ",37.948230743408203,-122.35733795166016,"CONTRA COSTA",RICHMOND,-122.35730743408203,37.947872161865234
9309855,2021,2021-08-19,0710,2021-05-23,2027,1324,CENTR,7,5,5,0710,0,0,0,,0,006,"OHIO AV","HARBOUR WY S",0.00,,Y,A,-,N,,,,,,,,,,Y,2,0,1,2,A,-,17,21461,A,N,D,C,A,A,H,-,B,A,0,,,Y,,Y,,C,03,1,0,0,0,0,0,0,0,1,"- ","- ",37.930828094482422,-122.36004638671875,"CONTRA COSTA",RICHMOND,-122.36004638671875,37.930824279785156
9309895,2021,2021-08-23,0710,2021-05-28,1733,1742,SOUTH,5,5,5,0710,0,0,0,,0,001,"WRIGHT AV","MARINA WY S",15.00,W,N,A,-,N,,,,,,,,,,Y,2,0,1,2,A,-,08,22107,,N,C,E,A,A,H,-,A,A,0,,,,,Y,Y,A,01,1,0,0,0,0,0,0,0,0,"- ","- ",37.921119689941406,-122.35616302490234,"CONTRA COSTA",RICHMOND,-122.35594177246094,37.921169281005859
9318062,2021,2021-09-22,0710,2021-07-30,1434,1716,CENTR,5,5,5,0710,0,0,0,,0,006,"16TH ST","BISSELL AV",0.00,,Y,A,-,N,,,,,,,,,,N,2,0,1,2,A,-,17,23109,C,N,D,C,A,A,H,-,A,A,0,,,Y,,Y,,C,02,1,0,0,0,0,0,0,0,1,"- ","- ",37.933990478515625,-122.35418701171875,"CONTRA COSTA",RICHMOND,-122.354248046875,37.934062957763672
9318066,2021,2021-09-22,0710,2021-07-24,1242,1716,CENTR,6,5,5,0710,0,0,0,,0,006,"5TH ST","MACDONALD AV",0.00,,Y,A,-,N,,,,,,,,,,N,2,0,1,2,A,-,03,22350,,F,G,B,E,A,H,-,A,A,0,Y,,,,Y,,A,01,1,0,0,0,1,0,0,0,0,"- ","- ",37.935779571533203,-122.36457824707031,"CONTRA COSTA",RICHMOND,-122.36473083496094,37.935718536376953
9318074,2021,2021-09-23,0710,2021-07-13,0451,1745,NORTH,2,5,5,0710,0,0,0,,0,007,"SAN PABLO AV","CLINTON AV",0.00,,N,B,-,N,,,,,,,,,,N,2,0,1,2,A,-,"- ",,,F,G,B,B,A,H,-,C,A,0,Y,,,,Y,Y,-,,1,0,0,0,1,0,0,0,0,"- ","- ",37.939609527587891,-122.32666778564453,"CONTRA COSTA",RICHMOND,-122.32746124267578,37.940364837646484
9320561,2021,2023-06-20,0700,2021-09-08,1456,70481,,3,5,3,0715,0,0,0,,0,046,"SCHOOL ST","PARADISE CT",0.00,,Y,A,-,N,,,,,,,,,,Y,1,1,1,4,A,-,08,22107,,N,B,C,B,A,H,-,A,A,0,Y,,,,Y,Y,A,07,0,1,0,1,1,0,0,0,0,"- ","- ",37.887180328369141,-122.11376953125,"CONTRA COSTA",LAFAYETTE,-122.11358642578125,37.887508392333984
9320683,2021,2022-05-05,0702,2021-10-17,0100,558T,433B,7,5,3,0702,0,0,0,,0,004,"CONCORD AV","BACCHINI LN",535.00,W,N,A,-,N,,,,,,,,,,N,1,1,1,1,A,-,01,23152,B,N,F,I,A,A,H,-,D,D,0,,,,,Y,Y,A,01,1,0,0,0,0,0,0,0,0,"- ","- ",37.905891418457031,-121.72514343261719,"CONTRA COSTA",BRENTWOOD,-121.71910095214844,37.903728485107422
9320684,2021,2022-05-05,0716,2021-11-26,1015,211,R2,5,5,3,0716,0,0,0,,0,001,"MORAGA RD","MORAGA RD 523",0.00,,N,A,-,N,,,,,,,,,,Y,1,1,0,2,A,-,08,22107,,N,H,G,A,A,H,-,A,D,0,,Y,,,Y,,L,04,0,0,0,0,0,1,0,0,0,"- ","- ",,,"CONTRA COSTA",MORAGA,-122.12751770019531,37.83404541015625
9322533,2021,2021-10-27,0700,2021-09-07,1835,013,DELTA,2,5,3,0734,0,0,0,,0,053,"LAUREL RD","OHARA AV",0.00,,Y,A,-,N,,,,,,,,,,Y,2,0,2,3,A,-,12,21453,A,N,D,C,A,A,H,-,A,A,0,,,,,Y,,-,"- ",1,0,1,0,0,0,0,0,0,"- ","- ",37.983268737792969,-121.71412658691406,"CONTRA COSTA",OAKLEY,-121.71417999267578,37.983203887939453
9322634,2021,2021-11-02,0700,2021-09-12,0710,032,OAKLE,7,5,3,0734,0,0,0,,0,051,"MAIN ST","SANDY LN",100.00,W,N,A,-,N,,,,,,,,,,N,2,0,1,2,A,-,05,21650,,N,G,B,E,A,H,-,B,A,0,Y,,,,Y,,A,01,1,0,0,0,1,0,0,0,0,"- ","- ",38.005161285400391,-121.74729919433594,"CONTRA COSTA",OAKLEY,-121.74776458740234,38.005138397216797
9323758,2021,2021-09-27,0700,2021-08-24,2120,83235,0700,2,5,3,0792,0,0,0,,0,082,"CAMINO PABLO","CAMINO PABLO RD",425.00,S,N,A,-,N,,,,,,,,,,N,2,0,2,2,A,-,01,23152,A,N,C,C,A,A,H,-,C,D,0,,,,,Y,Y,D,,1,1,0,0,0,0,0,0,0,"- ","- ",,,"CONTRA COSTA",ORINDA,,
9324559,2021,2021-10-05,0702,2021-08-09,1405,502M,416B,1,5,3,0702,0,0,0,,0,004,"BALFOUR RD","SUMMERSET DR",210.00,W,N,A,-,N,,,,,,,,,,Y,2,0,2,4,A,-,03,22350,,N,C,C,A,A,H,-,A,A,0,,,,,Y,,A,07,1,1,0,0,0,0,0,0,0,"- ","- ",37.925350189208984,-121.72840118408203,"CONTRA COSTA",BRENTWOOD,-121.7291259765625,37.925281524658203
9324991,2021,2021-10-06,0709,2021-08-27,1713,466,3040,5,5,4,0709,0,0,0,,0,002,"TAYLOR BL","NORSE DR",935.00,E,N,A,-,N,,,,,,,,,,Y,2,0,3,2,A,-,01,23152,A,N,A,D,A,A,H,-,A,D,0,,,,,Y,Y,A,07,2,1,0,0,0,0,0,0,0,"- ","- ",37.961238861083984,-122.0697021484375,"CONTRA COSTA","PLEASANT HILL",-122.06985473632812,37.961349487304688
9338209,2021,2021-10-20,0705,2021-09-01,1226,E238,PATRO,3,5,3,0705,0,0,0,,0,011,"DONAL AV","RICHMOND ST",9.00,E,N,A,-,N,,,,,,,,,,N,2,0,1,2,A,-,10,21950,A,N,G,B,B,A,H,-,A,A,0,Y,,,,Y,,A,01,1,0,0,0,1,0,0,0,0,"- ","- ",37.918910980224609,-122.30879211425781,"CONTRA COSTA","EL CERRITO",-122.30869293212891,37.919090270996094
9343738,2021,2021-10-11,0710,2021-06-05,1128,1747,NORTH,6,5,5,0710,0,0,0,,0,007,"MACDONALD AV","37TH ST",10.00,E,N,A,-,,,,,,,,,,,,2,0,1,3,A,-,03,22350,,N,C,C,A,A,H,-,A,A,0,,,,,Y,,A,07,1,0,0,0,0,0,0,0,0,"- ","- ",37.933868408203125,-122.33402252197266,"CONTRA COSTA",RICHMOND,-122.33418273925781,37.933845520019531
9346572,2021,2021-10-15,0701,2021-02-20,2027,5561,102,6,5,5,0701,0,0,0,,0,001,"W 10TH ST","VERNE ROBERTS CIR",0.00,,Y,A,-,N,,,,,,,,,,Y,2,0,2,2,A,-,09,21801,A,N,D,C,A,A,H,-,C,D,0,,,Y,,Y,,C,02,2,0,0,0,0,0,0,0,2,"- ","- ",,,"CONTRA COSTA",ANTIOCH,-121.84178161621094,38.012489318847656
9349045,2021,2021-11-02,0700,2021-08-12,1442,77020,0700,4,5,3,0792,0,0,0,,0,081,"ACACIA DR","ACACIA DR 69",0.00,,N,A,-,N,,,,,,,,,,Y,2,0,1,2,D,-,00,,,N,E,E,A,A,G,-,A,D,0,,,,,Y,,-,"- ",1,0,0,0,0,0,0,0,0,"- ","- ",,,"CONTRA COSTA",ORINDA,-122.58583831787109,39.055564880371094
9349873,2021,2021-10-26,0710,2021-08-14,2045,1708,NORTH,6,5,5,0710,0,0,0,,0,007,"MACDONALD AV","25TH ST",17.00,W,N,A,-,N,,,,,,,,,,N,2,0,1,2,A,-,11,21954,A,N,G,B,D,A,H,-,C,A,0,Y,,,,Y,Y,N,60,1,0,0,0,1,0,0,0,0,"- ","- ",37.935211181640625,-122.34535217285156,"CONTRA COSTA",RICHMOND,-122.34550476074219,37.935459136962891
9349876,2021,2021-10-26,0710,2021-08-11,1829,1802,NORTH,3,5,5,0710,0,0,0,,0,007,"GARVIN AV","26TH ST",0.00,,Y,A,-,N,,,,,,,,,,N,2,0,1,2,A,-,12,22450,A,N,D,G,A,A,H,-,A,A,0,,Y,,,Y,,L,04,1,0,0,0,0,0,1,0,0,"- ","- ",37.943519592285156,-122.34336853027344,"CONTRA COSTA",RICHMOND,-122.34317779541016,37.943656921386719
9350024,2021,2021-11-08,0700,2021-09-15,1717,70451,,3,5,3,0715,0,0,0,,0,040,"MORAGA BL","VICTORIA AV E",0.00,,Y,A,-,N,,,,,,,,,,N,2,0,1,2,A,-,12,22450,A,N,D,G,A,A,H,-,A,A,0,,Y,,,Y,,L,04,1,0,0,0,0,0,1,0,0,"- ","- ",37.889850616455078,-122.10407257080078,"CONTRA COSTA",LAFAYETTE,-122.10691833496094,37.890972137451172
9354006,2021,2021-12-27,0709,2021-11-02,1914,475,,2,5,4,0709,0,0,0,,0,001,"CONTRA COSTA BL","DORAY DR",0.00,,Y,A,-,N,,,,,,,,,,Y,2,0,2,2,A,-,12,21453,A,N,H,C,A,A,H,-,C,A,0,,,,,Y,,A,01,1,1,0,0,0,0,0,0,0,"- ","- ",37.954818725585938,-122.06022644042969,"CONTRA COSTA","PLEASANT HILL",-122.06024169921875,37.954807281494141
9362208,2021,2021-12-07,0710,2021-09-17,0415,1745,NORTH,5,5,5,0710,0,0,0,,0,008,"SAN PABLO AV","RICHMOND PKWY",0.00,,Y,A,-,N,,,,,,,,,,Y,2,0,1,1,A,-,08,22107,,N,-,I,A,A,H,-,C,A,0,,,,,Y,,A,01,1,0,0,0,0,0,0,0,0,"- ","- ",37.990821838378906,-122.32769775390625,"CONTRA COSTA",RICHMOND,-122.33290863037109,37.990764617919922
9363354,2021,2021-12-07,0700,2021-10-16,1628,78964,,6,5,4,0790,0,0,0,,0,061,"DANVILLE BL","HARTFORD RD",0.00,,Y,A,-,N,,,,,,,,,,,2,0,1,2,A,-,08,22107,,N,D,G,A,A,H,-,A,D,0,,Y,,,Y,,A,01,1,0,0,0,0,0,1,0,0,"- ","- ",37.832218170166016,-122.01407623291016,"CONTRA COSTA",DANVILLE,-122.01406860351562,37.832164764404297
9364800,2021,2021-12-10,0702,2021-10-30,0849,626T,121B,6,5,3,0702,0,0,0,,0,001,"RAPALLO CT","PORTOFINO DR",12.00,W,N,A,-,N,,,,,,,,,,Y,2,0,1,1,A,-,03,22350,,N,E,I,A,A,H,-,A,D,0,,,,,Y,,A,01,1,0,0,0,0,0,0,0,0,"- ","- ",37.938880920410156,-121.73397827148438,"CONTRA COSTA",BRENTWOOD,-121.73538208007812,37.939071655273438
9365025,2021,2021-12-29,0702,2021-11-10,0913,558T,431B,3,5,3,0702,0,0,0,,0,004,"BALFOUR RD","W COUNTRY CLUB",544.00,W,N,A,-,N,,,,,,,,,,N,2,0,2,2,A,-,08,22107,,N,D,C,A,A,H,-,A,D,0,,,,,Y,,A,01,1,1,0,0,0,0,0,0,0,"- ","- ",37.925380706787109,-121.75354766845703,"CONTRA COSTA",BRENTWOOD,-121.75440979003906,37.925296783447266
9375072,2021,2021-12-17,0714,2021-11-19,2153,166,174,5,5,4,0714,0,0,0,,0,004,"PACHECO BL","PACHECO BL 3570",0.00,,Y,A,-,N,,,,,,,,,,N,2,0,1,2,-,-,"- ",,,F,G,B,E,A,H,-,C,D,0,Y,,,,Y,,-,99,1,0,0,0,1,0,0,0,0,"- ","- ",38.010959625244141,-122.10391235351562,"CONTRA COSTA",MARTINEZ,,
9382680,2021,2021-12-24,0740,2021-11-12,1540,SR030,SR,5,5,4,0791,0,0,0,,0,4536,"DEERWOOD RD","DANA CT",157.00,E,N,A,-,N,,,,,,,,,,N,2,0,1,2,A,-,03,22350,,N,C,G,A,A,H,-,B,A,0,,Y,,,Y,,A,01,1,0,0,0,0,0,1,0,0,"- ","- ",37.777721405029297,-121.98661804199219,"CONTRA COSTA","SAN RAMON",,
94019169,2024,2024-08-09,9320,2024-08-07,"835 ",016094,,3,1,5,0708,0,1,3,,2,404,"SR-4 W/B","LOVERIDGE RD",127.00,E,N,A,-,Y,CC,,4," "," ",24.368,H,,L,Y,2,0,3,3,A,-,03,22350,,N,C,C,A,A,H,-,A,A,0,,,,,Y,,D,22,1,2,0,0,0,0,0,0,0,"- ","- ",38.011730194091797,-121.8662109375,"CONTRA COSTA",PITTSBURG,-121.86620330810547,38.011749267578125
9402812,2021,2022-02-17,0711,2021-11-26,0200,S1063,,5,5,4,0711,0,0,0,,0,,"EL PORTAL DR","FORDHAM ST",952.00,E,N,A,-,N,,,,,,,,,,Y,2,0,1,1,A,-,03,22350,,N,E,I,A,A,H,-,C,D,0,,,,,Y,,A,01,1,0,0,0,0,0,0,0,0,"- ","- ",,,"CONTRA COSTA","SAN PABLO",-122.32936859130859,37.962944030761719
9403826,2022,2022-03-18,0740,2022-02-09,1205,SR030,SR,3,5,4,0791,0,0,0,,0,4573,"BROADMOOR DR","BELLE MEADE DR",500.00,S,N,A,-,N,,,,,,,,,,N,2,0,2,2,A,-,05,21651,B,N,A,C,A,A,H,-,A,A,0,,,,,Y,,A,01,1,1,0,0,0,0,0,0,0,"- ","- ",37.731250762939453,-121.93623352050781,"CONTRA COSTA","SAN RAMON",-121.93757629394531,37.731979370117188
9410638,2022,2022-02-16,0707,2022-01-06,1919,412,,4,5,3,0707,0,0,0,,0,003,"FITZGERALD DR","JOVITA LN",746.00,E,N,B,C,N,,,,,,,,,,Y,2,0,1,1,A,-,08,22107,A,N,E,I,A,B,H,-,C,D,0,,,Y,,Y,,C,02,1,0,0,0,0,0,0,0,1,"- ","- ",,,"CONTRA COSTA",PINOLE,-122.30873107910156,37.990703582763672
9422384,2022,2022-05-02,0740,2022-03-20,1343,SR544,SR,7,5,4,0791,0,0,0,,0,004,"VILLAGE PKWY","KIMBALL AV",0.00,,Y,A,-,N,,,,,,,,,,Y,2,0,1,2,A,-,09,21804,A,N,D,C,A,A,H,-,A,A,0,,,,,Y,,A,07,1,0,0,0,0,0,0,0,0,"- ","- ",37.726070404052734,-121.929443359375,"CONTRA COSTA","SAN RAMON",-121.92942810058594,37.726055145263672
9422408,2022,2022-05-10,0702,2022-03-20,2248,595P,202B,7,5,3,0702,0,0,0,,0,002,"BRENTWOOD BL","SAND CREEK RD",181.00,N,N,A,-,N,,,,,,,,,,Y,2,0,1,3,A,-,17,24250,,N,B,C,A,A,H,-,C,D,0,,,Y,,Y,Y,C,02,1,0,0,0,0,0,0,0,1,"- ","- ",37.946659088134766,-121.69613647460938,"CONTRA COSTA",BRENTWOOD,-121.69619750976562,37.947086334228516