CASE_ID,ACCIDENT_YEAR,PROC_DATE,JURIS,COLLISION_DATE,COLLISION_TIME,OFFICER_ID,REPORTING_DISTRICT,DAY_OF_WEEK,CHP_SHIFT,POPULATION,CNTY_CITY_LOC,SPECIAL_COND,BEAT_TYPE,CHP_BEAT_TYPE,CITY_DIVISION_LAPD,CHP_BEAT_CLASS,BEAT_NUMBER,PRIMARY_RD,SECONDARY_RD,DISTANCE,DIRECTION,INTERSECTION,WEATHER_1,WEATHER_2,STATE_HWY_IND,CALTRANS_COUNTY,CALTRANS_DISTRICT,STATE_ROUTE,ROUTE_SUFFIX,POSTMILE_PREFIX,POSTMILE,LOCATION_TYPE,RAMP_INTERSECTION,SIDE_OF_HWY,TOW_AWAY,COLLISION_SEVERITY,NUMBER_KILLED,NUMBER_INJURED,PARTY_COUNT,PRIMARY_COLL_FACTOR,PCF_CODE_OF_VIOL,PCF_VIOL_CATEGORY,PCF_VIOLATION,PCF_VIOL_SUBSECTION,HIT_AND_RUN,TYPE_OF_COLLISION,MVIW,PED_ACTION,ROAD_SURFACE,ROAD_COND_1,ROAD_COND_2,LIGHTING,CONTROL_DEVICE,CHP_ROAD_TYPE,PEDESTRIAN_ACCIDENT,BICYCLE_ACCIDENT,MOTORCYCLE_ACCIDENT,TRUCK_ACCIDENT,NOT_PRIVATE_PROPERTY,ALCOHOL_INVOLVED,STWD_VEHTYPE_AT_FAULT,CHP_VEHTYPE_AT_FAULT,COUNT_SEVERE_INJ,COUNT_VISIBLE_INJ,COUNT_COMPLAINT_PAIN,COUNT_PED_KILLED,COUNT_PED_INJURED,COUNT_BICYCLIST_KILLED,COUNT_BICYCLIST_INJURED,COUNT_MC_KILLED,COUNT_MC_INJURED,PRIMARY_RAMP,SECONDARY_RAMP,LATITUDE,LONGITUDE,COUNTY,CITY,POINT_X,POINT_Y
94362350,2024,2024-08-20,9370,2024-08-12,2152,022124,,1,2,3,0715,0,1,S,,2,904,"SR-24 E/B TO ACALANES ROAD","ACALANES ROAD",500.00,W,N,A,-,Y,,,,,,,,,,Y,2,0,1,1,A,-,03,22350,,N,E,I,A,A,H,-,D,D,0,,,,,Y,,A,01,1,0,0,0,0,0,0,0,0,"- ","- ",37.891361236572266,-122.15586853027344,"CONTRA COSTA",LAFAYETTE,-122.15433502197266,37.891819000244141
94370954,2024,2024-08-27,9320,2024-06-25,1705,023993,,2,2,9,0700,0,1,1,,2,681,"I-680 N/B","STONE VALLEY ROAD",286.00,N,N,A,-,Y,CC,,680," ",R,10.447,H,,R,N,2,0,1,3,A,-,03,22350,,F,C,C,A,A,H,-,A,A,0,,,,,Y,,A,01,1,0,0,0,0,0,0,0,0,"- ","- ",37.852409362792969,-122.02884674072266,"CONTRA COSTA",UNINCORPORATED,-122.02883911132812,37.852409362792969
94378005,2024,2024-09-02,9320,2024-08-06,1805,024006,,2,2,9,0700,0,2,4,,1,042,"PACHECO BLVD N/B","1ST AVE",0.00,,Y,A,-,N,,,,,,,,,,N,2,0,1,2,A,-,09,21802,A,N,D,C,A,A,H,-,A,A,0,,,Y,,Y,,A,07,1,0,0,0,0,0,0,0,1,"- ","- ",37.985141754150391,-122.06813049316406,"CONTRA COSTA",UNINCORPORATED,-122.06820678710938,37.985057830810547
9438059,2022,2022-05-20,0703,2022-05-06,0844,C078,042,5,5,3,0703,0,0,0,,0,007,"CLAYTON RD","WASHINGTON BL",0.00,,Y,A,-,N,,,,,,,,,,N,2,0,2,2,A,-,12,21453,A,N,D,C,A,A,H,-,A,A,0,,,,,Y,,A,01,2,0,0,0,0,0,0,0,0,"- ","- ",37.951438903808594,-121.95594024658203,"CONTRA COSTA",CLAYTON,-121.95600128173828,37.951450347900391
94383008,2024,2024-09-05,9320,2024-08-24,"600 ",021185,,6,1,5,0712,0,1,3,,2,241,"SR-24 E/B TO I-680 N/B","EL CURTOLA BOULEVARD",1584.00,E,N,B,-,Y,CC,,24," ",R,8.583,H,,R,Y,2,0,2,2,A,-,01,23152,A,N,C,2,A,B,H,-,B,A,0,,,,,Y,Y,A,01,2,0,0,0,0,0,0,0,0,"- ","- ",37.896900177001953,-122.07987213134766,"CONTRA COSTA","WALNUT CREEK",-122.07987213134766,37.896888732910156
9439029,2022,2022-05-31,0711,2022-03-08,1107,1161,BAY,2,5,4,0711,0,0,0,,0,003,"23RD ST","STANDARD AV",244.00,S,N,A,-,N,,,,,,,,,,Y,2,0,2,2,A,-,03,22350,,N,C,E,A,A,H,-,A,-,0,,,,Y,Y,Y,A,01,1,0,1,0,0,0,0,0,0,"- ","- ",37.960800170898438,-122.34625244140625,"CONTRA COSTA","SAN PABLO",-122.34616088867188,37.960811614990234
94391292,2024,2024-09-12,9320,2024-09-01,1945,023993,,7,2,6,0704,0,1,3,,2,242,"SR 242 N/B","GRANT STREET",987.00,N,N,A,-,Y,CC,,242," ",R,2.360,H,,R,Y,2,0,2,2,A,-,01,23152,A,N,C,C,A,A,H,-,A,A,0,,,,,Y,Y,A,01,1,0,1,0,0,0,0,0,0,"- ","- ",37.991291046142578,-122.03965759277344,"CONTRA COSTA",CONCORD,-122.03975677490234,37.991298675537109
94396161,2024,2024-09-16,9370,2024-08-30,2210,023803,,5,3,5,0710,0,1,1,,2,083,"I-80 E/B","EL PORTAL",816.00,W,N,A,-,Y,CC,,80," "," ",5.088,H,,R,Y,2,0,3,3,A,-,05,21651,C,N,A,2,A,A,H,-,C,D,0,,,,,Y,,A,07,1,2,0,0,0,0,0,0,0,"- ","- ",37.964839935302734,-122.32479095458984,"CONTRA COSTA",RICHMOND,-122.32476806640625,37.964809417724609
94396596,2024,2024-09-17,9370,2024-09-05,"940 ",023167,,4,1,5,0710,0,1,1,,2,082,"I-80 E/B","SAN PABLO AVE",390.00,E,N,A,-,Y,CC,,80," "," ",3.054,H,,R,Y,2,0,1,1,A,-,01,23152,A,N,E,8,A,A,H,-,A,D,0,,,,,Y,Y,A,07,1,0,0,0,0,0,0,0,0,"- ","- ",37.938400268554688,-122.32534790039062,"CONTRA COSTA",RICHMOND,-122.32543182373047,37.938423156738281
94396785,2024,2024-09-17,9320,2024-08-26,1354,023768,,1,1,9,0700,0,2,4,,2,012,"SAN PABLO DAM ROAD","FIRE TRAIL NO 3",0.00,,Y,A,-,N,,,,,,,,,,N,2,0,1,1,A,-,08,22107,,N,F,A,A,A,H,-,A,A,0,,,Y,,Y,,C,02,1,0,0,0,0,0,0,0,1,"- ","- ",37.933509826660156,-122.25778198242188,"CONTRA COSTA",UNINCORPORATED,-122.30073547363281,38.004146575927734
94402214,2024,2024-09-20,9320,2024-08-26,1355,023768,,1,1,9,0700,0,2,4,,2,012,"SAN PABLO DAM ROAD","FIRE TRAIL NO 3",0.00,,Y,A,-,N,,,,,,,,,,Y,2,0,1,3,A,-,03,22350,,N,G,B,E,A,C,-,A,A,0,Y,,Y,,Y,,A,07,1,0,0,0,1,0,0,0,0,"- ","- ",37.933601379394531,-122.25778961181641,"CONTRA COSTA",UNINCORPORATED,-122.30073547363281,38.004146575927734
94402700,2024,2024-09-20,9320,2024-09-17,1505,022517,,2,2,6,0704,0,1,3,,2,402,"SR-4 EB","SOLANO WAY",1000.00,E,N,A,-,Y,CC,,4," ",R,13.725,H,,R,Y,2,0,2,4,A,-,03,22350,,N,B,C,A,A,H,-,A,A,0,,,Y,,Y,,C,02,2,0,0,0,0,0,0,0,1,"- ","- ",38.001148223876953,-122.05207824707031,"CONTRA COSTA",CONCORD,-122.05209350585938,38.001174926757812
94404108,2024,2024-12-16,9320,2024-09-02,"6   ",023982,,1,3,9,0700,0,1,3,,2,403,"SR-4 E/B","BAILEY RD",808.00,W,N,A,-,Y,CC,,4," ",R,19.951,H,,R,Y,2,0,1,2,A,-,03,22350,,N,D,C,A,A,H,-,C,A,0,,,,,Y,,A,07,1,0,0,0,0,0,0,0,0,"- ","- ",38.018749237060547,-121.94496917724609,"CONTRA COSTA",UNINCORPORATED,-121.94496917724609,38.018768310546875
94412548,2024,2024-09-30,9320,2024-09-22,"247 ",023993,,7,3,4,0709,0,1,1,,2,683,"I-680 S/B","CONCORD AVENUE",15.00,N,N,A,-,Y,CC,,680," "," ",19.885,H,,L,Y,2,0,1,2,A,-,03,22350,,N,A,C,A,A,H,-,C,A,0,,,,,Y,,A,01,1,0,0,0,0,0,0,0,0,"- ","- ",37.976291656494141,-122.06427764892578,"CONTRA COSTA","PLEASANT HILL",-122.06430816650391,37.976280212402344
94412673,2024,2024-09-30,9320,2024-09-07,"235 ",017211,,6,3,3,0706,0,1,3,,2,400,"STATE ROUTE 4 W/B","SAN PABLO AVENUE",300.00,E,N,A,-,Y,CC,,4," ",L,0.036,H,,L,Y,1,1,0,1,A,-,08,22107,,N,E,I,A,A,H,-,C,A,0,,,,,Y,,A,01,0,0,0,0,0,0,0,0,0,"- ","- ",38.015949249267578,-122.27178955078125,"CONTRA COSTA",HERCULES,-122.27183532714844,38.015846252441406
94419381,2024,2024-10-04,9320,2024-09-20,"920 ",023061,,5,1,9,0700,0,2,4,,2,096,"VASCO ROAD","DYER RD",6864.00,N,N,A,-,N,,,,,,,,,,Y,2,0,2,2,A,-,08,22107,,N,A,C,A,A,H,-,A,A,0,,,,,Y,,D,22,1,0,1,0,0,0,0,0,0,"- ","- ",37.797039031982422,-121.681396484375,"CONTRA COSTA",UNINCORPORATED,,
94420991,2024,2024-10-07,9320,2024-09-25,1650,022896,,3,2,9,0700,0,3,5,,2,075,"MOTA DR","AZORES CIR",0.00,,Y,A,-,N,,,,,,,,,,N,2,0,1,2,A,-,12,22450,A,N,D,C,A,A,H,-,A,A,0,,,Y,,Y,,C,02,1,0,0,0,0,0,0,0,1,"- ","- ",38.027458190917969,-121.97477722167969,"CONTRA COSTA",UNINCORPORATED,-121.97471618652344,38.027420043945312
94422523,2024,2024-10-08,9320,2024-09-27,2029,023783,,5,2,9,0700,0,3,5,,2,075,"SHORE ROAD","CANAL DRIVE",0.00,,Y,A,-,N,,,,,,,,,,N,2,0,1,2,A,-,08,22107,,F,D,C,A,A,H,-,C,A,0,,,Y,,Y,Y,A,01,1,0,0,0,0,0,0,0,1,"- ","- ",38.038349151611328,-121.96630859375,"CONTRA COSTA",UNINCORPORATED,-121.96625518798828,38.038330078125
94422796,2024,2024-10-08,9320,2024-09-17,1710,023775,,2,2,3,0715,0,1,3,,2,240,"SR-24 W/B","ACALANES ROAD",1690.00,W,N,B,-,Y,CC,,24," ",R,4.086,H,,L,Y,2,0,1,2,A,-,03,22350,,N,C,C,A,A,H,-,A,A,0,,,,Y,Y,,D,22,1,0,0,0,0,0,0,0,0,"- ","- ",37.893081665039062,-122.16053009033203,"CONTRA COSTA",LAFAYETTE,-122.16053009033203,37.893077850341797
94422866,2024,2024-10-08,9320,2024-09-21,1700,023766,,6,2,9,0700,0,3,5,,2,010,"LA PALOMA ROAD NORTHBOUND","CHABRE COURT",100.00,S,N,A,-,N,,,,,,,,,,N,2,0,1,1,A,-,08,22107,,N,F,A,A,A,H,-,A,A,0,,,Y,,Y,Y,-,"- ",1,0,0,0,0,0,0,0,1,"- ","- ",37.972938537597656,-122.3065185546875,"CONTRA COSTA",UNINCORPORATED,-122.30647277832031,37.972831726074219
94427015,2024,2024-10-11,9370,2024-06-08,"141 ",023488,,6,3,4,0711,0,1,1,,2,083,"I-80 E/B","EL PORTAL DR",2115.00,W,N,A,-,Y,CC,,80," "," ",4.838,H,,R,Y,2,0,2,2,A,-,00,2818,,N,G,B,E,A,D,-,C,A,0,Y,,Y,,Y,,C,02,1,1,0,0,1,0,0,0,1,"- ","- ",37.962879180908203,-122.32839965820312,"CONTRA COSTA","SAN PABLO",-122.32833099365234,37.962821960449219
94438994,2024,2024-10-21,9320,2024-09-28,"152 ",023431,,6,3,5,0701,0,1,3,,2,404,"SR-4 E/B","L ST.",450.00,W,N,A,-,Y,CC,,4," "," ",26.841,H,,R,Y,2,0,2,2,A,-,01,23152,A,N,A,C,A,A,H,-,C,A,0,,,,,Y,Y,A,01,1,1,0,0,0,0,0,0,0,"- ","- ",37.999729156494141,-121.82330322265625,"CONTRA COSTA",ANTIOCH,-121.82324981689453,37.999839782714844
94441700,2024,2024-10-23,9320,2024-08-15,1312,023496,,4,1,5,0712,0,2,4,,2,011,"APPIAN WAY N/B","LA PALOMA ROAD",153.00,S,N,A,-,N,,,,,,,,,,Y,1,1,1,5,A,-,01,23152,A,N,B,E,A,A,H,-,A,A,0,,,,,Y,Y,A,08,0,1,0,0,0,0,0,0,0,"- ","- ",37.970779418945312,-122.30612182617188,"CONTRA COSTA","WALNUT CREEK",-122.30613708496094,37.970870971679688
9444200,2022,2022-05-18,0702,2022-02-08,1523,558T,203B,2,5,3,0702,0,0,0,,0,002,"SUNSET RD","GARIN PKWY",0.00,,Y,A,-,N,,,,,,,,,,N,2,0,2,2,A,-,08,22107,,N,B,C,A,A,H,-,A,A,0,,,Y,,Y,,A,01,1,1,0,0,0,0,0,0,2,"- ","- ",37.954460144042969,-121.68550872802734,"CONTRA COSTA",BRENTWOOD,-121.68550872802734,37.954456329345703
94442131,2024,2024-10-23,9320,2024-10-11,1630,023766,,5,2,9,0700,0,1,1,,2,681,"INTERSTATE 680 SOUTHBOUND","STONE VALLEY ROAD",365.00,N,N,A,-,Y,CC,,680," ",R,10.473,H,,L,N,2,0,2,3,A,-,03,22350,,N,C,A,A,A,H,-,A,A,0,,,,,Y,,A,01,1,1,0,0,0,0,0,0,0,"- ","- ",37.852691650390625,-122.02913665771484,"CONTRA COSTA",UNINCORPORATED,-122.02909851074219,37.852691650390625
94443563,2024,2024-10-24,9320,2024-09-27,"500 ",023424,,5,3,6,0704,0,1,3,,2,242,"SR-242 N/B","GRANT ST.",438.00,S,N,A,-,Y,CC,,242," ",R,2.070,H,,R,Y,2,0,1,2,A,-,03,22350,,N,C,C,A,A,H,-,D,A,0,,,,,Y,,A,07,1,0,0,0,0,0,0,0,0,"- ","- ",37.987129211425781,-122.04058837890625,"CONTRA COSTA",CONCORD,-122.04058837890625,37.987129211425781
94443582,2024,2024-10-24,9320,2024-10-14,"545 ",023431,,1,3,9,0700,0,2,4,,2,096,"VASCO RD","CAMINO DIABLO",6283.00,S,N,A,-,N,,,,,,,,,,Y,2,0,3,4,A,-,03,22350,,N,C,C,A,A,H,-,D,A,0,,,,,Y,,A,01,1,2,0,0,0,0,0,0,0,"- ","- ",37.854381561279297,-121.65090942382812,"CONTRA COSTA",UNINCORPORATED,-121.66764068603516,37.865211486816406
94449420,2024,2024-10-29,9370,2024-10-18,1750,023870,,5,2,5,0710,0,1,1,,2,058,"I-580 W/B","MARINA BAY PARKWAY",750.00,E,N,A,-,Y,CC,,580," ",R,2.537,H,,R,N,2,0,1,1,A,-,01,23152,A,N,F,A,A,A,H,-,B,D,0,,,,,Y,Y,A,07,1,0,0,0,0,0,0,0,0,"- ","- ",37.921798706054688,-122.34114074707031,"CONTRA COSTA",RICHMOND,-122.34114074707031,37.921730041503906
94451104,2024,2024-10-30,9320,2024-10-18,2000,023766,,5,2,6,0704,0,1,3,,2,402,"STATE ROUTE 4 EASTBOUND","PORT CHICAGO HIGHWAY",1500.00,E,N,A,-,Y,CC,,4," ",R,15.732,H,,R,N,2,0,1,1,A,-,01,23152,A,M,E,I,A,A,H,-,D,A,0,,,,,Y,Y,D,22,1,0,0,0,0,0,0,0,0,"- ","- ",38.010349273681641,-122.01757049560547,"CONTRA COSTA",CONCORD,-122.01757049560547,38.010345458984375
94487518,2024,2024-11-29,9320,2024-11-21,1713,022517,,4,2,6,0704,0,1,3,,2,242,"SR-242 NB","WILLOW PASS ROAD",135.00,N,N,B,-,Y,CC,,242," ",R,0.933,H,,R,Y,2,0,2,2,A,-,03,22350,,N,C,C,A,A,H,-,A,A,0,,,Y,,Y,,A,01,1,0,1,0,0,0,0,0,1,"- ","- ",37.971630096435547,-122.04730224609375,"CONTRA COSTA",CONCORD,-122.04721069335938,37.971603393554688
94488555,2024,2024-12-02,9320,2024-11-01,"53  ",023644,,5,3,4,0709,0,1,1,,2,683,"I-680 S/B","GREGORY LANE",1220.00,N,N,A,-,Y,CC,,680," ",R,18.135,H,,L,Y,2,0,4,5,A,-,01,23152,A,N,C,4,E,A,H,-,C,D,0,Y,,,,Y,Y,A,01,1,1,2,0,2,0,0,0,0,"- ","- ",37.950950622558594,-122.05600738525391,"CONTRA COSTA","PLEASANT HILL",-122.05587768554688,37.950912475585938
94491075,2024,2024-12-03,9320,2024-09-29,"730 ",023760,,7,1,9,0700,0,1,3,,2,405,"SR-4 EASTBOOUND","LAUREL ROAD",1175.00,W,N,A,-,Y,CC,,4," ",R,31.314,H,,R,Y,2,0,1,2,A,-,03,22350,,F,F,J,A,A,H,-,A,A,0,,,Y,,Y,,C,02,1,0,0,0,0,0,0,0,1,"- ","- ",37.981521606445312,-121.74632263183594,"CONTRA COSTA",UNINCORPORATED,-121.74629211425781,37.981533050537109
94495340,2024,2024-12-09,9370,2024-11-21,"15  ",023178,,4,3,4,0711,0,1,1,,2,083,"I-80 E/B (EASTSHORE FREEWAY)","EL PORTAL DRIVE",192.00,W,N,B,C,Y,CC,,80," "," ",5.222,H,,R,Y,2,0,1,1,A,-,03,22350,,N,E,J,A,B,H,-,C,D,0,,,,,Y,,J,48,1,0,0,0,0,0,0,0,0,"- ","- ",37.965808868408203,-122.32279968261719,"CONTRA COSTA","SAN PABLO",-122.3228759765625,37.965877532958984
94498963,2024,2024-12-13,9320,2024-12-01,1235,019759,,7,1,9,0700,0,2,4,,2,077,"MARSH CREEK RD.","MORGAN TERRITORY RD.",4646.00,W,N,A,-,N,,,,,,,,,,Y,2,0,2,1,C,-,18,,,N,H,A,A,A,H,-,A,A,0,,,,,Y,,-,"- ",2,0,0,0,0,0,0,0,0,"- ","- ",37.913131713867188,-121.88613128662109,"CONTRA COSTA",UNINCORPORATED,-121.88618469238281,37.913169860839844
94511198,2024,2024-12-20,9390,2024-12-12,2310,023018,,4,3,4,0791,0,1,1,,2,068,"I-680 SOUTHBOUND FROM BOLLINGER CANYON ROAD","BOLLINGER CANYON RD",10.00,S,N,B,-,Y,,,,,,,,,,N,2,0,1,2,A,-,10,21950,A,N,G,B,C,B,H,-,C,D,0,Y,,,,Y,,A,07,1,0,0,0,1,0,0,0,0,"- ","- ",37.759651184082031,-121.96613311767578,"CONTRA COSTA","SAN RAMON",-121.96568298339844,37.760234832763672
94515475,2024,2024-12-24,9320,2024-10-08,1215,023480,,2,1,6,0704,0,1,3,,2,402,"SR 4 E/B","PORT CHICAGO HIGHWAY",85.00,W,N,A,-,Y,CC,,4," ",R,15.400,H,,R,N,2,0,1,2,A,-,08,22107,,N,E,8,A,A,H,-,A,A,0,,,,,Y,,A,07,1,0,0,0,0,0,0,0,0,"- ","- ",38.009449005126953,-122.02348327636719,"CONTRA COSTA",CONCORD,-122.02346801757812,38.009414672851562
94516416,2024,2024-12-26,9320,2024-12-07,1330,023953,,6,1,9,0700,0,2,4,,2,093,"CAMINO DIABLO","MARSH CREEK RD",2640.00,E,N,A,-,N,,,,,,,,,,N,2,0,1,1,A,-,08,22107,,N,F,A,A,A,H,-,A,A,0,,,Y,,Y,,C,02,1,0,0,0,0,0,0,0,1,"- ","- ",37.876518249511719,-121.71389007568359,"CONTRA COSTA",UNINCORPORATED,-121.71566009521484,37.876255035400391
94517084,2024,2024-12-26,9320,2024-10-13,"507 ",023002,,7,3,5,0701,0,1,3,,2,404,"SR-4 E/B","LONE TREE WAY",1340.00,W,N,A,-,Y,CC,,4," ",R,27.544,H,,R,Y,1,1,1,2,A,-,03,22350,,N,C,C,A,A,H,-,D,A,0,,,,,Y,Y,D,22,0,1,0,0,0,0,0,0,0,"- ","- ",37.998039245605469,-121.81085968017578,"CONTRA COSTA",ANTIOCH,-121.81085968017578,37.998069763183594
94517642,2024,2024-12-27,9320,2024-12-04,"255 ",023057,,3,3,9,0700,0,2,4,,2,012,"SAN PABLO DAM RD WESTBOUND","LA HONDA ROAD",294.00,E,N,A,-,N,,,,,,,,,,Y,2,0,1,2,A,-,11,21954,A,N,G,B,E,A,H,-,D,D,0,Y,,,,Y,Y,N,60,1,0,0,0,1,0,0,0,0,"- ","- ",37.962158203125,-122.28566741943359,"CONTRA COSTA",UNINCORPORATED,-122.2861328125,37.962051391601562
94519085,2024,2024-12-30,9320,2024-12-19,2145,022994,,4,2,9,0700,0,1,3,,1,406,"SR-4 E/B","WALNUT BOULEVARD",330.00,W,N,B,-,N,,,,,,,,,,Y,2,0,2,2,A,-,03,22350,,N,C,C,A,A,H,-,D,A,0,,,,,Y,,A,01,1,0,1,0,0,0,0,0,0,"- ","- ",37.986328125,-121.69750213623047,"CONTRA COSTA",UNINCORPORATED,-121.69743347167969,37.896373748779297
94519823,2024,2024-12-30,9320,2024-07-14,2255,023677,,7,3,4,0714,0,1,1,,2,683,"I-680 S/B",SR-4,439.00,S,N,B,-,Y,CC,,680," "," ",21.097,H,,L,Y,1,1,1,6,A,-,03,22350,,N,D,C,E,A,H,-,C,A,0,Y,,,,Y,Y,A,07,1,0,0,1,0,0,0,0,0,"- ","- ",37.993370056152344,-122.06900787353516,"CONTRA COSTA",MARTINEZ,-122.06897735595703,37.993385314941406
94524566,2024,2025-01-03,9320,2024-12-15,1227,024227,,7,1,5,0701,0,1,3,,2,160,"SR-160 N/B","WILBUR AVE",1003.00,N,N,A,-,Y,CC,,160," "," ",0.698,H,,R,N,2,0,1,2,A,-,03,22350,,N,C,C,A,A,H,-,A,A,0,,,Y,,Y,,C,02,1,0,0,0,0,0,0,0,1,"- ","- ",38.015060424804688,-121.75148010253906,"CONTRA COSTA",ANTIOCH,-121.75153350830078,38.015060424804688
94524572,2024,2025-01-03,9320,2024-12-16,1450,023760,,1,2,9,0700,0,2,4,,1,061,"DANVILLE BLVD","JACKSON WAY",50.00,N,N,C,-,N,,,,,,,,,,N,2,0,1,2,A,-,06,21750,,N,B,C,A,B,H,-,A,A,0,,,,,Y,,D,22,1,0,0,0,0,0,0,0,0,"- ","- ",37.853279113769531,-122.03453063964844,"CONTRA COSTA",UNINCORPORATED,-122.03447723388672,37.853233337402344
94524762,2024,2025-01-03,9320,2024-07-28,1933,023788,,7,2,9,0700,0,2,4,,2,093,"CAMINO DIABLO","VASCO ROAD",2020.00,E,N,A,-,N,,,,,,,,,,Y,1,1,0,1,A,-,01,23152,A,N,F,A,A,A,H,-,A,A,0,,,,,Y,Y,D,22,0,0,0,0,0,0,0,0,0,"- ","- ",37.867069244384766,-121.66132354736328,"CONTRA COSTA",UNINCORPORATED,-121.66111755371094,37.867172241210938
94525430,2024,2025-01-03,9320,2024-12-29,1935,023993,,7,2,9,0700,0,2,4,,2,086,"BYRON HIGHWAY S/B","CLIFTON COURT ROAD",1500.00,S,N,A,-,N,,,,,,,,,,Y,2,0,2,1,A,-,01,23153,A,N,E,I,A,A,H,-,D,A,0,,,,,Y,Y,A,07,2,0,0,0,0,0,0,0,0,"- ","- ",37.834831237792969,-121.60877227783203,"CONTRA COSTA",UNINCORPORATED,-121.59428405761719,37.822059631347656
94526419,2024,2025-01-06,9320,2024-12-08,2022,023948,,7,2,9,0700,0,2,4,,2,071,"EVORA ROAD","DRIFTWOOD DRIVE",1100.00,W,N,A,-,N,,,,,,,,,,N,2,0,1,2,A,-,11,21954,A,N,G,B,E,A,H,-,C,A,0,Y,,,,Y,,N,60,1,0,0,0,1,0,0,0,0,"- ","- ",38.022171020507812,-121.98686981201172,"CONTRA COSTA",UNINCORPORATED,-121.98661804199219,38.022342681884766
94534915,2025,2025-01-13,9320,2025-01-01,1055,019914,,3,1,9,0700,0,3,5,,2,060,"WILLOW AVENUE","OLYMPIC BOULEVARD",120.00,S,N,A,-,N,,,,,,,,,,N,2,0,1,2,A,-,10,21954,B,N,G,B,E,A,H,-,A,D,0,Y,,,,Y,,A,01,1,0,0,0,1,0,0,0,0,"- ","- ",37.886268615722656,-122.07402801513672,"CONTRA COSTA",UNINCORPORATED,-122.07413482666016,37.886402130126953
94536564,2025,2025-01-14,9320,2025-01-01,1330,023775,,3,1,5,0701,0,1,3,,2,404,"SR-4 E/B","CONTRA LOMA BLVD",686.00,E,N,B,-,Y,CC,,4," "," ",27.056,H,,R,Y,2,0,3,3,A,-,03,22350,,N,C,2,A,A,H,-,A,A,0,,,,,Y,,A,01,1,2,0,0,0,0,0,0,0,"- ","- ",37.998710632324219,-121.81968688964844,"CONTRA COSTA",ANTIOCH,-121.81962585449219,37.998851776123047
94540102,2024,2025-01-16,9320,2024-04-14,2351,022928,,7,3,3,0706,0,1,3,,2,400,"SR-4 WESTBOUND","WILLOW AVENUE",379.00,E,N,B,-,Y,CC,,4," ",R,0.784,H,,L,Y,1,1,0,2,A,-,03,22350,,N,C,C,A,A,H,-,D,A,0,,,,,Y,,A,01,0,0,0,0,0,0,0,0,0,"- ","- ",38.013980865478516,-122.25534057617188,"CONTRA COSTA",HERCULES,-122.25534057617188,38.013992309570312
94541688,2024,2025-01-17,9320,2024-10-17,"552 ",023061,,4,3,3,0702,0,2,4,,2,095,"SR-4 WB","WALNUT BOULEVARD",1190.00,W,N,A,-,Y,CC,,4," ",M,38.728,H,,L,Y,1,1,0,2,A,-,11,21954,A,N,G,B,E,A,H,-,D,A,0,Y,,,,Y,Y,N,60,0,0,0,1,0,0,0,0,0,"- ","- ",37.896339416503906,-121.70052337646484,"CONTRA COSTA",BRENTWOOD,-121.70052337646484,37.896331787109375
94542395,2024,2025-01-17,9320,2024-06-21,"412 ",022828,,5,3,9,0700,0,1,1,,2,180,"INTERSTATE 80 WESTBOUND","CALIFORNIA STREET",210.00,E,N,A,-,Y,CC,,80," "," ",11.376,H,,L,Y,1,1,1,2,A,-,03,22350,,N,D,C,A,A,H,-,C,D,0,,,,,Y,,A,01,1,0,0,0,0,0,0,0,0,"- ","- ",38.030548095703125,-122.25508117675781,"CONTRA COSTA",UNINCORPORATED,-122.25505828857422,38.030536651611328
94545726,2024,2025-01-22,9320,2024-11-01,2144,023680,,5,2,3,0715,0,1,3,,2,241,"SR-24 WB","EL NIDO RANCH RD",2640.00,E,N,B,C,Y,CC,,24," ",R,5.427,H,,L,Y,2,0,2,1,A,-,03,22350,,N,E,I,A,B,H,-,C,A,0,,,,,Y,,A,01,2,0,0,0,0,0,0,0,0,"- ","- ",37.890979766845703,-122.13632202148438,"CONTRA COSTA",LAFAYETTE,-122.13632202148438,37.890823364257812