CASE_ID,ACCIDENT_YEAR,PROC_DATE,JURIS,COLLISION_DATE,COLLISION_TIME,OFFICER_ID,REPORTING_DISTRICT,DAY_OF_WEEK,CHP_SHIFT,POPULATION,CNTY_CITY_LOC,SPECIAL_COND,BEAT_TYPE,CHP_BEAT_TYPE,CITY_DIVISION_LAPD,CHP_BEAT_CLASS,BEAT_NUMBER,PRIMARY_RD,SECONDARY_RD,DISTANCE,DIRECTION,INTERSECTION,WEATHER_1,WEATHER_2,STATE_HWY_IND,CALTRANS_COUNTY,CALTRANS_DISTRICT,STATE_ROUTE,ROUTE_SUFFIX,POSTMILE_PREFIX,POSTMILE,LOCATION_TYPE,RAMP_INTERSECTION,SIDE_OF_HWY,TOW_AWAY,COLLISION_SEVERITY,NUMBER_KILLED,NUMBER_INJURED,PARTY_COUNT,PRIMARY_COLL_FACTOR,PCF_CODE_OF_VIOL,PCF_VIOL_CATEGORY,PCF_VIOLATION,PCF_VIOL_SUBSECTION,HIT_AND_RUN,TYPE_OF_COLLISION,MVIW,PED_ACTION,ROAD_SURFACE,ROAD_COND_1,ROAD_COND_2,LIGHTING,CONTROL_DEVICE,CHP_ROAD_TYPE,PEDESTRIAN_ACCIDENT,BICYCLE_ACCIDENT,MOTORCYCLE_ACCIDENT,TRUCK_ACCIDENT,NOT_PRIVATE_PROPERTY,ALCOHOL_INVOLVED,STWD_VEHTYPE_AT_FAULT,CHP_VEHTYPE_AT_FAULT,COUNT_SEVERE_INJ,COUNT_VISIBLE_INJ,COUNT_COMPLAINT_PAIN,COUNT_PED_KILLED,COUNT_PED_INJURED,COUNT_BICYCLIST_KILLED,COUNT_BICYCLIST_INJURED,COUNT_MC_KILLED,COUNT_MC_INJURED,PRIMARY_RAMP,SECONDARY_RAMP,LATITUDE,LONGITUDE,COUNTY,CITY,POINT_X,POINT_Y
9455633,2022,2022-06-29,0709,2022-06-11,1944,467,2290,6,5,4,0709,0,0,0,,0,002,"CONTRA COSTA BL","MASSOLO DR",0.00,,Y,A,-,N,,,,,,,,,,Y,2,0,1,1,A,-,03,22350,,N,E,I,A,A,H,-,A,D,0,,,Y,,Y,,C,02,1,0,0,0,0,0,0,0,1,"- ","- ",37.955818176269531,-122.05982208251953,"CONTRA COSTA","PLEASANT HILL",-122.0604248046875,37.956024169921875
94556912,2025,2025-02-28,9320,2025-01-21,1939,023953,,2,2,9,0700,0,2,4,,2,097,"VASCO RD","MARSH CREEK RD",785.00,S,N,A,-,N,,,,,,,,,,Y,2,0,2,2,A,-,08,22107,,N,D,C,A,A,H,-,D,A,0,,,,,Y,,A,01,2,0,0,0,0,0,0,0,0,"- ","- ",37.894428253173828,-121.71044158935547,"CONTRA COSTA",UNINCORPORATED,-121.71049499511719,37.894535064697266
94567212,2025,2025-02-06,9320,2025-01-20,"4   ",023788,,1,3,9,0700,0,1,3,,2,401,"SR-4 W/B","FRANKLIN CANYON",4552.00,E,N,A,-,Y,CC,,4," ",R,3.446,H,,L,Y,2,0,2,1,A,-,01,23152,A,N,E,I,A,A,H,-,C,A,0,,,,,Y,Y,A,01,1,0,1,0,0,0,0,0,0,"- ","- ",38.008201599121094,-122.21237945556641,"CONTRA COSTA",UNINCORPORATED,-122.21237945556641,38.008243560791016
94569892,2024,2025-02-07,9320,2024-09-07,"314 ",023680,,6,3,6,0704,0,1,3,,2,242,"SR-242 N/B & S/B",SR-4,5280.00,S,N,A,-,Y,CC,,242," ",R,3.240,H,,L,Y,2,0,3,4,A,-,01,23152,A,N,C,2,A,A,H,-,C,A,0,,,,,Y,Y,A,01,2,1,0,0,0,0,0,0,0,"- ","- ",38.003948211669922,-122.03690338134766,"CONTRA COSTA",CONCORD,-122.0372314453125,38.004005432128906
94572453,2025,2025-02-10,9320,2025-01-31,1840,022486,,5,2,9,0700,0,2,4,,2,072,"901 BAILEY ROAD","WILLOW AVE",1795.00,S,N,B,C,N,,,,,,,,,,N,2,0,1,1,B,-,22,,,N,G,B,A,B,H,-,C,D,0,,,,,Y,,A,07,1,0,0,0,0,0,0,0,0,"- ","- ",38.007789611816406,-121.93950653076172,"CONTRA COSTA",UNINCORPORATED,-121.94081878662109,38.007598876953125
94574268,2025,2025-02-11,9320,2025-02-05,1400,023993,,3,2,9,0700,0,2,4,,2,071,"BAILEY RD SB","CANAL RD",0.00,,Y,G,-,N,,,,,,,,,,Y,2,0,3,2,A,-,03,22350,,F,C,C,A,A,H,-,A,A,0,,,,,Y,,A,07,2,1,0,0,0,0,0,0,0,"- ","- ",38.020271301269531,-121.94197082519531,"CONTRA COSTA",UNINCORPORATED,-121.94187927246094,38.021560668945312
94575622,2025,2025-02-12,9390,2025-02-05,1210,016178,,3,1,9,0700,0,2,4,,2,113,"HIGHLAND ROAD WESTBOUND","CAMINO TASSAJARA ROAD",394.00,E,N,B,-,N,,,,,,,,,,N,2,0,1,1,A,-,08,22107,,N,F,A,A,A,H,-,A,D,0,,Y,,,Y,,L,04,1,0,0,0,0,0,1,0,0,"- ","- ",37.775909423828125,-121.86028289794922,"CONTRA COSTA",UNINCORPORATED,-121.86036682128906,37.775871276855469
94577721,2024,2025-02-13,9390,2024-11-27,"437 ",021478,,3,3,4,0791,0,1,1,,2,068,"I-680 SOUTHBOUND","CROW CANYON ROAD",1770.00,S,N,A,-,Y,CC,,680," ",R,3.888,H,,L,Y,1,1,0,2,A,-,11,21954,A,N,G,B,E,A,H,-,C,D,0,Y,,,,Y,Y,N,60,0,0,0,1,0,0,0,0,0,"- ","- ",37.773101806640625,-121.973388671875,"CONTRA COSTA","SAN RAMON",-121.97335815429688,37.773109436035156
94579813,2024,2025-02-14,9320,2024-11-02,"220 ",023680,,6,3,3,0715,0,1,3,,2,241,"SR-24 E/B","EL NIDO RANCH RD",425.00,W,N,B,C,Y,CC,,24," ",R,4.869,H,,R,Y,2,0,1,2,A,-,03,22350,,N,E,I,A,B,H,-,C,A,0,,,,,Y,,A,01,1,0,0,0,0,0,0,0,0,"- ","- ",37.890750885009766,-122.14588928222656,"CONTRA COSTA",LAFAYETTE,-122.14591979980469,37.890899658203125
94582325,2025,2025-02-18,9320,2025-02-04,2138,023821,,2,2,4,0709,0,1,1,,2,683,"I-680 SB","WILLOW PASS RD.",2640.00,S,N,B,-,Y,CC,,680," ",R,18.745,H,,L,Y,2,0,1,1,A,-,03,22350,,N,E,I,A,B,H,-,C,A,0,,,,,Y,,A,01,1,0,0,0,0,0,0,0,0,"- ","- ",37.959140777587891,-122.05255889892578,"CONTRA COSTA","PLEASANT HILL",-122.05265808105469,37.959133148193359
94582724,2025,2025-02-18,9320,2025-01-31,2240,024221,,5,3,5,0712,0,1,1,,2,682,"I-680 SB","OLYMPIC BLVD",330.00,N,N,C,-,Y,CC,,680," "," ",14.001,H,,L,Y,2,0,1,1,A,-,08,22107,,N,E,8,A,B,H,-,C,A,0,,,,,Y,,A,01,1,0,0,0,0,0,0,0,0,"- ","- ",37.894309997558594,-122.06797027587891,"CONTRA COSTA","WALNUT CREEK",-122.06802368164062,37.894241333007812
94586600,2024,2025-02-24,9370,2024-05-29,2350,022981,,3,3,5,0710,0,1,1,,2,083,"I-80 E/B (EASTSHORE FREEWAY)","HILLTOP DRIVE",1600.00,W,N,A,-,Y,CC,,80," "," ",5.678,H,,R,N,1,1,2,3,A,-,01,23152,A,N,C,C,E,A,H,-,C,D,0,Y,,,,Y,Y,A,01,1,0,1,1,0,0,0,0,0,"- ","- ",37.971900939941406,-122.31970977783203,"CONTRA COSTA",RICHMOND,-122.31980133056641,37.971916198730469
94587289,2025,2025-02-24,9320,2025-01-26,2330,024221,,7,3,9,0700,0,2,4,,2,088,"SELLERS AVENUE",SR-4,1439.00,N,N,A,-,N,,,,,,,,,,Y,2,0,1,1,A,-,01,23152,A,N,F,0,A,A,H,-,D,A,0,,,,,Y,Y,A,01,1,0,0,0,0,0,0,0,0,"- ","- ",37.900428771972656,-121.6781005859375,"CONTRA COSTA",UNINCORPORATED,-121.67803955078125,37.900493621826172
94594800,2024,2025-03-03,9320,2024-11-02,"35  ",023684,,6,3,3,0706,0,1,1,,2,180,"I-80 WESTBOUND","WILLOW AVE",1450.00,E,N,B,C,Y,CC,,80," "," ",10.972,H,,L,Y,1,1,1,1,A,-,08,22107,,N,E,8,A,B,H,-,C,D,0,,,,,Y,,A,01,1,0,0,0,0,0,0,0,0,"- ","- ",38.025901794433594,-122.25961303710938,"CONTRA COSTA",HERCULES,-122.25946044921875,38.025810241699219
94595210,2024,2025-03-03,9370,2024-05-25,"120 ",023369,,6,3,9,0700,0,2,4,,1,011,"SAN PABLO AVENUE S/B (16000 BLOCK)","SHAMROCK DRIVE",368.00,S,N,B,-,N,,,,,,,,,,Y,1,1,0,3,A,-,01,23152,A,F,C,2,E,A,H,-,C,D,0,Y,,,,Y,Y,D,22,0,0,0,1,0,0,0,0,0,"- ","- ",37.994949340820312,-122.32829284667969,"CONTRA COSTA",UNINCORPORATED,-122.32821655273438,37.995002746582031
94596136,2024,2025-03-04,9370,2024-12-31,"33  ",024007,,2,3,5,0710,0,1,1,,2,082,"I-80 W/B (EASTSHORE FREEWAY)","BARRETT AVENUE",170.00,W,N,A,-,Y,CC,,80," "," ",2.811,H,,L,Y,1,1,0,1,A,-,08,22107,,N,E,I,A,A,H,-,D,D,0,,,,,Y,,A,07,0,0,0,0,0,0,0,0,0,"- ","- ",37.935199737548828,-122.32691192626953,"CONTRA COSTA",RICHMOND,-122.32697296142578,37.935203552246094
94598709,2024,2025-03-12,9320,2024-08-10,"3   ",023431,,6,3,3,0792,0,1,3,,2,240,"SR-24 W/B","ST. STEPHENS DR.",1696.00,E,N,A,-,Y,CC,,24," ",R,3.844,H,,L,Y,1,1,1,4,A,-,01,23152,A,N,C,C,A,A,H,-,C,D,0,,,Y,,Y,Y,A,07,0,1,0,0,0,0,0,1,0,"- ","- ",37.893058776855469,-122.16494750976562,"CONTRA COSTA",ORINDA,-122.16495513916016,37.893089294433594
94598993,2025,2025-03-14,9370,2025-03-04,1845,024352,,2,2,9,0700,0,3,5,,2,012,"GREENWOOD DRIVE (2400 BLOCK)","ROLLINGWOOD DRIVE",735.00,N,N,B,-,N,,,,,,,,,,N,2,0,1,1,A,-,03,22350,,N,F,A,A,A,H,-,C,D,0,,,,,Y,,M,94,1,0,0,0,0,0,0,0,0,"- ","- ",37.966091156005859,-122.33669281005859,"CONTRA COSTA",UNINCORPORATED,-122.33660125732422,37.965904235839844
94601852,2025,2025-04-04,9320,2025-01-31,1850,023953,,5,2,3,0715,0,1,3,,2,241,"SR-24 W/B","ACALANES RD",4752.00,E,N,B,C,Y,CC,,24," ",R,5.326,H,,L,Y,2,0,4,3,A,-,03,22350,,N,D,C,A,A,H,-,C,A,0,,,,,Y,,A,01,1,1,2,0,0,0,0,0,0,"- ","- ",37.890949249267578,-122.13813018798828,"CONTRA COSTA",LAFAYETTE,-122.13812255859375,37.890964508056641
9460311,2022,2022-06-27,0740,2022-05-04,1418,SR105,SR,3,5,4,0791,0,0,0,,0,BEAT1,"DEERWOOD RD","PROMONTORY TER",0.00,,Y,A,-,N,,,,,,,,,,N,2,0,1,2,A,-,09,21804,A,N,D,G,A,A,H,-,A,D,0,,Y,,,Y,,A,01,1,0,0,0,0,0,1,0,0,"- ","- ",37.777088165283203,-121.98638916015625,"CONTRA COSTA","SAN RAMON",-121.98773956298828,37.776508331298828
94604281,2025,2025-03-18,9370,2025-01-13,"157 ",023576,,1,3,3,0705,0,1,1,,2,082,"I-80 W/B","CUTTING BOULEVARD",640.00,W,N,A,-,Y,CC,,80," "," ",1.928,H,,L,N,1,1,0,1,A,-,08,22107,,N,E,8,A,A,D,-,D,D,0,,,,,Y,,A,01,0,0,0,0,0,0,0,0,0,"- ","- ",37.923851013183594,-122.31986236572266,"CONTRA COSTA","EL CERRITO",-122.31993103027344,37.923816680908203
94605242,2024,2025-03-18,9320,2024-10-25,"605 ",017271,,5,1,9,0700,0,1,1,,2,681,"I-680 N/B","RUDGEAR RD U/C",1320.00,S,N,A,-,Y,CC,,680," ",R,12.384,H,,R,Y,1,1,2,2,A,-,03,22350,,N,D,C,A,A,H,-,D,A,0,,,,,Y,,D,22,1,0,1,0,0,0,0,0,0,"- ","- ",37.876361846923828,-122.04634094238281,"CONTRA COSTA",UNINCORPORATED,-122.04631042480469,37.876377105712891
94609050,2025,2025-03-18,9320,2025-03-03,1730,023680,,1,2,9,0700,0,2,4,,2,086,"BYRON HWY","N. BRUNS WAY",547.00,S,N,A,-,N,,,,,,,,,,Y,2,0,1,1,A,-,01,23152,A,N,E,I,A,A,H,-,B,A,0,,,,,Y,Y,A,01,1,0,0,0,0,0,0,0,0,"- ","- ",37.828231811523438,-121.60330200195312,"CONTRA COSTA",UNINCORPORATED,-121.60348510742188,37.828304290771484
94612397,2025,2025-03-21,9370,2025-01-12,2110,023905,,7,2,5,0710,0,1,1,,2,082,"I-80 W/B","CUTTING BOULEVARD",616.00,W,N,A,-,Y,CC,,80," "," ",1.930,H,,L,Y,1,1,1,3,A,-,08,22107,,N,E,8,A,A,D,-,D,D,0,,,,,Y,,A,07,0,0,1,0,0,0,0,0,0,"- ","- ",37.923870086669922,-122.31989288330078,"CONTRA COSTA",RICHMOND,-122.3199462890625,37.923843383789062
94612494,2025,2025-03-21,9370,2025-03-06,2332,024343,,4,3,9,0700,0,3,5,,2,010,"SAN PABLO AVENUE","KAY ROAD",0.00,,Y,A,-,N,,,,,,,,,,Y,2,0,1,1,A,-,01,23152,G,N,E,I,A,A,H,-,C,A,0,,,,,Y,Y,A,07,1,0,0,0,0,0,0,0,0,"- ","- ",37.991668701171875,-122.33157348632812,"CONTRA COSTA",UNINCORPORATED,-122.33185577392578,37.991645812988281
94612607,2025,2025-03-21,9320,2025-02-14,1827,023948,,5,2,5,0701,0,1,3,,2,405,"SR-4 WB FROM LONE TREE WAY","LONE TREE WAY (BRENTWOOD)",40.00,W,N,A,-,Y,,,,,,,,,,N,2,0,1,2,A,-,03,22350,,N,D,G,A,A,H,-,C,A,0,,Y,,,Y,,A,07,1,0,0,0,0,0,1,0,0,"- ","- ",37.961921691894531,-121.74156951904297,"CONTRA COSTA",ANTIOCH,-121.80210876464844,37.998390197753906
94612740,2025,2025-03-21,9320,2025-03-18,1918,022486,,2,2,5,0712,0,1,3,,2,241,"SR-24 E/B TO I-680 N/B","EL CURTOLA BLVD",2170.00,E,N,A,-,Y,CC,,24," ",R,8.715,H,,R,Y,2,0,2,1,A,-,01,23152,A,N,E,I,A,A,H,-,B,A,0,,,,,Y,Y,A,01,2,0,0,0,0,0,0,0,0,"- ","- ",37.896381378173828,-122.07768249511719,"CONTRA COSTA","WALNUT CREEK",-122.07771301269531,37.89630126953125
94612806,2025,2025-03-21,9320,2025-03-10,2330,024165,,1,3,3,0707,0,1,1,,2,180,"I-80 EASTBOUND","PINOLE VALLEY ROAD",140.00,E,N,A,-,Y,CC,,80," "," ",8.555,H,,R,Y,2,0,3,3,A,-,03,22350,,N,C,C,A,A,H,-,C,A,0,,,,,Y,,A,01,1,0,2,0,0,0,0,0,0,"- ","- ",37.997421264648438,-122.28559875488281,"CONTRA COSTA",PINOLE,-122.28564453125,37.997447967529297
94613910,2025,2025-03-24,9320,2025-03-07,"227 ",023424,,5,3,5,0712,0,1,1,,2,681,"I-680 N/B","RUDGEAR RD.",598.00,S,N,A,-,Y,CC,,680," ",R,12.490,H,,R,N,2,0,2,4,A,-,05,21651,B,F,B,0,A,A,H,-,C,A,0,,,,,Y,Y,A,07,1,0,1,0,0,0,0,0,0,"- ","- ",37.877540588378906,-122.04759216308594,"CONTRA COSTA","WALNUT CREEK",-122.04756927490234,37.877552032470703
94632469,2025,2025-04-01,9370,2025-03-14,1650,024126,,5,2,9,0700,0,3,5,,2,012,"TARA HILLS DRIVE","CORNELIUS DRIVE",0.00,,Y,A,-,N,,,,,,,,,,Y,2,0,1,2,A,-,09,21802,A,N,D,C,A,A,H,-,A,A,0,,,,,Y,,D,22,1,0,0,0,0,0,0,0,0,"- ","- ",37.997760772705078,-122.31243133544922,"CONTRA COSTA",UNINCORPORATED,-122.31235504150391,37.997791290283203
94637357,2025,2025-04-04,9320,2025-03-30,"420 ",017211,,7,3,9,0700,0,1,1,,2,180,"INTERSTATE 80 E/B","VISTA DEL RIO STREET",340.00,W,N,B,C,Y,CC,,80," "," ",13.450,H,,R,Y,2,0,1,1,A,-,01,23152,A,N,E,I,A,B,H,-,C,A,0,,,,,Y,Y,D,22,1,0,0,0,0,0,0,0,0,"- ","- ",38.051780700683594,-122.22850036621094,"CONTRA COSTA",UNINCORPORATED,-122.22856903076172,38.051841735839844
94644558,2025,2025-04-10,9320,2025-03-01,2211,023768,,6,3,4,0709,0,1,1,,2,682,"I-680 SOUTHBOUND","TREAT BOULEVARD",516.00,N,N,B,C,Y,CC,,680," "," ",16.506,H,,L,Y,2,0,2,5,A,-,03,22350,,N,C,2,C,B,H,-,C,A,0,Y,,,,Y,,A,01,2,0,0,0,2,0,0,0,0,"- ","- ",37.928020477294922,-122.06070709228516,"CONTRA COSTA","PLEASANT HILL",-122.06063079833984,37.928016662597656
9464794,2022,2022-12-06,0712,2022-10-17,2033,P594,,1,5,5,0712,0,0,0,,0,001,"S MAIN ST","BOTELHO DR",130.00,S,N,A,-,N,,,,,,,,,,N,2,0,1,2,A,-,11,21954,A,F,G,B,D,A,H,-,C,A,0,Y,,,,Y,,N,60,1,0,0,0,1,0,0,0,0,"- ","- ",,,"CONTRA COSTA","WALNUT CREEK",-122.059326171875,37.894927978515625
94648325,2025,2025-04-14,9320,2025-04-02,"22  ",023982,,3,3,3,0707,0,1,1,,2,180,"INTERSTATE 80 WESTBOUND","PINOLE VALLEY ROAD",3135.00,E,N,A,-,Y,CC,,80," "," ",9.119,H,,L,Y,2,0,2,3,A,-,03,22350,,F,C,C,A,A,H,-,D,A,0,,,,Y,Y,,F,27,2,0,0,0,0,0,0,0,0,"- ","- ",38.004150390625,-122.279541015625,"CONTRA COSTA",PINOLE,-122.27960205078125,38.004184722900391
9464976,2022,2022-12-28,0709,2022-10-10,1504,383,3080,1,5,4,0709,0,0,0,,0,002,"CONTRA COSTA BL","HARRIET DR",0.00,,Y,A,-,N,,,,,,,,,,Y,2,0,3,2,A,-,08,22107,,N,B,C,A,A,H,-,A,D,0,,,,,Y,,A,01,1,2,0,0,0,0,0,0,0,"- ","- ",37.960090637207031,-122.06134033203125,"CONTRA COSTA","PLEASANT HILL",-122.06149291992188,37.960075378417969
9465203,2022,2023-01-12,0716,2022-10-02,1628,218,R8,7,5,3,0716,0,0,0,,0,002,"CAMINO PABLO","SANDERS RANCH RD",18.00,S,N,A,-,N,,,,,,,,,,Y,2,0,1,1,C,-,18,,,N,E,I,A,A,H,-,A,D,0,,,,,Y,Y,-,"- ",1,0,0,0,0,0,0,0,0,"- ","- ",,,"CONTRA COSTA",MORAGA,-122.11625671386719,37.814243316650391
94660135,2025,2025-05-07,9320,2025-04-13,"145 ",023756,,7,3,5,0708,0,1,3,,2,404,"SR-4 W/B","LOVERIDGE RD",1757.00,E,N,A,-,Y,CC,,4," "," ",24.679,H,,L,Y,2,0,6,2,A,-,08,22107,,N,C,C,A,A,H,-,D,A,0,,,,,Y,Y,A,07,1,1,4,0,0,0,0,0,0,"- ","- ",38.010501861572266,-121.86073303222656,"CONTRA COSTA",PITTSBURG,-121.86074829101562,38.010456085205078
94668442,2025,2025-04-29,9320,2025-04-12,"738 ",024442,,6,1,6,0704,0,1,3,,2,402,"SR-4 EASTBOUND","KINNE BOULEVARD",442.00,E,N,A,-,Y,CC,,4," ",R,16.142,H,,R,Y,2,0,3,1,A,-,08,22107,,N,E,I,A,A,H,-,A,D,0,,,,,Y,,A,07,1,2,0,0,0,0,0,0,0,"- ","- ",38.011371612548828,-122.01009368896484,"CONTRA COSTA",CONCORD,-122.01011657714844,38.011489868164062
94670769,2025,2025-04-30,9320,2025-03-28,1303,024221,,5,1,4,0714,0,1,1,,2,683,I-680,"PACHECO BLVD",1470.00,S,N,B,-,Y,CC,,680," "," ",22.138,H,,R,Y,2,0,1,1,A,-,08,22107,,N,A,8,A,A,H,-,A,D,0,,,,,Y,,A,07,1,0,0,0,0,0,0,0,0,"- ","- ",38.004791259765625,-122.08149719238281,"CONTRA COSTA",MARTINEZ,-122.08160400390625,38.004718780517578
94683214,2025,2025-05-12,9320,2025-04-27,1735,024219,,7,2,3,0706,0,1,3,,2,400,"SR-4 W/B TO I-80 E/B","I-80 E/B",285.00,E,N,A,-,Y,CC,,4," "," ",0.072,H,,L,N,2,0,1,1,A,-,08,22107,,N,E,I,A,A,H,-,A,A,0,,,Y,,Y,,C,02,1,0,0,0,0,0,0,0,1,"- ","- ",38.015018463134766,-122.26799774169922,"CONTRA COSTA",HERCULES,-122.26811218261719,38.014778137207031
94683874,2025,2025-05-12,9370,2025-04-27,1853,023900,,7,2,5,0710,0,1,1,,2,083,"I-80 W/B","EL PORTAL DRIVE",800.00,E,N,A,-,Y,CC,,80," "," ",5.432,H,,L,Y,2,0,2,2,A,-,01,23152,A,N,B,C,A,A,H,-,A,D,0,,,,,Y,Y,A,01,1,1,0,0,0,0,0,0,0,"- ","- ",37.968521118164062,-122.32115173339844,"CONTRA COSTA",RICHMOND,-122.32112884521484,37.968517303466797
94684302,2025,2025-05-12,9390,2025-04-28,1438,021649,,1,2,9,0700,0,2,4,,2,112,"CAMINO TASSAJARA (3900 BLOCK)","BUCKINGHAM DRIVE",208.00,E,N,A,-,N,,,,,,,,,,N,2,0,1,2,A,-,03,22350,,N,C,C,A,A,H,-,A,D,0,,,Y,,Y,,C,02,1,0,0,0,0,0,0,0,1,"- ","- ",37.798679351806641,-121.912109375,"CONTRA COSTA",UNINCORPORATED,-121.91217803955078,37.798664093017578
94693560,2025,2025-05-20,9320,2025-02-23,"330 ",023644,,7,3,3,0715,0,1,3,,2,241,"SR-24 E/B","PLEASANT HILL ROAD",660.00,W,N,B,-,Y,CC,,24," ",R,7.548,H,,R,Y,2,0,1,2,A,-,08,22107,,N,B,2,A,A,H,-,C,D,0,,,,,Y,,D,22,1,0,0,0,0,0,0,0,0,"- ","- ",37.897411346435547,-122.09825897216797,"CONTRA COSTA",LAFAYETTE,-122.0982666015625,37.897449493408203
94693813,2025,2025-05-20,9320,2025-05-10,1355,023760,,6,1,3,0792,0,1,3,,2,240,"SR-24 E/B","CAMINO PABLO",1320.00,E,N,A,-,Y,CC,,24," ",R,3.036,H,,R,Y,2,0,3,2,A,-,08,22107,,N,B,2,A,A,H,-,A,A,0,,,,,Y,,D,22,1,1,1,0,0,0,0,0,0,"- ","- ",37.887481689453125,-122.17717742919922,"CONTRA COSTA",ORINDA,-122.17714691162109,37.887462615966797
94701061,2025,2025-05-27,9320,2025-05-16,2310,023982,,5,3,4,0709,0,1,1,,2,682,"INTERSTATE 680 NORTHBOUND","OAK PARK BLVD",1324.00,N,N,A,-,Y,CC,,680," "," ",17.155,H,,R,Y,2,0,1,2,A,-,01,23152,A,N,C,C,A,A,H,-,C,A,0,,,Y,,Y,Y,C,02,1,0,0,0,0,0,0,0,1,"- ","- ",37.937080383300781,-122.06008148193359,"CONTRA COSTA","PLEASANT HILL",-122.06015777587891,37.937076568603516
94709214,2025,2025-06-02,9320,2025-05-17,1355,023766,,6,1,9,0700,0,1,3,,2,403,"SR-4 EASTBOUND TO BAILEY ROAD","BAILEY ROAD",240.00,E,N,A,-,Y,,,,,,,,,,Y,2,0,1,1,A,-,03,22350,,M,A,8,A,A,H,-,A,A,0,,,,,Y,,A,01,1,0,0,0,0,0,0,0,0,"- ","- ",38.018478393554688,-121.94042205810547,"CONTRA COSTA",UNINCORPORATED,-121.94107818603516,38.018741607666016
94728727,2025,2025-06-17,9320,2025-06-04,2304,023431,,3,3,9,0700,0,3,5,,2,039,"CALIFORNIA ST","5TH ST",5.00,N,N,A,-,N,,,,,,,,,,N,2,0,1,1,A,-,08,22107,,N,E,I,A,A,H,-,C,A,0,,,Y,,Y,,C,02,1,0,0,0,0,0,0,0,1,"- ","- ",38.033378601074219,-122.25879669189453,"CONTRA COSTA",UNINCORPORATED,-122.25862121582031,38.033370971679688
94728919,2024,2025-06-17,9320,2024-12-06,1625,023788,,5,2,9,0700,0,2,4,,2,088,"SELLERS AVENUE","SUNSET ROAD",2600.00,N,N,A,-,N,,,,,,,,,,Y,1,1,0,1,A,-,01,23152,F,N,E,I,A,A,H,-,A,D,0,,,,,Y,,M,96,0,0,0,0,0,0,0,0,0,"- ","- ",37.961711883544922,-121.67774963378906,"CONTRA COSTA",UNINCORPORATED,-121.67764282226562,37.961662292480469
94730125,2025,2025-06-18,9320,2025-06-08,"106 ",023766,,7,3,5,0701,0,1,3,,2,404,"STATE ROUTE 4 EASTBOUND","HILLCREST AVENUE",1175.00,E,N,A,-,Y,CC,,4," ",R,29.199,H,,R,Y,2,0,2,2,A,-,08,22107,,N,D,C,A,A,H,-,C,D,0,,,,,Y,,A,07,1,1,0,0,0,0,0,0,0,"- ","- ",37.995231628417969,-121.78070068359375,"CONTRA COSTA",ANTIOCH,-121.78067779541016,37.995307922363281
94738706,2025,2025-06-25,9320,2025-05-12,1620,023763,,1,2,9,0700,0,2,4,,2,011,"APPIAN WAY","SANTA RITA RD",200.00,S,N,B,-,N,,,,,,,,,,N,2,0,1,1,A,-,08,22107,,N,F,A,A,A,H,-,A,D,0,,Y,,,Y,,M,91,1,0,0,0,0,0,1,0,0,"- ","- ",37.968929290771484,-122.30812835693359,"CONTRA COSTA",UNINCORPORATED,-122.307861328125,37.969219207763672
94738834,2025,2025-06-25,9320,2025-06-14,1909,023783,,6,2,9,0700,0,2,4,,1,061,"DANVILLE BOULEVARD","ORCHARD COURT",0.00,,Y,A,-,N,,,,,,,,,,Y,2,0,1,1,A,-,08,22107,,N,F,I,A,A,H,-,A,A,0,,,Y,,Y,,C,02,1,0,0,0,0,0,0,0,1,"- ","- ",37.852161407470703,-122.03370666503906,"CONTRA COSTA",UNINCORPORATED,-122.03369140625,37.852054595947266
94741907,2025,2025-06-27,9320,2025-06-08,"107 ",023766,,7,3,5,0701,0,1,3,,2,404,"STATE ROUTE 4 EASTBOUND","HILLCREST AVENUE",1480.00,E,N,A,-,Y,CC,,4," ",R,29.230,H,,R,Y,2,0,2,2,A,-,03,22350,,F,C,C,A,A,H,-,C,D,0,,,,,Y,,A,01,2,0,0,0,0,0,0,0,0,"- ","- ",37.995140075683594,-121.78012847900391,"CONTRA COSTA",ANTIOCH,-121.78011322021484,37.995208740234375