CASE_ID,ACCIDENT_YEAR,PROC_DATE,JURIS,COLLISION_DATE,COLLISION_TIME,OFFICER_ID,REPORTING_DISTRICT,DAY_OF_WEEK,CHP_SHIFT,POPULATION,CNTY_CITY_LOC,SPECIAL_COND,BEAT_TYPE,CHP_BEAT_TYPE,CITY_DIVISION_LAPD,CHP_BEAT_CLASS,BEAT_NUMBER,PRIMARY_RD,SECONDARY_RD,DISTANCE,DIRECTION,INTERSECTION,WEATHER_1,WEATHER_2,STATE_HWY_IND,CALTRANS_COUNTY,CALTRANS_DISTRICT,STATE_ROUTE,ROUTE_SUFFIX,POSTMILE_PREFIX,POSTMILE,LOCATION_TYPE,RAMP_INTERSECTION,SIDE_OF_HWY,TOW_AWAY,COLLISION_SEVERITY,NUMBER_KILLED,NUMBER_INJURED,PARTY_COUNT,PRIMARY_COLL_FACTOR,PCF_CODE_OF_VIOL,PCF_VIOL_CATEGORY,PCF_VIOLATION,PCF_VIOL_SUBSECTION,HIT_AND_RUN,TYPE_OF_COLLISION,MVIW,PED_ACTION,ROAD_SURFACE,ROAD_COND_1,ROAD_COND_2,LIGHTING,CONTROL_DEVICE,CHP_ROAD_TYPE,PEDESTRIAN_ACCIDENT,BICYCLE_ACCIDENT,MOTORCYCLE_ACCIDENT,TRUCK_ACCIDENT,NOT_PRIVATE_PROPERTY,ALCOHOL_INVOLVED,STWD_VEHTYPE_AT_FAULT,CHP_VEHTYPE_AT_FAULT,COUNT_SEVERE_INJ,COUNT_VISIBLE_INJ,COUNT_COMPLAINT_PAIN,COUNT_PED_KILLED,COUNT_PED_INJURED,COUNT_BICYCLIST_KILLED,COUNT_BICYCLIST_INJURED,COUNT_MC_KILLED,COUNT_MC_INJURED,PRIMARY_RAMP,SECONDARY_RAMP,LATITUDE,LONGITUDE,COUNTY,CITY,POINT_X,POINT_Y
94741960,2025,2025-06-27,9320,2025-06-16,1138,024483,,1,1,9,0700,0,2,4,,2,071,"LOFTUS RD","WILLOW PASS RD",19.00,S,N,A,-,N,,,,,,,,,,N,2,0,3,1,A,-,08,22107,,N,E,I,A,A,H,-,A,D,0,,,,,Y,,D,22,1,2,0,0,0,0,0,0,0,"- ","- ",38.026660919189453,-121.92845916748047,"CONTRA COSTA",UNINCORPORATED,-121.92835998535156,38.026748657226562
94742329,2025,2025-06-27,9320,2025-03-27,"405 ",022928,,4,3,9,0700,0,1,1,,2,180,"I-80 EB","CUMMINGS SKYWAY",2012.00,E,N,B,-,Y,CC,,80," "," ",13.147,H,,R,Y,1,1,1,2,A,-,01,23152,F,N,C,C,A,B,H,-,C,D,0,,,,Y,Y,,A,01,0,1,0,0,0,0,0,0,0,"- ","- ",38.048961639404297,-122.23272705078125,"CONTRA COSTA",UNINCORPORATED,-122.23270416259766,38.048938751220703
94743667,2025,2025-06-30,9320,2025-06-22,"227 ",023763,,7,3,6,0704,0,1,3,,2,402,"SR-4 WESTBOUND","PORT CHICAGO HIGHWAY",1056.00,E,N,A,-,Y,CC,,4," ",R,16.111,H,,L,Y,2,0,3,2,A,-,01,23152,A,N,B,2,A,A,H,-,D,D,0,,,,,Y,Y,A,07,1,1,1,0,0,0,0,0,0,"- ","- ",38.011669158935547,-122.01087951660156,"CONTRA COSTA",CONCORD,-122.01089477539062,38.011737823486328
94760755,2025,2025-07-14,9370,2025-06-29,"145 ",024185,,7,3,5,0710,0,1,1,,2,058,"I-580 W/B","REGATTA BOULEVARD O/C",400.00,W,N,A,-,Y,CC,,580," ",R,2.191,H,,L,Y,2,0,8,5,A,-,03,22350,,F,C,C,A,A,H,-,C,D,0,,,,,Y,,A,07,2,6,0,0,0,0,0,0,0,"- ","- ",37.921009063720703,-122.33480834960938,"CONTRA COSTA",RICHMOND,-122.33489990234375,37.92083740234375
9476219,2022,2022-07-13,0709,2022-06-25,0300,455,5060,6,5,4,0709,0,0,0,,0,001,"SANTA BARBARA RD","MONTE CRESTA AV",0.00,,Y,A,-,N,,,,,,,,,,N,2,0,1,2,A,-,05,21202,,N,H,G,A,A,H,-,C,D,0,,Y,,,Y,,L,04,1,0,0,0,0,0,1,0,0,"- ","- ",37.937210083007812,-122.06613159179688,"CONTRA COSTA","PLEASANT HILL",-122.07041168212891,37.935352325439453
94779483,2025,2025-07-28,9320,2025-06-11,"309 ",023756,,3,3,9,0700,0,1,3,,1,406,"BYRON HIGHWAY",SR-4,177.00,S,N,A,-,Y,,,,,,,,,,N,2,0,4,2,A,-,05,21460,A,N,A,C,A,A,H,-,D,D,0,,,,,Y,,A,07,1,0,3,0,0,0,0,0,0,"- ","- ",37.889980316162109,-121.64140319824219,"CONTRA COSTA",UNINCORPORATED,-121.64138793945312,37.895942687988281
94781790,2025,2025-07-29,9320,2025-02-06,1810,022896,,4,2,9,0700,0,2,4,,2,096,"VASCO ROAD","CAMINO DIABLO",1465.00,S,N,B,-,N,,,,,,,,,,Y,1,1,3,2,A,-,01,23152,F,N,A,C,A,B,H,-,D,A,0,,,,,Y,,A,07,3,0,0,0,0,0,0,0,0,"- ","- ",37.862510681152344,-121.66384887695312,"CONTRA COSTA",UNINCORPORATED,-121.66764068603516,37.865211486816406
9479752,2022,2022-10-25,0740,2022-08-25,0452,SR078,SR,4,5,4,0791,0,0,0,,0,4556,"BOLLINGER CANYON RD","CANYON LAKES DR",29.00,N,N,A,-,N,,,,,,,,,,Y,2,0,2,2,A,-,01,23153,A,N,D,C,A,A,H,-,C,A,0,,,,,Y,Y,A,01,2,0,0,0,0,0,0,0,0,"- ","- ",37.771270751953125,-121.94605255126953,"CONTRA COSTA","SAN RAMON",-121.94614410400391,37.771327972412109
9481227,2022,2022-08-15,0709,2022-07-18,1738,427,1040,1,5,4,0709,0,0,0,,0,002,"TAYLOR BL","APOLLO WY",0.00,,Y,A,-,N,,,,,,,,,,Y,2,0,1,1,A,-,07,21658,,N,E,I,A,A,H,-,A,D,0,,,Y,,Y,,C,06,1,0,0,0,0,0,0,0,1,"- ","- ",37.957988739013672,-122.08364868164062,"CONTRA COSTA","PLEASANT HILL",-122.08378601074219,37.958057403564453
9481283,2022,2022-08-04,0712,2022-06-26,0134,P607,,7,5,5,0712,0,0,0,,0,002,"NORTH CALIFORNIA BL","N MAIN ST",0.00,,Y,A,-,N,,,,,,,,,,Y,2,0,2,2,A,-,01,23152,A,N,C,C,A,A,H,-,C,A,0,,,,,Y,Y,A,07,1,0,1,0,0,0,0,0,0,"- ","- ",,,"CONTRA COSTA","WALNUT CREEK",-122.065185546875,37.909801483154297
9481868,2022,2022-08-08,0740,2022-06-18,2027,SR041,SR,6,5,4,0791,0,0,0,,0,BEAT1,"SAN RAMON VALLEY BL",PRESERVE,0.00,,-,A,-,N,,,,,,,,,,Y,2,0,3,2,A,-,01,23153,A,N,D,C,A,A,H,-,B,A,0,,,,,Y,Y,-,,1,0,2,0,0,0,0,0,0,"- ","- ",37.783218383789062,-121.97950744628906,"CONTRA COSTA","SAN RAMON",,
94838487,2025,2025-09-10,9320,2025-04-17,1335,022743,,4,1,9,0700,0,1,1,,2,681,"I-680 NORTHBOUND","STONE VALLEY ROAD",1769.00,S,N,B,-,Y,CC,,680," ",R,10.043,H,,R,N,1,1,0,2,A,-,16,24002,A,N,H,3,A,A,H,-,A,D,0,,,,,Y,,D,22,0,0,0,0,0,0,0,0,0,"- ","- ",37.846889495849609,-122.02681732177734,"CONTRA COSTA",UNINCORPORATED,-122.02678680419922,37.846908569335938
9486437,2022,2022-09-23,0705,2022-09-02,1336,E248,PATRO,5,5,3,0705,0,0,0,,0,012,"ARLINGTON BL","POTRERO AV",283.00,N,N,A,-,N,,,,,,,,,,Y,2,0,1,2,A,-,08,22107,,N,C,E,A,A,H,-,A,D,0,,,,,Y,,A,01,1,0,0,0,0,0,0,0,0,"- ","- ",37.929611206054688,-122.3043212890625,"CONTRA COSTA","EL CERRITO",-122.30338287353516,37.929779052734375
9488340,2022,2022-08-16,0700,2022-07-08,1528,032,OAKLE,5,5,3,0734,0,0,0,,0,052,"MAIN ST","HILL AV",0.00,,Y,A,-,N,,,,,,,,,,Y,2,0,1,2,A,-,09,21802,A,N,D,C,A,A,H,-,A,A,0,,,Y,,Y,,A,01,1,0,0,0,0,0,0,0,1,"- ","- ",37.974349975585938,-121.69608306884766,"CONTRA COSTA",OAKLEY,-121.69599914550781,37.974357604980469
9491484,2022,2022-09-20,0740,2022-08-03,2223,SR501,SR,3,5,4,0791,0,0,0,,0,003,"BOLLINGER CANYON RD","ALCOSTA BL",1032.00,E,N,A,-,N,,,,,,,,,,N,2,0,2,2,D,-,00,,,N,G,B,F,A,H,-,C,D,0,Y,Y,,,Y,,-,"- ",2,0,0,0,1,0,1,0,0,"- ","- ",37.765838623046875,-121.95155334472656,"CONTRA COSTA","SAN RAMON",-121.95012664794922,37.768115997314453
9495964,2022,2022-10-18,0709,2022-09-27,1130,395,3020,2,5,4,0709,0,0,0,,0,002,"CONTRA COSTA BL","GOLF CLUB RD",0.00,,Y,A,-,N,,,,,,,,,,N,2,0,1,2,A,-,05,21650,,N,D,G,A,A,H,-,A,A,0,,Y,,,Y,,L,04,1,0,0,0,0,0,1,0,0,"- ","- ",37.971549987792969,-122.06352996826172,"CONTRA COSTA","PLEASANT HILL",-122.06369018554688,37.971595764160156
9498283,2022,2022-10-13,0705,2022-08-08,1323,E182,PATRO,1,5,3,0705,0,0,0,,0,011,"POTRERO AV","S 55TH ST",0.00,,Y,A,-,N,,,,,,,,,,N,2,0,1,2,A,-,05,21650,,N,D,G,A,A,H,-,A,A,0,,Y,,,Y,,L,04,1,0,0,0,0,0,1,0,0,"- ","- ",,,"CONTRA COSTA","EL CERRITO",-122.31838226318359,37.920886993408203
9498457,2022,2022-11-02,0740,2022-09-06,1025,SR076,SR,2,5,4,0791,0,0,0,,0,BEAT6,"DOUGHERTY RD","RANCHO PARK LOOP",0.00,,Y,A,-,N,,,,,,,,,,N,2,0,1,2,A,-,10,21950,A,N,G,B,-,A,H,-,A,A,0,Y,,,,Y,,-,"- ",1,0,0,0,1,0,0,0,0,"- ","- ",37.739368438720703,-121.91383361816406,"CONTRA COSTA","SAN RAMON",-121.9193115234375,37.751113891601562
9498677,2022,2022-10-20,0702,2022-09-14,1858,600I,121B,3,5,3,0702,0,0,0,,0,001,"SAND CREEK RD","SHADY WILLOW LN",233.00,E,N,A,-,N,,,,,,,,,,N,2,0,3,2,A,-,04,21703,,N,C,-,A,A,H,-,B,A,0,,,,,Y,,A,01,1,1,1,0,0,0,0,0,0,"- ","- ",37.943599700927734,-121.73412322998047,"CONTRA COSTA",BRENTWOOD,-121.73339080810547,37.943641662597656
9498692,2022,2022-10-24,0702,2022-08-29,1257,613D,324B,1,5,3,0702,0,0,0,,0,003,"OAK ST","LARKSPUR LN",60.00,W,N,A,-,N,,,,,,,,,,N,2,0,1,1,A,-,03,22350,,N,E,J,A,A,H,-,A,D,0,,,,,Y,,-,,1,0,0,0,0,0,0,0,0,"- ","- ",37.934940338134766,-121.68901824951172,"CONTRA COSTA",BRENTWOOD,-121.68891906738281,37.935020446777344
9503415,2022,2022-09-22,0703,2022-09-07,1421,C081,042,3,5,3,0703,0,0,0,,0,007,"OAKHURST DR","EAGLE PEAK AV",122.00,W,N,A,-,N,,,,,,,,,,Y,2,0,2,3,A,-,03,22350,,N,C,C,A,A,H,-,A,D,0,,,,,Y,,A,07,1,0,1,0,0,0,0,0,0,"- ","- ",37.945758819580078,-121.92878723144531,"CONTRA COSTA",CLAYTON,-121.94127655029297,37.951045989990234
9504154,2021,2023-06-17,0700,2021-12-24,1045,70451,,5,5,3,0715,0,0,0,,0,040,"SAINT MARYS RD","WOODVIEW DR",911.00,N,N,A,-,N,,,,,,,,,,Y,1,1,3,2,A,-,01,23152,,N,A,C,A,A,H,-,A,D,0,,,,,Y,Y,A,01,0,2,1,0,0,0,0,0,0,"- ","- ",37.871150970458984,-122.09871673583984,"CONTRA COSTA",LAFAYETTE,-122.09856414794922,37.874050140380859
9504375,2022,2022-10-20,0709,2022-09-15,2241,436,2290,4,5,4,0709,0,0,0,,0,002,"TAYLOR BL","RUTH DR",0.00,,Y,A,-,N,,,,,,,,,,N,2,0,1,2,A,-,11,21456,C,N,G,B,D,A,H,-,C,A,0,Y,,,,Y,Y,N,60,1,0,0,0,1,0,0,0,0,"- ","- ",37.961700439453125,-122.06564331054688,"CONTRA COSTA","PLEASANT HILL",-122.06562042236328,37.961650848388672
9509878,2022,2022-12-15,0709,2022-11-10,0755,395,2010,4,5,4,0709,0,0,0,,0,002,"CAMELBACK RD","OLD QUARRY RD",7.00,W,N,A,-,N,,,,,,,,,,N,2,0,1,2,A,-,03,22350,,N,C,G,A,A,H,-,A,D,0,,Y,,,Y,,L,04,1,0,0,0,0,0,1,0,0,"- ","- ",37.7930908203125,-122.06951904296875,"CONTRA COSTA","PLEASANT HILL",-122.06897735595703,37.972850799560547
9515259,2022,2022-12-14,0712,2022-11-09,0837,P386,,3,5,5,0712,0,0,0,,0,004,"N MAIN ST","CIVIC DR",0.00,,Y,A,-,N,,,,,,,,,,N,2,0,1,2,A,-,10,21950,A,N,G,B,B,B,H,-,A,A,0,Y,,,,Y,,D,22,1,0,0,0,1,0,0,0,0,"- ","- ",,,"CONTRA COSTA","WALNUT CREEK",-122.06195831298828,37.901737213134766
9515595,2022,2022-11-14,0740,2022-10-02,1845,SR122,SR,7,5,4,0791,0,0,0,,0,BEAT4,"ALCOSTA BL","BURNING TREE DR",287.00,S,N,A,-,N,,,,,,,,,,Y,2,0,1,1,A,-,01,23152,A,N,A,I,A,A,H,-,A,D,0,,,,,Y,Y,D,22,1,0,0,0,0,0,0,0,0,"- ","- ",37.778011322021484,-121.96482086181641,"CONTRA COSTA","SAN RAMON",-121.92800903320312,37.740581512451172
9520381,2022,2023-02-09,0712,2022-12-31,0552,P653,,6,5,5,0712,0,0,0,,0,003,"YGNACIO VALLEY RD","OAK GROVE RD",0.00,,Y,C,-,N,,,,,,,,,,N,1,1,0,1,A,-,03,22350,,N,E,I,A,B,H,-,C,A,0,,,,,Y,,A,07,0,0,0,0,0,0,0,0,0,"- ","- ",,,"CONTRA COSTA","WALNUT CREEK",-122.01470947265625,37.927528381347656
9520593,2023,2023-06-16,0700,2023-01-29,"312 ",030,2238,7,5,3,0734,0,0,0,,0,053,"LAUREL RD","MELLOWOOD DR",0.00,,Y,A,-,N,,,,,,,,,,Y,1,1,0,2,A,-,03,22350,,N,D,C,A,A,H,-,C,D,0,,,Y,,Y,,C,02,0,0,0,0,0,0,0,1,0,"- ","- ",37.983390808105469,-121.70040893554688,"CONTRA COSTA",OAKLEY,-121.70047760009766,37.9832763671875
9520665,2022,2023-06-28,0700,2022-12-01,2248,030,2234,4,5,3,0734,0,0,0,,0,053,"LAUREL RD","BROWN RD",131.00,E,N,A,-,N,,,,,,,,,,Y,1,1,0,4,A,-,08,22107,,N,E,I,A,A,H,-,C,D,0,,,Y,,Y,,C,02,0,0,0,0,0,0,0,1,0,"- ","- ",37.983100891113281,-121.7232666015625,"CONTRA COSTA",OAKLEY,-121.72278594970703,37.983158111572266
9520725,2023,2023-07-19,0704,2023-05-31,2143,0537,,3,5,6,0704,0,0,0,,0,002,"WILLOW PASS RD","DIAMOND BL",18.00,E,N,A,-,N,,,,,,,,,,Y,1,1,0,2,A,-,11,21954,A,N,G,G,A,A,H,-,C,A,0,,Y,,,Y,,L,04,0,0,0,0,0,1,0,0,0,"- ","- ",37.968429565429688,-122.05236053466797,"CONTRA COSTA",CONCORD,-122.05242919921875,37.968521118164062
9523165,2022,2023-01-03,0702,2022-10-15,0000,567I,121B,6,5,3,0702,0,0,0,,0,001,"SAND CREEK RD","LINDEN ST",9.00,W,N,A,-,N,,,,,,,,,,Y,2,0,3,2,A,-,09,21801,A,N,H,C,A,A,H,-,B,D,0,,,Y,,Y,Y,A,07,2,0,1,0,0,0,0,0,2,"- ","- ",37.943641662597656,-121.72604370117188,"CONTRA COSTA",BRENTWOOD,,
9542596,2022,2023-01-04,0700,2022-06-25,2050,047,OAKLE,6,5,3,0734,0,0,0,,0,051,"MAIN ST","BIG BREAK RD",0.00,,Y,A,-,N,,,,,,,,,,N,2,0,1,2,A,-,12,21453,A,N,A,C,A,A,H,-,B,A,0,,,,,Y,,A,01,1,0,0,0,0,0,0,0,0,"- ","- ",38.004409790039062,-121.7330322265625,"CONTRA COSTA",OAKLEY,-121.73296356201172,38.004291534423828
9542612,2022,2023-01-14,0740,2022-10-16,1734,SR105,SR,7,5,4,0791,0,0,0,,0,BEAT4,"ALCOSTA BL","BROADMOOR DR",0.00,,Y,A,-,N,,,,,,,,,,Y,2,0,1,2,A,-,10,21950,A,N,G,B,B,A,H,-,A,A,0,Y,,,,Y,,A,01,1,0,0,0,1,0,0,0,0,"- ","- ",37.730098724365234,-121.93102264404297,"CONTRA COSTA","SAN RAMON",-121.9310302734375,37.730125427246094
9549140,2022,2023-04-07,0712,2022-02-22,0931,P654,,2,5,5,0712,0,0,0,,0,001,"STANLEY DOLLAR DR","TICE CREEK DR",0.00,,Y,A,-,N,,,,,,,,,,Y,2,0,1,2,A,-,11,21954,A,N,G,B,D,A,H,-,A,D,0,Y,,,,Y,,A,01,1,0,0,0,1,0,0,0,0,"- ","- ",,,"CONTRA COSTA","WALNUT CREEK",-122.07097625732422,37.862659454345703
9549948,2023,2023-03-04,0702,2023-01-14,2233,616B,229B,6,5,3,0702,0,0,0,,0,002,"OHARA AV","SAND CREEK RD",950.00,S,N,C,-,N,,,,,,,,,,Y,2,0,2,1,A,-,03,22350,,N,E,I,A,B,H,-,C,D,0,,,,,Y,,D,22,1,1,0,0,0,0,0,0,0,"- ","- ",37.944950103759766,-121.70504760742188,"CONTRA COSTA",BRENTWOOD,-121.70362091064453,37.9427490234375
9554675,2023,2023-03-15,0705,2023-02-11,2305,E246,PATRO,6,5,3,0705,0,0,0,,0,011,"SAN PABLO AV","POTRERO AV",115.00,N,N,A,-,Y,CC,4,123,-,-,1.770,H,-,S,N,2,0,1,2,A,-,11,21955,,N,G,B,D,A,H,-,C,D,0,Y,,,,Y,Y,N,60,1,0,0,0,1,0,0,0,0,"- ","- ",37.920780181884766,-122.31520843505859,"CONTRA COSTA","EL CERRITO",-122.31533813476562,37.920944213867188
9562385,2023,2023-05-02,0709,2023-03-01,1715,401,2170,3,5,4,0709,0,0,0,,0,001,"CONTRA COSTA BL","W HOOKSTON RD",30.00,S,N,A,-,N,,,,,,,,,,Y,2,0,1,1,A,-,07,21658,A,N,E,I,A,A,H,-,A,D,0,,,Y,,Y,,C,02,1,0,0,0,0,0,0,0,1,"- ","- ",37.939949035644531,-122.06133270263672,"CONTRA COSTA","PLEASANT HILL",-122.06076812744141,37.940467834472656
9562702,2023,2023-04-13,0702,2023-02-07,1117,558T,431B,2,5,3,0702,0,0,0,,0,004,"EAGLE ROCK WY","BALFOUR RD",0.00,,Y,A,-,N,,,,,,,,,,Y,2,0,3,2,A,-,12,21453,,N,D,C,A,A,H,-,A,A,0,,,,,Y,,A,07,1,2,0,0,0,0,0,0,0,"- ","- ",37.925220489501953,-121.73667144775391,"CONTRA COSTA",BRENTWOOD,-121.73667144775391,37.925216674804688
9565740,2023,2023-06-02,0712,2023-04-01,"327 ",P550,,6,5,5,0712,0,0,0,,0,002,"YGNACIO VALLEY RD","CIVIC DR",0.00,,Y,A,-,N,,,,,,,,,,Y,2,0,2,2,D,-,00,,,N,D,C,A,A,H,-,C,A,0,,,,,Y,Y,-,"- ",1,0,1,0,0,0,0,0,0,"- ","- ",,,"CONTRA COSTA","WALNUT CREEK",-122.05883026123047,37.90667724609375
9579622,2023,2023-06-05,0740,2023-05-03,"644 ",SR120,SR/72,3,5,4,0791,0,0,0,,0,001,"BOLLINGER CANYON RD","TALAVERA DR",449.00,W,N,B,C,N,,,,,,,,,,Y,2,0,1,1,A,-,03,22350,,N,E,I,A,B,H,-,A,A,0,,,,,Y,,D,72,1,0,0,0,0,0,0,0,0,"- ","- ",37.775131225585938,-121.99683380126953,"CONTRA COSTA","SAN RAMON",-121.97219085693359,37.759544372558594
9581269,2023,2023-06-30,0709,2023-05-31,1550,461,1190,3,5,4,0709,0,0,0,,0,001,"GREGORY LN","MOISO LN",0.00,,Y,A,-,N,,,,,,,,,,Y,2,0,1,2,A,-,09,21801,,N,D,C,A,A,H,-,A,A,0,,,Y,,Y,,C,02,1,0,0,0,0,0,0,0,1,"- ","- ",37.948009490966797,-122.06722259521484,"CONTRA COSTA","PLEASANT HILL",-122.06717681884766,37.947959899902344
9583203,2023,2023-07-12,0702,2023-06-07,1742,599J,308B,3,5,3,0702,0,0,0,,0,003,"BALFOUR RD","GUTHRIE LN",0.00,,Y,A,-,N,,,,,,,,,,Y,2,0,1,2,A,-,09,21802,A,N,D,C,A,A,H,-,A,A,0,,,,,Y,,A,01,1,0,0,0,0,0,0,0,0,"- ","- ",37.925670623779297,-121.68263244628906,"CONTRA COSTA",BRENTWOOD,-121.68262481689453,37.925495147705078
9583214,2023,2023-07-10,0702,2023-05-23,"412 ",624D,307B,2,5,3,0702,0,0,0,,0,003,"BRENTWOOD BL","CENTRAL AV",0.00,,Y,A,-,N,,,,,,,,,,N,2,0,1,2,D,-,00,,,N,C,G,A,A,H,-,D,D,0,,Y,,,Y,,-,"- ",1,0,0,0,0,0,1,0,0,"- ","- ",37.939781188964844,-121.69622039794922,"CONTRA COSTA",BRENTWOOD,-121.69622039794922,37.939777374267578
9585630,2023,2023-05-31,0740,2023-04-14,1328,SR501,SR,5,5,4,0791,0,0,0,,0,003,"CAMINO RAMON","CROW CANYON RD",975.00,S,N,A,-,N,,,,,,,,,,Y,2,0,1,2,A,-,09,21801,A,N,D,C,A,A,H,-,A,A,0,,,Y,,Y,,A,07,1,0,0,0,0,0,0,0,1,"- ","- ",37.765659332275391,-121.67012786865234,"CONTRA COSTA","SAN RAMON",-121.96754455566406,37.777252197265625
9588675,2023,2023-06-27,0740,2023-05-13,1237,SR124,SR,6,5,4,0791,0,0,0,,0,BEAT3,"BOLLINGER CANYON RD","CAMINO RAMON",0.00,,Y,A,-,N,,,,,,,,,,Y,2,0,4,3,A,-,12,21453,A,N,A,C,A,A,H,-,A,A,0,,,,,Y,,A,71,1,0,3,0,0,0,0,0,0,"- ","- ",37.775131225585938,-121.99683380126953,"CONTRA COSTA","SAN RAMON",-121.95719146728516,37.762702941894531
9591305,2023,2023-07-19,0714,2023-06-09,1358,150,02,5,5,4,0714,0,0,0,,0,001,"BERRELLESA ST","GREEN ST",0.00,,Y,A,-,N,,,,,,,,,,N,2,0,2,2,A,-,12,22450,A,N,D,C,A,A,H,-,A,A,0,,,,,Y,,A,07,1,1,0,0,0,0,0,0,0,"- ","- ",38.014858245849609,-122.13780975341797,"CONTRA COSTA",MARTINEZ,-122.13777923583984,38.014858245849609
9594257,2023,2023-07-05,0740,2023-06-03,1208,SR124,SR,6,5,4,0791,0,0,0,,0,BEAT2,"BOLLINGER CANYON RD","ALCOSTA BL",10.00,S,N,A,-,N,,,,,,,,,,N,2,0,1,2,A,-,07,21658,A,N,H,G,A,A,H,-,A,A,0,,Y,,,Y,,A,01,1,0,0,0,0,0,1,0,0,"- ","- ",37.765678405761719,-121.95155334472656,"CONTRA COSTA","SAN RAMON",-121.95211791992188,37.765800476074219
9601860,2023,2023-09-07,0704,2023-06-13,1415,0592,,2,5,6,0704,0,0,0,,0,005,"COWELL RD","TREAT BL",18.00,W,N,A,-,N,,,,,,,,,,N,2,0,1,2,A,-,10,21950,A,N,D,-,A,A,H,-,A,A,0,,Y,,Y,Y,,F,26,1,0,0,0,0,0,1,0,0,"- ","- ",37.955558776855469,-122.0015869140625,"CONTRA COSTA",CONCORD,-122.001708984375,37.955528259277344
9602031,2023,2023-08-08,0712,2023-07-08,"129 ",P568,,6,5,5,0712,0,0,0,,0,002,"YGNACIO VALLEY RD","NORTH CALIFORNIA BL",0.00,,Y,A,-,N,,,,,,,,,,Y,2,0,3,2,A,-,12,21453,A,N,D,C,A,A,H,-,C,A,0,,,,,Y,Y,A,01,1,1,1,0,0,0,0,0,0,"- ","- ",,,"CONTRA COSTA","WALNUT CREEK",-122.06575775146484,37.90496826171875
9602876,2023,2023-07-26,0740,2023-06-22,1923,SR088,SR,4,5,4,0791,0,0,0,,0,4546,"ESTERO DR","ALCOSTA BL",278.00,N,N,-,-,N,,,,,,,,,,N,2,0,1,2,A,-,05,21650,1,N,-,-,A,-,-,-,-,-,0,,Y,,,Y,,L,04,1,0,0,0,0,0,1,0,0,"- ","- ",37.747951507568359,-121.9329833984375,"CONTRA COSTA","SAN RAMON",-121.93292999267578,37.748001098632812
9603285,2023,2023-08-01,0740,2023-05-26,"754 ",SR120,SR72,5,5,4,0791,0,0,0,,0,006,"MELBOURNE WY","VERNON WY",72.00,W,N,A,-,N,,,,,,,,,,,2,0,1,2,A,-,09,21804,A,N,D,C,A,A,H,-,A,D,0,,,,,Y,,-,,1,0,0,0,0,0,0,0,0,"- ","- ",37.754550933837891,-121.89750671386719,"CONTRA COSTA","SAN RAMON",-121.897216796875,37.754669189453125
9603902,2023,2023-08-18,0700,2023-07-07,"730 ",88252,33,5,5,4,0790,0,0,0,,0,063,"SYCAMORE VALLEY RD","GREENBROOK DR",0.00,,Y,A,-,N,,,,,,,,,,Y,2,0,2,2,A,-,09,21801,A,N,A,C,A,A,H,-,A,A,0,,,,,Y,,A,01,1,1,0,0,0,0,0,0,0,"- ","- ",37.811531066894531,-121.97714233398438,"CONTRA COSTA",DANVILLE,-121.97673797607422,37.811897277832031
9604225,2023,2023-12-19,0706,2023-09-21,"812 ",231,0706,4,5,3,0706,0,0,0,,0,001,"WILLOW AV","RT 80",210.00,N,N,A,-,N,,,,,,,,,,N,2,0,2,4,A,-,03,22350,,N,C,C,A,A,H,-,A,A,0,,,,,Y,,A,01,1,1,0,0,0,0,0,0,0,"- ",EO,,,"CONTRA COSTA",HERCULES,-122.26276397705078,38.022960662841797
9606010,2023,2023-08-18,0740,2023-07-31,2140,SR140,,1,5,4,0791,0,0,0,,0,005,"BOLINGER RD","N MONARCH RD",0.00,,Y,A,-,N,,,,,,,,,,N,2,0,2,2,A,-,12,21453,,N,A,C,A,A,H,-,C,A,0,,,,,Y,,A,01,1,0,1,0,0,0,0,0,0,"- ","- ",,,"CONTRA COSTA","SAN RAMON",,
9606202,2023,2023-08-23,0712,2023-06-22,2318,P545,,4,5,5,0712,0,0,0,,0,002,"OAK RD","PARNELL CT",50.00,N,N,A,-,N,,,,,,,,,,Y,2,0,2,4,A,-,01,23152,A,N,C,E,A,A,H,-,C,D,0,,,,,Y,Y,A,01,1,0,1,0,0,0,0,0,0,"- ","- ",,,"CONTRA COSTA","WALNUT CREEK",-122.05800628662109,37.923126220703125
9606751,2023,2023-09-11,0740,2023-07-27,1406,SR085,SR,4,5,4,0791,0,0,0,,0,BEAT1,"CROW CANYON RD","BOLLINGER CANYON RD",0.00,,Y,A,-,N,,,,,,,,,,Y,2,0,1,2,A,-,01,23152,A,N,D,C,A,A,-,-,A,A,0,,,,,Y,Y,A,01,1,0,0,0,0,0,0,0,0,"- ","- ",37.771411895751953,-122.00225830078125,"CONTRA COSTA","SAN RAMON",-121.99594879150391,37.772621154785156