CASE_ID,ACCIDENT_YEAR,PROC_DATE,JURIS,COLLISION_DATE,COLLISION_TIME,OFFICER_ID,REPORTING_DISTRICT,DAY_OF_WEEK,CHP_SHIFT,POPULATION,CNTY_CITY_LOC,SPECIAL_COND,BEAT_TYPE,CHP_BEAT_TYPE,CITY_DIVISION_LAPD,CHP_BEAT_CLASS,BEAT_NUMBER,PRIMARY_RD,SECONDARY_RD,DISTANCE,DIRECTION,INTERSECTION,WEATHER_1,WEATHER_2,STATE_HWY_IND,CALTRANS_COUNTY,CALTRANS_DISTRICT,STATE_ROUTE,ROUTE_SUFFIX,POSTMILE_PREFIX,POSTMILE,LOCATION_TYPE,RAMP_INTERSECTION,SIDE_OF_HWY,TOW_AWAY,COLLISION_SEVERITY,NUMBER_KILLED,NUMBER_INJURED,PARTY_COUNT,PRIMARY_COLL_FACTOR,PCF_CODE_OF_VIOL,PCF_VIOL_CATEGORY,PCF_VIOLATION,PCF_VIOL_SUBSECTION,HIT_AND_RUN,TYPE_OF_COLLISION,MVIW,PED_ACTION,ROAD_SURFACE,ROAD_COND_1,ROAD_COND_2,LIGHTING,CONTROL_DEVICE,CHP_ROAD_TYPE,PEDESTRIAN_ACCIDENT,BICYCLE_ACCIDENT,MOTORCYCLE_ACCIDENT,TRUCK_ACCIDENT,NOT_PRIVATE_PROPERTY,ALCOHOL_INVOLVED,STWD_VEHTYPE_AT_FAULT,CHP_VEHTYPE_AT_FAULT,COUNT_SEVERE_INJ,COUNT_VISIBLE_INJ,COUNT_COMPLAINT_PAIN,COUNT_PED_KILLED,COUNT_PED_INJURED,COUNT_BICYCLIST_KILLED,COUNT_BICYCLIST_INJURED,COUNT_MC_KILLED,COUNT_MC_INJURED,PRIMARY_RAMP,SECONDARY_RAMP,LATITUDE,LONGITUDE,COUNTY,CITY,POINT_X,POINT_Y
9615267,2023,2023-09-01,0712,2023-07-06,1649,P657,,4,5,5,0712,0,0,0,,0,004,"BUENA VISTA AV","GEARY RD",0.00,,Y,A,-,N,,,,,,,,,,Y,2,0,1,2,A,-,03,22350,,N,D,C,A,A,H,-,A,A,0,,,,,Y,,A,01,1,0,0,0,0,0,0,0,0,"- ","- ",,,"CONTRA COSTA","WALNUT CREEK",-122.07353973388672,37.926334381103516
9627508,2023,2023-10-12,0709,2023-09-22,"732 ",401,1070,5,5,4,0709,0,0,0,,0,002,"MORELLO AV","NETHERBY DR",0.00,,Y,A,-,N,,,,,,,,,,N,2,0,1,2,A,-,09,21804,,M,D,G,A,A,H,-,A,A,0,,Y,,,Y,,L,04,1,0,0,0,0,0,1,0,0,"- ","- ",37.969749450683594,-122.08843231201172,"CONTRA COSTA","PLEASANT HILL",-122.08840179443359,37.969795227050781
9627663,2023,2023-10-11,0705,2023-09-12,"847 ",E250,PATRO,2,5,3,0705,0,0,0,,0,012,"MOESER LN","GALVIN DR",0.00,,Y,B,-,N,,,,,,,,,,N,2,0,1,1,A,-,03,22350,,N,F,A,A,A,H,-,A,D,0,,Y,,,Y,,L,04,1,0,0,0,0,0,1,0,0,"- ","- ",37.916248321533203,-122.29724884033203,"CONTRA COSTA","EL CERRITO",-122.29727935791016,37.916343688964844
9637037,2023,2024-01-31,0702,2023-11-07,1653,635B,225B,2,5,3,0702,0,0,0,,0,002,"BRENTWOOD BL","LONE TREE WY",466.00,N,N,A,-,N,,,,,,,,,,Y,2,0,1,2,A,-,08,22107,,N,D,C,A,A,H,-,B,D,0,,,,,Y,,A,01,1,0,0,0,0,0,0,0,0,"- ","- ",37.961589813232422,-121.69609069824219,"CONTRA COSTA",BRENTWOOD,-121.69610595703125,37.962867736816406
9639515,2023,2024-01-12,0702,2023-10-04,1733,635B,228B,3,5,3,0702,0,0,0,,0,002,"LONE TREE WY","OHARA AV",6.00,W,N,A,-,N,,,,,,,,,,N,2,0,1,2,A,-,11,21954,A,N,H,G,A,A,H,-,A,A,0,,Y,,,Y,,L,04,1,0,0,0,0,0,1,0,0,"- ","- ",37.961578369140625,-121.71404266357422,"CONTRA COSTA",BRENTWOOD,-121.71408843994141,37.961578369140625
9640159,2023,2025-06-26,0710,2023-02-18,"630 ",1662,SOUTH,6,5,5,0710,0,0,0,,0,003,"CARLSON BL","CUTTING BL",15.00,N,N,A,-,N,,,,,,,,,,N,1,1,0,2,A,-,10,21950,A,F,G,B,B,A,H,-,B,A,0,Y,,,,Y,,-,99,0,0,0,1,0,0,0,0,0,"- ","- ",37.925300598144531,-122.33804321289062,"CONTRA COSTA",RICHMOND,-122.33815765380859,37.925239562988281
9640468,2023,2024-05-14,0700,2023-12-17,"33  ",030,,7,5,3,0734,0,0,0,,0,051,"BRIDGEHEAD RD","MAIN ST",0.00,N,N,A,-,N,,,,,,,,,,N,1,1,0,2,A,-,06,21760,B,F,C,G,A,A,H,-,D,D,0,,Y,,,Y,,A,01,0,0,0,0,0,1,0,0,0,"- ","- ",38.005138397216797,-121.75070953369141,"CONTRA COSTA",OAKLEY,-121.75082397460938,38.005081176757812
9640605,2023,2024-07-03,0708,2023-08-13,1641,402,8315,7,5,5,0708,0,0,0,,0,003,"SAN MARCO BL","RIO VERDE CIR",50.00,S,N,A,-,N,,,,,,,,,,Y,1,1,0,1,A,-,03,22350,,N,E,J,A,A,H,-,A,D,0,,,,,Y,,A,01,0,0,0,0,0,0,0,0,0,"- ","- ",,,"CONTRA COSTA",PITTSBURG,-121.96537017822266,38.011199951171875
9640815,2023,2024-07-30,0710,2023-12-26,1520,1635,SOUTH,2,5,5,0710,0,0,0,,0,001,"CASTRO ST","TEWKSBURY AV",104.00,N,N,A,-,N,,,,,,,,,,Y,1,1,0,1,A,-,03,22350,,N,E,I,A,A,H,-,A,A,0,,,Y,,Y,,C,02,0,0,0,0,0,0,0,1,0,"- ","- ",37.928890228271484,-122.38871002197266,"CONTRA COSTA",RICHMOND,-122.38707733154297,37.929019927978516
9640901,2024,2024-09-16,0710,2024-02-20,"539 ",1739,SOUTH,2,5,5,0710,0,0,0,,0,003,"PIERCE ST","CENTRAL AV",814.00,S,N,A,-,N,,,,,,,,,,Y,1,1,0,2,A,-,03,22350,,N,A,E,A,B,H,-,D,D,0,,,,Y,Y,,A,01,0,0,0,0,0,0,0,0,0,"- ","- ",37.900020599365234,-122.31005096435547,"CONTRA COSTA",RICHMOND,-122.30915832519531,37.898983001708984
9641023,2023,2024-10-29,0701,2023-05-15,2223,6169,,1,5,5,0701,0,0,0,,0,005,"LONE TREE WAY","MOKELUMNE DR",226.00,W,N,A,-,N,,,,,,,,,,Y,1,3,0,2,A,-,08,22100,A,N,B,C,A,A,H,-,C,D,0,,,,,Y,,A,01,0,0,0,0,0,0,0,0,0,"- ","- ",,,"CONTRA COSTA",ANTIOCH,-121.78665161132812,37.968276977539062
9641800,2023,2023-12-13,0716,2023-10-15,1618,171,R4,7,5,3,0716,0,0,0,,0,001,"SAINT MARYS RD","ST MARYS PKWY",0.00,,Y,A,-,N,,,,,,,,,,N,2,0,1,2,A,-,10,21950,,N,G,B,C,A,H,-,A,D,0,Y,,,,Y,,A,01,1,0,0,0,1,0,0,0,0,"- ","- ",,,"CONTRA COSTA",MORAGA,-122.13571929931641,37.994850158691406
9642760,2023,2023-11-27,0702,2023-06-29,1949,550D,228B,4,5,3,0702,0,0,0,,0,002,"LONE TREE WY","DOUBLE K RD",18.00,W,N,A,-,N,,,,,,,,,,N,2,0,1,2,A,-,08,22107,,N,H,G,A,A,H,-,B,D,0,,Y,,,Y,,L,04,1,0,0,0,0,0,1,0,0,"- ","- ",37.961589813232422,-121.71868896484375,"CONTRA COSTA",BRENTWOOD,-121.72148132324219,37.96160888671875
9655958,2023,2024-01-30,0740,2023-12-08,1453,SR120,SR72,5,5,4,0791,0,0,0,,0,"BEAT 4","ALCOSTA BL","THUNDERBIRD DR",3.00,S,N,A,-,N,,,,,,,,,,N,2,0,1,2,A,-,03,22350,,N,G,-,D,A,H,-,A,D,0,Y,Y,,,Y,,-,"- ",1,0,0,0,1,0,0,0,0,"- ","- ",37.777030944824219,-121.96156311035156,"CONTRA COSTA","SAN RAMON",-121.92654418945312,37.738864898681641
9660029,2024,2024-03-14,0712,2024-01-11,1005,P386,,4,5,5,0712,0,0,0,,0,003,"YGNACIO VALLEY RD","WIGET LN",0.00,,Y,A,-,N,,,,,,,,,,N,2,0,1,2,A,-,09,21801,A,N,D,C,A,A,H,-,A,A,0,,,Y,,Y,,A,01,1,0,0,0,0,0,0,0,1,"- ","- ",,,"CONTRA COSTA","WALNUT CREEK",-122.02359008789062,37.924407958984375
9660031,2024,2024-03-14,0712,2024-01-13,2030,P637,,6,5,5,0712,0,0,0,,0,001,BROADWAY,"NEWELL AV",3300.00,S,N,C,-,N,,,,,,,,,,Y,2,0,2,2,A,-,01,23152,A,N,A,C,A,B,H,-,C,A,0,,,,,Y,Y,A,01,2,0,0,0,0,0,0,0,0,"- ","- ",,,"CONTRA COSTA","WALNUT CREEK",-122.05036163330078,37.885578155517578
9660055,2024,2024-02-21,0702,2024-01-27,"203 ",589J," 121B",6,5,3,0702,0,0,0,,0,001,"SAND CREEK RD","FAIRVIEW AV",515.00,E,N,A,-,N,,,,,,,,,,Y,2,0,1,1,A,-,08,22107,,N,E,I,A,A,H,-,C,D,0,,,,,Y,,A,01,1,0,0,0,0,0,0,0,0,"- ","- ",37.944259643554688,-121.72353363037109,"CONTRA COSTA",BRENTWOOD,-121.72190856933594,37.944660186767578
9668692,2023,2024-04-10,0702,2023-10-27,1658,597A,433B,5,5,3,0702,0,0,0,,0,004,"VINEYARDS PKWY","SOLERA ST",0.00,,Y,A,F,N,,,,,,,,,,N,1,1,0,2,A,-,08,22107,,N,G,B,B,A,H,-,A,D,0,Y,,,,Y,,D,73,0,0,0,1,0,0,0,0,0,"- ","- ",37.90264892578125,-121.73055267333984,"CONTRA COSTA",BRENTWOOD,-121.73061370849609,37.902664184570312
9671880,2024,2024-03-04,0709,2024-01-10,1830,481,3190,3,5,4,0709,0,0,0,,0,001,"BUSKIRK AV","MAYHEW WY",233.00,S,N,C,-,N,,,,,,,,,,N,2,0,1,2,A,-,03,22350,,F,G,B,E,B,H,-,C,D,0,Y,,,,Y,,-,99,1,0,0,0,1,0,0,0,0,"- ","- ",37.936649322509766,-122.05976867675781,"CONTRA COSTA","PLEASANT HILL",-122.05976867675781,37.936008453369141
9678490,2024,2024-04-11,0709,2024-02-24,"0   ",443,3030,6,5,4,0709,0,0,0,,0,002,"CONTRA COSTA BL","ALAN DR",0.00,,Y,A,-,N,,,,,,,,,,Y,2,0,5,2,A,-,09,21801,A,N,D,C,A,A,H,-,A,D,0,,,,,Y,,A,01,1,0,4,0,0,0,0,0,0,"- ","- ",37.963630676269531,-122.06214904785156,"CONTRA COSTA","PLEASANT HILL",-122.06215667724609,37.963657379150391
9684394,2024,2024-10-04,0702,2024-03-06,1322,656E,203B,3,5,3,0702,0,0,0,,0,002,"SUNSET RD","GARIN PARKWAY",0.00,,Y,A,-,N,,,,,,,,,,Y,2,0,1,2,A,-,08,22107,,N,B,C,A,A,H,-,A,A,0,,,Y,,Y,,O,05,1,0,0,0,0,0,0,0,1,"- ","- ",37.954460144042969,-121.68550872802734,"CONTRA COSTA",BRENTWOOD,-121.68550872802734,37.954456329345703
9688065,2024,2024-06-24,0707,2024-03-27,2356,P468,3,3,5,3,0707,0,0,0,,0,0P3,"APPIAN WY","RT 80",100.00,E,N,B,C,Y,CC,4,80,-,-,7.733,R,4,E,Y,2,0,2,1,A,-,03,22350,,F,E,I,A,B,H,-,C,D,0,,,,,Y,,A,01,1,1,0,0,0,0,0,0,0,"- ",EO,37.991710662841797,-122.30113983154297,"CONTRA COSTA",PINOLE,-122.29947662353516,37.993656158447266
9695371,2024,2024-06-21,0712,2024-04-02,1506,P613,,2,5,5,0712,0,0,0,,0,003,"TREAT BL","CARRIAGE DR",138.00,W,N,A,-,N,,,,,,,,,,N,2,0,1,2,A,-,11,21954,A,N,G,B,D,A,H,-,A,A,0,Y,,,,Y,,N,60,1,0,0,0,1,0,0,0,0,"- ","- ",,,"CONTRA COSTA","WALNUT CREEK",-122.03964233398438,37.931072235107422
9696504,2024,2024-06-21,0705,2024-04-29,1710,E267,PATRO,1,5,3,0705,0,0,0,,0,010,"EL DORADO ST","CARLSON BL",0.00,,Y,A,-,N,,,,,,,,,,Y,2,0,1,2,A,-,09,21801,A,N,D,C,A,A,H,-,A,D,0,,,Y,,Y,,A,07,1,0,0,0,0,0,0,0,0,"- ","- ",,,"CONTRA COSTA","EL CERRITO",-122.3056640625,37.903465270996094
9697531,2024,2024-07-23,0709,2024-03-16,1733,485,3020,6,5,4,0709,0,0,0,,0,002,"CONTRA COSTA BL","GOLF CLUB RD",0.00,,Y,A,-,N,,,,,,,,,,Y,2,0,1,2,A,-,04,21703,,F,C,C,A,A,H,-,A,A,0,,,Y,,Y,,-,99,1,0,0,0,0,0,0,0,1,"- ","- ",37.970989227294922,-122.06394195556641,"CONTRA COSTA","PLEASANT HILL",-122.06369018554688,37.971595764160156
9700228,2024,2024-06-26,0712,2024-05-18,1830,P656,,6,5,5,0712,0,0,0,,0,002,"N MAIN ST","PARKSIDE DR",250.00,N,N,A,-,N,,,,,,,,,,N,2,0,1,2,A,-,09,21801,A,N,D,C,A,A,H,-,A,D,0,,,Y,,Y,,A,01,1,0,0,0,0,0,0,0,1,"- ","- ",,,"CONTRA COSTA","WALNUT CREEK",-122.06549072265625,37.912685394287109
9703628,2024,2024-08-13,0712,2024-06-02,"517 ",P525,,7,5,5,0712,0,0,0,,0,002,"LOCAST ST","COLE AV",135.00,N,N,A,-,N,,,,,,,,,,Y,2,0,2,3,A,-,01,23152,A,F,G,B,E,A,C,-,B,D,0,Y,,,,Y,Y,A,07,2,0,0,0,2,0,0,0,0,"- ","- ",,,"CONTRA COSTA","WALNUT CREEK",-122.06372833251953,37.902999877929688
9713100,2024,2024-08-19,0712,2024-06-01,"851 ",P673,,6,5,5,0712,0,0,0,,0,001,"TICE CREEK DR","STANLEY DOLLAR DR",0.00,,Y,A,-,N,,,,,,,,,,N,2,0,1,2,A,-,10,21950,A,N,G,B,B,A,H,-,A,A,0,Y,,,,Y,,M,96,1,0,0,0,1,0,0,0,0,"- ","- ",,,"CONTRA COSTA","WALNUT CREEK",-122.07097625732422,37.862659454345703
9716164,2024,2024-08-16,0702,2024-06-26,"443 ",644J,418B,3,5,3,0702,0,0,0,,0,004,"BALFOUR RD","FAIRVIEW AV",0.00,,Y,A,-,N,,,,,,,,,,N,2,0,3,2,A,-,12,21453,A,N,D,C,A,A,H,-,C,A,0,,,,,Y,,A,08,1,0,2,0,0,0,0,0,0,"- ","- ",37.925331115722656,-121.72371673583984,"CONTRA COSTA",BRENTWOOD,-121.72380065917969,37.925262451171875
9716481,2024,2024-07-30,0709,2024-06-22,1730,487,2001,6,5,4,0709,0,0,0,,0,002,"CHILPANCINGO PKWY","SCOTTSDALE RD",0.00,,Y,A,-,N,,,,,,,,,,N,2,0,2,2,A,-,17,21209,A,F,G,B,E,A,H,-,A,D,0,Y,,,,Y,,A,01,1,0,1,0,1,0,0,0,0,"- ","- ",37.976001739501953,-122.072998046875,"CONTRA COSTA","PLEASANT HILL",-122.07369995117188,37.976200103759766
9720807,2024,2024-08-07,0706,2024-06-08,1752,224,84,6,5,3,0706,0,0,0,,0,002,"REFUGIO VALLEY RD","REDWOOD RD",8.00,W,N,A,-,N,,,,,,,,,,N,2,0,1,2,A,-,09,21803,A,N,D,G,A,A,H,-,A,A,0,,Y,,,Y,,A,01,1,0,0,0,0,0,1,0,0,"- ","- ",,,"CONTRA COSTA",HERCULES,-122.24771118164062,37.996849060058594
9724931,2024,2024-08-16,0740,2024-06-29,"49  ",SR151,SR72,6,5,4,0791,0,0,0,,0,BEAT6,"WINDERMERE PKWY","LONGLEAF CIR",0.00,,Y,A,-,N,,,,,,,,,,Y,2,0,3,1,A,-,01,23153,A,N,A,I,A,A,H,-,C,D,0,,,,,Y,Y,A,71,3,0,0,0,0,0,0,0,0,"- ","- ",37.763160705566406,-121.90573120117188,"CONTRA COSTA","SAN RAMON",-121.88669586181641,37.757701873779297
9741857,2024,2024-10-11,0712,2024-07-27,1314,P667,,6,5,5,0712,0,0,0,,0,004,"CIVIC DR","COMMERCIAL LN",30.00,W,N,B,-,N,,,,,,,,,,N,2,0,1,2,A,-,05,21650,1,N,D,G,A,A,H,-,A,D,0,,Y,,,Y,,L,04,1,0,0,0,0,0,1,0,0,"- ","- ",,,"CONTRA COSTA","WALNUT CREEK",-122.06253051757812,37.9014892578125
9746571,2024,2024-11-05,0740,2024-09-11,1830,SR105,SR72,3,5,4,0791,0,0,0,,0,004,"CORRINNE PL","CORRINNE PL 7611",0.00,,Y,A,-,N,,,,,,,,,,N,2,0,1,2,A,-,03,22350,,N,G,B,E,A,H,-,A,D,0,Y,,,,Y,,A,01,1,0,0,0,0,0,0,0,0,"- ","- ",37.724758148193359,-121.93930053710938,"CONTRA COSTA","SAN RAMON",-121.94017791748047,37.725353240966797
9746919,2024,2024-11-12,0740,2024-09-14,"846 ",SR120,SR,6,5,4,0791,0,0,0,,0,BEAT5,"LILAC RIDGE RD",ROSINCRESS,0.00,,Y,A,-,N,,,,,,,,,,N,2,0,1,2,A,-,08,22107,,N,B,G,A,A,H,-,A,D,0,,,,Y,Y,,M,91,1,0,0,0,0,0,0,0,0,"- ","- ",37.779468536376953,-121.94599914550781,"CONTRA COSTA","SAN RAMON",-121.9417724609375,37.781272888183594
9751323,2024,2025-01-07,0707,2024-08-17,2004,P436,1,6,5,3,0707,0,0,0,,0,0P1,"SAN PABLO AV","OAKRIDGE RD",44.00,W,N,B,-,N,,,,,,,,,,Y,1,1,0,1,A,-,01,23152,A,N,E,I,A,A,H,-,B,A,0,,,Y,,Y,Y,C,02,0,0,0,0,0,0,0,1,0,"- ","- ",38.004249572753906,-122.29266357421875,"CONTRA COSTA",PINOLE,-122.29288482666016,38.004264831542969
9751419,2024,2024-12-06,0712,2024-08-01,"101 ",P637,,4,5,5,0712,0,0,0,,0,003,"YGNACIO VALLEY RD","CIVIC DR",339.00,W,N,A,-,N,,,,,,,,,,Y,1,1,1,1,A,-,01,23152,B,N,E,I,A,A,H,-,C,A,0,,,,,Y,Y,A,01,1,0,0,0,0,0,0,0,0,"- ","- ",,,"CONTRA COSTA","WALNUT CREEK",-122.05997467041016,37.906597137451172
9751432,2023,2024-12-06,0710,2023-12-31,2004,1759,CENTR,7,5,5,0710,0,0,0,,0,005,"HENSLEY ST","RICHMOND PKWY",0.00,,Y,A,-,N,,,,,,,,,,Y,2,0,1,2,A,-,05,21651,B,N,A,C,A,A,H,-,C,A,0,,,,,Y,Y,A,01,1,0,0,0,0,0,0,0,0,"- ","- ",37.946380615234375,-122.36631774902344,"CONTRA COSTA",RICHMOND,-122.36605834960938,37.946403503417969
9751746,2024,2024-11-08,0712,2024-10-01,"556 ",P514,,2,5,5,0712,0,0,0,,0,002,"NORTH CIVIC DR","PARKSIDE DR",100.00,N,N,A,-,N,,,,,,,,,,N,2,0,1,2,A,-,00,21760,B,N,C,G,A,A,H,-,C,D,0,,Y,,,Y,,A,07,1,0,0,0,0,0,1,0,0,"- ","- ",,,"CONTRA COSTA","WALNUT CREEK",-122.06005859375,37.911891937255859
9762089,2024,2024-12-19,0740,2024-11-29,"813 ",SR124,"SR 72",5,5,4,0791,0,0,0,,0,"BEAT 1","NORRIS CANYON RD","BOLLINGER CANYON RD",0.00,,Y,A,-,N,,,,,,,,,,Y,2,0,1,2,A,-,12,22450,A,N,D,C,A,A,H,-,A,A,0,,,,,Y,,A,01,1,0,0,0,0,0,0,0,0,"- ","- ",37.761039733886719,-121.98674774169922,"CONTRA COSTA","SAN RAMON",-121.98297119140625,37.763729095458984
9765154,2025,2025-02-12,0740,2025-01-16,1100,SR105,SR,4,5,4,0791,0,0,0,,0,BEAT1,"TALAVERA DR","CARDONA CIR",240.00,S,N,A,-,N,,,,,,,,,,N,2,0,1,2,A,-,03,22350,,F,G,B,E,A,H,-,A,D,0,Y,,,,Y,,I,11,1,0,0,0,1,0,0,0,0,"- ","- ",37.761001586914062,-121.96900177001953,"CONTRA COSTA","SAN RAMON",-121.97026824951172,37.761043548583984
9766123,2025,2025-02-27,0707,2025-02-05,2028,P453,2,3,5,3,0707,0,0,0,,0,0P2,"PINOLE VALLEY RD","RED ONION",46.00,N,N,A,-,N,,,,,,,,,,N,2,0,1,2,D,-,00,,,N,G,B,D,A,H,-,C,D,0,Y,,,,Y,,-,"- ",1,0,0,0,1,0,0,0,0,"- ","- ",37.994129180908203,-122.28571319580078,"CONTRA COSTA",PINOLE,,
9773503,2024,2025-01-09,0712,2024-10-02,1951,P550,,3,5,5,0712,0,0,0,,0,003,"TREAT BL","BANCROFT RD",10.00,W,N,A,-,N,,,,,,,,,,Y,2,0,1,1,A,-,"- ",,,N,F,A,A,A,H,-,B,D,0,,,Y,,Y,,C,02,1,0,0,0,0,0,0,0,1,"- ","- ",,,"CONTRA COSTA","WALNUT CREEK",-122.04251861572266,37.929122924804688
9776305,2024,2025-06-02,0700,2024-11-24,1550,87674,,7,5,3,0715,0,0,0,,0,040,"PLEASANT HILL RD","RELIEZ STATION RD",38.00,N,N,B,-,N,,,,,,,,,,Y,1,1,0,1,A,-,07,21658,A,N,E,I,A,A,H,-,A,D,0,,,,,Y,,I,11,0,0,0,0,0,0,0,0,0,"- ","- ",37.888919830322266,-122.09340667724609,"CONTRA COSTA",LAFAYETTE,-122.09341430664062,37.889251708984375
9779049,2024,2025-02-03,0712,2024-11-01,"420 ",P679,,5,5,5,0712,0,0,0,,0,003,"TREAT BL","ARKELL RD",520.00,E,N,A,-,N,,,,,,,,,,Y,2,0,1,1,A,-,03,22350,,N,E,I,A,A,H,-,C,D,0,,,,,Y,,A,01,1,0,0,0,0,0,0,0,0,"- ","- ",37.933689117431641,-122.03494262695312,"CONTRA COSTA","WALNUT CREEK",-122.0350341796875,37.933609008789062
9783977,2025,2025-02-14,0702,2025-01-10,1559,664M,307B,5,5,3,0702,0,0,0,,0,003,MIDWAY,"MAPLE ST",8.00,E,N,A,-,N,,,,,,,,,,N,2,0,1,2,A,-,03,22350,,N,D,C,A,A,H,-,A,D,0,,,Y,,Y,Y,C,02,1,0,0,0,0,0,0,0,1,"- ","- ",37.934009552001953,-121.69522094726562,"CONTRA COSTA",BRENTWOOD,-121.69520568847656,37.933990478515625
9786086,2024,2025-03-25,0702,2024-04-27,2233,580M,308B,6,5,3,0702,0,0,0,,0,003,"BRENTWOOD BL","VALDRY CT",0.00,,Y,A,-,N,,,,,,,,,,N,1,1,2,2,A,-,09,21801,A,N,D,C,A,A,H,-,C,D,0,,,Y,,Y,,A,01,1,1,0,0,0,0,0,1,1,"- ","- ",37.925628662109375,-121.69056701660156,"CONTRA COSTA",BRENTWOOD,-121.68718719482422,37.921768188476562
9786214,2024,2025-05-03,0710,2024-07-07,1723,1745,CENTR,7,5,5,0710,0,0,0,,0,1723,"MACDONALD AV","11TH ST",0.00,,N,A,-,N,,,,,,,,,,Y,1,1,0,1,A,-,03,22350,,N,F,J,A,A,H,-,A,-,0,,,Y,,Y,Y,C,02,0,0,0,0,0,0,0,1,0,"- ","- ",37.935699462890625,-122.35890197753906,"CONTRA COSTA",RICHMOND,-122.35904693603516,37.935710906982422
9788558,2025,2025-05-08,0712,2025-04-08,1415,P613,,2,5,5,0712,0,0,0,,0,004,"SOUTH BROADWAY","MOUNT DIABLO BL",450.00,S,N,A,-,N,,,,,,,,,,N,2,0,1,2,A,-,08,22107,,N,B,C,A,A,H,-,A,D,0,,,Y,,Y,,A,01,1,0,0,0,0,0,0,0,1,"- ","- ",,,"CONTRA COSTA","WALNUT CREEK",-122.05712890625,37.897068023681641
9790375,2025,2025-05-09,0712,2025-02-28,"750 ",P637,,5,5,5,0712,0,0,0,,0,,"GEARY RD","PUTNAM BL",0.00,,Y,A,-,N,,,,,,,,,,N,2,0,1,2,A,-,08,22107,,F,B,G,A,A,H,-,A,A,0,,Y,,,Y,,A,01,1,0,0,0,0,0,1,0,0,"- ","- ",,,"CONTRA COSTA","WALNUT CREEK",-122.07353973388672,37.926334381103516
9790445,2025,2025-03-18,0740,2025-01-22,1641,SR112,SR,3,5,4,0791,0,0,0,,0,003,"CROW CANYON RD","RT 680",0.00,,Y,A,-,Y,CC,4,680,-,R,3.991,R,4,N,Y,2,0,2,2,A,-,12,21453,A,N,D,C,A,A,H,-,A,A,0,,,,,Y,Y,A,01,1,1,0,0,0,0,0,0,0,"- ","- ",,,"CONTRA COSTA","SAN RAMON",-121.97385406494141,37.774589538574219
9797773,2025,2025-05-19,0712,2025-04-22,1803,P613,,2,5,5,0712,0,0,0,,0,003,"YGNACIO VALLEY RD","SAN CARLOS DR",430.00,E,N,A,-,N,,,,,,,,,,N,2,0,1,3,A,-,09,21801,A,N,D,E,A,A,H,-,A,A,0,,,Y,,Y,,A,07,1,0,0,0,0,0,0,0,1,"- ","- ",,,"CONTRA COSTA","WALNUT CREEK",-122.03845977783203,37.918437957763672
9798657,2025,2025-06-10,0740,2025-05-16,1643,SR120,SR72,5,5,4,0791,0,0,0,,0,001,"SAN RAMON VALLEY BL","DEERWOOD DR",0.00,,Y,A,-,N,,,,,,,,,,Y,2,0,1,2,A,-,09,21453,C,N,D,C,A,A,H,-,A,A,0,,,,,Y,,A,01,1,0,0,0,0,0,0,0,0,"- ","- ",37.7843017578125,-121.98004150390625,"CONTRA COSTA","SAN RAMON",-121.97792053222656,37.779857635498047
9827751,2025,2025-06-18,0702,2025-05-31,"2   ",662T,308B,6,5,3,0702,0,0,0,,0,003,"BRENTWOOD BL","OAK ST",0.00,,Y,A,-,N,,,,,,,,,,N,2,0,1,2,A,-,12,21453,,N,H,G,A,A,H,-,C,A,0,,Y,,,Y,,L,04,1,0,0,0,0,0,1,0,0,"- ","- ",37.931739807128906,-121.69521331787109,"CONTRA COSTA",BRENTWOOD,-121.69599151611328,37.931976318359375
9829298,2025,2025-06-26,0709,2025-04-10,1234,425,3010,4,5,4,0709,0,0,0,,0,002,"GOLF CLUB RD","OLD QUARRY RD",0.00,,Y,A,-,N,,,,,,,,,,Y,2,0,1,2,A,-,09,21801,A,N,A,C,A,A,H,-,A,A,0,,,Y,,Y,,C,02,1,0,0,0,0,0,0,0,0,"- ","- ",37.971538543701172,-122.06916046142578,"CONTRA COSTA","PLEASANT HILL",-122.06909942626953,37.971424102783203
9831561,2025,2025-07-08,0703,2025-06-01,"944 ",C078,042,7,5,3,0703,0,0,0,,0,007,"PETAR CT","REGENCY DR",391.00,E,N,A,-,N,,,,,,,,,,N,2,0,1,1,A,-,21,22106,,N,H,A,A,A,H,-,A,D,0,,,,,Y,,A,07,1,0,0,0,0,0,0,0,0,"- ","- ",37.924999237060547,-121.92099761962891,"CONTRA COSTA",CLAYTON,-121.92135620117188,37.924751281738281
9869522,2025,2025-08-26,0712,2025-06-11,1846,P583,,3,5,5,0712,0,0,0,,0,004,"LOCUST ST","MOUNT DIABLO BL",0.00,,Y,A,-,N,,,,,,,,,,N,2,0,1,2,A,-,10,21950,A,N,G,B,B,A,H,-,A,A,0,Y,,,,Y,,A,07,1,0,0,0,1,0,0,0,0,"- ","- ",,,"CONTRA COSTA","WALNUT CREEK",-122.06141662597656,37.897327423095703